mode,start_station_id,start_station_name,trips,start_trips,end_trips,touchpoints,station_lat,station_lng,year_min,year_max,years_count,months_count,first_month,last_month,observation_months,data_quality,crashes_within_100m,crashes_within_100m_per_100k_trips,risk_proxy_available
nyc,116,W 17 St & 8 Ave,97725,48706,49019,97725,40.74177603,-74.00149746,2019,2019,1,7,6,12,7,lifetime_aggregate,86,88.00204655922231,1
nyc,119,Park Ave & St Edwards St,11074,5313,5761,11074,40.69608941,-73.97803415,2019,2019,1,12,1,12,12,lifetime_aggregate,72,650.1715730540003,1
nyc,120,Lexington Ave & Classon Ave,23069,11779,11290,23069,40.68676793,-73.95928168,2019,2019,1,12,1,12,12,lifetime_aggregate,31,134.37947028479778,1
nyc,1234.56,Morgan HCT Charging,2423,902,1521,2423,40.708948,-73.932777,2025,2025,1,7,6,12,7,lifetime_aggregate,38,1568.3037556747831,1
nyc,127,Barrow St & Hudson St,126684,63095,63589,126684,40.73172428,-74.00674436,2019,2019,1,12,1,12,12,lifetime_aggregate,30,23.680969972530075,1
nyc,128,MacDougal St & Prince St,136088,67558,68530,136088,40.72710258,-74.00297088,2019,2019,1,12,1,12,12,lifetime_aggregate,41,30.127564517077182,1
nyc,143,Clinton St & Joralemon St,49269,24630,24639,49269,40.69239502,-73.99337909,2019,2019,1,12,1,12,12,lifetime_aggregate,31,62.919888773874035,1
nyc,144,Nassau St & Navy St,24838,12067,12771,24838,40.69839895,-73.98068914,2019,2019,1,12,1,12,12,lifetime_aggregate,40,161.0435622835977,1
nyc,146,Hudson St & Reade St,65592,32635,32957,65592,40.71625008,-74.0091059,2019,2019,1,12,1,12,12,lifetime_aggregate,60,91.47457006952067,1
nyc,150,E 2 St & Avenue C,72787,37322,35465,72787,40.7208736,-73.98085795,2019,2019,1,12,1,12,12,lifetime_aggregate,105,144.2565293252916,1
nyc,151,Cleveland Pl & Spring St,170370,85076,85294,170370,40.722103786686034,-73.99724900722504,2019,2019,1,12,1,12,12,lifetime_aggregate,77,45.195750425544404,1
nyc,157,Henry St & Atlantic Ave,41575,20666,20909,41575,40.69089272,-73.99612349,2019,2019,1,12,1,12,12,lifetime_aggregate,50,120.26458208057727,1
nyc,161,LaGuardia Pl & W 3 St,113891,56287,57604,113891,40.72917025,-73.99810231,2019,2019,1,12,1,12,12,lifetime_aggregate,34,29.853105161953096,1
nyc,164,E 47 St & 2 Ave,75835,37900,37935,75835,40.75323098,-73.97032517,2019,2019,1,12,1,12,12,lifetime_aggregate,88,116.04140568339156,1
nyc,167,E 39 St & 3 Ave,104276,52289,51987,104276,40.74890060311814,-73.97604884983814,2019,2019,1,12,1,12,12,lifetime_aggregate,96,92.06337028654724,1
nyc,168,W 18 St & 6 Ave,160608,79865,80743,160608,40.73971301,-73.99456405,2019,2019,1,12,1,12,12,lifetime_aggregate,93,57.90496114763897,1
nyc,173,Broadway & W 49 St,139150,70197,68953,139150,40.76068327096592,-73.9845272898674,2019,2019,1,12,1,12,12,lifetime_aggregate,160,114.98383039885017,1
nyc,174,E 25 St & 1 Ave,82336,41339,40997,82336,40.7381765,-73.97738662,2019,2019,1,12,1,12,12,lifetime_aggregate,62,75.30120481927712,1
nyc,190 Morgan,190 Morgan,38,4,34,38,40.711071680975735,-73.9320957361997,2023,2025,2,9,3,5,27,lifetime_aggregate,0,0.0,1
nyc,195,Liberty St & Broadway,93972,46991,46981,93972,40.70905623,-74.01043382,2019,2019,1,12,1,12,12,lifetime_aggregate,54,57.463925424594564,1
nyc,1964.01,101 St & Fort Hamilton Pkwy,88,40,48,88,40.61124,-74.03282,2025,2025,1,2,11,12,2,lifetime_aggregate,7,7954.545454545454,1
nyc,2000,Front St & Washington St,72470,35757,36713,72470,40.70255088,-73.98940236,2019,2019,1,12,1,12,12,lifetime_aggregate,38,52.43549054781289,1
nyc,2002,Wythe Ave & Metropolitan Ave,78868,39014,39854,78868,40.716887,-73.963198,2019,2019,1,12,1,12,12,lifetime_aggregate,47,59.59324440837855,1
nyc,2003,1 Ave & E 18 St,121147,61365,59782,121147,40.73381219196632,-73.98054420948029,2019,2019,1,12,1,12,12,lifetime_aggregate,41,33.843182249663634,1
nyc,2005,Railroad Ave & Kay Ave,2216,1054,1162,2216,40.70531194,-73.97100056,2019,2019,1,12,1,12,12,lifetime_aggregate,0,0.0,1
nyc,2006,Central Park S & 6 Ave,149562,75587,73975,149562,40.76590939447247,-73.97634153081326,2019,2019,1,12,1,12,12,lifetime_aggregate,59,39.448523020553345,1
nyc,2008,Little West St & 1 Pl,108980,54284,54696,108980,40.70569254,-74.01677685,2019,2019,1,12,1,12,12,lifetime_aggregate,56,51.385575334923836,1
nyc,2009,Catherine St & Monroe St,50720,25126,25594,50720,40.71117444,-73.99682619,2019,2019,1,12,1,12,12,lifetime_aggregate,12,23.659305993690854,1
nyc,2009.04,Shore Rd & 4 Ave,91,42,49,91,40.6115,-74.03513,2025,2025,1,2,11,12,2,lifetime_aggregate,33,36263.73626373626,1
nyc,2010,Grand St & Greene St,8629,4285,4344,8629,40.72165481,-74.00234737,2019,2019,1,3,1,3,3,lifetime_aggregate,30,347.66485108355545,1
nyc,2012,E 27 St & 1 Ave,85174,44029,41145,85174,40.739445,-73.976806,2019,2019,1,12,1,12,12,lifetime_aggregate,94,110.36231713903302,1
nyc,2017,E 43 St & 2 Ave,44863,22865,21998,44863,40.75022392,-73.97121414,2019,2019,1,11,2,12,11,lifetime_aggregate,136,303.14513073133764,1
nyc,2021,W 45 St & 8 Ave,104711,52554,52157,104711,40.75929124,-73.98859651,2019,2019,1,12,1,12,12,lifetime_aggregate,192,183.36182445015328,1
nyc,2022,E 60 St & York Ave,25271,12637,12634,25271,40.759107,-73.959223,2019,2019,1,12,1,12,12,lifetime_aggregate,172,680.6220569031697,1
nyc,2023,E 55 St & Lexington Ave,29722,14775,14947,29722,40.75968085,-73.97031366,2019,2019,1,7,1,7,7,lifetime_aggregate,73,245.6093129668259,1
nyc,2042.01,4 Ave & 99 St,102,44,58,102,40.61327,-74.03315,2025,2025,1,2,11,12,2,lifetime_aggregate,16,15686.274509803921,1
nyc,2086.07,99 St & 3 Ave,131,61,70,131,40.61451,-74.03502,2025,2025,1,2,11,12,2,lifetime_aggregate,14,10687.022900763359,1
nyc,2118.13,Fort Hamilton Pkwy & 95 St,52,22,30,52,40.61466,-74.02946,2025,2025,1,2,11,12,2,lifetime_aggregate,6,11538.461538461539,1
nyc,212,W 16 St & The High Line,111494,54982,56512,111494,40.743349343140316,-74.0068175335829,2019,2019,1,12,1,12,12,lifetime_aggregate,48,43.051644034656576,1
nyc,2127.03,Shore Rd & 97 St,101,45,56,101,40.61529,-74.03779,2025,2025,1,2,11,12,2,lifetime_aggregate,9,8910.89108910891,1
nyc,2158.08,4 Ave & 94 St,241,110,131,241,40.61689,-74.03091,2025,2025,1,2,11,12,2,lifetime_aggregate,36,14937.759336099585,1
nyc,216,Columbia Heights & Cranberry St,17478,8993,8485,17478,40.70037867,-73.99548059,2019,2019,1,12,1,12,12,lifetime_aggregate,202,1155.7386428653165,1
nyc,217,Old Fulton St,77806,36373,41433,77806,40.70277159,-73.99383605,2019,2019,1,12,1,12,12,lifetime_aggregate,42,53.980412821633294,1
nyc,2190.08,Fort Hamilton Pkwy & 92 St,138,61,77,138,40.61717,-74.02744,2025,2025,1,2,11,12,2,lifetime_aggregate,59,42753.6231884058,1
nyc,2200.07,96 St & Marine Ave,224,105,119,224,40.61699,-74.03568,2025,2025,1,2,11,12,2,lifetime_aggregate,8,3571.428571428571,1
nyc,223,W 13 St & 7 Ave,117401,58476,58925,117401,40.73781509,-73.99994661,2019,2019,1,12,1,12,12,lifetime_aggregate,79,67.29073857973952,1
nyc,2231.10,3 Ave & 92 St,268,128,140,268,40.61946,-74.03261,2025,2025,1,2,11,12,2,lifetime_aggregate,45,16791.044776119405,1
nyc,224,Spruce St & Nassau St,51174,25635,25539,51174,40.71146364,-74.00552427,2019,2019,1,12,1,12,12,lifetime_aggregate,73,142.650564739907,1
nyc,2240.06,Shore Rd & Oliver St,119,52,67,119,40.61919,-74.0402,2025,2025,1,2,11,12,2,lifetime_aggregate,11,9243.697478991597,1
nyc,2261.04,5 Ave & 88 St,535,259,276,535,40.62021,-74.02717,2025,2025,1,3,10,12,3,lifetime_aggregate,32,5981.308411214954,1
nyc,228,E 48 St & 3 Ave,58861,29780,29081,58861,40.7546011026,-73.971878855,2019,2019,1,12,1,12,12,lifetime_aggregate,97,164.79502556871273,1
nyc,229,Great Jones St,156524,76523,80001,156524,40.72743423,-73.99379025,2019,2019,1,12,1,12,12,lifetime_aggregate,64,40.888298280135956,1
nyc,2303.05,4 Ave & 87 St,360,176,184,360,40.62184,-74.02863,2025,2025,1,2,11,12,2,lifetime_aggregate,46,12777.777777777777,1
nyc,2312.02,Colonial Rd & 89 St,469,230,239,469,40.62254,-74.03726,2025,2025,1,3,10,12,3,lifetime_aggregate,11,2345.4157782515995,1
nyc,232,Cadman Plaza E & Tillary St,1,0,1,1,40.69597683,-73.99014892,2019,2019,1,1,1,1,1,lifetime_aggregate,23,2300000.0,1
nyc,2335.08,Fort Hamilton Pkwy & 85 St,380,185,195,380,40.62095,-74.02387999999999,2025,2025,1,2,11,12,2,lifetime_aggregate,48,12631.578947368422,1
nyc,2345.04,Ridge Blvd & 89 St,260,126,134,260,40.62194,-74.03477,2025,2025,1,2,11,12,2,lifetime_aggregate,13,5000.0,1
nyc,2345.05,89 St & 3 Ave,105,48,57,105,40.62137,-74.03209,2025,2025,1,2,11,12,2,lifetime_aggregate,30,28571.42857142857,1
nyc,236,St Marks Pl & 2 Ave,117452,58046,59406,117452,40.7284186,-73.98713956,2019,2019,1,12,1,12,12,lifetime_aggregate,80,68.11293123999592,1
nyc,237,E 11 St & 2 Ave,114224,56688,57536,114224,40.73047309,-73.98672378,2019,2019,1,12,1,12,12,lifetime_aggregate,71,62.15856562543774,1
nyc,2377.01,4 Ave & 85 St,716,347,369,716,40.62354,-74.02817,2025,2025,1,2,11,12,2,lifetime_aggregate,63,8798.882681564246,1
nyc,238,Bank St & Washington St,73163,36510,36653,73163,40.7361967,-74.00859207,2019,2019,1,12,1,12,12,lifetime_aggregate,30,41.004332791164934,1
nyc,2387.07,86 St & Ridge Blvd,523,258,265,523,40.62402,-74.03396,2025,2025,1,3,10,12,3,lifetime_aggregate,13,2485.65965583174,1
nyc,239,Willoughby St & Fleet St,53996,27729,26267,53996,40.69196566,-73.9813018,2019,2019,1,12,1,12,12,lifetime_aggregate,23,42.59574783317282,1
nyc,241,DeKalb Ave & S Portland Ave,34075,17264,16811,34075,40.68981035,-73.97493121,2019,2019,1,12,1,12,12,lifetime_aggregate,31,90.97578870139398,1
nyc,2419.03,84 St & 3 Ave,285,140,145,285,40.62503,-74.03059,2025,2025,1,3,10,12,3,lifetime_aggregate,25,8771.929824561403,1
nyc,242,Carlton Ave & Flushing Ave,25567,12211,13356,25567,40.697787,-73.973736,2019,2019,1,12,1,12,12,lifetime_aggregate,33,129.0726326905777,1
nyc,243,Fulton St & Rockwell Pl,27766,13140,14626,27766,40.68834866666666,-73.97943266666665,2019,2019,1,12,1,12,12,lifetime_aggregate,50,180.0763523734063,1
nyc,244,Willoughby Ave & Hall St,34591,17913,16678,34591,40.69196035,-73.96536851,2019,2019,1,12,1,12,12,lifetime_aggregate,4,11.56370154086323,1
nyc,245,Myrtle Ave & St Edwards St,18917,9643,9274,18917,40.69327018,-73.97703874,2019,2019,1,12,1,12,12,lifetime_aggregate,28,148.01501295131362,1
nyc,2453.05,4 Ave & 81 St,417,197,220,417,40.62643,-74.02707,2025,2025,1,3,10,12,3,lifetime_aggregate,29,6954.436450839328,1
nyc,2463.04,Ridge Blvd & 82 St,213,97,116,213,40.62711,-74.0326,2025,2025,1,3,10,12,3,lifetime_aggregate,10,4694.835680751174,1
nyc,247,Perry St & Bleecker St,73180,36524,36656,73180,40.73535398,-74.00483091,2019,2019,1,12,1,12,12,lifetime_aggregate,30,40.99480732440558,1
nyc,2472.02,Shore Rd & 86 St,106,51,55,106,40.625609999999995,-74.04079,2025,2025,1,2,11,12,2,lifetime_aggregate,11,10377.35849056604,1
nyc,248,Laight St & Hudson St,24321,12097,12224,24321,40.72185379,-74.00771779,2019,2019,1,12,1,12,12,lifetime_aggregate,35,143.90855639159574,1
nyc,2488.09,6 Ave & 78 St,584,286,298,584,40.62569,-74.02119,2025,2025,1,3,10,12,3,lifetime_aggregate,20,3424.6575342465753,1
nyc,249,Harrison St & Hudson St,37917,18959,18958,37917,40.71870987,-74.0090009,2019,2019,1,12,1,12,12,lifetime_aggregate,23,60.65880739509982,1
nyc,2497.07,3 Ave & 81 St,709,340,369,709,40.627,-74.02948000000002,2025,2025,1,3,10,12,3,lifetime_aggregate,28,3949.2242595204516,1
nyc,250,Lafayette St & Jersey St,47617,23898,23719,47617,40.72456089,-73.99565293,2019,2019,1,5,8,12,5,lifetime_aggregate,76,159.60686309511308,1
nyc,2506.10,83 St & Narrows Ave,496,244,252,496,40.62757,-74.03838,2025,2025,1,3,10,12,3,lifetime_aggregate,8,1612.9032258064515,1
nyc,2506.11,Colonial Rd & 83 St,628,310,318,628,40.62691,-74.03564,2025,2025,1,3,10,12,3,lifetime_aggregate,6,955.4140127388534,1
nyc,251,Mott St & Prince St,110431,55012,55419,110431,40.72317949394324,-73.99480013458232,2019,2019,1,12,1,12,12,lifetime_aggregate,38,34.41062745062528,1
nyc,252,MacDougal St & Washington Sq,85618,42431,43187,85618,40.73226398,-73.99852205,2019,2019,1,12,1,12,12,lifetime_aggregate,23,26.863510009577425,1
nyc,2533.04,79 St & 5 Ave,719,348,371,719,40.62646,-74.02367,2025,2025,1,3,10,12,3,lifetime_aggregate,32,4450.625869262865,1
nyc,254,W 11 St & 6 Ave,97531,48875,48656,97531,40.73532427,-73.99800419,2019,2019,1,12,1,12,12,lifetime_aggregate,69,70.74673693492325,1
nyc,2569.07,6 Ave & 74 St,159,74,85,159,40.629233,-74.019864,2025,2025,1,2,11,12,2,lifetime_aggregate,13,8176.100628930817,1
nyc,257,Lispenard St & Broadway,97705,48550,49155,97705,40.71939226,-74.00247214,2019,2019,1,12,1,12,12,lifetime_aggregate,168,171.94616447469423,1
nyc,2578.16,3 Ave & 77 St,1431,706,725,1431,40.62991,-74.02834,2025,2025,1,3,10,12,3,lifetime_aggregate,32,2236.198462613557,1
nyc,2578.17,4 Ave & 76 St,444,219,225,444,40.63005,-74.0255,2025,2025,1,2,11,12,2,lifetime_aggregate,40,9009.009009009009,1
nyc,258,DeKalb Ave & Vanderbilt Ave,34673,18167,16506,34673,40.68940747,-73.96885458,2019,2019,1,12,1,12,12,lifetime_aggregate,38,109.59536238571799,1
nyc,259,South St & Whitehall St,61850,30089,31761,61850,40.70122128,-74.01234218,2019,2019,1,12,1,12,12,lifetime_aggregate,20,32.33629749393695,1
nyc,260,Broad St & Bridge St,31973,15308,16665,31973,40.70365182,-74.01167797,2019,2019,1,12,1,12,12,lifetime_aggregate,53,165.76486410408782,1
nyc,261,Johnson St & Gold St,30074,14958,15116,30074,40.69474881,-73.98362464,2019,2019,1,12,1,12,12,lifetime_aggregate,148,492.1194387178293,1
nyc,2615.05,Bay Ridge Pkwy & 5 Ave,699,340,359,699,40.62967,-74.02275,2025,2025,1,3,10,12,3,lifetime_aggregate,38,5436.337625178827,1
nyc,262,Washington Park,26834,13838,12996,26834,40.6917823,-73.9737299,2019,2019,1,12,1,12,12,lifetime_aggregate,15,55.89923231720951,1
nyc,2625.01,78 St & Ridge Blvd,350,170,180,350,40.62994,-74.03121,2025,2025,1,3,10,12,3,lifetime_aggregate,23,6571.428571428572,1
nyc,2635.08,Shore Rd & 80 St,334,161,173,334,40.63074,-74.03962,2025,2025,1,3,10,12,3,lifetime_aggregate,6,1796.4071856287424,1
nyc,264,Maiden Ln & Pearl St,49694,24452,25242,49694,40.70706456,-74.00731853,2019,2019,1,12,1,12,12,lifetime_aggregate,55,110.67734535356382,1
nyc,265,Stanton St & Chrystie St,96879,47546,49333,96879,40.72229346,-73.99147535,2019,2019,1,12,1,12,12,lifetime_aggregate,65,67.09400386048576,1
nyc,266,Avenue D & E 8 St,48349,25336,23013,48349,40.72368361,-73.97574813,2019,2019,1,12,1,12,12,lifetime_aggregate,27,55.84396781732817,1
nyc,2660.09,4 Ave & 72 St,708,344,364,708,40.63283,-74.02439,2025,2025,1,3,10,12,3,lifetime_aggregate,35,4943.502824858757,1
nyc,267,Broadway & W 36 St,60523,30631,29892,60523,40.75097716525252,-73.98765435269054,2019,2019,1,11,1,12,12,lifetime_aggregate,127,209.83758240668837,1
nyc,2671.05,77 St & Colonial Rd,134,62,72,134,40.63121,-74.03318,2025,2025,1,2,11,12,2,lifetime_aggregate,6,4477.611940298507,1
nyc,268,Howard St & Centre St,94277,46966,47311,94277,40.71910537,-73.99973337,2019,2019,1,12,1,12,12,lifetime_aggregate,40,42.42816381514049,1
nyc,2698.07,68 St & 5 Ave,898,444,454,898,40.63416,-74.02058,2025,2025,1,4,9,12,4,lifetime_aggregate,59,6570.155902004454,1
nyc,270,Adelphi St & Myrtle Ave,38789,19604,19185,38789,40.69308257,-73.97178913,2019,2019,1,12,1,12,12,lifetime_aggregate,67,172.72938204130037,1
nyc,2708.07,73 St & Ridge Blvd,1000,488,512,1000,40.63349,-74.02976,2025,2025,1,3,10,12,3,lifetime_aggregate,22,2200.0,1
nyc,2717.06,Shore Rd & 74 St,1191,589,602,1191,40.63414,-74.03699,2025,2025,1,4,9,12,4,lifetime_aggregate,10,839.6305625524769,1
nyc,2733.03,67 St & Erik Pl,8494,4181,4313,8494,40.633385,-74.016562,2023,2025,2,12,1,12,36,lifetime_aggregate,59,694.6079585589829,1
nyc,274,Lafayette Ave & Fort Greene Pl,42163,20704,21459,42163,40.68691865,-73.976682,2019,2019,1,12,1,12,12,lifetime_aggregate,82,194.4833147546427,1
nyc,2743.04,68 St & 4 Ave,1082,538,544,1082,40.63537,-74.02342,2025,2025,1,3,10,12,3,lifetime_aggregate,76,7024.029574861368,1
nyc,275,Washington Ave & Greene Ave,22833,11603,11230,22833,40.68650065,-73.96563307,2019,2019,1,12,1,12,12,lifetime_aggregate,49,214.60167301712434,1
nyc,2754.05,Colonial Rd & 71 St,319,155,164,319,40.63537000000001,-74.03202,2025,2025,1,2,11,12,2,lifetime_aggregate,15,4702.194357366771,1
nyc,276,Duane St & Greenwich St,43575,21723,21852,43575,40.71748752,-74.0104554,2019,2019,1,12,1,12,12,lifetime_aggregate,7,16.06425702811245,1
nyc,278,Concord St & Bridge St,19694,9889,9805,19694,40.69766564,-73.98476437,2019,2019,1,12,1,12,12,lifetime_aggregate,48,243.72905453437596,1
nyc,2782.02,5 Ave & 66 St,5209,2581,2628,5209,40.635679,-74.020005,2023,2023,1,10,1,10,10,lifetime_aggregate,48,921.482050297562,1
nyc,2782.02,5 Ave & 67 St,6503,3238,3265,6503,40.63576040134962,-74.01992595751162,2023,2025,2,12,10,12,27,lifetime_aggregate,49,753.4983853606028,1
nyc,279,Peck Slip & Front St,75553,36728,38825,75553,40.707873,-74.00167,2019,2019,1,12,1,12,12,lifetime_aggregate,25,33.08935449287255,1
nyc,2793.07,Ovington Ave & 3 Ave,1833,915,918,1833,40.63487,-74.02625,2025,2025,1,4,9,12,4,lifetime_aggregate,36,1963.9934533551555,1
nyc,280,E 10 St & 5 Ave,80002,39838,40164,80002,40.73331967,-73.99510132,2019,2019,1,12,1,12,12,lifetime_aggregate,46,57.49856253593661,1
nyc,281,Grand Army Plaza & Central Park S,151520,77736,73784,151520,40.76439708999496,-73.97371465718948,2019,2019,1,12,1,12,12,lifetime_aggregate,119,78.53748680042239,1
nyc,2818.01,Ditmas Ave & McDonald Ave,326,159,167,326,40.63548,-73.97825,2025,2025,1,2,11,12,2,lifetime_aggregate,36,11042.944785276073,1
nyc,282,Kent Ave & S 11 St,44610,22188,22422,44610,40.707644944175705,-73.96841526031494,2019,2019,1,12,1,12,12,lifetime_aggregate,24,53.79959650302623,1
nyc,2821.05,7 Ave & 62 St,13274,6518,6756,13274,40.63556,-74.01298,2023,2025,2,12,1,12,36,lifetime_aggregate,42,316.4080156697303,1
nyc,2832.03,4 Ave & Shore Road Dr,13580,6740,6840,13580,40.637033,-74.022141,2023,2025,2,12,1,12,36,lifetime_aggregate,59,434.46244477172314,1
nyc,284,Greenwich Ave & 8 Ave,120937,60000,60937,120937,40.7390169121,-74.0026376103,2019,2019,1,9,4,12,9,lifetime_aggregate,62,51.26636182475173,1
nyc,2843.01,Colonial Rd & 68 St,1267,615,652,1267,40.63841,-74.03093,2025,2025,1,4,9,12,4,lifetime_aggregate,5,394.63299131807423,1
nyc,2843.13,70 St & Ridge Blvd,881,434,447,881,40.63596,-74.02908,2025,2025,1,4,9,12,4,lifetime_aggregate,26,2951.1918274687855,1
nyc,285,Broadway & E 14 St,227190,113012,114178,227190,40.73454567,-73.99074142,2019,2019,1,12,1,12,12,lifetime_aggregate,77,33.89233681059906,1
nyc,2861.02,57 St & 7 Ave,9231,4609,4622,9231,40.638566,-74.010147,2023,2025,2,12,3,12,34,lifetime_aggregate,49,530.8200628317625,1
nyc,2868.03,15 Ave & 37 St,292,143,149,292,40.63899,-73.98074,2025,2025,1,2,11,12,2,lifetime_aggregate,27,9246.575342465752,1
nyc,2872.02,63 St & 5 Ave,4747,2337,2410,4747,40.63766,-74.01782,2023,2025,2,12,1,12,36,lifetime_aggregate,40,842.6374552348851,1
nyc,2883.03,3 Ave & Wakeman Pl,10140,4978,5162,10140,40.638246,-74.024714,2023,2025,2,12,1,12,36,lifetime_aggregate,16,157.79092702169623,1
nyc,289,Monroe St & Classon Ave,20548,10795,9753,20548,40.6845683,-73.95881081,2019,2019,1,12,1,12,12,lifetime_aggregate,21,102.19972746739342,1
nyc,2898.01,Cortelyou Rd & Stratford Rd,24695,12281,12414,24695,40.63966,-73.96807,2023,2025,2,12,7,12,30,lifetime_aggregate,39,157.9267058108929,1
nyc,2908.02,E 3 St & Cortelyou Rd,832,413,419,832,40.63828,-73.9765,2025,2025,1,3,10,12,3,lifetime_aggregate,26,3125.0,1
nyc,291,Madison St & Montgomery St,42368,21147,21221,42368,40.713126,-73.984844,2019,2019,1,12,1,12,12,lifetime_aggregate,41,96.77114803625378,1
nyc,2912.08,6 Ave & 60 St,5614,2783,2831,5614,40.638196,-74.013821,2023,2025,2,12,1,12,36,lifetime_aggregate,60,1068.7566797292484,1
nyc,2923.01,62 St & 4 Ave,6101,3027,3074,6101,40.639859,-74.019776,2023,2025,2,12,1,12,36,lifetime_aggregate,41,672.0209801671857,1
nyc,293,Lafayette St & E 8 St,191422,93809,97613,191422,40.73020661924223,-73.99102629942207,2019,2019,1,12,1,12,12,lifetime_aggregate,34,17.761803763412775,1
nyc,2932.03,Wakeman Pl & Ridge Blvd,15013,7430,7583,15013,40.639421,-74.026823,2023,2025,2,12,1,12,36,lifetime_aggregate,34,226.47039232665023,1
nyc,2942.07,Shore Pkwy Greenway & Bay Ridge Ave,1798,883,915,1798,40.63896,-74.03678,2025,2025,1,4,9,12,4,lifetime_aggregate,20,1112.3470522803116,1
nyc,2947.05,Cortelyou Rd & E 8 St,2615,1297,1318,2615,40.63874,-73.97063,2025,2025,1,3,10,12,3,lifetime_aggregate,24,917.7820267686425,1
nyc,295,Pike St & E Broadway,62258,31026,31232,62258,40.71406667,-73.99293911,2019,2019,1,12,1,12,12,lifetime_aggregate,50,80.3109640528125,1
nyc,2951.05,55 St & 7 Ave,10240,5196,5044,10240,40.639673,-74.008957,2023,2025,2,12,1,12,36,lifetime_aggregate,60,585.9375,1
nyc,2957.08,Ave C & McDonald Ave,116,54,62,116,40.6403436,-73.9791522,2025,2025,1,2,11,12,2,lifetime_aggregate,41,35344.8275862069,1
nyc,296,Division St & Bowery,71412,35382,36030,71412,40.71413089,-73.9970468,2019,2019,1,11,1,11,11,lifetime_aggregate,63,88.22046714837842,1
nyc,296,Division St & Bowery (old),4058,1958,2100,4058,40.71413089,-73.9970468,2019,2019,1,1,12,12,1,lifetime_aggregate,63,1552.4889107934944,1
nyc,2961.05,59 St & 5 Ave,7536,3730,3806,7536,40.640125,-74.015726,2023,2025,2,12,1,12,36,lifetime_aggregate,70,928.8747346072187,1
nyc,297,E 15 St & 3 Ave,131502,65742,65760,131502,40.73423199430451,-73.9869229773408,2019,2019,1,12,1,12,12,lifetime_aggregate,43,32.69912244680689,1
nyc,2971.02,64 St & 3 Ave,2385,1092,1293,2385,40.639978,-74.02324,2023,2025,2,12,1,12,36,lifetime_aggregate,72,3018.867924528302,1
nyc,298,3 Ave & Schermerhorn St,34938,16923,18015,34938,40.68683208,-73.9796772,2019,2019,1,12,1,12,12,lifetime_aggregate,197,563.8559734386628,1
nyc,2981.03,Colonial Rd & Wakeman Pl,464,224,240,464,40.64067,-74.0294,2025,2025,1,4,9,12,4,lifetime_aggregate,20,4310.344827586207,1
nyc,2984.04,Cortelyou Rd & Argyle Rd,19877,9742,10135,19877,40.64034,-73.96603,2023,2025,2,12,7,12,30,lifetime_aggregate,25,125.77350706847109,1
nyc,2996.05,Ocean Pkwy & Ave C,2864,1424,1440,2864,40.64078,-73.97395,2025,2025,1,3,10,12,3,lifetime_aggregate,35,1222.067039106145,1
nyc,3000.08,6 Ave & 55 St,8384,4208,4176,8384,40.640831,-74.010996,2023,2025,2,12,1,12,36,lifetime_aggregate,36,429.3893129770993,1
nyc,3002,South End Ave & Liberty St,169686,84624,85062,169686,40.711512,-74.015756,2019,2019,1,12,1,12,12,lifetime_aggregate,18,10.607828577490189,1
nyc,3007.05,Church Ave & Story St,15811,7847,7964,15811,40.642031,-73.981073,2023,2025,2,12,1,12,36,lifetime_aggregate,32,202.39074062361647,1
nyc,301,E 2 St & Avenue B,112904,55584,57320,112904,40.72217444,-73.98368779,2019,2019,1,12,1,12,12,lifetime_aggregate,70,61.99957486005811,1
nyc,3011.03,59 St & 4 Ave,20588,10312,10276,20588,40.641269,-74.017651,2023,2025,2,12,1,12,36,lifetime_aggregate,79,383.7186710705265,1
nyc,3016,Kent Ave & N 7 St,96007,46017,49990,96007,40.72036775298455,-73.96165072917938,2019,2019,1,12,1,12,12,lifetime_aggregate,47,48.954763715145766,1
nyc,3019.02,65 St & 2 Ave,2115,972,1143,2115,40.640493,-74.02564,2023,2025,2,12,1,12,36,lifetime_aggregate,27,1276.5957446808509,1
nyc,3019.03,Keegan Rd & 2 Ave,3160,1493,1667,3160,40.642431396605225,-74.0255355839741,2023,2025,2,12,1,12,36,lifetime_aggregate,1,31.645569620253166,1
nyc,302,Avenue D & E 3 St,53845,26977,26868,53845,40.72082834,-73.97793172,2019,2019,1,12,1,12,12,lifetime_aggregate,24,44.5723836939363,1
nyc,3022.01,Cortelyou Rd & E 19 St,17344,8589,8755,17344,40.64269341162915,-73.96099287625455,2023,2025,2,12,7,12,30,lifetime_aggregate,28,161.4391143911439,1
nyc,303,Mercer St & Spring St,99925,48327,51598,99925,40.72362738,-73.99949601,2019,2019,1,12,1,12,12,lifetime_aggregate,46,46.03452589442082,1
nyc,3034.02,Matthews Ct & Coney Island Ave,8290,4045,4245,8290,40.64235,-73.96951,2023,2025,2,12,7,12,30,lifetime_aggregate,21,253.31724969843185,1
nyc,3038.08,50 St & 7 Ave,15869,7972,7897,15869,40.642501,-74.006055,2023,2025,2,12,1,12,36,lifetime_aggregate,57,359.1908752914487,1
nyc,304,Broadway & Battery Pl,98837,45611,53226,98837,40.70463334,-74.01361706,2019,2019,1,11,1,11,11,lifetime_aggregate,43,43.50597448324008,1
nyc,3040,Handlebar @ Gowanus,39,10,29,39,40.66979964220026,-73.99497985839844,2019,2019,1,5,2,6,5,lifetime_aggregate,31,79487.17948717948,1
nyc,3041,Kingston Ave & Herkimer St,14840,7370,7470,14840,40.67890679,-73.94142771,2019,2019,1,12,1,12,12,lifetime_aggregate,64,431.266846361186,1
nyc,3042,Fulton St & Utica Ave,15529,7737,7792,15529,40.6794268,-73.9298911,2019,2019,1,12,1,12,12,lifetime_aggregate,69,444.32996329448133,1
nyc,3043,Lewis Ave & Decatur St,9823,4920,4903,9823,40.6814598,-73.934903,2019,2019,1,12,1,12,12,lifetime_aggregate,48,488.649088873053,1
nyc,3044,Albany Ave & Fulton St,5869,2971,2898,5869,40.6800105,-73.938475,2019,2019,1,12,1,12,12,lifetime_aggregate,96,1635.7130686658718,1
nyc,3046,Marcus Garvey Blvd & Macon St,12772,6386,6386,12772,40.682601,-73.938037,2019,2019,1,12,1,12,12,lifetime_aggregate,44,344.5036016285625,1
nyc,3046.03,E 3 St & Church Ave,14628,7218,7410,14628,40.643817,-73.977433,2023,2025,2,12,1,12,36,lifetime_aggregate,46,314.4654088050315,1
nyc,3047,Halsey St & Tompkins Ave,16213,8127,8086,16213,40.6823687,-73.944118,2019,2019,1,12,1,12,12,lifetime_aggregate,49,302.22660827730834,1
nyc,3048,Putnam Ave & Nostrand Ave,10306,5238,5068,10306,40.68402,-73.94977,2019,2019,1,12,1,12,12,lifetime_aggregate,70,679.2159906850378,1
nyc,3049,Cambridge Pl & Gates Ave,18490,9282,9208,18490,40.68488,-73.96304,2019,2019,1,12,1,12,12,lifetime_aggregate,22,118.98323418063819,1
nyc,305,E 58 St & 3 Ave,96932,48395,48537,96932,40.76095756148444,-73.96724469641937,2019,2019,1,12,1,12,12,lifetime_aggregate,223,230.0581851194652,1
nyc,3050,Putnam Ave & Throop Ave,14962,7584,7378,14962,40.6851532,-73.94111,2019,2019,1,12,1,12,12,lifetime_aggregate,35,233.92594572918057,1
nyc,3050.03,55 St & 5 Ave,9102,4530,4572,9102,40.642408,-74.013318,2023,2025,2,12,1,12,36,lifetime_aggregate,50,549.3298176225005,1
nyc,3052,Lewis Ave & Madison St,19228,9615,9613,19228,40.686312,-73.935775,2019,2019,1,12,1,12,12,lifetime_aggregate,34,176.8254628666528,1
nyc,3053,Marcy Ave & Lafayette Ave,11311,5787,5524,11311,40.6900815,-73.947915,2019,2019,1,12,1,12,12,lifetime_aggregate,42,371.3199540270533,1
nyc,3054,Greene Ave & Throop Ave,13468,6835,6633,13468,40.6894932,-73.942061,2019,2019,1,12,1,12,12,lifetime_aggregate,47,348.975348975349,1
nyc,3055,Greene Ave & Nostrand Ave,15863,8036,7827,15863,40.6883337,-73.950916,2019,2019,1,12,1,12,12,lifetime_aggregate,59,371.9346907898884,1
nyc,3056,Kosciuszko St & Nostrand Ave,15330,7644,7686,15330,40.69072549,-73.95133465,2019,2019,1,12,1,12,12,lifetime_aggregate,121,789.3020221787344,1
nyc,3056.05,12 Ave & 36 St,16686,8310,8376,16686,40.643546,-73.986418,2023,2025,2,12,1,12,36,lifetime_aggregate,24,143.8331535418914,1
nyc,3056.07,37 St & 13 Ave,794,396,398,794,40.64166,-73.98505,2025,2025,1,4,9,12,4,lifetime_aggregate,32,4030.2267002518893,1
nyc,3057,Kosciuszko St & Tompkins Ave,18772,9453,9319,18772,40.69128258,-73.9452416,2019,2019,1,12,1,12,12,lifetime_aggregate,60,319.6249733645855,1
nyc,3058,Lewis Ave & Kosciuszko St,14341,7295,7046,14341,40.69237074,-73.93705428,2019,2019,1,12,1,12,12,lifetime_aggregate,61,425.35388048253253,1
nyc,3059,Pulaski St & Marcus Garvey Blvd,10346,5227,5119,10346,40.6933982,-73.939877,2019,2019,1,12,1,12,12,lifetime_aggregate,63,608.9309878213802,1
nyc,3060,Willoughby Ave & Tompkins Ave,13318,6657,6661,13318,40.69425403,-73.94626915,2019,2019,1,12,1,12,12,lifetime_aggregate,35,262.80222255593935,1
nyc,3061,Throop Ave & Myrtle Ave,7568,3880,3688,7568,40.69622937,-73.94371094,2019,2019,1,12,1,12,12,lifetime_aggregate,47,621.0359408033827,1
nyc,3062,Myrtle Ave & Marcy Ave,15333,7660,7673,15333,40.69539811423389,-73.94954914315406,2019,2019,1,12,1,12,12,lifetime_aggregate,78,508.70671101545685,1
nyc,3063,Nostrand Ave & Myrtle Ave,10191,5107,5084,10191,40.69527008,-73.95238108,2019,2019,1,12,1,12,12,lifetime_aggregate,105,1030.3208713570798,1
nyc,3064,Myrtle Ave & Lewis Ave,26021,13043,12978,26021,40.69681963,-73.93756926,2019,2019,1,12,1,12,12,lifetime_aggregate,70,269.0134891049537,1
nyc,3065,Union Ave & Wallabout St,12479,6249,6230,12479,40.70029511,-73.95032283,2019,2019,1,12,1,12,12,lifetime_aggregate,66,528.8885327349948,1
nyc,3066,Tompkins Ave & Hopkins St,12313,6160,6153,12313,40.69957608,-73.94708417,2019,2019,1,12,1,12,12,lifetime_aggregate,58,471.046861041176,1
nyc,3067,Broadway & Whipple St,18172,9055,9117,18172,40.7016657,-73.9437303,2019,2019,1,12,1,12,12,lifetime_aggregate,121,665.8595641646489,1
nyc,3068,Humboldt St & Varet St,11812,5853,5959,11812,40.7031724,-73.940636,2019,2019,1,12,1,12,12,lifetime_aggregate,31,262.4449712157128,1
nyc,3069,Lorimer St & Broadway,13476,6666,6810,13476,40.70411791,-73.94818595,2019,2019,1,12,1,12,12,lifetime_aggregate,61,452.6565746512318,1
nyc,307,Canal St & Rutgers St,125681,62951,62730,125681,40.71427487,-73.98990025,2019,2019,1,12,1,12,12,lifetime_aggregate,35,27.848282556631474,1
nyc,3070,McKibbin St & Manhattan Ave,12738,6363,6375,12738,40.70510918,-73.94407279,2019,2019,1,12,1,12,12,lifetime_aggregate,32,251.21683152771234,1
nyc,3070.04,E 16 St & Cortelyou Rd,19621,9691,9930,19621,40.64173,-73.96364,2023,2025,2,12,7,12,30,lifetime_aggregate,60,305.7948116813618,1
nyc,3071,Boerum St & Broadway,17484,8732,8752,17484,40.70538077,-73.94976519,2019,2019,1,12,1,12,12,lifetime_aggregate,87,497.5978037062457,1
nyc,3072,Leonard St & Boerum St,12694,6385,6309,12694,40.70583339,-73.94644578,2019,2019,1,12,1,12,12,lifetime_aggregate,21,165.43248778950684,1
nyc,3074,Montrose Ave & Bushwick Ave,26867,13562,13305,26867,40.70767788,-73.94016171,2019,2019,1,12,1,12,12,lifetime_aggregate,105,390.81400975174006,1
nyc,3075,Division Ave & Marcy Ave,8737,4537,4200,8737,40.70708701,-73.95796783,2019,2019,1,12,1,12,12,lifetime_aggregate,74,846.9726450726795,1
nyc,3076,Scholes St & Manhattan Ave,30264,15300,14964,30264,40.70870368,-73.9448625,2019,2019,1,12,1,12,12,lifetime_aggregate,30,99.12767644726407,1
nyc,3077,Stagg St & Union Ave,32629,16487,16142,32629,40.70877084,-73.95095259,2019,2019,1,12,1,12,12,lifetime_aggregate,38,116.46081706457446,1
nyc,3078,Broadway & Roebling St,44150,22335,21815,44150,40.70924826276157,-73.96063148975372,2019,2019,1,12,1,12,12,lifetime_aggregate,48,108.72027180067951,1
nyc,308,St James Pl & Oliver St,49606,24721,24885,49606,40.71307916,-73.99851193,2019,2019,1,12,1,12,12,lifetime_aggregate,82,165.30258436479457,1
nyc,3080,S 4 St & Rodney St,28817,14482,14335,28817,40.70934,-73.95608,2019,2019,1,12,1,12,12,lifetime_aggregate,91,315.7858208696255,1
nyc,3080.01,E 8 St & Beverley Rd,1178,586,592,1178,40.64369,-73.97163,2025,2025,1,4,9,12,4,lifetime_aggregate,33,2801.358234295416,1
nyc,3081,Graham Ave & Grand St,29848,15028,14820,29848,40.711863,-73.944024,2019,2019,1,12,1,12,12,lifetime_aggregate,74,247.92280889841868,1
nyc,3082,Hope St & Union Ave,38185,19128,19057,38185,40.71167351,-73.95141312,2019,2019,1,12,1,12,12,lifetime_aggregate,85,222.60049757758284,1
nyc,3083,Bushwick Ave & Powers St,18919,9679,9240,18919,40.71247661,-73.94100005,2019,2019,1,12,1,12,12,lifetime_aggregate,71,375.2841059252603,1
nyc,3084.05,52 St & 6 Ave,7015,3538,3477,7015,40.642703,-74.009441,2023,2025,2,12,1,12,36,lifetime_aggregate,54,769.7790449037776,1
nyc,3085,Roebling St & N 4 St,35084,17432,17652,35084,40.71469,-73.95739,2019,2019,1,12,1,12,12,lifetime_aggregate,44,125.41329380914377,1
nyc,3086,Graham Ave & Conselyea St,49089,24586,24503,49089,40.715143,-73.944507,2019,2019,1,12,1,12,12,lifetime_aggregate,64,130.37544052639083,1
nyc,3087,Metropolitan Ave & Meeker Ave,39083,19586,19497,39083,40.71413311,-73.95234386,2019,2019,1,12,1,12,12,lifetime_aggregate,278,711.306706240565,1
nyc,3087.01,Cortelyou Rd & E 34 St,5222,2548,2674,5222,40.64454,-73.94486,2023,2025,2,12,7,12,30,lifetime_aggregate,30,574.4925315970893,1
nyc,3088,Union Ave & Jackson St,17005,8473,8532,17005,40.7160751,-73.952029,2019,2019,1,12,1,12,12,lifetime_aggregate,78,458.68862099382534,1
nyc,309,Murray St & West St,79769,38045,41724,79769,40.7149787,-74.013012,2019,2019,1,12,1,12,12,lifetime_aggregate,108,135.39094134312828,1
nyc,3090.06,Church Ave & McDonald Ave,21492,10606,10886,21492,40.642809,-73.979239,2023,2025,2,12,1,12,36,lifetime_aggregate,101,469.94230411315834,1
nyc,3091,Frost St & Meeker St,490,249,241,490,40.71764,-73.94882,2019,2019,1,1,1,1,1,lifetime_aggregate,85,17346.938775510203,1
nyc,3092,Berry St & N 8 St,59154,28406,30748,59154,40.7190095,-73.95852515,2019,2019,1,12,1,12,12,lifetime_aggregate,24,40.572066132467796,1
nyc,3093,N 6 St & Bedford Ave,93875,46822,47053,93875,40.71745169,-73.95850939,2019,2019,1,12,1,12,12,lifetime_aggregate,75,79.89347536617844,1
nyc,3093.07,57 St & 4 Ave,12884,6409,6475,12884,40.642622,-74.016866,2023,2025,2,12,1,12,36,lifetime_aggregate,78,605.4020490530892,1
nyc,3094,Graham Ave & Withers St,22840,11457,11383,22840,40.7169811,-73.94485918,2019,2019,1,12,1,12,12,lifetime_aggregate,20,87.56567425569177,1
nyc,3095,Graham Ave & Herbert St,15412,7753,7659,15412,40.71929301,-73.94500379,2019,2019,1,12,1,12,12,lifetime_aggregate,212,1375.5515182974304,1
nyc,3096,Union Ave & N 12 St,43403,21517,21886,43403,40.71924,-73.95242,2019,2019,1,12,1,12,12,lifetime_aggregate,15,34.55982305370596,1
nyc,3099.01,37 St & Fort Hamilton Pkwy,1468,724,744,1468,40.64417,-73.98923,2025,2025,1,4,9,12,4,lifetime_aggregate,59,4019.0735694822883,1
nyc,310,State St & Smith St,37560,18598,18962,37560,40.68926942,-73.98912867,2019,2019,1,12,1,12,12,lifetime_aggregate,123,327.47603833865816,1
nyc,3100,Nassau Ave & Newell St,32683,16398,16285,32683,40.724812564400175,-73.94752621650696,2019,2019,1,12,1,12,12,lifetime_aggregate,57,174.4025946210568,1
nyc,3101,N 12 St & Bedford Ave,42583,21241,21342,42583,40.72079821,-73.95484712,2019,2019,1,12,1,12,12,lifetime_aggregate,35,82.19242420684311,1
nyc,3102,Driggs Ave & Lorimer St,27124,13554,13570,27124,40.72179134,-73.9504154,2019,2019,1,12,1,12,12,lifetime_aggregate,33,121.66347146438578,1
nyc,3105,N 15 St & Wythe Ave,16102,7996,8106,16102,40.724055,-73.955736,2019,2019,1,12,1,12,12,lifetime_aggregate,28,173.89144205688734,1
nyc,3106,Driggs Ave & N Henry St,33172,16679,16493,33172,40.72325,-73.94308,2019,2019,1,12,1,12,12,lifetime_aggregate,23,69.33558422766188,1
nyc,3107,Bedford Ave & Nassau Ave,54153,26705,27448,54153,40.72311651,-73.95212324,2019,2019,1,12,1,12,12,lifetime_aggregate,27,49.858733588166864,1
nyc,3108,Nassau Ave & Russell St,45768,23340,22428,45768,40.72557,-73.94434,2019,2019,1,12,1,12,12,lifetime_aggregate,18,39.328788673308864,1
nyc,3109,Banker St & Meserole Ave,30946,15350,15596,30946,40.72606,-73.95621,2019,2019,1,12,1,12,12,lifetime_aggregate,12,38.777224843275384,1
nyc,311,Norfolk St & Broome St,94974,47579,47395,94974,40.7172274,-73.98802084,2019,2019,1,12,1,12,12,lifetime_aggregate,78,82.12774022364016,1
nyc,3110,Meserole Ave & Manhattan Ave,48777,24394,24383,48777,40.72708591960293,-73.9529911707689,2019,2019,1,12,1,12,12,lifetime_aggregate,65,133.25952805625602,1
nyc,3112,Milton St & Franklin St,65989,32688,33301,65989,40.72906,-73.95779,2019,2019,1,12,1,12,12,lifetime_aggregate,42,63.646971464941124,1
nyc,3113,Greenpoint Ave & Manhattan Ave,43591,21781,21810,43591,40.73026,-73.95394,2019,2019,1,12,1,12,12,lifetime_aggregate,61,139.93714298823153,1
nyc,3113.06,Rugby Rd & Beverley Rd,11276,5445,5831,11276,40.64435,-73.96591,2023,2025,2,12,7,12,30,lifetime_aggregate,27,239.44661227385598,1
nyc,3113.1,Stratford Rd & Beverley Rd,102,93,9,102,40.64378,-73.96867,2023,2025,2,6,12,5,18,lifetime_aggregate,24,23529.41176470588,1
nyc,3113.10,Stratford Rd & Beverley Rd,6579,3188,3391,6579,40.64378,-73.96867,2023,2025,2,12,10,12,27,lifetime_aggregate,24,364.797081623347,1
nyc,3115,India St & Manhattan Ave,33828,16743,17085,33828,40.73232194,-73.9550858,2019,2019,1,12,1,12,12,lifetime_aggregate,43,127.11363367624453,1
nyc,3116,Huron St & Franklin St,38491,18958,19533,38491,40.73266,-73.95826,2019,2019,1,12,1,12,12,lifetime_aggregate,32,83.13631758073316,1
nyc,3117,Franklin St & Dupont St,30874,15428,15446,30874,40.73564,-73.95866,2019,2019,1,12,1,12,12,lifetime_aggregate,21,68.01839735699942,1
nyc,3117.05,46 St & 7 Ave,21596,10854,10742,21596,40.644743,-74.003754,2023,2025,2,12,1,12,36,lifetime_aggregate,34,157.43656232635675,1
nyc,3118,McGuinness Blvd & Eagle St,40429,20176,20253,40429,40.73555,-73.95284,2019,2019,1,12,1,12,12,lifetime_aggregate,16,39.575552202626824,1
nyc,3119,Vernon Blvd & 50 Ave,55875,27830,28045,55875,40.74232744,-73.95411749,2019,2019,1,12,1,12,12,lifetime_aggregate,74,132.4384787472036,1
nyc,312,Allen St & Stanton St,131549,65231,66318,131549,40.722055,-73.989111,2019,2019,1,12,1,12,12,lifetime_aggregate,48,36.488304738158405,1
nyc,3121,Jackson Ave & 46 Rd,13638,6811,6827,13638,40.74524768,-73.94733276,2019,2019,1,12,1,12,12,lifetime_aggregate,24,175.97888253409593,1
nyc,3121.01,Cortelyou Rd & Albany Ave,4313,2088,2225,4313,40.64483,-73.93853,2023,2025,2,12,7,12,30,lifetime_aggregate,13,301.4143287734755,1
nyc,3122,48 Ave & 5 St,9063,4498,4565,9063,40.74436328706688,-73.9558732509613,2019,2019,1,12,1,12,12,lifetime_aggregate,21,231.71135385633897,1
nyc,3123,31 St & Thomson Ave,10796,5361,5435,10796,40.74469738,-73.93540375,2019,2019,1,12,1,12,12,lifetime_aggregate,44,407.55835494627644,1
nyc,3124,46 Ave & 5 St,36508,18177,18331,36508,40.74731,-73.95451,2019,2019,1,12,1,12,12,lifetime_aggregate,8,21.913005368686317,1
nyc,3125,45 Rd & 11 St,24712,12328,12384,24712,40.74708586,-73.94977234,2019,2019,1,12,1,12,12,lifetime_aggregate,36,145.67821301392036,1
nyc,3125.09,Ocean Pkwy & Church Ave,32041,15902,16139,32041,40.64471895786774,-73.97451460578539,2023,2025,2,12,1,12,36,lifetime_aggregate,53,165.41306451109517,1
nyc,3126,44 Dr & Jackson Ave,31219,15633,15586,31219,40.74718234,-73.9432635,2019,2019,1,12,1,12,12,lifetime_aggregate,62,198.5970082321663,1
nyc,3127,9 St & 44 Rd,10926,5426,5500,10926,40.74966,-73.9521,2019,2019,1,12,1,12,12,lifetime_aggregate,30,274.57440966501923,1
nyc,3128,21 St & 43 Ave,8251,4121,4130,8251,40.75052534,-73.94594845,2019,2019,1,12,1,12,12,lifetime_aggregate,35,424.1910071506484,1
nyc,3129,Queens Plaza North & Crescent St,52842,26452,26390,52842,40.75110165,-73.94073717,2019,2019,1,12,1,12,12,lifetime_aggregate,78,147.6098557965255,1
nyc,3129.08,53 St & 5 Ave,9058,4587,4471,9058,40.643371,-74.011884,2023,2025,2,12,1,12,36,lifetime_aggregate,68,750.7175977036874,1
nyc,313,Washington Ave & Park Ave,33549,16526,17023,33549,40.69610226,-73.96751037,2019,2019,1,12,1,12,12,lifetime_aggregate,107,318.93648096813615,1
nyc,3130,21 St & Queens Plaza North,20012,10034,9978,20012,40.75325964,-73.94335788,2019,2019,1,12,1,12,12,lifetime_aggregate,24,119.92804317409554,1
nyc,3131,E 68 St & 3 Ave,24446,12257,12189,24446,40.76712840349542,-73.96224617958069,2019,2019,1,12,1,12,12,lifetime_aggregate,71,290.4360631596171,1
nyc,3132,E 59 St & Madison Ave,61483,30712,30771,61483,40.76350532,-73.97109243,2019,2019,1,12,1,12,12,lifetime_aggregate,116,188.67003887253387,1
nyc,3132.09,Beverley Rd & Nostrand Ave,12885,6321,6564,12885,40.64507,-73.9488,2023,2025,2,12,7,12,30,lifetime_aggregate,66,512.2235157159488,1
nyc,3134,3 Ave & E 62 St,49877,25245,24632,49877,40.76312584,-73.96526895,2019,2019,1,12,1,12,12,lifetime_aggregate,56,112.27619945064859,1
nyc,3135,E 75 St & 3 Ave,35810,17911,17899,35810,40.77112927,-73.95772297,2019,2019,1,12,1,12,12,lifetime_aggregate,30,83.77548170901983,1
nyc,3135.04,Chester Ave & 12 Ave,9593,4729,4864,9593,40.644367,-73.984276,2023,2025,2,12,1,12,36,lifetime_aggregate,15,156.3640154279162,1
nyc,3136,5 Ave & E 63 St,43452,21963,21489,43452,40.766368,-73.971518,2019,2019,1,12,1,12,12,lifetime_aggregate,24,55.23336095001381,1
nyc,3137,5 Ave & E 73 St,106423,53139,53284,106423,40.77282817,-73.96685276,2019,2019,1,12,1,12,12,lifetime_aggregate,14,13.155051069787545,1
nyc,3138.03,56 St & 2 Ave,6968,3460,3508,6968,40.645705,-74.020292,2025,2025,1,12,1,12,12,lifetime_aggregate,46,660.1607347876005,1
nyc,3138.09,58 St & 2 Ave,4200,2063,2137,4200,40.644512,-74.021506,2023,2025,2,12,1,1,25,lifetime_aggregate,39,928.5714285714286,1
nyc,3139,E 72 St & Park Ave,40231,20181,20050,40231,40.77118287540658,-73.96409422159195,2019,2019,1,12,1,12,12,lifetime_aggregate,40,99.42581591310183,1
nyc,314,Cadman Plaza West & Montague St,39513,20316,19197,39513,40.69383,-73.990539,2019,2019,1,11,1,11,11,lifetime_aggregate,44,111.35575633335864,1
nyc,3140,1 Ave & E 78 St,95796,47886,47910,95796,40.77140426,-73.9535166,2019,2019,1,12,1,12,12,lifetime_aggregate,53,55.32590087268779,1
nyc,3140.09,Bedford Ave & Beverley Rd,13398,6610,6788,13398,40.64491,-73.95487,2023,2025,2,12,7,12,30,lifetime_aggregate,43,320.94342439170026,1
nyc,3141,1 Ave & E 68 St,128860,64430,64430,128860,40.76500525,-73.95818491,2019,2019,1,12,1,12,12,lifetime_aggregate,51,39.577836411609496,1
nyc,3142,1 Ave & E 62 St,95165,47471,47694,95165,40.76122739206283,-73.96094025699057,2019,2019,1,12,1,12,12,lifetime_aggregate,165,173.3830715073819,1
nyc,3143,5 Ave & E 78 St,79268,40205,39063,79268,40.77632142182271,-73.96427392959595,2019,2019,1,12,1,12,12,lifetime_aggregate,41,51.723267901296865,1
nyc,3144,E 81 St & Park Ave,7975,4017,3958,7975,40.77677702,-73.9590097,2019,2019,1,8,1,12,12,lifetime_aggregate,17,213.16614420062697,1
nyc,3145,E 84 St & Park Ave,36315,18622,17693,36315,40.77862688,-73.95772073,2019,2019,1,12,1,12,12,lifetime_aggregate,30,82.61049153242462,1
nyc,3146,E 81 St & 3 Ave,32586,16287,16299,32586,40.77573034,-73.9567526,2019,2019,1,12,1,12,12,lifetime_aggregate,50,153.4401276621862,1
nyc,3147,E 85 St & 3 Ave,17979,8959,9020,17979,40.77801203,-73.95407149,2019,2019,1,5,1,12,12,lifetime_aggregate,96,533.9562823293843,1
nyc,3148,E 84 St & 1 Ave,49710,24764,24946,49710,40.77565541,-73.95068615,2019,2019,1,12,1,12,12,lifetime_aggregate,45,90.52504526252262,1
nyc,3148.08,E 17 St & Beverley Rd,12415,6054,6361,12415,40.64466281529018,-73.96322096453373,2023,2025,2,12,7,12,30,lifetime_aggregate,38,306.08135320177206,1
nyc,3148.09,E 19 St & Beverley Rd,8405,4136,4269,8405,40.64483,-73.9613,2023,2025,2,12,9,12,28,lifetime_aggregate,29,345.0327186198692,1
nyc,315,South St & Gouverneur Ln,101770,50513,51257,101770,40.70355377,-74.00670227,2019,2019,1,12,1,12,12,lifetime_aggregate,19,18.669548983000883,1
nyc,3150,E 85 St & York Ave,28277,14216,14061,28277,40.77536905,-73.94803392,2019,2019,1,12,1,12,12,lifetime_aggregate,47,166.2128231424833,1
nyc,3151,E 81 St & York Ave,42072,21278,20794,42072,40.7728384,-73.94989233,2019,2019,1,12,1,12,12,lifetime_aggregate,44,104.58262027001331,1
nyc,3152,3 Ave & E 71 St,20133,10102,10031,20133,40.76873687,-73.96119945,2019,2019,1,12,1,12,12,lifetime_aggregate,48,238.41454328714053,1
nyc,3153,E 71 St & 2 Ave,669,332,337,669,40.76817546742245,-73.95910263061523,2019,2019,1,1,1,1,1,lifetime_aggregate,96,14349.775784753363,1
nyc,3154,E 77 St & 3 Ave,37528,18804,18724,37528,40.77314236,-73.95856158,2019,2019,1,12,1,12,12,lifetime_aggregate,52,138.5632061394159,1
nyc,3155,Lexington Ave & E 63 St,34947,17497,17450,34947,40.76440023,-73.96648977,2019,2019,1,9,1,9,9,lifetime_aggregate,50,143.0737974647323,1
nyc,3155.01,Schenectady Ave & Cortelyou Rd,3801,1832,1969,3801,40.64535,-73.93268,2023,2025,2,12,7,12,30,lifetime_aggregate,18,473.55958958168907,1
nyc,3156,E 72 St & York Ave,70337,35124,35213,70337,40.76663814,-73.95348296,2019,2019,1,12,1,12,12,lifetime_aggregate,91,129.3771414760368,1
nyc,3157,East End Ave & E 86 St,20184,10083,10101,20184,40.77518615,-73.94446054,2019,2019,1,12,1,12,12,lifetime_aggregate,7,34.68093539437178,1
nyc,3157.08,Turner Pl & Coney Island Ave,14706,7303,7403,14706,40.64521,-73.97073,2023,2025,2,12,7,12,30,lifetime_aggregate,28,190.3984768121855,1
nyc,3158,W 63 St & Broadway,93740,48802,44938,93740,40.77163851,-73.98261428,2019,2019,1,12,1,12,12,lifetime_aggregate,81,86.40921698314487,1
nyc,3159,W 67 St & Broadway,78441,40005,38436,78441,40.77492513,-73.98266566,2019,2019,1,12,1,12,12,lifetime_aggregate,36,45.89436646651623,1
nyc,316,Fulton St & William St,60873,30313,30560,60873,40.709559607920625,-74.00653611940979,2019,2019,1,12,1,12,12,lifetime_aggregate,51,83.78098664432507,1
nyc,3160,Central Park West & W 76 St,67826,35325,32501,67826,40.77896784,-73.97374737,2019,2019,1,12,1,12,12,lifetime_aggregate,30,44.23082593695633,1
nyc,3161,W 76 St & Columbus Ave,53970,29947,24023,53970,40.7801839724239,-73.97728532552719,2019,2019,1,12,1,12,12,lifetime_aggregate,46,85.2325365944043,1
nyc,3161.02,46 St & 6 Ave,15258,7796,7462,15258,40.645921,-74.005708,2023,2025,2,12,1,12,36,lifetime_aggregate,27,176.95635076681086,1
nyc,3162,W 78 St & Broadway,41052,21131,19921,41052,40.78339981,-73.98093133,2019,2019,1,12,1,12,12,lifetime_aggregate,55,133.9764201500536,1
nyc,3163,Central Park West & W 68 St,100509,53926,46583,100509,40.7734066,-73.97782542,2019,2019,1,12,1,12,12,lifetime_aggregate,30,29.84807330686804,1
nyc,3164,Columbus Ave & W 72 St,115773,63951,51822,115773,40.7770575,-73.97898475,2019,2019,1,12,1,12,12,lifetime_aggregate,59,50.961795928238885,1
nyc,3164.04,Brooklyn Ave & Beverley Rd,1908,868,1040,1908,40.64574999999999,-73.94331,2023,2025,2,12,7,12,30,lifetime_aggregate,32,1677.1488469601677,1
nyc,3165,Central Park West & W 72 St,116225,60369,55856,116225,40.77579376683666,-73.9762057363987,2019,2019,1,12,1,12,12,lifetime_aggregate,52,44.74080447408045,1
nyc,3166,Riverside Dr & W 72 St,56973,28671,28302,56973,40.78057799010334,-73.98562431335449,2019,2019,1,12,1,12,12,lifetime_aggregate,30,52.65652151018904,1
nyc,3166.03,Albemarle Rd & McDonald Ave,20885,10247,10638,20885,40.645074,-73.979681,2023,2025,2,12,1,12,36,lifetime_aggregate,25,119.70313622216902,1
nyc,3167,Amsterdam Ave & W 73 St,109139,55401,53738,109139,40.77966809007312,-73.98093044757842,2019,2019,1,12,1,12,12,lifetime_aggregate,97,88.87748650803104,1
nyc,3168,Central Park West & W 85 St,84389,43151,41238,84389,40.78472675,-73.96961715,2019,2019,1,12,1,12,12,lifetime_aggregate,54,63.989382502458845,1
nyc,3169,Riverside Dr & W 82 St,39304,19775,19529,39304,40.78720869,-73.98128127,2019,2019,1,12,1,12,12,lifetime_aggregate,16,40.70832485243232,1
nyc,3169.07,53 St & 4 Ave,24728,12353,12375,24728,40.644862,-74.014531,2023,2025,2,12,1,12,36,lifetime_aggregate,52,210.28793270786153,1
nyc,317,E 6 St & Avenue B,109296,54739,54557,109296,40.72453734,-73.98185424,2019,2019,1,12,1,12,12,lifetime_aggregate,31,28.363343580734885,1
nyc,3170,W 84 St & Columbus Ave,52584,27411,25173,52584,40.78499979,-73.97283406,2019,2019,1,12,1,12,12,lifetime_aggregate,84,159.7444089456869,1
nyc,3171,Amsterdam Ave & W 82 St,63249,32186,31063,63249,40.78524672,-73.97667321,2019,2019,1,12,1,12,12,lifetime_aggregate,40,63.242106594570664,1
nyc,3172,W 74 St & Columbus Ave,39720,20471,19249,39720,40.7785669,-73.97754961,2019,2019,1,12,1,12,12,lifetime_aggregate,56,140.98690835850957,1
nyc,3172.01,Tilden Ave & Nostrand Ave,6878,3386,3492,6878,40.64683,-73.94933,2023,2025,2,12,7,10,28,lifetime_aggregate,56,814.1901715615005,1
nyc,3173,Riverside Blvd & W 67 St,58262,29327,28935,58262,40.777507027547976,-73.98888587951659,2019,2019,1,12,1,12,12,lifetime_aggregate,18,30.894922934331124,1
nyc,3175,W 70 St & Amsterdam Ave,71421,36561,34860,71421,40.77748039530589,-73.98288594498428,2019,2019,1,12,1,12,12,lifetime_aggregate,94,131.61395107881435,1
nyc,3177,W 84 St & Broadway,48052,25792,22260,48052,40.7867947,-73.977112,2019,2019,1,12,1,12,12,lifetime_aggregate,39,81.162074419379,1
nyc,3178,Riverside Dr & W 78 St,35009,17723,17286,35009,40.78414472,-73.98362492,2019,2019,1,12,1,12,12,lifetime_aggregate,14,39.9897169299323,1
nyc,3178.02,57 St & 1 Ave,8776,4347,4429,8776,40.646377,-74.023087,2023,2025,2,12,1,12,36,lifetime_aggregate,38,432.9990884229718,1
nyc,3179,Park Ave & Marcus Garvey Blvd,11138,5599,5539,11138,40.698617,-73.941342,2019,2019,1,12,1,12,12,lifetime_aggregate,33,296.2829951517328,1
nyc,3180.02,Beverley Rd & Flatbush Ave,20599,10117,10482,20599,40.64499478133334,-73.95817800412121,2023,2025,2,12,7,12,30,lifetime_aggregate,110,534.0065051701539,1
nyc,3180.09,Albemarle Rd & E 21 St,14867,7381,7486,14867,40.64741,-73.95933,2023,2025,2,12,7,12,30,lifetime_aggregate,39,262.3259568171117,1
nyc,3182,Yankee Ferry Terminal,22088,11064,11024,22088,40.686931,-74.016966,2019,2019,1,7,4,10,7,lifetime_aggregate,0,0.0,1
nyc,3184.07,New Utrecht Ave & 9 Ave,1068,526,542,1068,40.646249287052434,-73.99452600971485,2025,2025,1,2,11,12,2,lifetime_aggregate,29,2715.355805243446,1
nyc,3187.01,Beverley Rd & E 49 St,4223,2033,2190,4223,40.64621,-73.93067,2023,2025,2,12,7,12,30,lifetime_aggregate,59,1397.1110584892256,1
nyc,3188.04,Rugby Rd & Albemarle Rd,8649,4225,4424,8649,40.64672,-73.96637,2023,2025,2,12,7,12,30,lifetime_aggregate,8,92.49624234015492,1
nyc,319,Fulton St & Broadway,96328,48077,48251,96328,40.711066,-74.009447,2019,2019,1,12,1,12,12,lifetime_aggregate,90,93.43077817457021,1
nyc,3191,Union St,1,0,1,1,40.7182113,-74.0836394,2019,2019,1,1,9,9,1,lifetime_aggregate,0,0.0,1
nyc,3192.05,7 Ave & 41 St,42579,21610,20969,42579,40.647379,-74.000911,2023,2025,2,12,1,12,36,lifetime_aggregate,14,32.8800582446746,1
nyc,3199.01,Caton Ave & E 7 St,23875,11817,12058,23875,40.647718,-73.973663,2023,2025,2,12,1,12,36,lifetime_aggregate,29,121.46596858638742,1
nyc,320,Leonard St & Church St,53830,26892,26938,53830,40.717571,-74.005549,2019,2019,1,12,1,12,12,lifetime_aggregate,52,96.60040869403677,1
nyc,3202.06,48 St & 5 Ave,23227,11661,11566,23227,40.646351,-74.009271,2023,2025,2,12,1,12,36,lifetime_aggregate,58,249.70938993412838,1
nyc,3205.06,Brooklyn Ave & Tilden Ave,1929,875,1054,1929,40.64725,-73.94352,2023,2025,2,12,7,12,30,lifetime_aggregate,39,2021.7729393468119,1
nyc,3208.07,Dahill Rd & 12 Ave,14221,7054,7167,14221,40.646037,-73.980963,2023,2025,2,12,1,12,36,lifetime_aggregate,14,98.44596019970466,1
nyc,321,Cadman Plaza E & Red Cross Pl,50799,25482,25317,50799,40.69991755,-73.98971773,2019,2019,1,12,1,12,12,lifetime_aggregate,40,78.74170751392744,1
nyc,3211.06,53 St & 2 Ave,15048,7360,7688,15048,40.64744,-74.018846,2023,2025,2,12,1,12,36,lifetime_aggregate,47,312.3338649654439,1
nyc,3214.04,Tilden Ave & Lott St,6493,3233,3260,6493,40.64661,-73.95401,2023,2025,2,12,7,12,30,lifetime_aggregate,17,261.82042199291544,1
nyc,3220.01,58 St & Pier 4,12569,6255,6314,12569,40.646475,-74.026081,2023,2025,2,12,1,12,36,lifetime_aggregate,0,0.0,1
nyc,3221,47 Ave & 31 St,9650,4807,4843,9650,40.743,-73.93561,2019,2019,1,12,1,12,12,lifetime_aggregate,57,590.6735751295337,1
nyc,3223,E 55 St & 3 Ave,25898,12921,12977,25898,40.75899655960512,-73.96865397691727,2019,2019,1,6,1,6,6,lifetime_aggregate,104,401.5754112286663,1
nyc,3223.07,Ocean Ave & Tennis Ct,13403,6604,6799,13403,40.64873,-73.96084000000002,2023,2025,2,12,7,12,30,lifetime_aggregate,37,276.0575990449899,1
nyc,3226,W 82 St & Central Park West,35754,20197,15557,35754,40.78275,-73.97137,2019,2019,1,8,1,8,8,lifetime_aggregate,87,243.32941768753147,1
nyc,3229.07,E 48 St & Tilden Ave,2184,1037,1147,2184,40.64795,-73.93182,2023,2025,2,12,7,12,30,lifetime_aggregate,21,961.5384615384615,1
nyc,323,Lawrence St & Willoughby St,53405,26836,26569,53405,40.69236178,-73.98631746,2019,2019,1,12,1,12,12,lifetime_aggregate,91,170.39603033423836,1
nyc,3230.01,Caton Ave & E 10 St,25800,12637,13163,25800,40.648481,-73.97058,2023,2025,2,12,1,12,36,lifetime_aggregate,57,220.93023255813955,1
nyc,3231,E 67 St & Park Ave,25202,12724,12478,25202,40.76780080148132,-73.96592080593109,2019,2019,1,12,1,12,12,lifetime_aggregate,39,154.74962304579,1
nyc,3232,Bond St & Fulton St,59018,27632,31386,59018,40.68962188790333,-73.98304268717766,2019,2019,1,12,1,12,12,lifetime_aggregate,24,40.66555965976482,1
nyc,3233,E 48 St & 5 Ave,129335,64397,64938,129335,40.75724570198795,-73.97805911071524,2019,2019,1,12,1,12,12,lifetime_aggregate,99,76.54540534271466,1
nyc,3233.02,5 Ave & 44 St,8486,4255,4231,8486,40.64865,-74.00646,2025,2025,1,12,1,12,12,lifetime_aggregate,33,388.87579542776336,1
nyc,3233.06,44 St & 6 Ave,9163,4813,4350,9163,40.647105,-74.004483,2023,2023,1,12,1,12,12,lifetime_aggregate,27,294.6633198734039,1
nyc,3235,E 41 St & Madison Ave,83433,41758,41675,83433,40.752165280621966,-73.97992193698882,2019,2019,1,12,1,12,12,lifetime_aggregate,72,86.2967890403078,1
nyc,3236,W 42 St & Dyer Ave,86272,43526,42746,86272,40.75898481399634,-73.99379968643188,2019,2019,1,12,1,12,12,lifetime_aggregate,180,208.64243323442136,1
nyc,324,DeKalb Ave & Hudson Ave,53341,23164,30177,53341,40.689888,-73.981013,2019,2019,1,12,1,12,12,lifetime_aggregate,144,269.961193078495,1
nyc,3240,NYCBS Depot BAL - DYR,6,0,6,6,40.759030082196055,-73.99385869503021,2019,2019,1,4,1,8,8,lifetime_aggregate,177,2950000.0,1
nyc,3240.15,Fort Hamilton Pkwy & E 5 St,25232,12671,12561,25232,40.649037,-73.97673,2023,2025,2,12,10,12,27,lifetime_aggregate,32,126.82308180088776,1
nyc,3240.15,Ft. Hamilton Pkwy & E 5 St,7696,3842,3854,7696,40.649037,-73.97673,2023,2023,1,10,1,10,10,lifetime_aggregate,32,415.8004158004158,1
nyc,3241,Monroe St & Tompkins Ave,18468,9322,9146,18468,40.686203,-73.944694,2019,2019,1,12,1,12,12,lifetime_aggregate,47,254.49426034221358,1
nyc,3242,Schermerhorn St & Court St,35962,18051,17911,35962,40.69102925677968,-73.99183362722397,2019,2019,1,12,1,12,12,lifetime_aggregate,60,166.84277848840443,1
nyc,3243,E 58 St & 1 Ave,5254,2621,2633,5254,40.75892386377695,-73.96226227283478,2019,2019,1,2,1,2,2,lifetime_aggregate,135,2569.470879330034,1
nyc,3243,E 58 St & 1 Ave (NE Corner),24977,12585,12392,24977,40.75892386377695,-73.96226227283478,2019,2019,1,10,3,12,10,lifetime_aggregate,135,540.4972574768788,1
nyc,3243.02,47 St & 3 Ave,6427,3172,3255,6427,40.649143,-74.012384,2023,2025,2,12,1,12,36,lifetime_aggregate,66,1026.9176909911312,1
nyc,3244,University Pl & E 8 St,95836,47853,47983,95836,40.73143724085228,-73.99490341544151,2019,2019,1,12,1,12,12,lifetime_aggregate,25,26.086230644016865,1
nyc,3245,NYCBS DEPOT - DELANCEY,343,6,337,343,40.71644423134479,-73.9823305606842,2019,2019,1,11,1,11,11,lifetime_aggregate,26,7580.174927113703,1
nyc,3246,Montague St & Clinton St,3274,1661,1613,3274,40.694281141397326,-73.99230033159256,2019,2019,1,2,11,12,2,lifetime_aggregate,38,1160.6597434331093,1
nyc,3246.06,New York Ave & Snyder Ave,3736,1758,1978,3736,40.64868,-73.94635,2023,2025,2,12,7,12,30,lifetime_aggregate,38,1017.1306209850108,1
nyc,3249,Verona Pl & Fulton St,15712,7831,7881,15712,40.6803560840434,-73.9476791024208,2019,2019,1,12,1,12,12,lifetime_aggregate,89,566.4460285132383,1
nyc,325,E 19 St & 3 Ave,87109,43709,43400,87109,40.73624527,-73.98473765,2019,2019,1,12,1,12,12,lifetime_aggregate,86,98.7268824116911,1
nyc,3250,58th St Depot,10,6,4,10,40.71690978045965,-73.98383796215057,2019,2019,1,2,1,3,3,lifetime_aggregate,63,630000.0,1
nyc,3253.01,52 St & 1 Ave,6011,2952,3059,6011,40.649292,-74.020105,2023,2025,2,12,1,12,36,lifetime_aggregate,21,349.359507569456,1
nyc,3254,Soissons Landing,26724,13328,13396,26724,40.69231660719192,-74.01486575603485,2019,2019,1,7,4,10,7,lifetime_aggregate,0,0.0,1
nyc,3255,8 Ave & W 31 St,241589,119958,121631,241589,40.7505853470215,-73.9946848154068,2019,2019,1,12,1,12,12,lifetime_aggregate,155,64.15855026511969,1
nyc,3256,Pier 40 - Hudson River Park,129726,64713,65013,129726,40.7277140777778,-74.01129573583603,2019,2019,1,12,1,12,12,lifetime_aggregate,0,0.0,1
nyc,3256.04,Bedford Ave & Albemarle Rd,9492,4680,4812,9492,40.64796,-73.9556,2023,2025,2,12,7,12,30,lifetime_aggregate,22,231.7741255794353,1
nyc,3258,W 27 St & 10 Ave,55846,27847,27999,55846,40.75018156325683,-74.00218427181244,2019,2019,1,6,1,6,6,lifetime_aggregate,74,132.5072520860939,1
nyc,3259,9 Ave & W 28 St,89473,44598,44875,89473,40.74937024193277,-73.99923384189606,2019,2019,1,12,1,12,12,lifetime_aggregate,24,26.823734534440558,1
nyc,326,E 11 St & 1 Ave,122700,61120,61580,122700,40.72953837,-73.98426726,2019,2019,1,12,1,12,12,lifetime_aggregate,65,52.97473512632437,1
nyc,3260,Mercer St & Bleecker St,113289,55970,57319,113289,40.72706363348306,-73.99662137031554,2019,2019,1,12,1,12,12,lifetime_aggregate,45,39.721420437994865,1
nyc,3263,Cooper Square & Astor Pl,165900,80536,85364,165900,40.72951496224949,-73.99075269699097,2019,2019,1,12,1,12,12,lifetime_aggregate,54,32.5497287522604,1
nyc,3263.01,E 18 St & Church Ave,25078,12378,12700,25078,40.64958,-73.96316,2023,2025,2,12,7,12,30,lifetime_aggregate,83,330.96738176888107,1
nyc,3266.01,7 Ave & 40 St,20269,10417,9852,20269,40.648169,-74.000057,2023,2025,2,12,1,12,36,lifetime_aggregate,26,128.27470521486012,1
nyc,327,Vesey Pl & River Terrace,143644,71695,71949,143644,40.71533794638504,-74.01658349911868,2019,2019,1,12,1,12,12,lifetime_aggregate,31,21.581131129737404,1
nyc,3272.01,E 8 St & Caton Ave,20958,10145,10813,20958,40.648055,-73.972432,2023,2025,2,12,1,12,36,lifetime_aggregate,60,286.286859433152,1
nyc,3275.03,45 St & 4 Ave,24722,12370,12352,24722,40.649145,-74.009486,2023,2025,2,12,1,12,36,lifetime_aggregate,72,291.23857293099263,1
nyc,3278.07,Brooklyn Ave & Snyder Ave,3584,1707,1877,3584,40.64915,-73.94368,2023,2025,2,12,7,12,30,lifetime_aggregate,49,1367.1875,1
nyc,328,Watts St & Greenwich St,83008,41412,41596,83008,40.72405549,-74.00965965,2019,2019,1,12,1,12,12,lifetime_aggregate,45,54.21164225134927,1
nyc,3280.04,Fort Hamilton Pkwy & E 2 St,21137,10473,10664,21137,40.648005,-73.979342,2023,2025,2,12,10,12,27,lifetime_aggregate,49,231.82097743293747,1
nyc,3280.04,Ft. Hamilton Pkwy & E 2 St,9870,4911,4959,9870,40.648005,-73.979342,2023,2023,1,10,1,10,10,lifetime_aggregate,49,496.4539007092199,1
nyc,3282,5 Ave & E 88 St,110469,55140,55329,110469,40.78307,-73.95939,2019,2019,1,12,1,12,12,lifetime_aggregate,16,14.483701309869737,1
nyc,3283,W 89 St & Columbus Ave,50700,27392,23308,50700,40.7882213,-73.97041561,2019,2019,1,12,1,12,12,lifetime_aggregate,37,72.97830374753453,1
nyc,3283.05,48 St & 2 Ave,3646,1778,1868,3646,40.650176,-74.015606,2023,2025,2,12,1,12,36,lifetime_aggregate,38,1042.2380691168405,1
nyc,3284,E 88 St & Park Ave,21742,10849,10893,21742,40.781410700190015,-73.95595908164978,2019,2019,1,12,1,12,12,lifetime_aggregate,29,133.38239352405483,1
nyc,3285,W 87 St & Amsterdam Ave,36993,19056,17937,36993,40.78839,-73.9747,2019,2019,1,12,1,12,12,lifetime_aggregate,59,159.4896331738437,1
nyc,3286,E 89 St & 3 Ave,35985,17967,18018,35985,40.7806284,-73.9521667,2019,2019,1,12,1,12,12,lifetime_aggregate,68,188.967625399472,1
nyc,3286.07,Rogers Ave & Snyder Ave,7563,3748,3815,7563,40.64871065908449,-73.95216456310389,2023,2025,2,12,7,12,30,lifetime_aggregate,76,1004.8922385296839,1
nyc,3287,W 87 St & West End Ave,14042,7402,6640,14042,40.789622,-73.97757,2019,2019,1,5,8,12,5,lifetime_aggregate,25,178.03731662156386,1
nyc,3288,E 88 St & 1 Ave,38739,19272,19467,38739,40.778301,-73.9488134,2019,2019,1,12,1,12,12,lifetime_aggregate,64,165.20818813082425,1
nyc,3289,W 90 St & Amsterdam Ave,28159,14424,13735,28159,40.79017948095081,-73.97288918495178,2019,2019,1,12,1,12,12,lifetime_aggregate,47,166.90933626904365,1
nyc,3290,E 89 St & York Ave,29093,14501,14592,29093,40.7779453,-73.946041,2019,2019,1,12,1,12,12,lifetime_aggregate,44,151.2391296875537,1
nyc,3292,5 Ave & E 93 St,38446,19247,19199,38446,40.7857851,-73.957481,2019,2019,1,12,1,12,12,lifetime_aggregate,11,28.611559069864228,1
nyc,3293,W 92 St & Broadway,34808,17461,17347,34808,40.7921,-73.9739,2019,2019,1,12,1,12,12,lifetime_aggregate,51,146.5180418294645,1
nyc,3294,E 91 St & Park Ave,30218,15196,15022,30218,40.7835016,-73.955327,2019,2019,1,12,1,12,12,lifetime_aggregate,20,66.18571712224502,1
nyc,3294.03,E 21 St & Church Ave,22479,11136,11343,22479,40.65007,-73.96001,2023,2025,2,12,6,12,31,lifetime_aggregate,86,382.5792962320388,1
nyc,3295,Central Park W & W 96 St,77641,41962,35679,77641,40.79127,-73.964839,2019,2019,1,12,1,12,12,lifetime_aggregate,73,94.02248811839105,1
nyc,3296,E 93 St & 2 Ave,26374,12979,13395,26374,40.782454175279874,-73.9489196240902,2019,2019,1,12,1,12,12,lifetime_aggregate,72,272.9961325547888,1
nyc,3297,6 St & 7 Ave,16453,8362,8091,16453,40.6686627,-73.97988067,2019,2019,1,12,1,12,12,lifetime_aggregate,69,419.3764055187504,1
nyc,3298,Warren St & Court St,25755,12826,12929,25755,40.686371,-73.99383324,2019,2019,1,12,1,12,12,lifetime_aggregate,22,85.420306736556,1
nyc,3299,E 98 St & Park Ave,11598,5781,5817,11598,40.78813,-73.95206,2019,2019,1,12,1,12,12,lifetime_aggregate,34,293.15399206759787,1
nyc,330,Reade St & Broadway,51629,25825,25804,51629,40.71450451,-74.00562789,2019,2019,1,12,1,12,12,lifetime_aggregate,97,187.87890526642002,1
nyc,3300,Prospect Park West & 8 St,25554,13128,12426,25554,40.66514681533792,-73.97637605667114,2019,2019,1,12,1,12,12,lifetime_aggregate,23,90.00547859434923,1
nyc,3300.04,E 49 St & Church Ave,4207,2057,2150,4207,40.65182,-73.93135,2023,2025,2,12,11,12,26,lifetime_aggregate,141,3351.556928927977,1
nyc,3300.06,Snyder Ave & Schenectady Ave,2087,1004,1083,2087,40.65,-73.93295999999998,2023,2025,2,12,8,12,29,lifetime_aggregate,47,2252.036415908002,1
nyc,3301,Columbus Ave & W 95 St,68569,35312,33257,68569,40.7919557,-73.968087,2019,2019,1,12,1,12,12,lifetime_aggregate,34,49.5850894719188,1
nyc,3302,Columbus Ave & W 103 St,9184,4705,4479,9184,40.7969347,-73.9643412291,2019,2019,1,12,1,12,12,lifetime_aggregate,13,141.55052264808364,1
nyc,3303,Butler St & Court St,19824,9878,9946,19824,40.6849894,-73.99440329,2019,2019,1,12,1,12,12,lifetime_aggregate,18,90.79903147699758,1
nyc,3303.01,Caton Ave & Argyle Rd,2631,1311,1320,2631,40.64968118764706,-73.96783027705882,2023,2023,1,4,1,4,4,lifetime_aggregate,38,1444.317749904979,1
nyc,3303.03,Caton Ave & Argyle Rd,24220,12029,12191,24220,40.64969490682349,-73.96792364487084,2023,2025,2,12,4,12,33,lifetime_aggregate,38,156.89512799339388,1
nyc,3304,6 Ave & 9 St,26779,13441,13338,26779,40.668127,-73.98377641,2019,2019,1,12,1,12,12,lifetime_aggregate,23,85.88819597445759,1
nyc,3305,E 91 St & 2 Ave,47995,23866,24129,47995,40.78112237204715,-73.94965591896955,2019,2019,1,12,1,12,12,lifetime_aggregate,68,141.68142514845294,1
nyc,3306,10 St & 7 Ave,21091,10787,10304,21091,40.6662078,-73.98199886,2019,2019,1,12,1,12,12,lifetime_aggregate,29,137.49940733014083,1
nyc,3306.03,5 Ave & 41 St,31024,15470,15554,31024,40.649983,-74.005144,2023,2025,2,12,1,12,36,lifetime_aggregate,46,148.2723053120165,1
nyc,3307,West End Ave & W 94 St,32398,16167,16231,32398,40.7941654,-73.974124,2019,2019,1,12,1,12,12,lifetime_aggregate,35,108.0313599604914,1
nyc,3308,Kane St & Clinton St,28223,14133,14090,28223,40.6861758,-73.99645295,2019,2019,1,12,1,12,12,lifetime_aggregate,12,42.51851326931935,1
nyc,3309,E 97 St & 3 Ave,13537,6799,6738,13537,40.7859201,-73.94860294,2019,2019,1,12,1,12,12,lifetime_aggregate,46,339.8094112432592,1
nyc,3309.04,Church Ave & E 42 St,4303,2047,2256,4303,40.65127,-73.93818,2023,2025,2,12,7,12,30,lifetime_aggregate,62,1440.8552172902625,1
nyc,331,Pike St & Monroe St,48881,24380,24501,48881,40.71173107,-73.99193043,2019,2019,1,12,1,12,12,lifetime_aggregate,32,65.46510914261165,1
nyc,3310,14 St & 7 Ave,22796,11698,11098,22796,40.663779,-73.98396846,2019,2019,1,12,1,12,12,lifetime_aggregate,22,96.50815932619759,1
nyc,3311,Columbia St & Kane St,19951,9896,10055,19951,40.68763155,-74.0016256,2019,2019,1,12,1,12,12,lifetime_aggregate,27,135.33156232770287,1
nyc,3312,1 Ave & E 94 St,31523,15564,15959,31523,40.7817212,-73.94594,2019,2019,1,12,1,12,12,lifetime_aggregate,39,123.71918916346795,1
nyc,3312.07,Prospect Ave & Greenwood Ave,24674,12309,12365,24674,40.651745,-73.975988,2023,2025,2,12,1,12,36,lifetime_aggregate,12,48.63418983545433,1
nyc,3313,6 Ave & 12 St,15596,7878,7718,15596,40.6663181,-73.9854617,2019,2019,1,12,1,12,12,lifetime_aggregate,25,160.29751218261092,1
nyc,3314,W 95 St & Broadway,56434,28465,27969,56434,40.7937704,-73.971888,2019,2019,1,12,1,12,12,lifetime_aggregate,122,216.18173441542334,1
nyc,3315,Henry St & Degraw St,32614,16305,16309,32614,40.6847514,-73.99917254,2019,2019,1,12,1,12,12,lifetime_aggregate,32,98.1173729073404,1
nyc,3315.05,44 St & 3 Ave,5934,2889,3045,5934,40.651173,-74.011405,2023,2025,2,12,1,12,36,lifetime_aggregate,73,1230.1988540613415,1
nyc,3317,10 St & 5 Ave,14437,7194,7243,14437,40.6686273,-73.98700053,2019,2019,1,12,1,12,12,lifetime_aggregate,69,477.9386299092609,1
nyc,3318,2 Ave & E 96 St,52987,26174,26813,52987,40.7839636,-73.9471673,2019,2019,1,12,1,12,12,lifetime_aggregate,102,192.5000471813841,1
nyc,3318.05,E 34 St & Church Ave,3880,1919,1961,3880,40.65116,-73.94577,2023,2025,2,12,8,12,29,lifetime_aggregate,87,2242.2680412371133,1
nyc,3319,14 St & 5 Ave,24316,12140,12176,24316,40.666287,-73.98895053,2019,2019,1,12,1,12,12,lifetime_aggregate,38,156.2757032406646,1
nyc,332,Cherry St,50303,25352,24951,50303,40.71219906,-73.97948148,2019,2019,1,12,1,12,12,lifetime_aggregate,1,1.9879530047909668,1
nyc,3320,Central Park West & W 100 St,43848,22374,21474,43848,40.79406660818552,-73.96286845207214,2019,2019,1,12,1,12,12,lifetime_aggregate,24,54.734537493158186,1
nyc,3321,Clinton St & Union St,24890,12600,12290,24890,40.6831164,-73.99785267,2019,2019,1,12,1,12,12,lifetime_aggregate,23,92.40658899156288,1
nyc,3322,12 St & 4 Ave,7191,3577,3614,7191,40.668603,-73.9904394,2019,2019,1,9,1,9,9,lifetime_aggregate,45,625.7822277847309,1
nyc,3323,W 106 St & Central Park West,41496,21822,19674,41496,40.7981856,-73.9605909006,2019,2019,1,12,1,12,12,lifetime_aggregate,17,40.96780412569886,1
nyc,3324,3 Ave & 14 St,11610,5761,5849,11610,40.6685455,-73.99333264,2019,2019,1,12,1,12,12,lifetime_aggregate,69,594.3152454780362,1
nyc,3325,E 95 St & 3 Ave,5434,2711,2723,5434,40.7849032,-73.950503,2019,2019,1,4,9,12,4,lifetime_aggregate,27,496.87154950312845,1
nyc,3326,Clinton St & Centre St,5757,2807,2950,5757,40.67434,-74.00194698,2019,2019,1,12,1,12,12,lifetime_aggregate,19,330.03300330033005,1
nyc,3327,3 Ave & E 100 St,9912,4917,4995,9912,40.7877214,-73.94728331,2019,2019,1,12,1,12,12,lifetime_aggregate,73,736.4810330912026,1
nyc,3327.01,Lott St & Erasmus St,4943,2385,2558,4943,40.64949,-73.95408,2023,2025,2,12,7,12,30,lifetime_aggregate,16,323.69006676107625,1
nyc,3328,W 100 St & Manhattan Ave,36320,18504,17816,36320,40.795,-73.9645,2019,2019,1,12,1,12,12,lifetime_aggregate,13,35.79295154185022,1
nyc,3329,Degraw St & Smith St,25670,12755,12915,25670,40.6829151,-73.99318208,2019,2019,1,12,1,12,12,lifetime_aggregate,27,105.18114530580443,1
nyc,3330,Henry St & Bay St,5695,2808,2887,5695,40.6725058,-74.00494695,2019,2019,1,12,1,12,12,lifetime_aggregate,6,105.35557506584723,1
nyc,3331,Riverside Dr & W 104 St,28660,14553,14107,28660,40.8013434,-73.9711457439,2019,2019,1,12,1,12,12,lifetime_aggregate,18,62.805303558967196,1
nyc,3332,Degraw St & Hoyt St,16703,8302,8401,16703,40.68199044270703,-73.99079024791718,2019,2019,1,12,1,12,12,lifetime_aggregate,31,185.59540202358858,1
nyc,3333,Columbia St & Lorraine St,3359,1484,1875,3359,40.6747055,-74.0075572,2019,2019,1,12,1,12,12,lifetime_aggregate,19,565.6445370646026,1
nyc,3335,Union St & 4 Ave,32697,16081,16616,32697,40.6772744,-73.98282002,2019,2019,1,12,1,12,12,lifetime_aggregate,83,253.845918585803,1
nyc,3335.09,Caton Ave & St. Pauls Pl,15169,7554,7615,15169,40.651529999999994,-73.96277,2023,2025,2,12,12,12,25,lifetime_aggregate,47,309.8424418221373,1
nyc,3336,E 97 St & Madison Ave,36049,17990,18059,36049,40.787801,-73.953559,2019,2019,1,12,1,12,12,lifetime_aggregate,165,457.71033870565066,1
nyc,3337,Dwight St & Van Dyke St,5373,2386,2987,5373,40.67363551341504,-74.01195555925369,2019,2019,1,12,1,12,12,lifetime_aggregate,4,74.4463056020845,1
nyc,3338,2 Ave & E 99 St,16835,8397,8438,16835,40.7862586,-73.94552579,2019,2019,1,12,1,12,12,lifetime_aggregate,56,332.64033264033264,1
nyc,3339,Berkeley Pl & 6 Ave,19329,9622,9707,19329,40.6765304,-73.97846879,2019,2019,1,12,1,12,12,lifetime_aggregate,21,108.64504112990844,1
nyc,334,W 20 St & 7 Ave,117635,58720,58915,117635,40.74238787,-73.99726235,2019,2019,1,12,1,12,12,lifetime_aggregate,78,66.30679644663579,1
nyc,3340,Wolcott St & Dwight St,5966,2854,3112,5966,40.6753274,-74.0100698,2019,2019,1,12,1,12,12,lifetime_aggregate,18,301.70968823332214,1
nyc,3341,Central Park West & W 102 St,20232,10638,9594,20232,40.795346,-73.96186,2019,2019,1,12,1,12,12,lifetime_aggregate,28,138.3946223803875,1
nyc,3341.06,Church Ave & E 45 St,2775,1308,1467,2775,40.65159,-73.93535,2023,2025,2,12,11,12,26,lifetime_aggregate,28,1009.009009009009,1
nyc,3342,Pioneer St & Richards St,6175,2809,3366,6175,40.6777748,-74.0094613,2019,2019,1,12,1,12,12,lifetime_aggregate,5,80.97165991902834,1
nyc,3343,W 107 St & Columbus Ave,17546,8825,8721,17546,40.7997568,-73.9621128676,2019,2019,1,12,1,12,12,lifetime_aggregate,23,131.08400775105437,1
nyc,3344,Pioneer St & Van Brunt St,16226,7836,8390,16226,40.679043,-74.011169,2019,2019,1,12,1,12,12,lifetime_aggregate,27,166.3996055713053,1
nyc,3344.02,Park Cir & East Dr,29163,14441,14722,29163,40.651566,-73.972212,2023,2023,1,10,1,10,10,lifetime_aggregate,63,216.02715769982512,1
nyc,3344.02,Park Circle & East Dr,53516,26545,26971,53516,40.651566,-73.972212,2023,2025,2,12,10,12,27,lifetime_aggregate,63,117.72180282532327,1
nyc,3345,Madison Ave & E 99 St,25604,12815,12789,25604,40.78948541553215,-73.95242929458618,2019,2019,1,12,1,12,12,lifetime_aggregate,56,218.71582565224185,1
nyc,3346,Berkeley Pl & 7 Ave,43698,21858,21840,43698,40.675146838709786,-73.97523209452629,2019,2019,1,12,1,12,12,lifetime_aggregate,48,109.84484415762735,1
nyc,3347,Van Brunt St & Wolcott St,16531,7820,8711,16531,40.6773429,-74.01275056,2019,2019,1,12,1,12,12,lifetime_aggregate,26,157.28026132720345,1
nyc,3347.03,41 St & 4 Ave,22027,10993,11034,22027,40.651354,-74.007168,2023,2025,2,12,1,12,36,lifetime_aggregate,80,363.1906296817542,1
nyc,3348,Coffey St & Conover St,12470,6099,6371,12470,40.677236,-74.015665,2019,2019,1,12,1,12,12,lifetime_aggregate,9,72.17321571772253,1
nyc,3349,Grand Army Plaza & Plaza St West,48153,25241,22912,48153,40.6729679,-73.97087984,2019,2019,1,12,1,12,12,lifetime_aggregate,34,70.60826947438373,1
nyc,335,Washington Pl & Broadway,87573,43385,44188,87573,40.729039130921706,-73.99404652585703,2019,2019,1,12,1,12,12,lifetime_aggregate,41,46.81808319915956,1
nyc,3350,W 100 St & Broadway,47666,24313,23353,47666,40.79737207561279,-73.97041195854241,2019,2019,1,12,1,12,12,lifetime_aggregate,68,142.65933789283767,1
nyc,3350.04,E 38 St & Church Ave,3135,1584,1551,3135,40.651059999999994,-73.94193,2023,2025,2,12,11,12,26,lifetime_aggregate,50,1594.8963317384369,1
nyc,3351,E 102 St & 1 Ave,40202,20010,20192,40202,40.7869946,-73.94164802,2019,2019,1,12,1,12,12,lifetime_aggregate,74,184.07044425650466,1
nyc,3352,Sigourney St & Columbia St,8050,3822,4228,8050,40.67267243410948,-74.0087952464819,2019,2019,1,12,1,12,12,lifetime_aggregate,14,173.91304347826087,1
nyc,3353.04,Greenwood Ave & E 4 St,19886,9835,10051,19886,40.650739,-73.977739,2023,2025,2,12,1,12,36,lifetime_aggregate,33,165.9458915820175,1
nyc,3354,3 St & Prospect Park West,35872,18895,16977,35872,40.668132,-73.97363831,2019,2019,1,12,1,12,12,lifetime_aggregate,19,52.96610169491525,1
nyc,3355,E 66 St & Madison Ave,22621,11319,11302,22621,40.76800889305947,-73.96845281124115,2019,2019,1,12,1,12,12,lifetime_aggregate,55,243.1369081826621,1
nyc,3356,Amsterdam Ave & W 66 St,37846,18936,18910,37846,40.7746671,-73.98470567,2019,2019,1,12,1,12,12,lifetime_aggregate,67,177.0332399725202,1
nyc,3356.05,44 St & 2 Ave,2884,1414,1470,2884,40.652502,-74.013587,2025,2025,1,12,1,12,12,lifetime_aggregate,24,832.1775312066574,1
nyc,3356.07,2 Ave & 44 St,2171,1060,1111,2171,40.65230357675891,-74.0134495536072,2023,2023,1,12,1,12,12,lifetime_aggregate,24,1105.4813450023032,1
nyc,3357,W 106 St & Amsterdam Ave,28453,14438,14015,28453,40.8008363,-73.9664492472,2019,2019,1,12,1,12,12,lifetime_aggregate,7,24.60197518715074,1
nyc,3358,Garfield Pl & 8 Ave,22007,11179,10828,22007,40.6711978,-73.97484126,2019,2019,1,12,1,12,12,lifetime_aggregate,21,95.42418321443178,1
nyc,3359,E 68 St & Madison Ave,19568,9789,9779,19568,40.7691572,-73.96703464,2019,2019,1,12,1,12,12,lifetime_aggregate,26,132.8699918233851,1
nyc,3359.01,Church Ave & Nostrand Ave,12993,6385,6608,12993,40.65074,-73.94986,2023,2025,2,12,7,12,30,lifetime_aggregate,92,708.0735780805048,1
nyc,3359.03,Linden Blvd & Nostrand Ave,14516,7214,7302,14516,40.65272,-73.94994,2023,2025,2,12,6,12,31,lifetime_aggregate,81,558.0049600440892,1
nyc,336,Sullivan St & Washington Sq,104312,51534,52778,104312,40.73047747,-73.99906065,2019,2019,1,12,1,12,12,lifetime_aggregate,50,47.93312370580566,1
nyc,3360,Amsterdam Ave & W 79 St,65177,32680,32497,65177,40.7829391,-73.9786517,2019,2019,1,12,1,12,12,lifetime_aggregate,69,105.86556607392178,1
nyc,3361,Carroll St & 6 Ave,25507,12728,12779,25507,40.6740886,-73.9787282,2019,2019,1,12,1,12,12,lifetime_aggregate,19,74.4893558630964,1
nyc,3362,Madison Ave & E 82 St,45523,22801,22722,45523,40.7781314,-73.96069399,2019,2019,1,12,1,12,12,lifetime_aggregate,19,41.73714386134482,1
nyc,3363,E 102 St & Park Ave,17779,8844,8935,17779,40.7904828,-73.95033068,2019,2019,1,12,1,12,12,lifetime_aggregate,58,326.22757185443504,1
nyc,3364,Carroll St & 5 Ave,30386,15084,15302,30386,40.6751622,-73.9814832,2019,2019,1,12,1,12,12,lifetime_aggregate,37,121.76660304087409,1
nyc,3365,3 St & 7 Ave,27237,13717,13520,27237,40.6703837,-73.97839676,2019,2019,1,12,1,12,12,lifetime_aggregate,27,99.12986011675294,1
nyc,3366,West End Ave & W 107 St,25363,13072,12291,25363,40.8021174,-73.9681805305,2019,2019,1,12,1,12,12,lifetime_aggregate,26,102.51153254741158,1
nyc,3367,5 Ave & E 103 St,50071,24915,25156,50071,40.792255184090486,-73.95249937622991,2019,2019,1,12,1,12,12,lifetime_aggregate,36,71.89790497493559,1
nyc,3368,5 Ave & 3 St,35677,17710,17967,35677,40.6728155,-73.98352355,2019,2019,1,12,1,12,12,lifetime_aggregate,33,92.49656641533761,1
nyc,3368.04,Caton Ave & Bedford Ave,37819,18897,18922,37819,40.65237,-73.95623,2023,2025,2,12,6,12,31,lifetime_aggregate,76,200.95719083000608,1
nyc,3369,E 82 St & East End Ave,28580,14283,14297,28580,40.7724607,-73.9468208,2019,2019,1,12,1,12,12,lifetime_aggregate,25,87.47375787263822,1
nyc,337,Old Slip & Front St,56137,26438,29699,56137,40.7037992,-74.00838676,2019,2019,1,12,1,12,12,lifetime_aggregate,58,103.31866683292658,1
nyc,3370,E 78 St & 2 Ave,26127,13028,13099,26127,40.7727966,-73.95577801,2019,2019,1,12,1,12,12,lifetime_aggregate,84,321.50648754162364,1
nyc,3371,4 Ave & 2 St,2690,1291,1399,2690,40.674613422475815,-73.98501142859459,2019,2019,1,4,1,4,4,lifetime_aggregate,38,1412.6394052044611,1
nyc,3372,E 74 St & 1 Ave,57587,28731,28856,57587,40.7689738,-73.95482273,2019,2019,1,12,1,12,12,lifetime_aggregate,64,111.13619393265841,1
nyc,3373,3 St & 3 Ave,26770,13191,13579,26770,40.6750705,-73.98775226,2019,2019,1,12,1,12,12,lifetime_aggregate,55,205.4538662682107,1
nyc,3373.01,E 51 St & Linden Blvd,3277,1587,1690,3277,40.65399,-73.92967,2025,2025,1,12,1,12,12,lifetime_aggregate,106,3234.665852914251,1
nyc,3374,Central Park North & Adam Clayton Powell Blvd,74715,36863,37852,74715,40.79948403568465,-73.95561302676349,2019,2019,1,12,1,12,12,lifetime_aggregate,50,66.92096633875393,1
nyc,3375,3 Ave & E 72 St,23369,11706,11663,23369,40.7699426,-73.96060712,2019,2019,1,12,1,12,12,lifetime_aggregate,51,218.23783644999787,1
nyc,3376,E 65 St & 2 Ave,36731,18473,18258,36731,40.76471851944339,-73.96222069859505,2019,2019,1,12,1,12,12,lifetime_aggregate,65,176.96223898069752,1
nyc,3376.02,Parade Pl & Crooke Ave,51301,25530,25771,51301,40.651847,-73.965248,2023,2025,2,12,1,12,36,lifetime_aggregate,14,27.289916375899107,1
nyc,3376.04,Parkside Ave & Parade Pl,27982,13832,14150,27982,40.6532,-73.96639,2023,2025,2,12,6,12,31,lifetime_aggregate,48,171.53884640125796,1
nyc,3377,Carroll St & Bond St,25635,12767,12868,25635,40.6786115,-73.99037292,2019,2019,1,12,1,12,12,lifetime_aggregate,20,78.01833430856252,1
nyc,3378,E 76 St & Park Ave,34549,17250,17299,34549,40.773763,-73.96222088,2019,2019,1,12,1,12,12,lifetime_aggregate,44,127.3553503719355,1
nyc,3379,E 103 St & Lexington Ave,25023,12389,12634,25023,40.7903051,-73.94755757,2019,2019,1,12,1,12,12,lifetime_aggregate,94,375.65439795388244,1
nyc,3379.03,5 Ave & 37 St,19824,9745,10079,19824,40.652657,-74.002356,2023,2025,2,12,1,12,36,lifetime_aggregate,37,186.64245359160614,1
nyc,3381,3 St & Hoyt St,13657,6797,6860,13657,40.6777287,-73.99364123,2019,2019,1,12,1,12,12,lifetime_aggregate,15,109.8337848722267,1
nyc,3382,Carroll St & Smith St,39116,19563,19553,39116,40.68061097191579,-73.99475826111188,2019,2019,1,12,1,12,12,lifetime_aggregate,21,53.686471009305656,1
nyc,3382.04,Troy Ave & Linden Blvd,4562,2229,2333,4562,40.6533,-73.93644,2023,2025,2,12,6,12,31,lifetime_aggregate,43,942.5690486628672,1
nyc,3383,Cathedral Pkwy & Broadway,36242,18947,17295,36242,40.804213,-73.96699104,2019,2019,1,12,1,12,12,lifetime_aggregate,77,212.46068097787096,1
nyc,3384,Smith St & 3 St,22769,11486,11283,22769,40.6787242,-73.99599099,2019,2019,1,12,1,12,12,lifetime_aggregate,27,118.5822829285432,1
nyc,3385.06,Prospect Park SW & Greenwood Ave,50497,25282,25215,50497,40.652563,-73.972573,2023,2025,2,12,1,12,36,lifetime_aggregate,12,23.76378794779888,1
nyc,3386,1 Pl & Clinton St,20264,10288,9976,20264,40.6809591,-73.99905709,2019,2019,1,12,1,12,12,lifetime_aggregate,20,98.69719699960521,1
nyc,3387,E 106 St & Madison Ave,17952,8933,9019,17952,40.7934337,-73.94945003,2019,2019,1,12,1,12,12,lifetime_aggregate,38,211.67557932263813,1
nyc,3388,President St & Henry St,19513,9692,9821,19513,40.6828003,-73.99990419,2019,2019,1,12,1,12,12,lifetime_aggregate,22,112.74534925434325,1
nyc,3388.02,41 St & 3 Ave,4864,2408,2456,4864,40.652512,-74.008906,2023,2025,2,12,1,12,36,lifetime_aggregate,62,1274.671052631579,1
nyc,3388.03,40 St & 3 Ave,2561,1193,1368,2561,40.6535,-74.00902,2025,2025,1,12,1,12,12,lifetime_aggregate,116,4529.480671612651,1
nyc,3389,Carroll St & Columbia St,22911,11417,11494,22911,40.6830456,-74.00348559,2019,2019,1,12,1,12,12,lifetime_aggregate,28,122.21203788573175,1
nyc,339,Avenue D & E 12 St,35546,18496,17050,35546,40.72580614,-73.97422494,2019,2019,1,12,1,12,12,lifetime_aggregate,4,11.25302425026726,1
nyc,3390,E 109 St & 3 Ave,18104,9013,9091,18104,40.79329668,-73.9432083,2019,2019,1,12,1,12,12,lifetime_aggregate,71,392.1785240830756,1
nyc,3391,E 106 St & 1 Ave,14578,7242,7336,14578,40.7892529,-73.93956237,2019,2019,1,12,1,12,12,lifetime_aggregate,80,548.7721223761833,1
nyc,3391.1,E 34 St & Linden Blvd,926,179,747,926,40.65302,-73.94599,2023,2025,2,12,7,10,28,lifetime_aggregate,63,6803.455723542116,1
nyc,3391.10,E 34 St & Linden Blvd,4281,2363,1918,4281,40.65302,-73.94599,2023,2025,2,12,7,12,30,lifetime_aggregate,63,1471.6187806587245,1
nyc,3392,Commerce St & Van Brunt St,8059,3810,4249,8059,40.6812117,-74.00860912,2019,2019,1,12,1,12,12,lifetime_aggregate,16,198.53579848616454,1
nyc,3393,Richards St & Delavan St,6256,2984,3272,6256,40.6794327,-74.00785041,2019,2019,1,12,1,12,12,lifetime_aggregate,17,271.7391304347826,1
nyc,3394,Columbia St & W 9 St,6363,3082,3281,6363,40.6769993,-74.00647134,2019,2019,1,12,1,12,12,lifetime_aggregate,32,502.9074336005029,1
nyc,3394.03,McDonald Ave & Vanderbilt St,13324,6633,6691,13324,40.651654,-73.981231,2023,2025,2,12,1,12,36,lifetime_aggregate,9,67.54728309816872,1
nyc,3395,Henry St & W 9 St,4713,2361,2352,4713,40.6763744,-74.00324957,2019,2019,1,12,1,12,12,lifetime_aggregate,22,466.7939741141523,1
nyc,3396,Clinton St & 4 Place,19709,9831,9878,19709,40.6783563,-74.00014502,2019,2019,1,12,1,12,12,lifetime_aggregate,17,86.25501040133949,1
nyc,3397,Court St & Nelson St,17436,8672,8764,17436,40.6763947,-73.99869893,2019,2019,1,12,1,12,12,lifetime_aggregate,40,229.41041523285156,1
nyc,3398,Smith St & 9 St,27810,13932,13878,27810,40.6746957,-73.99785768,2019,2019,1,12,1,12,12,lifetime_aggregate,30,107.87486515641855,1
nyc,3399,7 St & 3 Ave,13371,6596,6775,13371,40.67260298150126,-73.98983001708984,2019,2019,1,12,1,12,12,lifetime_aggregate,50,373.943609303717,1
nyc,340,Madison St & Clinton St,46714,23377,23337,46714,40.71269042,-73.98776323,2019,2019,1,12,1,12,12,lifetime_aggregate,28,59.939204521128566,1
nyc,3400,E 110 St & Madison Ave,33920,16905,17015,33920,40.7961535,-73.94782145,2019,2019,1,12,1,12,12,lifetime_aggregate,51,150.35377358490567,1
nyc,3400.04,Rogers Ave & Lenox Rd,19619,9799,9820,19619,40.65378041132865,-73.95272595831584,2023,2025,2,12,6,12,31,lifetime_aggregate,38,193.68979050920026,1
nyc,3401,2 Ave & 9 St,2677,1331,1346,2677,40.6724811,-73.99331394,2019,2019,1,5,1,5,5,lifetime_aggregate,30,1120.6574523720583,1
nyc,3402,Court St & State St,54906,27340,27566,54906,40.6902375,-73.99203074,2019,2019,1,12,1,12,12,lifetime_aggregate,107,194.87851965176847,1
nyc,3403,4 Ave & 9 St,20132,9917,10215,20132,40.6705135,-73.98876585,2019,2019,1,12,1,12,12,lifetime_aggregate,62,307.96741506060005,1
nyc,3404,7 St & 5 Ave,16058,7986,8072,16058,40.6704922,-73.98541675,2019,2019,1,12,1,12,12,lifetime_aggregate,46,286.46157678415744,1
nyc,3405,5 St & 6 Ave,13001,6526,6475,13001,40.6704836,-73.98208968,2019,2019,1,12,1,12,12,lifetime_aggregate,20,153.83432043688947,1
nyc,3407,Union St & Nevins St,19617,9668,9949,19617,40.67909799721684,-73.98765474557877,2019,2019,1,12,1,12,12,lifetime_aggregate,15,76.4642911760208,1
nyc,3408,Congress St & Clinton St,34092,16914,17178,34092,40.6881529,-73.99520919,2019,2019,1,12,1,12,12,lifetime_aggregate,25,73.3309867417576,1
nyc,3408.05,Ocean Ave & Crooke Ave,22975,11392,11583,22975,40.65326,-73.96172,2023,2025,2,12,7,12,30,lifetime_aggregate,79,343.8520130576714,1
nyc,3409,Bergen St & Smith St,73270,36011,37259,73270,40.6867443,-73.99063168,2019,2019,1,12,1,12,12,lifetime_aggregate,68,92.80742459396751,1
nyc,341,Stanton St & Mangin St,38953,19435,19518,38953,40.71782143,-73.97628939,2019,2019,1,12,1,12,12,lifetime_aggregate,6,15.403178189099682,1
nyc,3410,Dean St & Hoyt St,19874,9739,10135,19874,40.6864442,-73.98759104,2019,2019,1,12,1,12,12,lifetime_aggregate,44,221.39478715910232,1
nyc,3411,Bond St & Bergen St,24981,12439,12542,24981,40.6849668,-73.98620772,2019,2019,1,12,1,12,12,lifetime_aggregate,23,92.06997317961651,1
nyc,3412,Pacific St & Nevins St,22379,11176,11203,22379,40.6853761,-73.98302136,2019,2019,1,12,1,12,12,lifetime_aggregate,104,464.7213905893919,1
nyc,3413,Wyckoff St & 3 Ave,20745,10336,10409,20745,40.6827549,-73.98258555,2019,2019,1,12,1,12,12,lifetime_aggregate,51,245.84237165582067,1
nyc,3414,Bergen St & Flatbush Ave,31650,15741,15909,31650,40.680944723477296,-73.97567331790923,2019,2019,1,12,1,12,12,lifetime_aggregate,108,341.23222748815164,1
nyc,3415,Prospect Pl & 6 Ave,19672,9812,9860,19672,40.6793307,-73.97519523,2019,2019,1,12,1,12,12,lifetime_aggregate,70,355.83570557137045,1
nyc,3416,7 Ave & Park Pl,41328,20732,20596,41328,40.6776147,-73.97324283,2019,2019,1,11,2,12,11,lifetime_aggregate,101,244.38637243515294,1
nyc,3417,Baltic St & 5 Ave,30379,15038,15341,30379,40.6795766,-73.97854971,2019,2019,1,12,1,12,12,lifetime_aggregate,34,111.91941801902631,1
nyc,3418,Plaza St West & Flatbush Ave,37077,20467,16610,37077,40.6750207,-73.97111473,2019,2019,1,12,1,12,12,lifetime_aggregate,146,393.7751166491356,1
nyc,3419,Douglass St & 4 Ave,23935,11806,12129,23935,40.6792788,-73.98154004,2019,2019,1,12,1,12,12,lifetime_aggregate,38,158.76331731773553,1
nyc,342,Columbia St & Rivington St,46193,23175,23018,46193,40.71739973,-73.98016555,2019,2019,1,12,1,12,12,lifetime_aggregate,14,30.307622367025306,1
nyc,3420,Douglass St & 3 Ave,31654,15668,15986,31654,40.6802133,-73.98432695,2019,2019,1,12,1,12,12,lifetime_aggregate,30,94.77475200606558,1
nyc,3420.01,36 St & 4 Ave,48507,24080,24427,48507,40.654144,-74.00422,2023,2025,2,12,1,12,36,lifetime_aggregate,59,121.63192941224979,1
nyc,3422,Columbia St & Degraw St,22718,11253,11465,22718,40.6859296,-74.00242364,2019,2019,1,12,1,12,12,lifetime_aggregate,36,158.4646535786601,1
nyc,3423,West Drive & Prospect Park West,64540,32256,32284,64540,40.6610633719006,-73.97945255041122,2019,2019,1,12,1,12,12,lifetime_aggregate,29,44.93337465137899,1
nyc,3423.1,Clarkson Ave & E 40 St,673,36,637,673,40.65592,-73.94068,2025,2025,1,9,1,9,9,lifetime_aggregate,63,9361.06983655275,1
nyc,3423.10,Clarkson Ave & E 40 St,4462,2373,2089,4462,40.65592,-73.94068,2025,2025,1,12,1,12,12,lifetime_aggregate,63,1411.922904527118,1
nyc,3424,E 106 St & Lexington Ave,15684,7692,7992,15684,40.791976,-73.945993,2019,2019,1,12,1,12,12,lifetime_aggregate,73,465.44248916092835,1
nyc,3425,2 Ave & E 104 St,26227,13063,13164,26227,40.7892105,-73.94370784,2019,2019,1,12,1,12,12,lifetime_aggregate,49,186.83036565371563,1
nyc,3426.02,Prospect Ave & Vanderbilt St,20945,10409,10536,20945,40.653368,-73.976291,2023,2025,2,12,1,12,36,lifetime_aggregate,7,33.420864168059204,1
nyc,3427,Lafayette St & Jersey St,69695,34756,34939,69695,40.72430527250332,-73.99600982666016,2019,2019,1,7,1,7,7,lifetime_aggregate,44,63.132218954013915,1
nyc,3427,Lafayette St & Jersey St S,10244,5192,5052,10244,40.72430527250332,-73.99600982666016,2019,2019,1,1,8,8,1,lifetime_aggregate,44,429.5197188598204,1
nyc,3428.02,42 St & 1 Ave,3020,1490,1530,3020,40.654798,-74.014372,2025,2025,1,12,1,12,12,lifetime_aggregate,7,231.7880794701987,1
nyc,3428.04,2 Ave & 43 St,2544,1237,1307,2544,40.652928282817754,-74.01286483444377,2023,2023,1,12,1,12,12,lifetime_aggregate,21,825.4716981132075,1
nyc,3429,Hanson Pl & Ashland Pl,83023,41397,41626,83023,40.68506807308177,-73.97790759801863,2019,2019,1,12,1,12,12,lifetime_aggregate,200,240.89710080339182,1
nyc,343,Clinton Ave & Flushing Ave,18309,8605,9704,18309,40.69794,-73.96986848,2019,2019,1,12,1,12,12,lifetime_aggregate,43,234.85717406739855,1
nyc,3430,Richardson St & N Henry St,28104,14191,13913,28104,40.71907891179564,-73.94223690032959,2019,2019,1,12,1,12,12,lifetime_aggregate,10,35.58212354113294,1
nyc,3431,E 35 St & 3 Ave,5394,2704,2690,5394,40.746524,-73.977885,2019,2019,1,2,1,2,2,lifetime_aggregate,152,2817.945865776789,1
nyc,3431.02,New York Ave & Lenox Rd,21018,10499,10519,21018,40.65458,-73.94716,2023,2025,2,12,7,12,30,lifetime_aggregate,40,190.3130649919117,1
nyc,3432,NYCBS Depot - GOW,1345,215,1130,1345,40.66906013501107,-73.99463653564453,2019,2019,1,6,1,6,6,lifetime_aggregate,11,817.8438661710037,1
nyc,3434,W 88 St & West End Ave,20022,10208,9814,20022,40.79025417330419,-73.97718340158461,2019,2019,1,8,1,8,8,lifetime_aggregate,27,134.85166317051244,1
nyc,3435,Grand St & Elizabeth St,163864,81812,82052,163864,40.718822,-73.99596,2019,2019,1,12,1,12,12,lifetime_aggregate,72,43.938876141190256,1
nyc,3437,Riverside Dr & W 91 St,27641,14155,13486,27641,40.79313480986663,-73.97700369358063,2019,2019,1,12,1,12,12,lifetime_aggregate,8,28.942512933685464,1
nyc,3439.03,Bedford Ave & Clarkson Ave,38800,19322,19478,38800,40.65519,-73.9564,2023,2025,2,12,2,12,35,lifetime_aggregate,70,180.41237113402062,1
nyc,344,Monroe St & Bedford Ave,26364,13451,12913,26364,40.6851443,-73.95380904,2019,2019,1,12,1,12,12,lifetime_aggregate,73,276.8927325140343,1
nyc,3440,Fulton St & Adams St,63452,32118,31334,63452,40.69241829257847,-73.98949474096298,2019,2019,1,12,1,12,12,lifetime_aggregate,56,88.25568933997351,1
nyc,3441,10 Hudson Yards,8281,4131,4150,8281,40.752957,-74.00264,2019,2019,1,12,1,12,12,lifetime_aggregate,22,265.6683975365294,1
nyc,3443,W 52 St & 6 Ave,121034,58167,62867,121034,40.76132983124814,-73.97982001304626,2019,2019,1,12,1,12,12,lifetime_aggregate,113,93.3621957466497,1
nyc,3448.02,Parkside Ave & Ocean Ave,90728,45168,45560,90728,40.65485,-73.96217,2023,2025,2,12,6,12,31,lifetime_aggregate,126,138.87664227140462,1
nyc,3449,Eckford St & Engert Ave,12136,6068,6068,12136,40.72146256229816,-73.94800901412964,2019,2019,1,11,1,11,11,lifetime_aggregate,18,148.31905075807515,1
nyc,3451.01,34 St & 5 Ave,9060,4456,4604,9060,40.654098,-74.001131,2023,2025,2,12,1,12,36,lifetime_aggregate,15,165.56291390728478,1
nyc,3452,Bayard St & Leonard St,23474,11767,11707,23474,40.71915571696044,-73.94885390996933,2019,2019,1,12,1,12,12,lifetime_aggregate,19,80.94061514867514,1
nyc,3453,Devoe St & Lorimer St,33028,16476,16552,33028,40.71335226222875,-73.9491033554077,2019,2019,1,12,1,12,12,lifetime_aggregate,49,148.35896814823786,1
nyc,3454,Leonard St & Maujer St,21144,10691,10453,21144,40.7103685423523,-73.94705951213837,2019,2019,1,12,1,12,12,lifetime_aggregate,16,75.67158531971245,1
nyc,3454.01,Clarkson Ave & Troy Ave,5367,2633,2734,5367,40.65632593001374,-73.93647934687726,2023,2025,2,12,6,12,31,lifetime_aggregate,19,354.01527855412706,1
nyc,3456,Jackson St & Leonard St,8374,4222,4152,8374,40.71638031973561,-73.94821286201477,2019,2019,1,12,1,12,12,lifetime_aggregate,26,310.4848340100311,1
nyc,3457,E 58 St & Madison Ave,38244,19124,19120,38244,40.76302594280519,-73.97209525108337,2019,2019,1,10,1,12,12,lifetime_aggregate,112,292.8563957745006,1
nyc,3457.03,Prospect Park SW & Vanderbilt St,50912,25379,25533,50912,40.65482,-73.973217,2023,2025,2,12,1,12,36,lifetime_aggregate,12,23.570081709616595,1
nyc,3458,W 55 St & 6 Ave,26342,13152,13190,26342,40.76309387270797,-73.9783501625061,2019,2019,1,5,1,5,5,lifetime_aggregate,100,379.6218965909954,1
nyc,3459,E 53 St & 3 Ave,87250,43347,43903,87250,40.75763227739443,-73.96930575370789,2019,2019,1,11,1,11,11,lifetime_aggregate,105,120.34383954154727,1
nyc,346,Bank St & Hudson St,81842,40922,40920,81842,40.736528910904774,-74.00618029637468,2019,2019,1,12,1,12,12,lifetime_aggregate,34,41.54346179223381,1
nyc,3460.01,2 Ave & 36 St,36417,17231,19186,36417,40.65708876291131,-74.00870202715981,2020,2025,3,12,1,12,72,lifetime_aggregate,18,49.427465194826596,1
nyc,3460.01,2 Ave & 36 St - Citi Bike HQ at Industry City,11,6,5,11,40.65708866668485,-74.00870203971863,2020,2020,1,1,1,1,1,lifetime_aggregate,18,163636.36363636365,1
nyc,3460.02,36 St & 3 Ave,35768,17732,18036,35768,40.655716,-74.006664,2023,2025,2,12,1,12,36,lifetime_aggregate,148,413.77767837172894,1
nyc,3460.04,2 Av & 37 St,1459,638,821,1459,40.656326,-74.009627,2023,2023,1,10,1,10,10,lifetime_aggregate,16,1096.6415352981494,1
nyc,3460.04,2 Ave & 37 St,328,145,183,328,40.656326,-74.009627,2023,2023,1,2,10,11,2,lifetime_aggregate,16,4878.048780487805,1
nyc,3460.05,2 Ave & 39 St,4646,2199,2447,4646,40.65572216754553,-74.0100082748101,2023,2023,1,12,1,12,12,lifetime_aggregate,53,1140.7662505380972,1
nyc,3460.06,2 Ave & 37 St,2577,1165,1412,2577,40.65624,-74.00933,2025,2025,1,8,1,8,8,lifetime_aggregate,37,1435.778036476523,1
nyc,3461,Murray St & Greenwich St,86047,41803,44244,86047,40.71485150526252,-74.01122331619263,2019,2019,1,12,1,12,12,lifetime_aggregate,30,34.86466698432252,1
nyc,3462,E 44 St & 2 Ave,3930,1970,1960,3930,40.75118387463277,-73.97138714790344,2019,2019,1,2,1,2,2,lifetime_aggregate,103,2620.865139949109,1
nyc,3463,E 16 St & Irving Pl,85876,42807,43069,85876,40.735367055605394,-73.98797392845154,2019,2019,1,12,1,12,12,lifetime_aggregate,38,44.249848618938934,1
nyc,3463.01,Clarkson Ave & E 37 St,15514,7691,7823,15514,40.65577,-73.9432,2023,2025,2,12,6,12,31,lifetime_aggregate,29,186.9279360577543,1
nyc,3466,W 45 St & 6 Ave,5097,2533,2564,5097,40.75668720603179,-73.98257732391357,2019,2019,1,2,2,3,2,lifetime_aggregate,108,2118.893466745144,1
nyc,3466,W 45 St & 6 Ave -,6369,3166,3203,6369,40.75668720603179,-73.98257732391357,2019,2019,1,1,4,4,1,lifetime_aggregate,108,1695.7136128120585,1
nyc,3467,W Broadway & Spring St,22935,10243,12692,22935,40.72494672359416,-74.00165855884552,2019,2019,1,3,10,12,3,lifetime_aggregate,39,170.0457815565729,1
nyc,3467,W Broadway & Spring Street,84627,40046,44581,84627,40.72494672359416,-74.00165855884552,2019,2019,1,9,1,9,9,lifetime_aggregate,39,46.08458293452444,1
nyc,3469,India St & West St,23881,11856,12025,23881,40.73181401720966,-73.95995020866394,2019,2019,1,12,1,12,12,lifetime_aggregate,13,54.43658138268917,1
nyc,347,Greenwich St & W Houston St,121059,59378,61681,121059,40.728846,-74.008591,2019,2019,1,12,1,12,12,lifetime_aggregate,38,31.38965297912588,1
nyc,3472,W 15 St & 10 Ave,89733,43891,45842,89733,40.74275382865903,-74.00747358798981,2019,2019,1,12,1,12,12,lifetime_aggregate,59,65.75061571551157,1
nyc,3472.03,Clarkson Ave & Nostrand Ave,25553,12683,12870,25553,40.65550224542915,-73.94975152120034,2023,2025,2,12,4,12,33,lifetime_aggregate,63,246.54639376981177,1
nyc,3474,6 Ave & Spring St,10617,5287,5330,10617,40.7252556952547,-74.00412082672119,2019,2019,1,3,1,3,3,lifetime_aggregate,40,376.7542620325892,1
nyc,3477,39 St & 2 Ave - Citi Bike HQ at Industry City,6025,2843,3182,6025,40.65539977447831,-74.01062786579132,2019,2019,1,12,1,12,12,lifetime_aggregate,48,796.6804979253112,1
nyc,3478,2 Ave & 36 St - Citi Bike HQ at Industry City,11704,5349,6355,11704,40.65708866668485,-74.00870203971863,2019,2019,1,12,1,12,12,lifetime_aggregate,18,153.79357484620644,1
nyc,3479,Picnic Point,17007,8544,8463,17007,40.68512559515415,-74.02535319328308,2019,2019,1,6,5,10,6,lifetime_aggregate,0,0.0,1
nyc,3480.04,Parkside Ave & Flatbush Ave,43877,21916,21961,43877,40.65563,-73.95968,2023,2025,2,12,2,12,35,lifetime_aggregate,126,287.16639697335734,1
nyc,3486,Schermerhorn St & Bond St,50697,25249,25448,50697,40.688417427540834,-73.98451656103134,2019,2019,1,12,1,12,12,lifetime_aggregate,84,165.69027753121486,1
nyc,3486.02,Clarkson Ave & Utica Ave,8796,4351,4445,8796,40.65666,-73.93109,2023,2025,2,12,2,12,35,lifetime_aggregate,100,1136.8804001819008,1
nyc,3489,Gold St & Frankfort St,1115,559,556,1115,40.71069994631387,-74.00354146957397,2019,2019,1,1,1,1,1,lifetime_aggregate,26,2331.8385650224213,1
nyc,349,Rivington St & Ridge St,63399,32649,30750,63399,40.71850211,-73.98329859,2019,2019,1,12,1,12,12,lifetime_aggregate,40,63.092477799334375,1
nyc,3490,E 116 St & 2 Ave,10861,5357,5504,10861,40.796879,-73.937261,2019,2019,1,12,1,12,12,lifetime_aggregate,103,948.3472976705643,1
nyc,3491,E 118 St & 1 Ave,16850,8393,8457,16850,40.79747,-73.93504,2019,2019,1,12,1,12,12,lifetime_aggregate,70,415.4302670623145,1
nyc,3492,E 118 St & Park Ave,8602,4261,4341,8602,40.8005385,-73.9419949,2019,2019,1,12,1,12,12,lifetime_aggregate,83,964.891885607998,1
nyc,3492.04,34 St & 4 Ave,16154,7916,8238,16154,40.655278,-74.003101,2023,2025,2,12,1,7,31,lifetime_aggregate,58,359.0441995790516,1
nyc,3493,E 118 St & 3 Ave,16601,8255,8346,16601,40.799139,-73.9389152,2019,2019,1,12,1,12,12,lifetime_aggregate,93,560.2072164327451,1
nyc,3494,E 115 St & Lexington Ave,18890,9376,9514,18890,40.797911,-73.9423,2019,2019,1,12,1,12,12,lifetime_aggregate,88,465.85494970884065,1
nyc,3495,E 114 St & 1 Ave,14045,6957,7088,14045,40.7945663,-73.9362541,2019,2019,1,12,1,12,12,lifetime_aggregate,43,306.15877536489853,1
nyc,3495.08,Lenox Rd & E 43 St,5246,2546,2700,5246,40.65496,-73.93765,2023,2025,2,12,6,12,31,lifetime_aggregate,29,552.8021349599695,1
nyc,3496,1 Ave & E 110 St,27508,13667,13841,27508,40.7923272,-73.9383,2019,2019,1,12,1,12,12,lifetime_aggregate,77,279.9185691435219,1
nyc,3497,Pleasant Ave & E 116 St,34221,17044,17177,34221,40.7949879,-73.9333349,2019,2019,1,12,1,12,12,lifetime_aggregate,73,213.3193068583618,1
nyc,3498,Pleasant Ave & E 120 St,13137,6543,6594,13137,40.7974772,-73.9311847,2019,2019,1,12,1,12,12,lifetime_aggregate,19,144.6296719190074,1
nyc,3498.09,Prospect Park SW & 16 St,56083,27986,28097,56083,40.657265,-73.974165,2023,2025,2,12,1,12,36,lifetime_aggregate,10,17.830715189986268,1
nyc,3499,2 Ave & E 122 St,10659,5282,5377,10659,40.8006721,-73.9349,2019,2019,1,12,1,12,12,lifetime_aggregate,58,544.1411014166432,1
nyc,350,Clinton St & Grand St,111795,55693,56102,111795,40.71559509,-73.9870295,2019,2019,1,12,1,12,12,lifetime_aggregate,59,52.775168835815556,1
nyc,3500,E 115 St & Madison Ave,12707,6281,6426,12707,40.7989445,-73.944846,2019,2019,1,12,1,12,12,lifetime_aggregate,52,409.2232627685528,1
nyc,3501,E 118 St & Madison Ave,14542,7243,7299,14542,40.8014866,-73.9442507,2019,2019,1,12,1,12,12,lifetime_aggregate,46,316.3251272177142,1
nyc,3501.01,39 St & 2 Ave,16483,8035,8448,16483,40.65539990543221,-74.01062793558297,2020,2025,2,12,1,12,72,lifetime_aggregate,48,291.2091245525693,1
nyc,3501.01,39 St & 2 Ave - Citi Bike HQ at Industry City,4,4,0,4,40.65539977447831,-74.01062786579132,2020,2020,1,1,1,1,1,lifetime_aggregate,48,1200000.0,1
nyc,3502,Lexington Ave & E 111 St,22483,11116,11367,22483,40.7954121,-73.9441232,2019,2019,1,12,1,12,12,lifetime_aggregate,102,453.67611083930086,1
nyc,3503,Madison Ave & E 120 St,10422,5141,5281,10422,40.80295,-73.942954,2019,2019,1,12,1,12,12,lifetime_aggregate,21,201.49683362118594,1
nyc,3504,E 123 St & Lexington Ave,14335,7132,7203,14335,40.8029263,-73.9379,2019,2019,1,12,1,12,12,lifetime_aggregate,80,558.0746424834322,1
nyc,3504.02,New York Ave & Hawthorne St,12465,6187,6278,12465,40.65794,-73.94735,2023,2025,2,12,2,9,32,lifetime_aggregate,33,264.7412755716005,1
nyc,3505,Lexington Ave & E 127 St,10112,4991,5121,10112,40.805726,-73.936322,2019,2019,1,12,1,12,12,lifetime_aggregate,65,642.8006329113924,1
nyc,3506,Lexington Ave & E 120 St,10567,5268,5299,10567,40.8013066,-73.9398167,2019,2019,1,12,1,12,12,lifetime_aggregate,49,463.70776947099455,1
nyc,3507,Park Ave & E 124 St,57947,28916,29031,57947,40.8045555,-73.9396861,2019,2019,1,12,1,12,12,lifetime_aggregate,90,155.31433896491623,1
nyc,3507.04,Prospect Park W & 20 St,25320,13163,12157,25320,40.656633,-73.983864,2023,2025,2,12,1,11,35,lifetime_aggregate,15,59.241706161137444,1
nyc,3508,St Nicholas Ave & Manhattan Ave,35271,17550,17721,35271,40.809725,-73.953149,2019,2019,1,12,1,12,12,lifetime_aggregate,63,178.6169941311559,1
nyc,3509,Lenox Ave & W 115 St,20049,9682,10367,20049,40.8011939,-73.9500739,2019,2019,1,12,1,12,12,lifetime_aggregate,105,523.7168936106539,1
nyc,351,Front St & Maiden Ln,60922,29209,31713,60922,40.70530954,-74.00612572,2019,2019,1,12,1,12,12,lifetime_aggregate,44,72.22349890023308,1
nyc,3510,Adam Clayton Powell Blvd & W 123 St,18174,9069,9105,18174,40.8078316,-73.949373,2019,2019,1,12,1,12,12,lifetime_aggregate,73,401.6727192692858,1
nyc,3511,Adam Clayton Powell Blvd & W 115 St,10027,4971,5056,10027,40.802535,-73.9532423,2019,2019,1,10,1,12,12,lifetime_aggregate,91,907.5496160367009,1
nyc,3512,27 Ave & 4 St,2332,1165,1167,2332,40.7747175,-73.9337894,2019,2019,1,8,1,8,8,lifetime_aggregate,19,814.7512864493997,1
nyc,3512.03,Winthrop St & Rogers Ave,22593,11277,11316,22593,40.65686,-73.95331,2023,2025,2,12,2,12,35,lifetime_aggregate,73,323.10892754392955,1
nyc,3513,21 St & Hoyt Ave S,7756,3875,3881,7756,40.774645,-73.923706,2019,2019,1,12,1,12,12,lifetime_aggregate,72,928.313563692625,1
nyc,3514,Astoria Park S & Shore Blvd,12276,6137,6139,12276,40.7767,-73.927631,2019,2019,1,12,1,12,12,lifetime_aggregate,12,97.75171065493646,1
nyc,3515,24 Ave & 26 St,11016,5496,5520,11016,40.774591,-73.918544,2019,2019,1,12,1,12,12,lifetime_aggregate,31,281.4088598402324,1
nyc,3515.01,7 Ave & 22 St,22515,11399,11116,22515,40.658029,-73.989605,2023,2025,2,12,1,12,36,lifetime_aggregate,12,53.29780146568954,1
nyc,3516,31 St & Astoria Blvd,13549,6810,6739,13549,40.7699176,-73.9184057,2019,2019,1,12,1,12,12,lifetime_aggregate,134,989.0028784412135,1
nyc,3517,31 St & Hoyt Ave N,7168,3601,3567,7168,40.7711528,-73.9170074,2019,2019,1,12,1,12,12,lifetime_aggregate,200,2790.1785714285716,1
nyc,3518,Lenox Ave & W 126 St,32784,16138,16646,32784,40.808442,-73.9452087,2019,2019,1,12,1,12,12,lifetime_aggregate,191,582.6012689116642,1
nyc,3520,Adam Clayton Powell Blvd & W 118 St,14667,7226,7441,14667,40.804372,-73.951475,2019,2019,1,12,1,12,12,lifetime_aggregate,47,320.4472625622145,1
nyc,3520.01,Flatbush Ave & Fenimore St,31212,15575,15637,31212,40.65798,-73.96051,2023,2025,2,12,2,12,35,lifetime_aggregate,53,169.80648468537743,1
nyc,3521,Lenox Ave & W 111 St,63618,31436,32182,63618,40.7987859,-73.9523,2019,2019,1,12,1,12,12,lifetime_aggregate,69,108.45986984815619,1
nyc,3522,37 St & 24 Ave,7244,3621,3623,7244,40.7701477,-73.9120938,2019,2019,1,12,1,12,12,lifetime_aggregate,97,1339.039204859194,1
nyc,3523,24 Ave & 29 St,9224,4618,4606,9224,40.7729,-73.916142,2019,2019,1,12,1,12,12,lifetime_aggregate,29,314.39722463139634,1
nyc,3523.06,29 St & 5 Ave,16063,7976,8087,16063,40.656986,-73.998194,2023,2025,2,12,1,12,36,lifetime_aggregate,23,143.1862043204881,1
nyc,3524,19 St & 24 Ave,12829,6399,6430,12829,40.7774552,-73.9225403,2019,2019,1,12,1,12,12,lifetime_aggregate,12,93.53807779250137,1
nyc,3525,23 Ave & 27 St,6318,3148,3170,6318,40.776165,-73.9153175,2019,2019,1,12,1,12,12,lifetime_aggregate,20,316.5558721114277,1
nyc,3526,31 St & 23 Ave,35962,17989,17973,35962,40.7747878,-73.9125551,2019,2019,1,12,1,12,12,lifetime_aggregate,35,97.32495411823592,1
nyc,3526.04,Winthrop St & Schenectady Ave,3493,1686,1807,3493,40.6582,-73.9338,2023,2025,2,12,8,12,29,lifetime_aggregate,43,1231.0334955625535,1
nyc,3526.06,Winthrop St & Schenectady Ave,524,259,265,524,40.65808,-73.93415,2023,2023,1,6,2,7,6,lifetime_aggregate,42,8015.267175572519,1
nyc,3527,5 Ave & E 126 St,12856,6396,6460,12856,40.80698,-73.941747,2019,2019,1,12,1,12,12,lifetime_aggregate,113,878.9670192906036,1
nyc,3528,Steinway St & 23 Ave,10072,5031,5041,10072,40.7713937,-73.9077436,2019,2019,1,12,1,12,12,lifetime_aggregate,20,198.57029388403495,1
nyc,3529,Lenox Ave & W 130 St,29839,14860,14979,29839,40.8107922,-73.9430681,2019,2019,1,12,1,12,12,lifetime_aggregate,125,418.9148429907168,1
nyc,353,S Portland Ave & Hanson Pl,25877,12896,12981,25877,40.68539567,-73.97431458,2019,2019,1,12,1,12,12,lifetime_aggregate,68,262.7816207442903,1
nyc,3530,Crescent St & Ditmars Blvd,7920,3956,3964,7920,40.7787185,-73.9145645,2019,2019,1,12,1,12,12,lifetime_aggregate,15,189.3939393939394,1
nyc,3531,Frederick Douglass Blvd & W 129 St,13864,6904,6960,13864,40.8125511,-73.9492286,2019,2019,1,12,1,12,12,lifetime_aggregate,72,519.33064050779,1
nyc,3532,Ditmars Blvd & 19 St,14226,7114,7112,14226,40.78145,-73.9183302,2019,2019,1,12,1,12,12,lifetime_aggregate,11,77.32321102207226,1
nyc,3532.02,2 Ave & 32 St,7511,3650,3861,7511,40.659176,-74.006584,2023,2025,2,12,1,12,36,lifetime_aggregate,2,26.627612834509385,1
nyc,3533,St. Nicholas Ave & W 126 St,25582,12699,12883,25582,40.8114323,-73.9518776,2019,2019,1,12,1,12,12,lifetime_aggregate,110,429.9898366038621,1
nyc,3534,Frederick Douglass Blvd & W 117 St,39525,19547,19978,39525,40.805159,-73.954692,2019,2019,1,12,1,12,12,lifetime_aggregate,57,144.2125237191651,1
nyc,3535,Mt Morris Park W & W 120 St,18774,9366,9408,18774,40.804038,-73.945925,2019,2019,1,12,1,12,12,lifetime_aggregate,12,63.91818472355385,1
nyc,3535.02,Albany Ave & Winthrop St,1830,937,893,1830,40.65791,-73.93967,2023,2023,1,6,2,7,6,lifetime_aggregate,92,5027.3224043715845,1
nyc,3535.03,Winthrop St & Albany Ave,7710,3799,3911,7710,40.6577,-73.9398,2023,2025,2,12,8,12,29,lifetime_aggregate,91,1180.2853437094682,1
nyc,3536,W 116 St & Broadway,22775,12240,10535,22775,40.8082,-73.9641,2019,2019,1,12,1,12,12,lifetime_aggregate,28,122.94182217343578,1
nyc,3537,Carlton Ave & Dean St,27093,13632,13461,27093,40.6809741,-73.9710097,2019,2019,1,12,1,12,12,lifetime_aggregate,31,114.42069907356145,1
nyc,3538,W 110 St & Amsterdam Ave,30014,16572,13442,30014,40.802692,-73.96295,2019,2019,1,12,1,12,12,lifetime_aggregate,31,103.28513360431798,1
nyc,3538.09,11 Ave & Prospect Ave,55494,27668,27826,55494,40.65629,-73.977335,2023,2025,2,12,1,12,36,lifetime_aggregate,13,23.425955959202795,1
nyc,3539,W 116 St & Amsterdam Ave,23815,12915,10900,23815,40.8067581,-73.9607082,2019,2019,1,12,1,12,12,lifetime_aggregate,21,88.17971866470712,1
nyc,354,Emerson Pl & Myrtle Ave,31267,15544,15723,31267,40.69363137,-73.96223558,2019,2019,1,12,1,12,12,lifetime_aggregate,28,89.55128410144881,1
nyc,3540,Morningside Ave & W 123 St,15820,7789,8031,15820,40.81,-73.9551508,2019,2019,1,12,1,12,12,lifetime_aggregate,35,221.23893805309734,1
nyc,3541,Amsterdam Ave & W 125 St,15702,7725,7977,15702,40.813358,-73.956461,2019,2019,1,12,1,12,12,lifetime_aggregate,147,936.1864730607567,1
nyc,3542,Amsterdam Ave & W 119 St,16118,8245,7873,16118,40.8086249,-73.9596214,2019,2019,1,12,1,12,12,lifetime_aggregate,35,217.14852959424246,1
nyc,3543,Morningside Dr & Amsterdam Ave,7712,3890,3822,7712,40.81028506306003,-73.95736455917358,2019,2019,1,12,1,12,12,lifetime_aggregate,32,414.9377593360996,1
nyc,3544,Underhill Ave & Pacific St,19302,9831,9471,19302,40.6804836,-73.9646795,2019,2019,1,12,1,12,12,lifetime_aggregate,110,569.8891306600352,1
nyc,3544.02,Winthrop St & Nostrand Ave,23075,11341,11734,23075,40.65707,-73.95005,2023,2025,2,12,2,12,35,lifetime_aggregate,99,429.03575297941495,1
nyc,3545,Broadway & W 122 St,12085,6032,6053,12085,40.8120562,-73.9612547,2019,2019,1,12,1,12,12,lifetime_aggregate,46,380.6371534960695,1
nyc,3546,Pacific St & Classon Ave,8395,4277,4118,8395,40.6791944,-73.9587903,2019,2019,1,12,1,12,12,lifetime_aggregate,66,786.1822513400833,1
nyc,3547,Broadway & Moylan Pl,32252,16021,16231,32252,40.8143256,-73.9590255,2019,2019,1,12,1,12,12,lifetime_aggregate,58,179.83380875604612,1
nyc,3547.04,19 St & 8 Ave,13526,7747,5779,13526,40.658489,-73.985543,2023,2025,2,12,1,12,36,lifetime_aggregate,36,266.1540736359604,1
nyc,3549,Grand Ave & Bergen St,23776,12158,11618,23776,40.678045,-73.962408,2019,2019,1,12,1,12,12,lifetime_aggregate,15,63.088829071332434,1
nyc,355,Bayard St & Baxter St,79276,39229,40047,79276,40.71602118,-73.99974372,2019,2019,1,12,1,12,12,lifetime_aggregate,49,61.80937484232302,1
nyc,3551,3 Ave & E 112 St,9346,4622,4724,9346,40.795508,-73.941606,2019,2019,1,12,1,12,12,lifetime_aggregate,38,406.5910549967901,1
nyc,3552,W 113 St & Broadway,22679,11959,10720,22679,40.805973,-73.964928,2019,2019,1,12,1,12,12,lifetime_aggregate,50,220.46827461528287,1
nyc,3552.09,Bedford Ave & Fenimore St,27538,13684,13854,27538,40.65815,-73.95674,2023,2025,2,12,2,12,35,lifetime_aggregate,39,141.6224852930496,1
nyc,3553,Frederick Douglass Blvd & W 112 St,37916,18744,19172,37916,40.801694,-73.957145,2019,2019,1,12,1,12,12,lifetime_aggregate,47,123.95822344129128,1
nyc,3554,Vernon Blvd & 41 Rd,8789,4345,4444,8789,40.7552433,-73.9485678,2019,2019,1,12,1,12,12,lifetime_aggregate,11,125.15644555694618,1
nyc,3555,28 St & 41 Ave,21529,10803,10726,21529,40.751047,-73.93797,2019,2019,1,12,1,12,12,lifetime_aggregate,24,111.47754192020066,1
nyc,3555.04,24 St & 5 Ave,31778,15846,15932,31778,40.659555,-73.995068,2023,2025,2,12,1,12,36,lifetime_aggregate,27,84.96444080810625,1
nyc,3556,24 St & 41 Ave,12429,6230,6199,12429,40.7527085,-73.9397405,2019,2019,1,12,1,12,12,lifetime_aggregate,62,498.8333735618312,1
nyc,3557,40 Ave & 9 St,7254,3624,3630,7254,40.75742,-73.945133,2019,2019,1,12,1,12,12,lifetime_aggregate,39,537.6344086021505,1
nyc,3558,Bergen St & Vanderbilt Ave,32581,16365,16216,32581,40.6794388,-73.9680438,2019,2019,1,12,1,12,12,lifetime_aggregate,47,144.2558546392069,1
nyc,3559,21 St & 38 Ave,3508,1761,1747,3508,40.7576314,-73.9391224,2019,2019,1,12,1,12,12,lifetime_aggregate,47,1339.794754846066,1
nyc,356,Bialystoker Pl & Delancey St,37783,19522,18261,37783,40.71622644,-73.98261206,2019,2019,1,12,1,12,12,lifetime_aggregate,34,89.9875605431014,1
nyc,3560,28 St & 38 Ave,9015,4531,4484,9015,40.754876,-73.934326,2019,2019,1,10,1,10,10,lifetime_aggregate,29,321.6860787576262,1
nyc,3561,37 Ave & 35 St,8718,4354,4364,8718,40.7531106,-73.9279917,2019,2019,1,12,1,12,12,lifetime_aggregate,24,275.29249827942186,1
nyc,3562,Classon Ave & St Marks Ave,26004,13216,12788,26004,40.6765198,-73.9596082,2019,2019,1,12,1,12,12,lifetime_aggregate,38,146.1313644054761,1
nyc,3563,28 St & 36 Ave,8406,4245,4161,8406,40.757186,-73.932719,2019,2019,1,12,1,12,12,lifetime_aggregate,9,107.06638115631692,1
nyc,3564,21 St & 36 Ave,3625,1822,1803,3625,40.7601853,-73.9362726,2019,2019,1,12,1,12,12,lifetime_aggregate,56,1544.8275862068965,1
nyc,3564.04,30 St & 4 Ave,21366,10627,10739,21366,40.657743,-74.001141,2023,2025,2,12,1,12,36,lifetime_aggregate,67,313.5823270616868,1
nyc,3565,36 Ave & 10 St,9274,4627,4647,9274,40.7614376,-73.9411265,2019,2019,1,12,1,12,12,lifetime_aggregate,10,107.82833728703903,1
nyc,3566,Crescent St & 35 Ave,7169,3616,3553,7169,40.7596276,-73.9321455,2019,2019,1,12,1,12,12,lifetime_aggregate,26,362.6726182173246,1
nyc,3567,11 St & 35 Ave,2753,1398,1355,2753,40.7627442,-73.9391141,2019,2019,1,12,1,12,12,lifetime_aggregate,15,544.8601525608427,1
nyc,3567.05,Rutland Rd & E 45 St,6929,3287,3642,6929,40.66034,-73.93618,2023,2025,2,12,2,12,35,lifetime_aggregate,33,476.25920046182716,1
nyc,3568,34 St & 35 Ave,9448,4720,4728,9448,40.7569332,-73.9262231,2019,2019,1,12,1,12,12,lifetime_aggregate,28,296.35901778154107,1
nyc,3569,Franklin Ave & St Marks Ave,18185,9232,8953,18185,40.6758324,-73.9561677,2019,2019,1,12,1,12,12,lifetime_aggregate,44,241.95765740995327,1
nyc,357,E 11 St & Broadway,13909,6945,6964,13909,40.73261787,-73.99158043,2019,2019,1,4,1,4,4,lifetime_aggregate,39,280.39398950319935,1
nyc,3570,35 Ave & 37 St,12283,6163,6120,12283,40.7557327,-73.9236611,2019,2019,1,12,1,12,12,lifetime_aggregate,23,187.2506716600179,1
nyc,3571,Bedford Ave & Bergen St,26057,13088,12969,26057,40.676368,-73.952918,2019,2019,1,12,1,12,12,lifetime_aggregate,84,322.3701884330506,1
nyc,3572,34 Ave & 38 St,27898,13973,13925,27898,40.756913,-73.921631,2019,2019,1,12,1,12,12,lifetime_aggregate,73,261.6675030468134,1
nyc,3573,35 St & 34 Ave,8551,4268,4283,8551,40.7580583,-73.9242751,2019,2019,1,12,1,12,12,lifetime_aggregate,25,292.363466261256,1
nyc,3574,Prospect Pl & Underhill Ave,18659,9497,9162,18659,40.6769694,-73.96579,2019,2019,1,12,1,12,12,lifetime_aggregate,13,69.67147221180127,1
nyc,3575,Crescent St & 34 Ave,9826,4912,4914,9826,40.76108,-73.930562,2019,2019,1,12,1,12,12,lifetime_aggregate,24,244.24994911459393,1
nyc,3576,Park Pl & Vanderbilt Ave,31193,16134,15059,31193,40.6767,-73.969024,2019,2019,1,12,1,12,12,lifetime_aggregate,30,96.17542397332736,1
nyc,3576.1,Rutland Rd & Brooklyn Ave,9919,4898,5021,9919,40.65969,-73.94517,2023,2025,2,12,10,12,27,lifetime_aggregate,26,262.12319790301444,1
nyc,3577,34 Ave & 21 St,6953,3477,3476,6953,40.7628138,-73.9342862,2019,2019,1,12,1,12,12,lifetime_aggregate,37,532.1443981015389,1
nyc,3578,Park Pl & Franklin Ave,15917,7986,7931,15917,40.6741806,-73.9564947,2019,2019,1,12,1,12,12,lifetime_aggregate,37,232.45586479864298,1
nyc,3579,Sterling Pl & Bedford Ave,18828,9448,9380,18828,40.672695,-73.954131,2019,2019,1,12,1,12,12,lifetime_aggregate,51,270.8731676226896,1
nyc,3579.04,Windsor Pl & Howard Pl,76391,38477,37914,76391,40.65949055910776,-73.98013919584406,2023,2025,2,12,1,12,36,lifetime_aggregate,12,15.708656778939929,1
nyc,358,Christopher St & Greenwich St,203236,101413,101823,203236,40.73291555152239,-74.00711383774073,2019,2019,1,12,1,12,12,lifetime_aggregate,46,22.633785352988642,1
nyc,3580,St Johns Pl & Washington Ave,21300,11151,10149,21300,40.6737236,-73.9631611,2019,2019,1,12,1,12,12,lifetime_aggregate,57,267.6056338028169,1
nyc,3581,Underhill Ave & Lincoln Pl,24499,12655,11844,24499,40.6740123,-73.9671457,2019,2019,1,12,1,12,12,lifetime_aggregate,20,81.6359851422507,1
nyc,3582,Lincoln Pl & Classon Ave,8891,4700,4191,8891,40.6721683,-73.9609,2019,2019,1,12,1,12,12,lifetime_aggregate,45,506.12979417388374,1
nyc,3583,Eastern Pkwy & Washington Ave,19660,10688,8972,19660,40.6716493,-73.9631145,2019,2019,1,12,1,12,12,lifetime_aggregate,82,417.09053916581894,1
nyc,3584,Eastern Pkwy & Franklin Ave,32029,17654,14375,32029,40.6707767,-73.9576801,2019,2019,1,12,1,12,12,lifetime_aggregate,109,340.31658809204157,1
nyc,3585,Union St & Bedford Ave,7698,3843,3855,7698,40.6691783,-73.9554162,2019,2019,1,12,1,12,12,lifetime_aggregate,35,454.6635489737595,1
nyc,3585.06,Nostrand Ave & Rutland Rd,23170,11531,11639,23170,40.6595,-73.95041,2023,2025,2,12,2,12,35,lifetime_aggregate,52,224.4281398359948,1
nyc,3586,34 Ave & 13 St,4271,2122,2149,4271,40.7638753,-73.9364848,2019,2019,1,12,1,12,12,lifetime_aggregate,14,327.7920861624912,1
nyc,3587,Carroll St & Washington Ave,7686,3817,3869,7686,40.6686744,-73.9618148,2019,2019,1,12,1,12,12,lifetime_aggregate,22,286.23471246422065,1
nyc,3588,Vernon Blvd & 10 St,12423,6174,6249,12423,40.7671863,-73.9373554,2019,2019,1,12,1,12,12,lifetime_aggregate,50,402.47927231747565,1
nyc,3588.01,7 Ave & 20 St,35184,17796,17388,35184,40.659053,-73.98854,2023,2025,2,12,1,12,36,lifetime_aggregate,14,39.79081400636653,1
nyc,3589,Broadway & 12 St,9527,4750,4777,9527,40.7668,-73.9347774,2019,2019,1,12,1,12,12,lifetime_aggregate,16,167.9437388474861,1
nyc,359,E 47 St & Park Ave,166888,82895,83993,166888,40.75510267,-73.97498696,2019,2019,1,12,1,12,12,lifetime_aggregate,78,46.737932026269114,1
nyc,3590,Carroll St & Franklin Ave,4831,2408,2423,4831,40.6679411,-73.9588,2019,2019,1,12,1,12,12,lifetime_aggregate,41,848.6855723452702,1
nyc,3591,21 St & 31 Dr,13396,6652,6744,13396,40.7659,-73.930819,2019,2019,1,12,1,12,12,lifetime_aggregate,46,343.38608539862645,1
nyc,3592,Crescent St & Broadway,16113,8061,8052,16113,40.7633589,-73.9286471,2019,2019,1,12,1,12,12,lifetime_aggregate,39,242.04058834481475,1
nyc,3593,31 St & Broadway,31594,15900,15694,31594,40.761584,-73.925921,2019,2019,1,12,1,12,12,lifetime_aggregate,78,246.88231942773942,1
nyc,3593.01,Maple St & Flatbush Ave,37307,18761,18546,37307,40.66026,-73.96045,2023,2025,2,12,2,12,35,lifetime_aggregate,75,201.03465837510385,1
nyc,3593.1,Flatbush Ave & Lincoln Rd,60980,30059,30921,60980,40.66131,-73.96091,2023,2025,2,12,4,12,33,lifetime_aggregate,85,139.38996392259756,1
nyc,3595,35 St & Broadway,10936,5495,5441,10936,40.760339,-73.9222427,2019,2019,1,12,1,12,12,lifetime_aggregate,53,484.6378931967813,1
nyc,3596,Sullivan Pl & Bedford Ave,4442,2133,2309,4442,40.6642406,-73.9574686,2019,2019,1,12,1,12,12,lifetime_aggregate,85,1913.5524538496172,1
nyc,3596.04,4 Ave & 26 St,24800,12157,12643,24800,40.660079,-73.998633,2023,2025,2,12,1,12,36,lifetime_aggregate,53,213.70967741935485,1
nyc,3597,43 St & Broadway,15438,7704,7734,15438,40.7577284,-73.9166368,2019,2019,1,12,1,12,12,lifetime_aggregate,49,317.398626765125,1
nyc,3598,Newton Rd & 44 St,8980,4487,4493,8980,40.7595701,-73.9142678,2019,2019,1,12,1,12,12,lifetime_aggregate,41,456.5701559020045,1
nyc,3599,Franklin Ave & Empire Blvd,27916,13871,14045,27916,40.66314,-73.9605695,2019,2019,1,12,1,12,12,lifetime_aggregate,97,347.47098438171656,1
nyc,3599.01,Midwood St & Utica Ave,2309,1144,1165,2309,40.66124,-73.93164,2023,2023,1,11,2,12,11,lifetime_aggregate,96,4157.644001732352,1
nyc,360,William St & Pine St,51406,25654,25752,51406,40.70717936,-74.00887308,2019,2019,1,12,1,12,12,lifetime_aggregate,39,75.86663035443333,1
nyc,3601,Sterling St & Bedford Ave,6575,3261,3314,6575,40.6627059,-73.9569115,2019,2019,1,12,1,12,12,lifetime_aggregate,80,1216.7300380228137,1
nyc,3602,31 Ave & 34 St,17804,8909,8895,17804,40.763154,-73.920827,2019,2019,1,12,1,12,12,lifetime_aggregate,46,258.36890586385084,1
nyc,3603,31 Ave & 30 St,10666,5355,5311,10666,40.7647,-73.9240312,2019,2019,1,12,1,12,12,lifetime_aggregate,59,553.1595724732796,1
nyc,3604,Rogers Ave & Sterling St,11024,5483,5541,11024,40.6630619,-73.9538746,2019,2019,1,12,1,12,12,lifetime_aggregate,100,907.1117561683599,1
nyc,3605,31 Ave & Crescent St,10947,5485,5462,10947,40.7658346,-73.9265474,2019,2019,1,12,1,12,12,lifetime_aggregate,24,219.23814743765416,1
nyc,3606,49 Ave & 21 St,11599,5806,5793,11599,40.74252,-73.948852,2019,2019,1,12,1,12,12,lifetime_aggregate,26,224.15725493577034,1
nyc,3607,31 Ave & 14 St,7064,3518,3546,7064,40.7682,-73.9322662,2019,2019,1,12,1,12,12,lifetime_aggregate,15,212.34428086070213,1
nyc,3608,5 St & 51 Ave,8792,4386,4406,8792,40.7423737,-73.9566,2019,2019,1,12,1,12,12,lifetime_aggregate,20,227.47952684258414,1
nyc,3608.06,Maple St & Albany Ave,17741,8840,8901,17741,40.66155,-73.93974,2023,2025,2,12,2,12,35,lifetime_aggregate,52,293.10636379009077,1
nyc,3609,Vernon Blvd & 31 Ave,12492,6177,6315,12492,40.7692475,-73.9354504,2019,2019,1,12,1,12,12,lifetime_aggregate,18,144.0922190201729,1
nyc,361,Allen St & Hester St,102006,50747,51259,102006,40.71605865805594,-73.99190759306256,2019,2019,1,12,1,12,12,lifetime_aggregate,45,44.11505205576143,1
nyc,3610,Vernon Blvd & 30 Rd,12668,6395,6273,12668,40.770845,-73.934171,2019,2019,1,12,1,12,12,lifetime_aggregate,9,71.04515314177455,1
nyc,3611,Vernon Blvd & 47 Rd,20132,10007,10125,20132,40.7449067,-73.9534573,2019,2019,1,12,1,12,12,lifetime_aggregate,48,238.4263858533678,1
nyc,3611.02,Prospect Park SW & 10 Ave,54467,27666,26801,54467,40.659945,-73.977504,2023,2025,2,12,1,12,36,lifetime_aggregate,11,20.195714836506507,1
nyc,3612,30 Ave & 21 St,7667,3824,3843,7667,40.7703743,-73.9286078,2019,2019,1,12,1,12,12,lifetime_aggregate,29,378.2444241554715,1
nyc,3613,Center Blvd & 48 Ave,17285,8623,8662,17285,40.745038,-73.957539,2019,2019,1,12,1,12,12,lifetime_aggregate,8,46.28290425224183,1
nyc,3614,Crescent St & 30 Ave,10456,5222,5234,10456,40.768692,-73.9249574,2019,2019,1,12,1,12,12,lifetime_aggregate,64,612.088752869166,1
nyc,3615,44 Dr & 21 St,23556,11742,11814,23556,40.748,-73.9460927,2019,2019,1,12,1,12,12,lifetime_aggregate,11,46.697232127695706,1
nyc,3616,Steinway St & 28 Ave,16038,8083,7955,16038,40.7656251,-73.9136695,2019,2019,1,12,1,12,12,lifetime_aggregate,113,704.5766305025564,1
nyc,3617,28 Ave & 35 St,12503,6283,6220,12503,40.7671,-73.9169858,2019,2019,1,12,1,12,12,lifetime_aggregate,33,263.93665520275135,1
nyc,3617.02,Maple St & New York Ave,24592,12242,12350,24592,40.66104,-73.94795,2023,2025,2,12,2,12,35,lifetime_aggregate,51,207.38451528952507,1
nyc,3618,27 St & Hunter St,15737,7879,7858,15737,40.7485,-73.941275,2019,2019,1,12,1,12,12,lifetime_aggregate,21,133.4434771557476,1
nyc,3619,Newtown Ave & 23 St,14579,7282,7297,14579,40.7713615,-73.9246145,2019,2019,1,12,1,12,12,lifetime_aggregate,20,137.18362027573906,1
nyc,362,Broadway & W 37 St,74428,37394,37034,74428,40.75172633652058,-73.98753531842026,2019,2019,1,12,1,12,12,lifetime_aggregate,123,165.26038587628312,1
nyc,3620,11 St & 43 Ave,5474,2738,2736,5474,40.7519071,-73.9479119,2019,2019,1,12,1,12,12,lifetime_aggregate,30,548.0453050785532,1
nyc,3620.02,Windsor Pl & 8 Ave,36620,18461,18159,36620,40.660906,-73.983074,2023,2025,2,12,1,12,36,lifetime_aggregate,14,38.230475150191154,1
nyc,3621,27 Ave & 9 St,7598,3791,3807,7598,40.7739825,-73.9309134,2019,2019,1,12,1,12,12,lifetime_aggregate,27,355.35667280863385,1
nyc,3622,E 128 St & Madison Ave,11892,5912,5980,11892,40.80756,-73.939182,2019,2019,1,12,1,12,12,lifetime_aggregate,67,563.4039690548267,1
nyc,3623,W 120 St & Claremont Ave,17097,8843,8254,17097,40.8109494,-73.9634,2019,2019,1,12,1,12,12,lifetime_aggregate,36,210.5632567117038,1
nyc,3625.04,Bedford Ave & Maple St,22813,11344,11469,22813,40.66035,-73.95679,2023,2025,2,12,2,12,35,lifetime_aggregate,39,170.95515714724058,1
nyc,3625.07,Rogers Ave & Lincoln Rd,38674,19293,19381,38674,40.66127,-73.95352,2023,2025,2,12,2,12,35,lifetime_aggregate,34,87.91436106945234,1
nyc,3628,Lenox Ave & W 117 St,33213,16434,16779,33213,40.8025566,-73.9490782,2019,2019,1,12,1,12,12,lifetime_aggregate,107,322.1630084605426,1
nyc,3628.11,6 Ave & 21 St,71787,35879,35908,71787,40.66016,-73.990974,2023,2025,2,12,1,11,35,lifetime_aggregate,22,30.646217281680528,1
nyc,3629,Adam Clayton Powell Blvd & W 126 St,16310,7959,8351,16310,40.80949534777948,-73.94776493310928,2019,2019,1,12,1,12,12,lifetime_aggregate,149,913.5499693439608,1
nyc,363,West Thames St,78359,38994,39365,78359,40.70834698,-74.01713445,2019,2019,1,12,1,12,12,lifetime_aggregate,13,16.590308707359714,1
nyc,3630,Frederick Douglass Blvd & W 115 St,28525,14087,14438,28525,40.80386527990563,-73.95593080960312,2019,2019,1,12,1,12,12,lifetime_aggregate,91,319.0184049079755,1
nyc,3631,Crown St & Bedford Ave,2878,1413,1465,2878,40.666563,-73.956741,2019,2019,1,7,1,7,7,lifetime_aggregate,39,1355.1077136900626,1
nyc,3633.08,Lincoln Rd & Ocean Ave,103260,51635,51625,103260,40.6605,-73.9626,2023,2025,2,12,2,12,35,lifetime_aggregate,38,36.80030989734651,1
nyc,3637,Fulton St & Waverly Ave,33071,16723,16348,33071,40.68323865460341,-73.96599590778351,2019,2019,1,12,1,12,12,lifetime_aggregate,59,178.40403979317227,1
nyc,3639.04,Schenectady Ave & Maple St,7565,3625,3940,7565,40.66178,-73.93445,2023,2025,2,12,2,12,35,lifetime_aggregate,54,713.813615333774,1
nyc,364,Lafayette Ave & Classon Ave,31627,16234,15393,31627,40.68900443,-73.96023854,2019,2019,1,12,1,12,12,lifetime_aggregate,31,98.0175166787871,1
nyc,3641,Broadway & W 25 St,178016,89806,88210,178016,40.74286877312112,-73.98918628692627,2019,2019,1,12,1,12,12,lifetime_aggregate,34,19.09940679489484,1
nyc,3646,35 Ave & 10 St,8383,4205,4178,8383,40.76315481910373,-73.93985509872437,2019,2019,1,12,1,12,12,lifetime_aggregate,12,143.14684480496243,1
nyc,3647,48 Ave & 30 Pl,4766,2368,2398,4766,40.74128309355993,-73.93725872039794,2019,2019,1,12,1,12,12,lifetime_aggregate,28,587.4947545111205,1
nyc,3648,Flushing Ave & Vanderbilt Ave,34739,17098,17641,34739,40.69795031569544,-73.97077560424805,2019,2019,1,12,1,12,12,lifetime_aggregate,53,152.5662799735168,1
nyc,3648.06,Midwood St & Kingston Ave,3213,1599,1614,3213,40.66067,-73.94243,2023,2023,1,6,2,7,6,lifetime_aggregate,25,778.089013383131,1
nyc,3648.08,Kingston Ave & E New York Ave,20188,10054,10134,20188,40.66219,-73.94293,2023,2025,2,12,9,12,28,lifetime_aggregate,46,227.85813354468002,1
nyc,3649,W 129 St & Convent Ave,11548,5762,5786,11548,40.814394437915816,-73.95324736833572,2019,2019,1,12,1,12,12,lifetime_aggregate,23,199.168687218566,1
nyc,365,Fulton St & Grand Ave,13126,6835,6291,13126,40.68223166,-73.9614583,2019,2019,1,7,1,7,7,lifetime_aggregate,44,335.212555233887,1
nyc,3651.04,West Drive & Prospect Park West,324815,162383,162432,324815,40.66106325222562,-73.97945268649799,2020,2025,3,12,1,12,72,lifetime_aggregate,29,8.92815910595262,1
nyc,3653,31 St & 35 Ave,688,344,344,688,40.75820464696758,-73.92832159996033,2019,2019,1,2,1,2,2,lifetime_aggregate,30,4360.46511627907,1
nyc,3654,31 St & Northern Blvd,8717,4470,4247,8717,40.75186951421875,-73.93349289894103,2019,2019,1,12,1,12,12,lifetime_aggregate,46,527.7044854881266,1
nyc,3656,E 2 St & Avenue A,112997,56137,56860,112997,40.7230774626446,-73.98583621212943,2019,2019,1,12,1,12,12,lifetime_aggregate,55,48.673858598015876,1
nyc,3657.06,Sterling St & Nostrand Ave,49613,24788,24825,49613,40.66318,-73.95076,2023,2025,2,12,2,12,35,lifetime_aggregate,82,165.27926148388528,1
nyc,3658,W 18 St & 9 Ave,46227,23057,23170,46227,40.7435337324616,-74.00367558002472,2019,2019,1,11,1,12,12,lifetime_aggregate,57,123.30456226880395,1
nyc,3659,W 17 St & 9 Ave,7052,3480,3572,7052,40.74294891660091,-74.00413691997528,2019,2019,1,3,1,3,3,lifetime_aggregate,76,1077.7084515031197,1
nyc,366,Clinton Ave & Myrtle Ave,43829,22225,21604,43829,40.693261,-73.968896,2019,2019,1,12,1,12,12,lifetime_aggregate,59,134.6140683109357,1
nyc,3660,W 16 St & 8 Ave,65697,32785,32912,65697,40.74102150900266,-74.001384973526,2019,2019,1,6,1,6,6,lifetime_aggregate,63,95.89478971642541,1
nyc,3660.07,7 Ave & 17 St,43321,21680,21641,43321,40.66093779494677,-73.98680448528532,2023,2025,2,12,1,12,36,lifetime_aggregate,31,71.55882828189561,1
nyc,3661,Montgomery St & Franklin Ave,4841,2381,2460,4841,40.666439306870814,-73.9605563879013,2019,2019,1,12,1,12,12,lifetime_aggregate,31,640.3635612476761,1
nyc,3662,31 Ave & Steinway St,15306,7667,7639,15306,40.761293897289086,-73.916916847229,2019,2019,1,12,1,12,12,lifetime_aggregate,77,503.07069123219657,1
nyc,3663,Sterling Pl & 7 Ave,2433,1210,1223,2433,40.67716489469059,-73.973827958107,2019,2019,1,2,1,2,2,lifetime_aggregate,38,1561.8577887381832,1
nyc,3664,North Moore St & Greenwich St,148658,70402,78256,148658,40.72019521437465,-74.0103006362915,2019,2019,1,12,1,12,12,lifetime_aggregate,35,23.543973415490587,1
nyc,3665.06,Sterling St & Bedford Ave,45363,22610,22753,45363,40.66270591954844,-73.95691164607553,2020,2025,3,12,1,12,72,lifetime_aggregate,80,176.355179331173,1
nyc,3668,Leonard St & Nassau Ave,37104,18509,18595,37104,40.7239567849954,-73.94984364509583,2019,2019,1,12,1,12,12,lifetime_aggregate,61,164.40275981026306,1
nyc,3668.04,21 St & 4 Ave,41617,20700,20917,41617,40.662584,-73.995554,2023,2025,2,12,1,12,36,lifetime_aggregate,48,115.33748227887642,1
nyc,367,E 53 St & Lexington Ave,8710,4146,4564,8710,40.75828065,-73.97069431,2019,2019,1,2,11,12,2,lifetime_aggregate,68,780.7118254879449,1
nyc,3671,E 81 St & 2 Ave,39632,19883,19749,39632,40.77477944895728,-73.95427465438843,2019,2019,1,12,1,12,12,lifetime_aggregate,67,169.05530884134035,1
nyc,3671.01,E New York Ave & Utica Ave,5439,2709,2730,5439,40.662686,-73.931755,2025,2025,1,10,3,12,10,lifetime_aggregate,220,4044.8611877183307,1
nyc,3673,Dean St & Franklin Ave,22556,11306,11250,22556,40.67759206937376,-73.955637216568,2019,2019,1,12,1,12,12,lifetime_aggregate,61,270.43802092569604,1
nyc,3674,Jay St & York St,86716,40212,46504,86716,40.70140317257725,-73.98672670125961,2019,2019,1,12,1,12,12,lifetime_aggregate,88,101.48069560404078,1
nyc,3675,3 Ave & E 95 St,15159,7556,7603,15159,40.78459679884892,-73.94968539476395,2019,2019,1,9,1,9,9,lifetime_aggregate,107,705.8513094531302,1
nyc,3676,Van Brunt St & Van Dyke St,22273,10161,12112,22273,40.6758329439129,-74.01472628116608,2019,2019,1,12,1,12,12,lifetime_aggregate,28,125.71274637453419,1
nyc,368,Carmine St & 6 Ave,154457,76525,77932,154457,40.73038599,-74.00214988,2019,2019,1,12,1,12,12,lifetime_aggregate,72,46.614915478094225,1
nyc,3680,E 43 St & 5 Ave,78944,40066,38878,78944,40.754120810779256,-73.98025184869766,2019,2019,1,12,1,12,12,lifetime_aggregate,108,136.80583704904743,1
nyc,3680.04,E New York Ave & Troy Ave,10838,5374,5464,10838,40.66227,-73.93762,2023,2025,2,12,2,12,35,lifetime_aggregate,40,369.07178446207786,1
nyc,3684,W 12 St & W 4 St,18671,9272,9399,18671,40.73756121181137,-74.00398269295692,2019,2019,1,4,1,4,4,lifetime_aggregate,28,149.96518665309839,1
nyc,3686,Gansevoort St & Hudson St,127421,63188,64233,127421,40.73944820130404,-74.00507032871246,2019,2019,1,12,1,12,12,lifetime_aggregate,29,22.7591998179264,1
nyc,3687,E 33 St & 1 Ave,129433,65495,63938,129433,40.74322681432173,-73.97449783980846,2019,2019,1,12,1,12,12,lifetime_aggregate,42,32.449220832399774,1
nyc,3688.06,Brooklyn Ave & Lefferts Ave,18098,9012,9086,18098,40.662564,-73.945565,2023,2025,2,12,9,12,28,lifetime_aggregate,58,320.47740081776993,1
nyc,3689,W 104 St & Amsterdam Ave,23603,12629,10974,23603,40.79904139288298,-73.96649479866028,2019,2019,1,12,1,12,12,lifetime_aggregate,50,211.83747828665847,1
nyc,369,Washington Pl & 6 Ave,66132,32952,33180,66132,40.73224119,-74.00026394,2019,2019,1,12,1,12,12,lifetime_aggregate,83,125.50656263231113,1
nyc,3690,Park Pl & Church St,46374,23208,23166,46374,40.71334181536782,-74.00935520928381,2019,2019,1,12,1,12,12,lifetime_aggregate,64,138.00836675723465,1
nyc,3691,28 Ave & 44 St,11179,5595,5584,11179,40.76408932350688,-73.91065120697021,2019,2019,1,12,1,12,12,lifetime_aggregate,29,259.41497450576975,1
nyc,3692,5 St & Market St,8965,4483,4482,8965,40.6999974843885,-73.97440128028393,2019,2019,1,12,1,12,12,lifetime_aggregate,0,0.0,1
nyc,3693,N 11 St & Kent Ave,25524,12664,12860,25524,40.72248188638219,-73.95921930670738,2019,2019,1,12,1,12,12,lifetime_aggregate,21,82.27550540667607,1
nyc,3696.05,Rogers Ave & Sterling St,54153,26995,27158,54153,40.66306191810591,-73.95387471245324,2020,2025,3,12,1,12,72,lifetime_aggregate,100,184.66197625246986,1
nyc,3697,W 64 St & Thelonious Monk Circle,67075,34071,33004,67075,40.77515953434235,-73.98918695747852,2019,2019,1,12,1,12,12,lifetime_aggregate,21,31.308237048080507,1
nyc,3699,W 50 St & 9 Ave,61987,31306,30681,61987,40.76360467795863,-73.98917958140373,2019,2019,1,12,1,12,12,lifetime_aggregate,86,138.73876780615288,1
nyc,3699.07,17 St & 5 Ave,70770,35322,35448,70770,40.663493,-73.991007,2023,2025,2,12,1,12,36,lifetime_aggregate,50,70.65140596297867,1
nyc,3701,Cliff St & Fulton St,24410,12110,12300,24410,40.70831794366396,-74.00504082441329,2019,2019,1,5,1,5,5,lifetime_aggregate,44,180.25399426464566,1
nyc,3701,Cliff St & Fulton St (Old),3237,1608,1629,3237,40.70831794366396,-74.00504082441329,2019,2019,1,1,6,6,1,lifetime_aggregate,44,1359.2832869941303,1
nyc,3704,47 Ave & Skillman Ave,3881,1934,1947,3881,40.7437524099784,-73.94176483154297,2019,2019,1,12,1,12,12,lifetime_aggregate,9,231.89899510435455,1
nyc,3704.01,Franklin Ave & Empire Blvd,43043,21213,21830,43043,40.66314,-73.96056994568693,2020,2020,1,9,1,9,9,lifetime_aggregate,97,225.3560393095277,1
nyc,3704.01,Washington Ave & Empire Blvd,31972,15969,16003,31972,40.66314,-73.96056950058619,2023,2025,2,12,4,12,33,lifetime_aggregate,97,303.39046665832603,1
nyc,3704.04,Flatbush Ave & Ocean Ave,78263,39148,39115,78263,40.663657,-73.963014,2023,2025,2,12,1,12,36,lifetime_aggregate,118,150.77367338333568,1
nyc,3704.08,Sullivan Pl & Franklin Ave,13065,6498,6567,13065,40.66407987841683,-73.96025115302581,2020,2023,2,8,9,4,32,lifetime_aggregate,75,574.052812858783,1
nyc,3707,Lexington Ave & E 26 St,121192,61260,59932,121192,40.741459,-73.983293,2019,2019,1,10,3,12,10,lifetime_aggregate,46,37.95630074592382,1
nyc,3707.01,23 St & 3 Ave,7550,3683,3867,7550,40.662611,-73.998623,2023,2025,2,12,1,12,36,lifetime_aggregate,54,715.2317880794702,1
nyc,3708,W 13 St & 5 Ave,101228,50535,50693,101228,40.735445,-73.99431,2019,2019,1,10,3,12,10,lifetime_aggregate,94,92.85968309163474,1
nyc,3709,W 15 St & 6 Ave,58030,29084,28946,58030,40.738046142482766,-73.99642959237099,2019,2019,1,9,1,12,12,lifetime_aggregate,90,155.09219369291745,1
nyc,3710.07,Lefferts Ave & Schenectady Ave,21076,10489,10587,21076,40.66343,-73.93472,2023,2025,2,12,6,12,31,lifetime_aggregate,78,370.08920098690453,1
nyc,3711,E 13 St & Avenue A,164357,85203,79154,164357,40.72966731728846,-73.98067964912295,2019,2019,1,12,1,12,12,lifetime_aggregate,43,26.162560767110616,1
nyc,3712,W 35 St & Dyer Ave,66277,33291,32986,66277,40.754691750226016,-73.99740189313889,2019,2019,1,12,1,12,12,lifetime_aggregate,92,138.8113523545121,1
nyc,3714,Division Av & Hooper St,17437,9125,8312,17437,40.70684203101325,-73.9544353965357,2019,2019,1,11,1,11,11,lifetime_aggregate,52,298.2164363135861,1
nyc,3714,Division Ave & Hooper St,756,420,336,756,40.70684203101325,-73.9544353965357,2019,2019,1,1,12,12,1,lifetime_aggregate,52,6878.3068783068775,1
nyc,3715,Driggs Ave & N 9 St,62997,31132,31865,62997,40.71816969454208,-73.95520135760307,2019,2019,1,12,1,12,12,lifetime_aggregate,32,50.79606965411052,1
nyc,3716,40 Ave & Crescent St,4669,2338,2331,4669,40.7535992020056,-73.93795609474182,2019,2019,1,12,1,12,12,lifetime_aggregate,39,835.296637395588,1
nyc,3718,E 11 St & Avenue B,93362,47677,45685,93362,40.72746420692392,-73.97950418293476,2019,2019,1,12,1,12,12,lifetime_aggregate,29,31.061888134358732,1
nyc,3719,S Portland Ave & Atlantic Ave,50,26,24,50,40.68322254161595,-73.9738118648529,2019,2019,1,1,1,1,1,lifetime_aggregate,77,154000.0,1
nyc,3719.02,Lefferts Ave & Albany Ave,16922,8447,8475,16922,40.66288,-73.94019,2023,2025,2,12,9,12,28,lifetime_aggregate,43,254.10707954142535,1
nyc,372,Franklin Ave & Myrtle Ave,13817,6911,6906,13817,40.694546087246025,-73.95801365375519,2019,2019,1,12,1,12,12,lifetime_aggregate,38,275.0235217485706,1
nyc,3720,Wyckoff St & Bond St,7121,3414,3707,7121,40.68461653897949,-73.98721285164356,2019,2019,1,12,1,12,12,lifetime_aggregate,12,168.51565791321443,1
nyc,3721,31 St & Newtown Ave,34982,17565,17417,34982,40.7675487799971,-73.9209334552288,2019,2019,1,12,1,12,12,lifetime_aggregate,103,294.43713910010865,1
nyc,3722.04,Prospect Park West & 8 St,165193,83094,82099,165193,40.665146867738656,-73.97637603836512,2020,2025,3,12,1,12,72,lifetime_aggregate,23,13.923108122014854,1
nyc,3723,Cadman Plaza E & Johnson St,25860,12873,12987,25860,40.69531727766904,-73.99015724658966,2019,2019,1,12,1,12,12,lifetime_aggregate,22,85.07347254447022,1
nyc,3724,7 Ave & Central Park South,105554,53314,52240,105554,40.7667405590595,-73.9790689945221,2019,2019,1,12,1,12,12,lifetime_aggregate,58,54.9481781836785,1
nyc,3725,2 Ave & E 72 St,58781,29412,29369,58781,40.7687620293096,-73.95840793848038,2019,2019,1,12,1,12,12,lifetime_aggregate,100,170.12299892822512,1
nyc,3726,Center Blvd & 51 Ave,17861,8905,8956,17861,40.74336608027021,-73.95960688591003,2019,2019,1,11,1,12,12,lifetime_aggregate,8,44.79032528973742,1
nyc,3727,Frost St & Meeker Ave,12757,6472,6285,12757,40.71767747195138,-73.94869359210134,2019,2019,1,12,1,12,12,lifetime_aggregate,89,697.6561887591126,1
nyc,3728,Pierrepont St & Monroe Pl,19298,9784,9514,19298,40.69535693320225,-73.99344027042389,2019,2019,1,12,1,12,12,lifetime_aggregate,13,67.3644937299202,1
nyc,3728.04,Empire Blvd & New York Ave,14350,7155,7195,14350,40.66403,-73.94769,2023,2025,2,12,2,12,35,lifetime_aggregate,77,536.5853658536586,1
nyc,3728.05,New York Ave & Montgomery St,13139,6579,6560,13139,40.66509,-73.94824,2023,2025,2,12,7,12,30,lifetime_aggregate,27,205.49509095060506,1
nyc,373,Willoughby Ave & Walworth St,15151,7533,7618,15151,40.69331716,-73.95381995,2019,2019,1,12,1,12,12,lifetime_aggregate,58,382.8130156425318,1
nyc,3731,W 47 St & 6 Ave,1205,589,616,1205,40.758397,-73.98255,2019,2019,1,1,12,12,1,lifetime_aggregate,83,6887.9668049792535,1
nyc,3731.11,14 St & 7 Ave,128344,64328,64016,128344,40.663779,-73.98396831269795,2020,2025,3,12,1,12,72,lifetime_aggregate,22,17.14143240042386,1
nyc,3733,Avenue C & E 18 St,53787,28405,25382,53787,40.730563,-73.973984,2019,2019,1,11,2,12,11,lifetime_aggregate,32,59.493929759979174,1
nyc,3734,E 58 St &  1 Ave (NW Corner),40503,20434,20069,40503,40.759125,-73.962658,2019,2019,1,10,3,12,10,lifetime_aggregate,136,335.77759672123057,1
nyc,3736.03,Bedford Ave & Montgomery St,38476,19278,19198,38476,40.665816,-73.956934,2020,2025,3,12,1,12,72,lifetime_aggregate,49,127.3521156045327,1
nyc,3736.04,Sullivan Pl & Bedford Ave,14075,6988,7087,14075,40.66424077122891,-73.95746877122892,2020,2023,2,12,1,12,48,lifetime_aggregate,85,603.9076376554174,1
nyc,3737,Stanton St & Norfolk St,61471,30657,30814,61471,40.720747,-73.986274,2019,2019,1,11,2,12,11,lifetime_aggregate,44,71.57846789543036,1
nyc,3739,Perry St & Greenwich Ave,594,289,305,594,40.735918,-74.000939,2019,2019,1,1,12,12,1,lifetime_aggregate,52,8754.208754208754,1
nyc,3739.06,4 Ave & 17 St,29539,14664,14875,29539,40.665507,-73.993037,2023,2025,2,12,1,12,36,lifetime_aggregate,165,558.583567487051,1
nyc,3740,W Broadway & W Houston St,742,374,368,742,40.726378,-74.000472,2019,2019,1,1,12,12,1,lifetime_aggregate,74,9973.045822102426,1
nyc,3742.11,Carroll St & Rochester Ave,14825,7389,7436,14825,40.66598,-73.9284,2023,2025,2,12,1,12,36,lifetime_aggregate,23,155.1433389544688,1
nyc,3744,1 Ave & E 5 St,1254,654,600,1254,40.725864,-73.986389,2019,2019,1,1,12,12,1,lifetime_aggregate,56,4465.709728867623,1
nyc,3745,36 Ave & 31 St,12916,6526,6390,12916,40.75651272984955,-73.92957486212252,2019,2019,1,11,2,12,11,lifetime_aggregate,53,410.34375967791885,1
nyc,3746,6 Ave & Broome St,93679,45792,47887,93679,40.724308321602166,-74.00473035871983,2019,2019,1,10,3,12,10,lifetime_aggregate,80,85.39800809146126,1
nyc,3747,E 84 St & 3 Ave,48003,23983,24020,48003,40.77755374298887,-73.95512759685516,2019,2019,1,8,3,10,8,lifetime_aggregate,78,162.48984438472596,1
nyc,3749,Lexington Ave & E 36 St,51576,25829,25747,51576,40.7475739589548,-73.9788007736206,2019,2019,1,10,3,12,10,lifetime_aggregate,94,182.25531254847215,1
nyc,3751.05,Crown St & Troy Ave,18468,9254,9214,18468,40.66559,-73.93712,2023,2025,2,12,9,12,28,lifetime_aggregate,43,232.83517435564218,1
nyc,3755,DeKalb Ave & Franklin Ave,15410,7722,7688,15410,40.69064807082944,-73.95746178925037,2019,2019,1,9,4,12,9,lifetime_aggregate,62,402.3361453601558,1
nyc,3756,White St & Moore St,9151,4547,4604,9151,40.704508,-73.9351,2019,2019,1,9,4,12,9,lifetime_aggregate,40,437.1106982843405,1
nyc,3757,Stagg St & Morgan Ave,4996,2493,2503,4996,40.710681,-73.93372,2019,2019,1,9,4,12,9,lifetime_aggregate,42,840.6725380304243,1
nyc,3758,George St & Wilson Ave,6833,3412,3421,6833,40.702997,-73.92997,2019,2019,1,9,4,12,9,lifetime_aggregate,37,541.4898287721353,1
nyc,3759,Irving Ave & Jefferson St,7613,3783,3830,7613,40.70537905641025,-73.92535044444443,2019,2019,1,9,4,12,9,lifetime_aggregate,68,893.2089846315513,1
nyc,3759.07,Kingston Ave & Montgomery St,32909,16356,16553,32909,40.66481,-73.94269,2023,2025,2,12,2,12,35,lifetime_aggregate,48,145.8567565103771,1
nyc,376,John St & William St,41909,20914,20995,41909,40.70862144,-74.00722156,2019,2019,1,12,1,12,12,lifetime_aggregate,61,145.55346107041447,1
nyc,3760,Willoughby Ave & Wyckoff Ave,8705,4328,4377,8705,40.705614,-73.92153,2019,2019,1,9,4,12,9,lifetime_aggregate,56,643.3084434233199,1
nyc,3761,Cedar St & Myrtle Ave,12103,6043,6060,12103,40.697842,-73.926241,2019,2019,1,9,4,12,9,lifetime_aggregate,78,644.468313641246,1
nyc,3762,3 Ave & Carroll St,9715,4710,5005,9715,40.677027,-73.9865,2019,2019,1,9,4,12,9,lifetime_aggregate,29,298.5074626865672,1
nyc,3762.08,10 St & 7 Ave,152303,76198,76105,152303,40.666207857638895,-73.9819988982046,2020,2025,3,12,1,12,72,lifetime_aggregate,29,19.04099065678286,1
nyc,3763,Wyckoff Av & Jefferson St,14100,7013,7087,14100,40.707165,-73.923711,2019,2019,1,9,4,12,9,lifetime_aggregate,62,439.71631205673754,1
nyc,3764,Bushwick Ave & McKibbin St,4954,2470,2484,4954,40.705517,-73.93936,2019,2019,1,9,4,12,9,lifetime_aggregate,65,1312.0710536939846,1
nyc,3765,Bushwick Ave & Stagg St,2932,1487,1445,2932,40.709897,-73.94008,2019,2019,1,8,5,12,8,lifetime_aggregate,38,1296.043656207367,1
nyc,3766,Sharon St & Olive St,10884,5474,5410,10884,40.715353,-73.93856,2019,2019,1,9,4,12,9,lifetime_aggregate,26,238.8827636898199,1
nyc,3767,Powers St & Olive St,7522,3786,3736,7522,40.71323,-73.93894,2019,2019,1,9,4,12,9,lifetime_aggregate,42,558.3621377293273,1
nyc,3768,Waterbury St & Stagg St,5406,2708,2698,5406,40.71019,-73.93734,2019,2019,1,8,5,12,8,lifetime_aggregate,42,776.914539400666,1
nyc,3768.02,Crown St & Rogers Ave,29888,14948,14940,29888,40.66639,-73.95346,2023,2025,2,12,2,12,35,lifetime_aggregate,63,210.7869379014989,1
nyc,3769,White St & Johnson Ave,3024,1493,1531,3024,40.707174,-73.93581,2019,2019,1,9,4,12,9,lifetime_aggregate,11,363.7566137566137,1
nyc,377,6 Ave & Canal St,109041,51176,57865,109041,40.72243797,-74.00566443,2019,2019,1,12,1,12,12,lifetime_aggregate,229,210.01274749864731,1
nyc,3770,Central Ave & Flushing Ave,7342,3701,3641,7342,40.702831,-73.9333,2019,2019,1,8,5,12,8,lifetime_aggregate,56,762.7349496050123,1
nyc,3771,McKibbin St & Bogart St,11712,5804,5908,11712,40.706237,-73.933871,2019,2019,1,9,4,12,9,lifetime_aggregate,20,170.76502732240436,1
nyc,3771.06,14 St & 5 Ave,128450,64084,64366,128450,40.666287,-73.98895067292644,2020,2025,3,12,1,12,72,lifetime_aggregate,38,29.58349552355002,1
nyc,3772,Devoe St & Morgan Ave,5130,2589,2541,5130,40.713811,-73.93515,2019,2019,1,9,4,12,9,lifetime_aggregate,100,1949.317738791423,1
nyc,3773,Knickerbocker Ave & Thames St,5977,2994,2983,5977,40.70539,-73.92976,2019,2019,1,8,5,12,8,lifetime_aggregate,28,468.4624393508449,1
nyc,3774,Knickerbocker Ave & George St,6182,3078,3104,6182,40.704425,-73.92836,2019,2019,1,8,5,12,8,lifetime_aggregate,77,1245.5516014234875,1
nyc,3775,Suydam St & Knickerbocker Ave,9195,4562,4633,9195,40.702013,-73.923769,2019,2019,1,9,4,12,9,lifetime_aggregate,68,739.5323545405112,1
nyc,3776,Central Ave & Starr Street,9307,4671,4636,9307,40.700003,-73.92834,2019,2019,1,9,4,12,9,lifetime_aggregate,32,343.8272268185237,1
nyc,3776.05,Montgomery St & Franklin Ave,36889,18425,18464,36889,40.66643920922602,-73.96055626447301,2020,2025,3,12,1,12,72,lifetime_aggregate,31,84.03589145815826,1
nyc,3776.1,McKeever Pl & Sullivan Pl,1239,76,1163,1239,40.66432331577469,-73.95921791486467,2025,2025,1,11,1,12,12,lifetime_aggregate,22,1775.625504439064,1
nyc,3776.10,McKeever Pl & Sullivan Pl,7256,4187,3069,7256,40.66432331577469,-73.95921791486467,2025,2025,1,12,1,12,12,lifetime_aggregate,22,303.1973539140022,1
nyc,3777,Stockholm St & Wilson Ave,5638,2805,2833,5638,40.699304,-73.923044,2019,2019,1,8,5,12,8,lifetime_aggregate,87,1543.1003902092941,1
nyc,3778,Irving Ave & DeKalb Ave,5143,2538,2605,5143,40.7027,-73.92095,2019,2019,1,8,5,12,8,lifetime_aggregate,76,1477.7367295352906,1
nyc,3779,Hart St & Wyckoff Ave,6099,3064,3035,6099,40.704876,-73.919911,2019,2019,1,8,5,12,8,lifetime_aggregate,97,1590.424659780292,1
nyc,3779.02,3 Ave & 17 St,10886,5401,5485,10886,40.666168,-73.995549,2020,2025,3,12,9,12,64,lifetime_aggregate,295,2709.902627227632,1
nyc,3780,Wyckoff Av & Stanhope St,1183,579,604,1183,40.703545,-73.917775,2019,2019,1,3,10,12,3,lifetime_aggregate,93,7861.369399830938,1
nyc,3781,Greene Av & Myrtle Av,11175,5544,5631,11175,40.698568,-73.918877,2019,2019,1,8,5,12,8,lifetime_aggregate,93,832.214765100671,1
nyc,3782,Brooklyn Bridge Park - Pier 2,14732,7313,7419,14732,40.698458,-73.997178,2019,2019,1,7,6,12,7,lifetime_aggregate,21,142.54683681781157,1
nyc,3782.03,Carroll St & Utica Ave,15998,8063,7935,15998,40.66619,-73.93162,2023,2025,2,12,2,12,35,lifetime_aggregate,90,562.5703212901614,1
nyc,3783,Cliff St & Fulton St,37685,18581,19104,37685,40.70838,-74.00495,2019,2019,1,7,6,12,7,lifetime_aggregate,38,100.8358763433727,1
nyc,3785,W 42 St & 6 Ave,940,458,482,940,40.75492,-73.98455,2019,2019,1,1,12,12,1,lifetime_aggregate,135,14361.702127659575,1
nyc,3787,Dock 72 Way & Market St,8297,4118,4179,8297,40.69985,-73.97141,2019,2019,1,8,5,12,8,lifetime_aggregate,2,24.10509822827528,1
nyc,3788,E 12 St & 4 Av,63596,31655,31941,63596,40.73269,-73.98974,2019,2019,1,8,5,12,8,lifetime_aggregate,68,106.92496383420341,1
nyc,3789,Fulton St & Irving Pl,9216,4644,4572,9216,40.68186,-73.959432,2019,2019,1,6,7,12,6,lifetime_aggregate,33,358.07291666666663,1
nyc,379,W 31 St & 7 Ave,172657,86406,86251,172657,40.749156,-73.9916,2019,2019,1,12,1,12,12,lifetime_aggregate,119,68.92277753001616,1
nyc,3790,Henry St & Middagh St,20387,10233,10154,20387,40.7003,-73.991581,2019,2019,1,8,5,12,8,lifetime_aggregate,127,622.9459949968117,1
nyc,3791.02,Albany Ave & Carroll St,28232,14262,13970,28232,40.6667,-73.93972,2023,2025,2,12,2,12,35,lifetime_aggregate,27,95.63615755171436,1
nyc,3793,Stuyvesant Walk & 1 Av Loop,7088,3523,3565,7088,40.73233977715105,-73.97898383438587,2019,2019,1,7,6,12,7,lifetime_aggregate,0,0.0,1
nyc,3795,10 St & 2 Ave,3912,1940,1972,3912,40.671907,-73.993612,2019,2019,1,7,6,12,7,lifetime_aggregate,31,792.4335378323108,1
nyc,3798,W 40 St & 5 Ave,39022,19697,19325,39022,40.752269,-73.982079,2019,2019,1,6,7,12,6,lifetime_aggregate,75,192.19927220542257,1
nyc,3799,6 Ave & W 34 St,40259,20269,19990,40259,40.74964,-73.98805,2019,2019,1,6,7,12,6,lifetime_aggregate,114,283.1664969323629,1
nyc,380,W 4 St & 7 Ave S,129136,64229,64907,129136,40.73401143,-74.00293877,2019,2019,1,12,1,12,12,lifetime_aggregate,72,55.75517284103581,1
nyc,3800.07,New York Ave & Montgomery St,1067,533,534,1067,40.66509,-73.94824,2023,2023,1,3,5,7,3,lifetime_aggregate,27,2530.4592314901593,1
nyc,3803,Bedford Ave & Montgomery St,2509,1244,1265,2509,40.665816,-73.956934,2019,2019,1,5,8,12,5,lifetime_aggregate,49,1952.9693104822638,1
nyc,3803.05,6 Ave & 12 St,89432,44600,44832,89432,40.666318067924855,-73.98546178762594,2020,2025,3,12,1,12,72,lifetime_aggregate,25,27.95419983898381,1
nyc,3803.09,6 Ave & 9 St,158052,78895,79157,158052,40.668127,-73.98377627779936,2020,2025,3,12,1,12,72,lifetime_aggregate,23,14.552172702654822,1
nyc,3804,Front St & Jay St,16443,8246,8197,16443,40.702461,-73.986842,2019,2019,1,5,8,12,5,lifetime_aggregate,36,218.93814997263274,1
nyc,3805,E 80 St & Park Ave,3970,2016,1954,3970,40.776173,-73.959757,2019,2019,1,3,9,11,3,lifetime_aggregate,51,1284.6347607052896,1
nyc,3809,W 55 St & 6 Ave,30542,15390,15152,30542,40.7631914,-73.97843879999999,2019,2019,1,5,8,12,5,lifetime_aggregate,107,350.33724052124944,1
nyc,3810,Central Park West & W 82 St,21544,11495,10049,21544,40.782593,-73.971211,2019,2019,1,5,8,12,5,lifetime_aggregate,84,389.89974006683997,1
nyc,3811,27 Ave & 3 St,1363,677,686,1363,40.77485,-73.9342,2019,2019,1,4,9,12,4,lifetime_aggregate,18,1320.6162876008805,1
nyc,3811.05,16 St & 4 Ave,23499,11541,11958,23499,40.666197,-73.992466,2023,2025,2,12,10,12,27,lifetime_aggregate,124,527.6820290225116,1
nyc,3811.05,16th St & 4th Ave,10430,5105,5325,10430,40.666197,-73.992466,2023,2023,1,10,1,10,10,lifetime_aggregate,124,1188.8782358581016,1
nyc,3812,University Pl & E 14 St,49993,24471,25522,49993,40.734814,-73.992085,2019,2019,1,4,9,12,4,lifetime_aggregate,53,106.0148420778909,1
nyc,3814,E 56 St & Madison Ave,3109,1554,1555,3109,40.761573,-73.972628,2019,2019,1,2,11,12,2,lifetime_aggregate,91,2926.9861691862334,1
nyc,3814.01,Buffalo Ave & E New York Ave,18660,9348,9312,18660,40.66591,-73.92602,2023,2025,2,12,1,12,36,lifetime_aggregate,79,423.3654876741694,1
nyc,3815,E 51 St & 2 Ave,8548,4261,4287,8548,40.755293,-73.967641,2019,2019,1,3,10,12,3,lifetime_aggregate,109,1275.1520823584463,1
nyc,3816,Metropolitan Ave & Vandervoort Ave,257,139,118,257,40.71429,-73.93323,2019,2019,1,4,9,12,4,lifetime_aggregate,56,21789.883268482492,1
nyc,3817,Withers St & Kingsland Ave,1538,769,769,1538,40.71773,-73.94051,2019,2019,1,4,9,12,4,lifetime_aggregate,18,1170.3511053315995,1
nyc,3818,Calyer St & Jewel St,1675,814,861,1675,40.72984,-73.94839,2019,2019,1,4,9,12,4,lifetime_aggregate,5,298.5074626865672,1
nyc,3819,Green St & McGuinness Blvd,1055,529,526,1055,40.73396,-73.95204,2019,2019,1,4,9,12,4,lifetime_aggregate,67,6350.710900473934,1
nyc,382,University Pl & E 14 St,94582,47009,47573,94582,40.73492695,-73.99200509,2019,2019,1,8,1,8,8,lifetime_aggregate,52,54.9787485990992,1
nyc,382,University Pl & E 14 St (old),2,0,2,2,40.73492695,-73.99200509,2019,2019,1,1,9,9,1,lifetime_aggregate,52,2600000.0,1
nyc,3820,Willoughby Ave & Myrtle Ave,1802,905,897,1802,40.69757,-73.93098,2019,2019,1,4,9,12,4,lifetime_aggregate,45,2497.225305216426,1
nyc,3821,Evergreen Ave & Noll St,883,445,438,883,40.70106,-73.93318,2019,2019,1,4,9,12,4,lifetime_aggregate,11,1245.753114382786,1
nyc,3822,Bushwick Ave & Forrest St,829,415,414,829,40.70076,-73.93641,2019,2019,1,4,9,12,4,lifetime_aggregate,65,7840.772014475271,1
nyc,3822.08,Schenectady Ave & President St,22175,11489,10686,22175,40.66732,-73.93398,2023,2025,2,12,2,12,35,lifetime_aggregate,51,229.98872604284102,1
nyc,3823,Beaver St & Fayette St,1804,898,906,1804,40.70099,-73.93921,2019,2019,1,4,9,12,4,lifetime_aggregate,54,2993.348115299335,1
nyc,3824,Van Sinderen Ave & Truxton St,126,63,63,126,40.6786,-73.90369,2019,2019,1,2,11,12,2,lifetime_aggregate,54,42857.142857142855,1
nyc,3825,Broadway & Furman Ave,54,26,28,54,40.68139,-73.90756,2019,2019,1,2,11,12,2,lifetime_aggregate,36,66666.66666666666,1
nyc,3826,Moffat St & Bushwick,241,124,117,241,40.68458,-73.90925,2019,2019,1,3,10,12,3,lifetime_aggregate,98,40663.90041493776,1
nyc,3827,Halsey St & Broadway,583,293,290,583,40.68565,-73.91564,2019,2019,1,3,10,12,3,lifetime_aggregate,76,13036.020583190395,1
nyc,3828,Eldert St & Bushwick Ave,364,179,185,364,40.68652,-73.91321,2019,2019,1,3,10,12,3,lifetime_aggregate,106,29120.879120879123,1
nyc,3829,Central Ave & Decatur St,203,102,101,203,40.6882,-73.90798,2019,2019,1,3,10,12,3,lifetime_aggregate,54,26600.985221674877,1
nyc,383,Greenwich Ave & Charles St,94265,46870,47395,94265,40.735238,-74.000271,2019,2019,1,12,1,12,12,lifetime_aggregate,29,30.76433458865963,1
nyc,3830,Halsey St & Evergreen Ave,143,67,76,143,40.68858,-73.91227,2019,2019,1,2,11,12,2,lifetime_aggregate,48,33566.43356643357,1
nyc,3831,Broadway & Hancock St,210,111,99,210,40.68663,-73.9168,2019,2019,1,2,11,12,2,lifetime_aggregate,45,21428.571428571428,1
nyc,3831.03,Kingston Ave & Carroll St,36909,18818,18091,36909,40.66688,-73.9425,2023,2025,2,12,2,12,35,lifetime_aggregate,30,81.28098837681866,1
nyc,3832,Central Ave & Weirfield St,317,157,160,317,40.69055,-73.91181,2019,2019,1,2,11,12,2,lifetime_aggregate,69,21766.561514195586,1
nyc,3833,Madison St & Evergreen Ave,266,134,132,266,40.69122,-73.91693,2019,2019,1,3,10,12,3,lifetime_aggregate,34,12781.954887218044,1
nyc,3834,Irving Ave & Halsey St,582,290,292,582,40.69467,-73.90663,2019,2019,1,3,10,12,3,lifetime_aggregate,52,8934.707903780069,1
nyc,3834.1,6 St & 7 Ave,27550,11543,16007,27550,40.66866270005958,-73.97988067006554,2023,2025,2,12,1,11,35,lifetime_aggregate,69,250.45372050816698,1
nyc,3834.10,6 St & 7 Ave,105603,54958,50645,105603,40.66866279265577,-73.97988077244617,2020,2025,3,12,1,12,72,lifetime_aggregate,69,65.33905286781625,1
nyc,3835,Knickerbocker Ave & Hancock St,255,126,129,255,40.69385,-73.90974,2019,2019,1,2,11,12,2,lifetime_aggregate,61,23921.568627450983,1
nyc,3836,Bushwick Ave & Linden St,425,213,212,425,40.69146,-73.92146,2019,2019,1,3,10,12,3,lifetime_aggregate,109,25647.058823529413,1
nyc,3837,Broadway & Kosciuszko St,813,404,409,813,40.69329,-73.92852,2019,2019,1,3,10,12,3,lifetime_aggregate,41,5043.050430504305,1
nyc,3838,Bushwick Ave & Harman St,583,291,292,583,40.69356,-73.92524,2019,2019,1,3,10,12,3,lifetime_aggregate,79,13550.600343053173,1
nyc,3839,Putnam Ave & Knickerbocker Ave,605,306,299,605,40.69545,-73.91164,2019,2019,1,3,10,12,3,lifetime_aggregate,56,9256.198347107438,1
nyc,3839.02,President St & Nostrand Ave,38178,20598,17580,38178,40.66811,-73.9505,2023,2025,2,12,4,12,33,lifetime_aggregate,42,110.01100110011001,1
nyc,3840,Putnam Ave & Wyckoff Ave,885,459,426,885,40.69811000000001,-73.90904,2019,2019,1,3,10,12,3,lifetime_aggregate,34,3841.80790960452,1
nyc,3841,Menahan St & Central Ave,351,172,179,351,40.695429999999995,-73.9196,2019,2019,1,3,10,12,3,lifetime_aggregate,35,9971.509971509971,1
nyc,3842,Bushwick Ave & Dekalb Ave,1517,756,761,1517,40.69502,-73.92825,2019,2019,1,4,9,12,4,lifetime_aggregate,69,4548.450889914305,1
nyc,3842.08,10 St & 5 Ave,84955,42343,42612,84955,40.668627202959925,-73.98700067550985,2020,2025,3,12,1,12,72,lifetime_aggregate,69,81.21946913071626,1
nyc,3843,Myrtle Ave & Grove St,652,325,327,652,40.69905,-73.91516,2019,2019,1,3,10,12,3,lifetime_aggregate,103,15797.546012269939,1
nyc,3844,Myrtle Ave & Linden St,940,477,463,940,40.69943,-73.91337,2019,2019,1,3,10,12,3,lifetime_aggregate,96,10212.765957446807,1
nyc,3845,Irving Ave & Harman St,725,360,365,725,40.70108,-73.9179,2019,2019,1,3,10,12,3,lifetime_aggregate,56,7724.137931034483,1
nyc,3845.05,Eastern Pkwy & Ralph Ave,8045,4033,4012,8045,40.66852,-73.92284,2023,2025,2,12,1,12,36,lifetime_aggregate,76,944.686140459913,1
nyc,3846,Central Ave & Himrod St,418,206,212,418,40.69676,-73.92302,2019,2019,1,3,10,12,3,lifetime_aggregate,55,13157.894736842105,1
nyc,3847,Cedar St & Evergreen Ave,315,159,156,315,40.69671,-73.92807,2019,2019,1,3,10,12,3,lifetime_aggregate,52,16507.93650793651,1
nyc,3847.04,Carroll St & Franklin Ave,41701,20869,20832,41701,40.66794106843729,-73.9588,2020,2025,3,12,1,12,72,lifetime_aggregate,41,98.31898515623126,1
nyc,3848,Suydam St & Broadway,1134,567,567,1134,40.69544,-73.93223,2019,2019,1,3,10,12,3,lifetime_aggregate,71,6261.022927689594,1
nyc,3849,Suydam St & St. Nicholas Ave,403,198,205,403,40.70636,-73.91945,2019,2019,1,3,10,12,3,lifetime_aggregate,26,6451.612903225806,1
nyc,385,E 55 St & 2 Ave,61679,30803,30876,61679,40.75797322,-73.96603308,2019,2019,1,11,1,12,12,lifetime_aggregate,96,155.6445467663224,1
nyc,3850,Jefferson St & Cypress Ave,1072,534,538,1072,40.70907,-73.92157,2019,2019,1,3,10,12,3,lifetime_aggregate,81,7555.970149253731,1
nyc,3850.03,3 Ave & 14 St,44500,21902,22598,44500,40.668545651367005,-73.99333274663694,2020,2025,3,12,1,12,72,lifetime_aggregate,69,155.0561797752809,1
nyc,3851,Metropolitan Ave & Stewart Ave,317,158,159,317,40.71401,-73.92793,2019,2019,1,3,10,12,3,lifetime_aggregate,41,12933.753943217665,1
nyc,3852,Stewart Ave & Johnson Ave,553,272,281,553,40.70869,-73.92587,2019,2019,1,3,10,12,3,lifetime_aggregate,49,8860.759493670887,1
nyc,3853,Harrison Pl & Porter Ave,754,369,385,754,40.70686,-73.92851,2019,2019,1,4,9,12,4,lifetime_aggregate,28,3713.527851458886,1
nyc,3853.02,Eastern Pkwy & Rochester Ave,19071,9718,9353,19071,40.66846,-73.9282,2023,2025,2,12,1,12,36,lifetime_aggregate,126,660.6890042472864,1
nyc,3854,Morgan Ave & Maspeth Ave,554,281,273,554,40.71665414347826,-73.93636404347825,2019,2019,1,4,9,12,4,lifetime_aggregate,24,4332.129963898917,1
nyc,3855,Frost St & Debevoise Ave,599,299,300,599,40.71882,-73.93948,2019,2019,1,3,10,12,3,lifetime_aggregate,26,4340.567612687813,1
nyc,3856,Kingsland Ave & Nassau Ave,3888,1942,1946,3888,40.72577,-73.94173,2019,2019,1,3,10,12,3,lifetime_aggregate,30,771.6049382716049,1
nyc,3856.03,Flatbush Ave & Eastern Pkwy,19809,10510,9299,19809,40.668757,-73.966438,2023,2025,2,12,1,12,36,lifetime_aggregate,0,0.0,1
nyc,3857,Engert Ave & McGuinness Blvd,1525,766,759,1525,40.72158000000001,-73.94546,2019,2019,1,3,10,12,3,lifetime_aggregate,44,2885.245901639344,1
nyc,3858,Kent St & McGuinness Blvd,1345,666,679,1345,40.73124,-73.95161,2019,2019,1,4,9,12,4,lifetime_aggregate,84,6245.353159851301,1
nyc,3859,Lorimer St & Calyer St,388,203,185,388,40.72795,-73.95414,2019,2019,1,1,12,12,1,lifetime_aggregate,45,11597.938144329897,1
nyc,386,Centre St & Worth St,49451,24496,24955,49451,40.71494807,-74.00234482,2019,2019,1,12,1,12,12,lifetime_aggregate,46,93.02137469414167,1
nyc,3860,Wilson Ave & Troutman St,929,468,461,929,40.70166,-73.92754,2019,2019,1,3,10,12,3,lifetime_aggregate,69,7427.341227125941,1
nyc,3861,Menahan St & Wyckoff Ave,571,283,288,571,40.70113,-73.91422,2019,2019,1,3,10,12,3,lifetime_aggregate,62,10858.143607705779,1
nyc,3862,Linden St & Knickerbocker Ave,305,151,154,305,40.69714,-73.91566,2019,2019,1,3,10,12,3,lifetime_aggregate,67,21967.213114754097,1
nyc,3862.07,Eastern Pkwy & Troy Ave,29317,15987,13330,29317,40.66929,-73.93679,2023,2025,2,12,1,12,36,lifetime_aggregate,100,341.0990210458096,1
nyc,3863,Central Ave & Woodbine St,565,275,290,565,40.69296,-73.91605,2019,2019,1,3,10,12,3,lifetime_aggregate,33,5840.70796460177,1
nyc,3864,Central Ave & Covert St,316,153,163,316,40.68929,-73.90951,2019,2019,1,3,10,12,3,lifetime_aggregate,43,13607.594936708861,1
nyc,3865,Knickerbocker Ave & Cooper St,422,205,217,422,40.69081,-73.90448,2019,2019,1,3,10,12,3,lifetime_aggregate,55,13033.175355450237,1
nyc,3865.05,3 St & Prospect Park West,210813,106395,104418,210813,40.668132,-73.97363820918267,2020,2025,3,12,1,12,72,lifetime_aggregate,19,9.012726919117892,1
nyc,3866,Wilson Ave & Moffat St,391,191,200,391,40.68906,-73.90506,2019,2019,1,2,11,12,2,lifetime_aggregate,28,7161.125319693095,1
nyc,3867,Somers St & Broadway,16,8,8,16,40.67945,-73.90474,2019,2019,1,2,11,12,2,lifetime_aggregate,86,537500.0,1
nyc,3868,Knickerbocker Ave & Halsey St,340,168,172,340,40.693,-73.90824,2019,2019,1,3,10,12,3,lifetime_aggregate,71,20882.352941176472,1
nyc,3869,Van Buren St & Broadway,527,261,266,527,40.692,-73.92617,2019,2019,1,3,10,12,3,lifetime_aggregate,39,7400.379506641367,1
nyc,387,Centre St & Chambers St,123079,61517,61562,123079,40.71273266,-74.0046073,2019,2019,1,12,1,12,12,lifetime_aggregate,93,75.56122490432973,1
nyc,3870,Melrose St & Broadway,1179,605,574,1179,40.697481,-73.935877,2019,2019,1,3,10,12,3,lifetime_aggregate,196,16624.25784563189,1
nyc,3871,Bushwick Ave & Furman Ave,90,45,45,90,40.68281,-73.90623,2019,2019,1,2,11,12,2,lifetime_aggregate,90,100000.0,1
nyc,3871.02,Eastern Pkwy & Brooklyn Ave,40910,20531,20379,40910,40.66939,-73.94514,2023,2025,2,12,2,12,35,lifetime_aggregate,100,244.4390124663896,1
nyc,3872,Hancock St & Wyckoff Ave,49,29,20,49,40.6972,-73.90674,2019,2019,1,2,11,12,2,lifetime_aggregate,51,104081.63265306123,1
nyc,3873,Madison St & Cypress Ave,94,46,48,94,40.70067999999999,-73.90742,2019,2019,1,2,11,12,2,lifetime_aggregate,69,73404.25531914894,1
nyc,3874,Menahan St & Seneca Ave,81,40,41,81,40.70461,-73.91054,2019,2019,1,2,11,12,2,lifetime_aggregate,29,35802.469135802465,1
nyc,3874.01,5 St & 6 Ave,70880,35388,35492,70880,40.67048372470833,-73.98208977864739,2020,2025,3,12,1,12,72,lifetime_aggregate,20,28.21670428893905,1
nyc,3875,Stephen St & Seneca Ave,58,26,32,58,40.6988,-73.9007,2019,2019,1,2,11,12,2,lifetime_aggregate,31,53448.275862068964,1
nyc,3876,Forest Ave & Summerfield St,145,71,74,145,40.69922,-73.89795,2019,2019,1,2,11,12,2,lifetime_aggregate,39,26896.551724137928,1
nyc,3877,Madison St & Forest Ave,85,41,44,85,40.70555,-73.90245,2019,2019,1,1,12,12,1,lifetime_aggregate,32,37647.05882352941,1
nyc,3877.04,Pitkin Ave & Grafton St,6536,3281,3255,6536,40.66852000000001,-73.91908,2023,2025,2,12,12,12,25,lifetime_aggregate,101,1545.2876376988984,1
nyc,3878,Cypress Ave & George St,83,38,45,83,40.69812,-73.90271,2019,2019,1,2,11,12,2,lifetime_aggregate,53,63855.42168674698,1
nyc,3879,Broadway & Madison St,410,199,211,410,40.68822,-73.91966,2019,2019,1,3,10,12,3,lifetime_aggregate,35,8536.58536585366,1
nyc,3879.04,Union St & Bedford Ave,81825,41169,40656,81825,40.66917820626964,-73.9554161375131,2020,2025,3,12,1,12,72,lifetime_aggregate,35,42.77421326000611,1
nyc,388,W 26 St & 10 Ave,106567,52747,53820,106567,40.749717753,-74.002950346,2019,2019,1,12,1,12,12,lifetime_aggregate,78,73.19339007385025,1
nyc,3880,Willoughby Ave & Onderdonk Ave,75,37,38,75,40.7098,-73.91727,2019,2019,1,2,11,12,2,lifetime_aggregate,20,26666.666666666668,1
nyc,3881,12 Ave & W 125 St,1717,827,890,1717,40.818299,-73.960405,2019,2019,1,3,10,12,3,lifetime_aggregate,204,11881.18811881188,1
nyc,3882,Norman St & Wyckoff Ave,224,109,115,224,40.69517,-73.90311,2019,2019,1,2,11,12,2,lifetime_aggregate,44,19642.85714285714,1
nyc,3882.01,12 St & 4 Ave,58787,29303,29484,58787,40.668603,-73.9904392715339,2020,2025,3,12,1,12,72,lifetime_aggregate,45,76.54753601986835,1
nyc,3882.05,10 St & 4 Ave,23133,11476,11657,23133,40.6696922181266,-73.98904685144049,2023,2023,1,8,5,12,8,lifetime_aggregate,68,293.95236242597156,1
nyc,3883,Harman St & Seneca Ave,183,97,86,183,40.70577,-73.91292,2019,2019,1,2,11,12,2,lifetime_aggregate,28,15300.546448087433,1
nyc,3884,Centre St & Seneca Ave,20,10,10,20,40.69969,-73.9022,2019,2019,1,1,12,12,1,lifetime_aggregate,43,215000.0,1
nyc,3885,Onderdonk Ave & Gates Ave,116,57,59,116,40.70413,-73.90737,2019,2019,1,2,11,12,2,lifetime_aggregate,46,39655.1724137931,1
nyc,3885.06,Buffalo Ave & St John's Pl,5611,2941,2670,5611,40.67015,-73.92538,2023,2025,2,12,10,12,27,lifetime_aggregate,50,891.1067545891998,1
nyc,3885.06,Buffalo Ave & St Johns Pl,2199,1102,1097,2199,40.67015,-73.92538,2023,2023,1,10,1,10,10,lifetime_aggregate,50,2273.7608003638015,1
nyc,3886,Menahan St & Onderdonk Ave,70,40,30,70,40.70553,-73.9096,2019,2019,1,2,11,12,2,lifetime_aggregate,22,31428.571428571428,1
nyc,3887,Flushing Ave & Woodward Ave,86,45,41,86,40.71246,-73.91873,2019,2019,1,2,11,12,2,lifetime_aggregate,45,52325.58139534884,1
nyc,3887.03,Carroll St & Washington Ave,45709,23384,22325,45709,40.6686742740055,-73.9618148516651,2020,2025,3,12,1,12,72,lifetime_aggregate,22,48.130565096589294,1
nyc,3888,Woodward Ave & Harman St,121,59,62,121,40.70793,-73.91092,2019,2019,1,1,12,12,1,lifetime_aggregate,28,23140.495867768597,1
nyc,389,Broadway & Berry St,53248,26842,26406,53248,40.71044554,-73.96525063,2019,2019,1,12,1,12,12,lifetime_aggregate,28,52.58413461538461,1
nyc,3890,Grove St & Broadway,767,405,362,767,40.69047,-73.923511,2019,2019,1,3,10,12,3,lifetime_aggregate,82,10691.003911342894,1
nyc,3891,Irving Ave & Palmetto St,431,213,218,431,40.698,-73.9127,2019,2019,1,3,10,12,3,lifetime_aggregate,59,13689.09512761021,1
nyc,3892,38 Ave & 29 St,574,284,290,574,40.75473,-73.93367,2019,2019,1,2,11,12,2,lifetime_aggregate,21,3658.5365853658536,1
nyc,3893,Rockaway Ave & Bainbridge St,225,109,116,225,40.68319988172761,-73.91166642308235,2019,2019,1,2,11,12,2,lifetime_aggregate,68,30222.222222222223,1
nyc,3893.03,Eastern Pkwy & Schenectady Ave,33232,16998,16234,33232,40.66876,-73.93376,2023,2025,2,12,2,12,35,lifetime_aggregate,165,496.50938854116515,1
nyc,3895,Cypress Ave & Palmetto St,108,53,55,108,40.70157340873793,-73.90876293182373,2019,2019,1,2,11,12,2,lifetime_aggregate,58,53703.70370370371,1
nyc,3896,Madison St & Seneca Ave,108,64,44,108,40.70183,-73.90625,2019,2019,1,2,11,12,2,lifetime_aggregate,30,27777.777777777777,1
nyc,3897,Onderdonk Ave & Dekalb Ave,29,16,13,29,40.70863,-73.91497,2019,2019,1,1,12,12,1,lifetime_aggregate,16,55172.41379310345,1
nyc,3898,E 63 St & 3 Ave,2407,1264,1143,2407,40.763954,-73.9646,2019,2019,1,2,11,12,2,lifetime_aggregate,99,4113.003739094309,1
nyc,3899,Manhattan Av & Leonard St,456,227,229,456,40.72084,-73.94844,2019,2019,1,2,11,12,2,lifetime_aggregate,11,2412.280701754386,1
nyc,390,Duffield St & Willoughby St,40211,20018,20193,40211,40.69221589,-73.9842844,2019,2019,1,12,1,12,12,lifetime_aggregate,62,154.18666534032977,1
nyc,3900,Morgan Ave & Lombardy St,321,166,155,321,40.72226,-73.93889,2019,2019,1,2,11,12,2,lifetime_aggregate,46,14330.218068535823,1
nyc,3901,Stanhope St & Fairview Ave,109,65,44,109,40.70998,-73.91116,2019,2019,1,2,11,12,2,lifetime_aggregate,10,9174.311926605506,1
nyc,3902,Fairview Ave & Linden St,19,8,11,19,40.70694,-73.90632,2019,2019,1,1,12,12,1,lifetime_aggregate,24,126315.7894736842,1
nyc,3902.06,Eastern Pkwy & Kingston Ave,103846,53972,49874,103846,40.66959,-73.94237,2023,2025,2,12,1,12,36,lifetime_aggregate,122,117.48165552837855,1
nyc,3903,Jefferson Ave & Evergreen Ave,90,42,48,90,40.68989,-73.91458,2019,2019,1,2,11,12,2,lifetime_aggregate,34,37777.777777777774,1
nyc,3905.15,3 St & 7 Ave,173509,87042,86467,173509,40.670383789848756,-73.97839683047988,2020,2025,3,12,1,12,72,lifetime_aggregate,27,15.561152447423476,1
nyc,3907,Central Ave & Melrose St,84,49,35,84,40.70112,-73.93039,2019,2019,1,1,12,12,1,lifetime_aggregate,27,32142.857142857145,1
nyc,3908,Battery Pl & Greenwich St,3262,1592,1670,3262,40.70463,-74.01507,2019,2019,1,2,11,12,2,lifetime_aggregate,49,1502.145922746781,1
nyc,3909,Madison St & Woodward Ave,12,6,6,12,40.70408,-73.90408,2019,2019,1,1,12,12,1,lifetime_aggregate,31,258333.33333333334,1
nyc,391,Clark St & Henry St,57294,30485,26809,57294,40.69760129420947,-73.9934455022289,2019,2019,1,12,1,12,12,lifetime_aggregate,30,52.36150382238977,1
nyc,3910,Greene Ave & Grandview Ave,64,30,34,64,40.709697,-73.907856,2019,2019,1,1,12,12,1,lifetime_aggregate,17,26562.5,1
nyc,3911,Wyckoff St & Nevins St,82,30,52,82,40.683426,-73.984275,2019,2019,1,1,12,12,1,lifetime_aggregate,35,42682.92682926829,1
nyc,3911.05,Eastern Pkwy & Nostrand Ave,44931,24177,20754,44931,40.66967,-73.9503,2023,2025,2,12,2,12,35,lifetime_aggregate,112,249.27110458258218,1
nyc,3914.02,7 St & 5 Ave,91949,45861,46088,91949,40.67049213560378,-73.9854168231886,2020,2025,3,12,1,12,72,lifetime_aggregate,46,50.02773276490228,1
nyc,3917.03,St Johns Pl & Howard Ave,7329,3688,3641,7329,40.66992,-73.92002,2023,2025,2,12,1,12,36,lifetime_aggregate,199,2715.2408241233456,1
nyc,3919.07,Eastern Pkwy & Franklin Ave,98717,50563,48154,98717,40.670776823254776,-73.95768005242174,2020,2023,2,12,1,12,48,lifetime_aggregate,109,110.41664556256774,1
nyc,3919.07,Eastern Pkwy & Franklin Ave (NE Corner),74294,38756,35538,74294,40.6707767,-73.9576801,2023,2025,2,12,12,12,25,lifetime_aggregate,109,146.71440493175763,1
nyc,3919.12,Eastern Pkwy & Franklin Ave (SW Corner),34684,17663,17021,34684,40.670529,-73.958222,2023,2025,2,12,12,12,25,lifetime_aggregate,95,273.90151078307,1
nyc,392,Jay St & Tech Pl,50465,25008,25457,50465,40.695065,-73.987167,2019,2019,1,12,1,12,12,lifetime_aggregate,31,61.42871296938472,1
nyc,3922.02,10 St & 2 Ave,49187,24517,24670,49187,40.671907,-73.993612,2020,2025,3,12,1,12,72,lifetime_aggregate,31,63.024782971110255,1
nyc,3925.03,Sterling Pl & Rochester Ave,9091,4913,4178,9091,40.67128,-73.92825,2023,2025,2,12,1,12,36,lifetime_aggregate,91,1000.989990100099,1
nyc,3928.08,Eastern Pkwy & Washington Ave,114782,60315,54467,114782,40.6716492048913,-73.963114646984,2020,2025,3,12,1,12,72,lifetime_aggregate,82,71.43977278667387,1
nyc,393,E 5 St & Avenue C,57098,29072,28026,57098,40.72299208,-73.97995466,2019,2019,1,12,1,12,12,lifetime_aggregate,26,45.53574556026481,1
nyc,3931.09,Bay St & Court St,15623,7432,8191,15623,40.671409,-74.001328,2023,2025,2,12,1,12,36,lifetime_aggregate,8,51.20655443896819,1
nyc,3934.06,Sterling Pl & Schenectady Ave,14415,7622,6793,14415,40.6716,-73.93378,2023,2025,2,12,1,12,36,lifetime_aggregate,73,506.4169268123482,1
nyc,3934.07,Troy Ave & Park Pl,19277,10007,9270,19277,40.67251,-73.93642,2023,2025,2,12,1,12,36,lifetime_aggregate,55,285.31410489184003,1
nyc,394,E 9 St & Avenue C,91853,47620,44233,91853,40.72521311,-73.97768752,2019,2019,1,12,1,12,12,lifetime_aggregate,39,42.45914668002134,1
nyc,3940.04,Sigourney St & Columbia St,38928,18859,20069,38928,40.672672294243945,-74.00879516706802,2020,2025,3,12,1,12,72,lifetime_aggregate,14,35.963830661734484,1
nyc,3943.03,St Johns Pl & Kingston Ave,28196,14322,13874,28196,40.67113,-73.94222,2023,2025,2,12,10,12,27,lifetime_aggregate,41,145.4106965527025,1
nyc,3943.03,St. Johns Pl & Kingston Ave,11501,5825,5676,11501,40.67113,-73.94222,2023,2023,1,10,1,10,10,lifetime_aggregate,41,356.49073993565776,1
nyc,3946.07,1 St & 6 Ave,76493,38346,38147,76493,40.672784,-73.979826,2023,2025,2,12,1,12,36,lifetime_aggregate,17,22.224255814257514,1
nyc,3950.03,Park Pl & Thomas S. Boyland St,11520,5833,5687,11520,40.67154,-73.91433,2023,2025,2,12,1,12,36,lifetime_aggregate,117,1015.625,1
nyc,3952.07,Lincoln Pl & Nostrand Ave,51295,26855,24440,51295,40.67077,-73.9507,2023,2025,2,12,1,12,36,lifetime_aggregate,23,44.83867823374598,1
nyc,3955.05,4 Ave & 9 St,75495,37243,38252,75495,40.670513705344135,-73.98876590502901,2020,2025,3,12,1,12,72,lifetime_aggregate,62,82.12464401616,1
nyc,3958.02,Sterling Pl & Ralph Ave,6771,3417,3354,6771,40.67095,-73.92222,2023,2025,2,12,1,12,36,lifetime_aggregate,70,1033.8207059518534,1
nyc,396,Lefferts Pl & Franklin Ave,16393,8408,7985,16393,40.680342423,-73.9557689392,2019,2019,1,12,1,12,12,lifetime_aggregate,72,439.21185872018543,1
nyc,3960.01,Lincoln Pl & Classon Ave,74167,38624,35543,74167,40.672168205815396,-73.9609,2020,2025,3,12,1,12,72,lifetime_aggregate,45,60.67388461175455,1
nyc,3966.01,St Johns Pl & Utica Ave,24330,12464,11866,24330,40.6705,-73.9308,2023,2025,2,12,1,12,36,lifetime_aggregate,112,460.33703247020145,1
nyc,3966.03,Park Pl & Utica Ave,14970,7662,7308,14970,40.67242,-73.93094,2023,2025,2,12,1,12,36,lifetime_aggregate,64,427.52171008684036,1
nyc,397,Fulton St & Clermont Ave,16626,8676,7950,16626,40.68415748,-73.96922273,2019,2019,1,12,1,12,12,lifetime_aggregate,41,246.60170816792976,1
nyc,3972.08,Henry St & Bay St,23966,11678,12288,23966,40.67250585675245,-74.00494695840901,2020,2025,3,12,1,12,72,lifetime_aggregate,6,25.0354669114579,1
nyc,3975.02,Albany Ave & Park Pl,22553,11549,11004,22553,40.67297,-73.93896,2023,2025,2,12,1,12,36,lifetime_aggregate,40,177.35999645280006,1
nyc,3978.13,Garfield Pl & 8 Ave,126931,63595,63336,126931,40.671197858733244,-73.97484117337679,2020,2025,3,12,1,11,71,lifetime_aggregate,21,16.544421772459053,1
nyc,398,Atlantic Ave & Furman St,52843,25858,26985,52843,40.69165183,-73.9999786,2019,2019,1,12,1,12,12,lifetime_aggregate,341,645.3077985731318,1
nyc,3981.1,Dwight St & Van Dyke St,2246,1999,247,2246,40.67363551895477,-74.01195556427155,2023,2025,2,11,1,8,32,lifetime_aggregate,4,178.09439002671417,1
nyc,3981.10,Dwight St & Van Dyke St,27140,11913,15227,27140,40.673635662991316,-74.01195569408837,2020,2025,3,12,1,12,72,lifetime_aggregate,4,14.738393515106853,1
nyc,3982.01,Eastern Pkwy & St Marks Ave,4284,2129,2155,4284,40.67319,-73.91083,2025,2025,1,12,1,12,12,lifetime_aggregate,122,2847.8057889822594,1
nyc,3982.01,Eastern Pkwy\t& St Marks Ave,342,172,170,342,40.67319,-73.91083,2023,2023,1,3,10,12,3,lifetime_aggregate,122,35672.51461988304,1
nyc,3984.02,Sterling Pl & New York Ave,56897,30204,26693,56897,40.67234,-73.94763,2023,2025,2,12,1,12,36,lifetime_aggregate,29,50.96929539343024,1
nyc,3987.06,5 Ave & 3 St,163272,81357,81915,163272,40.672815654965895,-73.98352368879415,2020,2025,3,12,1,12,72,lifetime_aggregate,33,20.21167132147582,1
nyc,399,Lafayette Ave & St James Pl,36561,19479,17082,36561,40.68851534,-73.9647628,2019,2019,1,12,1,12,12,lifetime_aggregate,53,144.9632121659692,1
nyc,3991.04,Prospect Pl & Howard Ave,6880,3527,3353,6880,40.67261,-73.91977,2023,2025,2,12,1,12,36,lifetime_aggregate,29,421.5116279069768,1
nyc,3993.03,Sterling Pl & Bedford Ave,102601,52114,50487,102601,40.672695,-73.954131,2020,2025,3,12,1,12,72,lifetime_aggregate,51,49.7071178643483,1
nyc,3996.01,7 St & 3 Ave,73459,36448,37011,73459,40.672602981993364,-73.98983001155672,2020,2025,3,12,1,12,72,lifetime_aggregate,50,68.06517921561688,1
nyc,3999.06,Park Pl & Buffalo Ave,9640,4910,4730,9640,40.67202,-73.92539,2023,2025,2,12,1,12,36,lifetime_aggregate,53,549.792531120332,1
nyc,400,Pitt St & Stanton St,18614,9299,9315,18614,40.71926081,-73.98178024,2019,2019,1,12,1,12,12,lifetime_aggregate,16,85.95680670463092,1
nyc,4001.09,St Johns Pl & Washington Ave,128510,65413,63097,128510,40.673723716623016,-73.96316106815542,2020,2025,3,12,1,12,72,lifetime_aggregate,57,44.35452493969341,1
nyc,4007.01,Schenectady Ave & Prospect Pl,20982,10589,10393,20982,40.67351,-73.93363,2023,2025,2,12,1,12,36,lifetime_aggregate,42,200.17157563625966,1
nyc,401,Allen St & Rivington St,108155,54165,53990,108155,40.72019571967355,-73.98997821700897,2019,2019,1,12,1,12,12,lifetime_aggregate,61,56.40053626739402,1
nyc,4010.01,Plaza St East & Flatbush Ave,178030,92750,85280,178030,40.673134,-73.969106,2023,2025,2,12,1,12,36,lifetime_aggregate,31,17.412795596247822,1
nyc,4010.13,Plaza St West & Flatbush Ave,189026,96068,92958,189026,40.67502078814425,-73.97111480850106,2020,2025,3,12,1,12,72,lifetime_aggregate,146,77.2380519082031,1
nyc,4010.15,Grand Army Plaza & Plaza St West,225539,112938,112601,225539,40.67296792263098,-73.97087988173494,2020,2025,3,12,1,12,72,lifetime_aggregate,34,15.074998115625235,1
nyc,4013.08,Columbia St & Lorraine St,17528,7576,9952,17528,40.674705652187015,-74.00755713366846,2020,2025,3,12,1,12,72,lifetime_aggregate,19,108.39799178457325,1
nyc,4014.01,Pacific St & Sackman St,3480,1766,1714,3480,40.67522,-73.9061,2023,2025,2,12,4,12,33,lifetime_aggregate,66,1896.551724137931,1
nyc,4016.03,Kingston Ave & Park Pl,39061,20171,18890,39061,40.67308,-73.94191,2023,2025,2,12,1,12,36,lifetime_aggregate,21,53.762064463275394,1
nyc,4019.06,Carroll St & 6 Ave,126051,62782,63269,126051,40.67408872352612,-73.97872813509562,2020,2025,3,12,1,12,72,lifetime_aggregate,19,15.07326399631895,1
nyc,402,Broadway & E 22 St,236284,113138,123146,236284,40.7403432,-73.98955109,2019,2019,1,12,1,12,12,lifetime_aggregate,74,31.318244146874104,1
nyc,4023.01,St Marks Ave & Thomas S. Boyland St,3930,2027,1903,3930,40.67313,-73.91387,2023,2025,2,12,1,12,36,lifetime_aggregate,28,712.4681933842239,1
nyc,4023.05,Pacific St & Thomas S. Boyland St,5954,3137,2817,5954,40.67568,-73.91396,2023,2025,2,12,1,12,36,lifetime_aggregate,79,1326.839099764864,1
nyc,4025.02,Prospect Pl & Nostrand Ave,66813,34091,32722,66813,40.67428,-73.9503,2023,2025,2,12,1,12,36,lifetime_aggregate,67,100.27988565099606,1
nyc,4028.03,3 St & 3 Ave,90793,44370,46423,90793,40.67507065550619,-73.9877521758542,2020,2025,3,12,1,12,72,lifetime_aggregate,55,60.577357285253264,1
nyc,4028.04,4 Ave & 3 St,83575,41662,41913,83575,40.673746,-73.985649,2023,2025,2,12,1,12,36,lifetime_aggregate,41,49.05773257553096,1
nyc,403,E 2 St & 2 Ave,107696,53619,54077,107696,40.72502876,-73.99069656,2019,2019,1,12,1,12,12,lifetime_aggregate,69,64.06923191204874,1
nyc,4031.05,St Marks Ave & Ralph Ave,7187,3721,3466,7187,40.67372,-73.92199,2023,2025,2,12,1,12,36,lifetime_aggregate,29,403.50633087519134,1
nyc,4033.06,Park Pl & Franklin Ave,39835,19896,19939,39835,40.674180803940956,-73.95649484701777,2020,2023,2,12,1,8,44,lifetime_aggregate,37,92.88314296472952,1
nyc,4033.16,Sterling Pl & Franklin Ave,86899,43470,43429,86899,40.67324786833812,-73.95689516212666,2023,2025,2,12,8,12,29,lifetime_aggregate,18,20.71370211394838,1
nyc,4033.18,Sterling Pl & Classon Ave,34860,18212,16648,34860,40.6739411,-73.96026,2025,2025,1,12,1,12,12,lifetime_aggregate,42,120.48192771084338,1
nyc,4039.04,St Marks Ave & Rochester Ave,11800,5994,5806,11800,40.67404,-73.92772,2023,2025,2,12,1,12,36,lifetime_aggregate,52,440.6779661016949,1
nyc,4042.08,Underhill Ave & Lincoln Pl,131485,66498,64987,131485,40.67401220406171,-73.96714578554835,2020,2025,3,12,1,12,72,lifetime_aggregate,20,15.210860554435866,1
nyc,4045.01,Clinton St & Centre St,24085,11775,12310,24085,40.67434,-74.00194697710988,2020,2025,3,12,1,12,72,lifetime_aggregate,19,78.88727423707701,1
nyc,4048.03,Bergen St & Troy Ave,13254,7146,6108,13254,40.67524,-73.93596,2023,2025,2,12,1,12,36,lifetime_aggregate,39,294.25079221367133,1
nyc,405,Washington St & Gansevoort St,141537,70408,71129,141537,40.739323,-74.008119,2019,2019,1,12,1,12,12,lifetime_aggregate,17,12.010993591781654,1
nyc,4051.01,Berkeley Pl & 7 Ave,233482,116562,116920,233482,40.6751468824796,-73.97523206411596,2020,2025,3,12,1,12,72,lifetime_aggregate,48,20.558329978328096,1
nyc,4054.02,Wolcott St & Dwight St,7650,3644,4006,7650,40.67532719339443,-74.01006988541866,2020,2023,2,12,1,12,48,lifetime_aggregate,18,235.2941176470588,1
nyc,4054.06,Dwight St & Dikeman St,10097,4640,5457,10097,40.67487503856169,-74.01048018571481,2023,2025,2,12,9,12,28,lifetime_aggregate,19,188.17470535802713,1
nyc,4055.04,Bergen St & Mother Gaston Blvd,7320,3751,3569,7320,40.67374,-73.90852,2023,2025,2,12,1,12,36,lifetime_aggregate,52,710.3825136612022,1
nyc,4057.04,Brooklyn Ave & Prospect Pl,48588,25238,23350,48588,40.67412,-73.94447,2023,2025,2,12,1,12,36,lifetime_aggregate,38,78.20861117971516,1
nyc,406,Hicks St & Montague St,46250,23568,22682,46250,40.69512845,-73.99595065,2019,2019,1,12,1,12,12,lifetime_aggregate,16,34.5945945945946,1
nyc,4060.09,Carroll St & 5 Ave,136525,67971,68554,136525,40.67516213507232,-73.98148313507232,2020,2025,3,12,1,12,72,lifetime_aggregate,37,27.101263504852593,1
nyc,4064.03,Bergen St & Saratoga Ave,7916,4010,3906,7916,40.67423,-73.91656,2023,2025,2,12,1,12,36,lifetime_aggregate,42,530.5709954522486,1
nyc,4066.15,Bedford Ave & Bergen St,117191,59021,58170,117191,40.676368,-73.952918,2020,2025,3,12,1,12,72,lifetime_aggregate,84,71.67785922127126,1
nyc,407,Henry St & Poplar St,7659,4012,3647,7659,40.700469,-73.991454,2019,2019,1,5,1,5,5,lifetime_aggregate,127,1658.1799190494844,1
nyc,4072.02,Bergen St & Buffalo Ave,9306,4950,4356,9306,40.6747,-73.92512,2023,2025,2,12,1,12,36,lifetime_aggregate,43,462.0674833440791,1
nyc,4074.03,Classon Ave & St Marks Ave,24299,12640,11659,24299,40.6765199604211,-73.9596080077889,2020,2020,1,12,1,12,12,lifetime_aggregate,38,156.3850364212519,1
nyc,4074.14,Classon Ave & St Marks Ave,99862,50370,49492,99862,40.676513,-73.959431,2023,2025,2,12,1,12,36,lifetime_aggregate,38,38.05251246720474,1
nyc,4077.04,Smith St & 9 St,102652,51284,51368,102652,40.674695785448165,-73.99785777178745,2020,2025,3,12,1,12,72,lifetime_aggregate,30,29.224954214238394,1
nyc,4077.07,Court St & Huntington St,4954,2449,2505,4954,40.67595768953126,-73.99894942833194,2025,2025,1,2,11,12,2,lifetime_aggregate,53,1069.8425514735568,1
nyc,4077.07,Court St & Nelson St,80441,39842,40599,80441,40.676381937622445,-73.9987063111592,2020,2025,3,12,1,11,71,lifetime_aggregate,39,48.482738901803806,1
nyc,408,Market St & Cherry St,39543,19611,19932,39543,40.71076228,-73.99400398,2019,2019,1,12,1,12,12,lifetime_aggregate,18,45.520066762764586,1
nyc,4080.01,Schenectady Ave & Pacific St,18646,9447,9199,18646,40.67686,-73.93327,2023,2025,2,12,1,12,36,lifetime_aggregate,116,622.1173442025099,1
nyc,4083.13,Park Pl & Vanderbilt Ave,48141,24442,23699,48141,40.6767,-73.969024,2020,2025,2,12,1,12,72,lifetime_aggregate,30,62.31694397706737,1
nyc,4086.05,Columbia St & W 9 St,19707,9437,10270,19707,40.67699920483118,-74.00647123214202,2020,2025,3,12,1,12,72,lifetime_aggregate,32,162.37885015476732,1
nyc,4086.06,Henry St & W 9 St,18116,8892,9224,18116,40.67637427619539,-74.00324969015567,2020,2025,3,12,1,12,72,lifetime_aggregate,22,121.43961139324355,1
nyc,4087.01,Van Sinderen Ave & Atlantic Ave,9943,5047,4896,9943,40.67621,-73.90351,2023,2025,2,12,1,12,36,lifetime_aggregate,57,573.2676254651514,1
nyc,4089.01,Bergen St & Kingston Ave,42453,21881,20572,42453,40.6756,-73.9415,2023,2025,2,12,1,12,36,lifetime_aggregate,56,131.91058346877725,1
nyc,409,DeKalb Ave & Skillman St,2653,1325,1328,2653,40.6906495,-73.95643107,2019,2019,1,3,1,3,3,lifetime_aggregate,89,3354.6928006030907,1
nyc,4095.03,Van Brunt St & Wolcott St,78415,37826,40589,78415,40.677342924629606,-74.0127506939567,2020,2025,3,12,1,12,72,lifetime_aggregate,26,33.156921507364665,1
nyc,4095.1,Van Brunt St & Van Dyke St,6596,5580,1016,6596,40.675832944017685,-74.0147262806408,2023,2025,2,12,1,5,29,lifetime_aggregate,28,424.49969678593084,1
nyc,4095.10,Van Brunt St & Van Dyke St,72545,32697,39848,72545,40.675832954989374,-74.01472619123321,2020,2025,3,12,1,12,72,lifetime_aggregate,28,38.596733062237234,1
nyc,4096.08,Dean St & Rockaway Ave,5222,2710,2512,5222,40.67486,-73.91123,2023,2025,2,12,1,12,36,lifetime_aggregate,60,1148.9850631941786,1
nyc,4098.06,New York Ave & St Marks Ave,54338,27683,26655,54338,40.67514,-73.94716,2023,2025,2,12,1,12,36,lifetime_aggregate,47,86.49563841142478,1
nyc,410,Suffolk St & Stanton St,83345,41877,41468,83345,40.72066442,-73.98517977,2019,2019,1,12,1,12,12,lifetime_aggregate,36,43.193952846601476,1
nyc,4101.17,President St & 4 Ave,95947,47642,48305,95947,40.676757,-73.983262,2023,2025,2,12,1,12,36,lifetime_aggregate,84,87.54833397604928,1
nyc,4105.01,Pacific St & Ralph Ave,10110,5157,4953,10110,40.67607,-73.92171,2023,2025,2,12,1,12,36,lifetime_aggregate,83,820.9693372898121,1
nyc,4107.05,Franklin Ave & St Marks Ave,128777,65711,63066,128777,40.67583227566838,-73.95616777904193,2020,2025,3,12,1,12,72,lifetime_aggregate,44,34.16759203895106,1
nyc,4107.13,Dean St & Franklin Ave,151207,75439,75768,151207,40.67759204730127,-73.95563714766305,2020,2025,3,12,1,12,72,lifetime_aggregate,61,40.34204765652384,1
nyc,411,E 6 St & Avenue D,62690,31567,31123,62690,40.72228087,-73.97668709,2019,2019,1,12,1,12,12,lifetime_aggregate,30,47.85452225235285,1
nyc,4110.1,3 St & Hoyt St,5352,5175,177,5352,40.67772870014416,-73.99364122988948,2023,2025,2,11,1,5,29,lifetime_aggregate,15,280.2690582959641,1
nyc,4110.10,3 St & Hoyt St,58541,26517,32024,58541,40.67772879288671,-73.99364115491869,2020,2025,3,12,1,12,72,lifetime_aggregate,15,25.62306759365231,1
nyc,4113.01,Pacific St & Rochester Ave,7835,3964,3871,7835,40.67639,-73.92748,2023,2025,2,12,1,12,36,lifetime_aggregate,74,944.4798978940652,1
nyc,4116.08,Prospect Pl & Underhill Ave,104311,52356,51955,104311,40.67696927175132,-73.96579,2020,2025,3,12,1,12,72,lifetime_aggregate,13,12.462731639040946,1
nyc,4116.09,Washington Ave & Park Pl,62607,31924,30683,62607,40.675832,-73.963308,2023,2025,2,12,12,12,25,lifetime_aggregate,59,94.23866340824509,1
nyc,4119.04,Clinton St & 4 Place,89762,44757,45005,89762,40.678356203905,-74.00014501359368,2020,2025,3,12,1,12,72,lifetime_aggregate,17,18.938971948040372,1
nyc,412,Forsyth St & Canal St,99023,49415,49608,99023,40.7158155,-73.99422366,2019,2019,1,12,1,12,12,lifetime_aggregate,55,55.54265170717915,1
nyc,4120.02,Fulton St & Williams Ave,10196,5013,5183,10196,40.67709,-73.9008,2023,2025,2,12,2,12,35,lifetime_aggregate,90,882.699097685367,1
nyc,4122.03,Pacific St & Troy Ave,23952,11994,11958,23952,40.67686,-73.93607,2023,2025,2,12,1,12,36,lifetime_aggregate,92,384.1015364061456,1
nyc,4124.04,Verona Pl & Fulton St,28166,14260,13906,28166,40.680356044536815,-73.94767905427548,2020,2023,2,12,1,12,48,lifetime_aggregate,89,315.9838102676987,1
nyc,4125.07,7 Ave & Park Pl,225467,112767,112700,225467,40.6776147888053,-73.97324287685912,2020,2025,3,12,1,12,72,lifetime_aggregate,101,44.79591248386682,1
nyc,4125.13,Park Pl & Carlton Ave,23186,12005,11181,23186,40.677358,-73.97211,2025,2025,1,6,7,12,6,lifetime_aggregate,81,349.3487449322867,1
nyc,4128.08,Pioneer St & Richards St,22205,10294,11911,22205,40.67777484969029,-74.00946120534061,2020,2025,3,12,1,12,72,lifetime_aggregate,5,22.517451024544023,1
nyc,4129.1,Herkimer St & Eastern Pkwy,1707,676,1031,1707,40.67738,-73.90829,2023,2025,2,12,1,12,36,lifetime_aggregate,90,5272.407732864675,1
nyc,4129.10,Herkimer St & Eastern Pkwy,5372,2891,2481,5372,40.67738,-73.90829,2023,2025,2,12,1,12,36,lifetime_aggregate,90,1675.353685778109,1
nyc,4131.03,Brooklyn Ave & Dean St,48159,24100,24059,48159,40.67669,-73.94437,2023,2025,2,12,1,12,36,lifetime_aggregate,48,99.66984364293279,1
nyc,4134.06,Berkeley Pl & 6 Ave,102212,50969,51243,102212,40.67653027217807,-73.97846884826187,2020,2025,3,12,1,12,72,lifetime_aggregate,21,20.545532814150977,1
nyc,4137.1,Coffey St & Conover St,3126,3028,98,3126,40.677236,-74.015665,2023,2025,2,11,1,5,29,lifetime_aggregate,9,287.90786948176583,1
nyc,4137.10,Coffey St & Conover St,47713,21506,26207,47713,40.677236,-74.015665,2020,2025,3,12,1,12,72,lifetime_aggregate,9,18.86278372770524,1
nyc,4137.14,Coffey St & Ferris St,33149,16298,16851,33149,40.67818388014691,-74.01701688801093,2023,2025,2,12,1,12,36,lifetime_aggregate,4,12.066729011433226,1
nyc,4138.04,Thomas S. Boyland St & Fulton St,13748,7741,6007,13748,40.67854,-73.91367,2023,2025,2,12,1,12,36,lifetime_aggregate,52,378.2368344486471,1
nyc,414,Pearl St & Anchorage Pl,18523,9084,9439,18523,40.70281858,-73.98765762,2019,2019,1,6,1,6,6,lifetime_aggregate,47,253.73859525994706,1
nyc,4140.03,Pacific St & Nostrand Ave,75121,37801,37320,75121,40.6776,-73.94963,2023,2025,2,12,1,12,36,lifetime_aggregate,100,133.11856870914923,1
nyc,4143.03,Union St & Nevins St,14433,7046,7387,14433,40.67909798198572,-73.98765493876036,2020,2023,2,12,1,2,38,lifetime_aggregate,15,103.92849719393058,1
nyc,4143.04,3 Ave & Carroll St,72191,35560,36631,72191,40.677027,-73.9865,2020,2025,3,12,1,12,72,lifetime_aggregate,29,40.17121247800973,1
nyc,4146.02,Columbus Pl & Atlantic Ave,11647,6083,5564,11647,40.67717,-73.92285,2023,2025,2,12,1,12,36,lifetime_aggregate,94,807.0747832059758,1
nyc,4148.07,Pacific St & Classon Ave,65062,32635,32427,65062,40.6791942722375,-73.95879020417813,2020,2025,3,12,1,12,72,lifetime_aggregate,66,101.44170176139683,1
nyc,415,Pearl St & Hanover Square,52607,25746,26861,52607,40.7047177,-74.00926027,2019,2019,1,12,1,12,12,lifetime_aggregate,80,152.07101716501606,1
nyc,4151.01,Smith St & 3 St,96888,48391,48497,96888,40.678724135693685,-73.99599098498028,2020,2025,3,12,1,12,72,lifetime_aggregate,27,27.867228139707702,1
nyc,4154.02,Pacific St & Utica Ave,13599,6885,6714,13599,40.6767,-73.93051,2023,2025,2,12,1,12,36,lifetime_aggregate,205,1507.4637841017723,1
nyc,4157.1,Bergen St & Vanderbilt Ave,24868,24545,323,24868,40.67943880010303,-73.96804380010303,2023,2025,2,12,1,11,35,lifetime_aggregate,47,188.99790895930514,1
nyc,4157.10,Bergen St & Vanderbilt Ave,242074,108786,133288,242074,40.67943885275909,-73.9680438527591,2020,2025,3,12,1,12,72,lifetime_aggregate,47,19.415550616753553,1
nyc,4157.15,Prospect Pl & Vanderbilt Ave,68039,33968,34071,68039,40.67767534,-73.96902144,2023,2025,2,12,12,12,25,lifetime_aggregate,43,63.19904760505005,1
nyc,416,Cumberland St & Lafayette Ave,30585,16061,14524,30585,40.68753406,-73.97265183,2019,2019,1,12,1,12,12,lifetime_aggregate,21,68.66110838646395,1
nyc,4161.01,Van Sinderen Ave & Truxton St,30613,15469,15144,30613,40.6786,-73.90369,2020,2025,3,12,1,12,72,lifetime_aggregate,54,176.39564890732697,1
nyc,4166.08,Prospect Pl & 6 Ave,109983,54898,55085,109983,40.679330786033624,-73.97519515633832,2020,2025,3,12,1,12,72,lifetime_aggregate,70,63.646199867252214,1
nyc,4169.04,Pioneer St & Van Brunt St,71126,34357,36769,71126,40.679043,-74.011169,2020,2025,3,12,1,12,72,lifetime_aggregate,27,37.96080195709023,1
nyc,417,Barclay St & Church St,86214,42959,43255,86214,40.71291224,-74.01020234,2019,2019,1,12,1,12,12,lifetime_aggregate,57,66.11455216090195,1
nyc,4170.08,Somers St & Rockaway Ave,14038,7218,6820,14038,40.67872,-73.91105,2023,2025,2,12,1,12,36,lifetime_aggregate,80,569.881749536971,1
nyc,4172.04,Herkimer St & New York Ave,31367,16309,15058,31367,40.67955,-73.94709,2023,2025,2,12,1,12,36,lifetime_aggregate,93,296.48994165843084,1
nyc,4175.14,Douglass St & 4 Ave,124542,61934,62608,124542,40.67927885776785,-73.98154002710822,2020,2025,3,12,1,12,72,lifetime_aggregate,38,30.511795217677573,1
nyc,4175.15,Union St & 4 Ave,118431,58122,60309,118431,40.67727427072254,-73.98282001353613,2020,2025,3,12,1,12,72,lifetime_aggregate,83,70.08300191672788,1
nyc,4179.03,Fulton St & Saratoga Ave,10853,5505,5348,10853,40.67853,-73.91642,2023,2025,2,12,1,12,36,lifetime_aggregate,64,589.6987008200498,1
nyc,418,Front St & Gold St,29675,14742,14933,29675,40.70224,-73.982578,2019,2019,1,12,1,12,12,lifetime_aggregate,9,30.32855939342881,1
nyc,4181.1,Brevoort Pl & Bedford Ave,7002,3824,3178,7002,40.68012,-73.95362,2023,2025,2,11,1,10,34,lifetime_aggregate,102,1456.726649528706,1
nyc,4181.10,Brevoort Pl & Bedford Ave,43024,21385,21639,43024,40.68012,-73.95362,2023,2025,2,12,1,12,36,lifetime_aggregate,102,237.07698029007065,1
nyc,4184.07,Carroll St & Bond St,45845,22792,23053,45845,40.67861173350486,-73.99037295003625,2020,2023,2,12,1,12,48,lifetime_aggregate,20,43.62525902497546,1
nyc,4184.08,President St & Hoyt St,29171,14557,14614,29171,40.680057,-73.991753,2025,2025,1,12,1,12,12,lifetime_aggregate,43,147.40667100887867,1
nyc,4187.04,Sumpter St & Fulton St,9135,4651,4484,9135,40.67923,-73.92588,2023,2025,2,12,1,12,36,lifetime_aggregate,40,437.8762999452655,1
nyc,419,Carlton Ave & Park Ave,21835,10699,11136,21835,40.69580705,-73.97355569,2019,2019,1,12,1,12,12,lifetime_aggregate,59,270.2083810396153,1
nyc,4190.06,Grand Ave & Bergen St,112671,56865,55806,112671,40.678045,-73.962408,2020,2025,3,12,1,12,72,lifetime_aggregate,15,13.313097425246957,1
nyc,4193.14,1 Pl & Clinton St,93426,46899,46527,93426,40.680959067828624,-73.99905706104576,2020,2025,3,12,1,12,72,lifetime_aggregate,20,21.407317020957763,1
nyc,4196.01,Lewis Ave & Fulton St,13036,6641,6395,13036,40.67972,-73.93467,2023,2025,2,12,2,12,35,lifetime_aggregate,72,552.3166615526235,1
nyc,4196.05,Chauncey St & Stuyvesant Ave,50877,25477,25400,50877,40.68012,-73.93168,2023,2025,2,12,1,12,36,lifetime_aggregate,54,106.13833362816203,1
nyc,4199.07,Bergen St & Carlton Ave,8642,4308,4334,8642,40.680085964484455,-73.97109900042594,2023,2023,1,3,5,7,3,lifetime_aggregate,28,323.99907428835917,1
nyc,4199.12,Carlton Ave & Dean St,173214,86539,86675,173214,40.680974064966684,-73.97100979557453,2020,2025,3,12,1,12,72,lifetime_aggregate,31,17.89693673721524,1
nyc,4199.13,Carlton Ave & St Marks Ave,51945,26028,25917,51945,40.679118561086646,-73.9717626573724,2023,2025,2,12,1,7,31,lifetime_aggregate,19,36.57714890749832,1
nyc,420,Clermont Ave & Lafayette Ave,20837,10913,9924,20837,40.68764484,-73.96968902,2019,2019,1,12,1,12,12,lifetime_aggregate,30,143.97466045975906,1
nyc,4202.04,Richards St & Delavan St,28639,13937,14702,28639,40.679432789988766,-74.00785027880625,2020,2025,3,12,1,12,72,lifetime_aggregate,17,59.35961451167987,1
nyc,4203.04,Somers St & Broadway,7526,4063,3463,7526,40.67945,-73.90474,2020,2025,3,12,1,12,72,lifetime_aggregate,86,1142.7052883337763,1
nyc,4205.06,Kingston Ave & Herkimer St,69235,35077,34158,69235,40.67890683892389,-73.9414277838111,2020,2025,3,12,1,12,72,lifetime_aggregate,64,92.43879540694735,1
nyc,4208.01,Sterling Pl & 5 Ave,76380,38132,38248,76380,40.678970070423794,-73.97855266953044,2023,2025,2,12,1,12,36,lifetime_aggregate,43,56.297460068080646,1
nyc,4208.11,Baltic St & 5 Ave,28650,14109,14541,28650,40.67957696118828,-73.9785499649358,2020,2020,1,12,1,12,12,lifetime_aggregate,34,118.673647469459,1
nyc,421,Clermont Ave & Park Ave,18162,9083,9079,18162,40.69573398,-73.97129668,2019,2019,1,12,1,12,12,lifetime_aggregate,53,291.8180817090629,1
nyc,4212.01,MacDougal St & Rockaway Ave,9959,5112,4847,9959,40.68018,-73.91136,2023,2025,2,12,1,12,36,lifetime_aggregate,44,441.81142685008535,1
nyc,4214.03,Macon St & Nostrand Ave,129601,64770,64831,129601,40.68098326291038,-73.95004797233607,2020,2025,3,12,1,12,72,lifetime_aggregate,176,135.80142128532958,1
nyc,4214.04,Verona Pl & Fulton St,20837,10411,10426,20837,40.6803560840434,-73.9476791024208,2023,2025,2,12,12,12,25,lifetime_aggregate,89,427.12482603061864,1
nyc,4217.02,Douglass St & 3 Ave,122536,60377,62159,122536,40.68021320305811,-73.9843269598673,2020,2025,3,12,1,12,72,lifetime_aggregate,30,24.48260103153359,1
nyc,4217.06,Degraw St & 3 Ave,60797,29830,30967,60797,40.67977,-73.9847,2023,2025,2,12,2,12,35,lifetime_aggregate,26,42.76526802309324,1
nyc,422,W 59 St & 10 Ave,76130,39767,36363,76130,40.770512977511835,-73.98803804217079,2019,2019,1,12,1,12,12,lifetime_aggregate,72,94.57506896098779,1
nyc,4220.02,Ralph Ave & Fulton St,24143,12581,11562,24143,40.67922,-73.92192,2023,2025,2,12,1,12,36,lifetime_aggregate,60,248.51923953112706,1
nyc,4222.02,Lefferts Pl & Franklin Ave,94955,47905,47050,94955,40.68034228841586,-73.9557689470647,2020,2025,3,12,1,12,72,lifetime_aggregate,72,75.82539097467222,1
nyc,4225.14,Carroll St & Smith St,159049,79348,79701,159049,40.680611,-73.9947581692385,2020,2025,3,12,1,12,72,lifetime_aggregate,21,13.203478173393107,1
nyc,4228.02,Fulton St & Utica Ave,75704,37831,37873,75704,40.67942684409084,-73.92989106928822,2020,2025,3,12,1,12,72,lifetime_aggregate,69,91.14445736024517,1
nyc,4228.06,Chauncey St & Malcolm X Blvd,33732,17041,16691,33732,40.68044,-73.92842,2023,2025,2,12,1,12,36,lifetime_aggregate,37,109.6881299656113,1
nyc,423,W 54 St & 9 Ave,59125,29201,29924,59125,40.76584941,-73.98690506,2019,2019,1,10,1,10,10,lifetime_aggregate,75,126.84989429175475,1
nyc,4231.04,Underhill Ave & Pacific St,126862,63528,63334,126862,40.68048372005414,-73.96467965209078,2020,2025,3,12,1,12,72,lifetime_aggregate,110,86.70839179580962,1
nyc,4237.01,Lewis Ave & Decatur St,44923,22385,22538,44923,40.68145984580674,-73.934903,2020,2025,3,12,1,12,72,lifetime_aggregate,48,106.84949802996238,1
nyc,4237.02,Albany Ave & Fulton St,45272,23062,22210,45272,40.680010638153604,-73.938475,2020,2025,3,12,1,12,72,lifetime_aggregate,96,212.05159922247748,1
nyc,4243.01,Commerce St & Van Brunt St,41266,20415,20851,41266,40.681211791728416,-74.00860908105012,2020,2025,3,12,1,12,72,lifetime_aggregate,16,38.772839625842096,1
nyc,4244.06,Broadway & Furman Ave,16414,8455,7959,16414,40.68139,-73.90756,2020,2025,3,12,1,12,72,lifetime_aggregate,36,219.324966492019,1
nyc,4246.02,MacDonough St & Marcy Ave,53252,26688,26564,53252,40.68078,-73.94613,2023,2025,2,12,1,12,36,lifetime_aggregate,128,240.3665590024788,1
nyc,4249.01,St Marks Pl & 4 Ave,41414,20611,20803,41414,40.68197,-73.98034,2025,2025,1,12,1,12,12,lifetime_aggregate,63,152.12247066209494,1
nyc,4249.1,St Marks Pl & 4 Ave,7950,7008,942,7950,40.68177810917621,-73.97988975073503,2023,2023,1,11,1,12,12,lifetime_aggregate,63,792.4528301886792,1
nyc,4249.10,St Marks Pl & 4 Ave,19416,6614,12802,19416,40.68177810923904,-73.97988975059157,2023,2023,1,12,1,12,12,lifetime_aggregate,63,324.4746600741656,1
nyc,4253.02,Thomas S. Boyland St & Marion St,19929,10040,9889,19929,40.68146588495416,-73.91415685433242,2023,2025,2,12,1,12,36,lifetime_aggregate,37,185.65908976867883,1
nyc,4255.05,Hancock St & Bedford Ave,104438,52390,52048,104438,40.68216573987924,-73.95399017849275,2020,2025,3,12,1,12,72,lifetime_aggregate,63,60.32287098565656,1
nyc,4258.07,Degraw St & Hoyt St,81659,40590,41069,81659,40.68199030105498,-73.99079016859163,2020,2025,3,12,1,12,72,lifetime_aggregate,31,37.96274752323688,1
nyc,426,West St & Chambers St,221639,105636,116003,221639,40.71754834,-74.01322069,2019,2019,1,12,1,12,12,lifetime_aggregate,53,23.91275903609022,1
nyc,4261.03,Patchen Ave & Bainbridge St,17215,8568,8647,17215,40.68143,-73.92565,2023,2025,2,12,1,12,36,lifetime_aggregate,32,185.8844031367993,1
nyc,4263.12,Fulton St & Irving Pl,127092,64364,62728,127092,40.68186,-73.959432,2020,2025,3,12,1,12,72,lifetime_aggregate,33,25.965442356717972,1
nyc,4266.03,Clinton St & Union St,109008,54481,54527,109008,40.68311627031112,-73.99785277080309,2020,2025,3,12,1,12,72,lifetime_aggregate,23,21.099368853662117,1
nyc,427,Bus Slip & State St,56995,27484,29511,56995,40.701907,-74.013942,2019,2019,1,12,1,12,12,lifetime_aggregate,8,14.036318975348715,1
nyc,4278.03,Marcus Garvey Blvd & Macon St,76580,38254,38326,76580,40.682601,-73.938037,2020,2025,3,12,1,12,72,lifetime_aggregate,44,57.45625489683991,1
nyc,4281.08,Bergen St & Flatbush Ave,184132,91791,92341,184132,40.680944800312744,-73.97567321714276,2020,2025,3,12,1,12,72,lifetime_aggregate,108,58.65357460951926,1
nyc,4285.09,Rockaway Ave & Bainbridge St,45474,22793,22681,45474,40.683199900033806,-73.91166629499698,2020,2025,3,12,1,12,72,lifetime_aggregate,68,149.53599859260237,1
nyc,4290.06,Wyckoff St & 3 Ave,57370,28565,28805,57370,40.68275490007032,-73.98258555031644,2023,2025,2,12,1,12,36,lifetime_aggregate,51,88.89663587240719,1
nyc,4290.08,Wyckoff St & Nevins St,16766,8350,8416,16766,40.683426,-73.984275,2020,2020,1,12,1,12,12,lifetime_aggregate,35,208.7558153405702,1
nyc,4293.05,Chauncey St & Howard Ave,24014,12065,11949,24014,40.68158,-73.91959,2023,2025,2,12,1,12,36,lifetime_aggregate,31,129.09136337136673,1
nyc,4298.05,Degraw St & Smith St,113902,56738,57164,113902,40.68291506766854,-73.99318205413482,2020,2025,3,12,1,12,72,lifetime_aggregate,27,23.704588154729503,1
nyc,4301.04,Macon St & Patchen Ave,32284,16126,16158,32284,40.68374,-73.9261,2023,2025,2,12,1,12,36,lifetime_aggregate,43,133.19291289803,1
nyc,4301.07,MacDonough St & Malcolm X Blvd,30710,15383,15327,30710,40.68273,-73.92926,2023,2025,2,12,1,12,36,lifetime_aggregate,38,123.73819602735266,1
nyc,4307.13,President St & Henry St,84468,42129,42339,84468,40.68280020294646,-73.99990412853276,2020,2025,3,12,1,12,72,lifetime_aggregate,22,26.045366292560498,1
nyc,4310.06,Macon St & Lewis Ave,46110,23110,23000,46110,40.68282,-73.93488,2023,2025,2,12,1,12,36,lifetime_aggregate,50,108.43634786380395,1
nyc,4317.05,Bushwick Ave & Furman Ave,21346,11343,10003,21346,40.68281,-73.90623,2020,2025,3,12,1,12,72,lifetime_aggregate,90,421.6246603579125,1
nyc,4319.07,Halsey St & Tompkins Ave,131409,65653,65756,131409,40.68236878035823,-73.944118,2020,2025,3,12,1,12,72,lifetime_aggregate,49,37.288161389250355,1
nyc,432,E 7 St & Avenue A,138183,70956,67227,138183,40.72621788,-73.98379855,2019,2019,1,12,1,12,12,lifetime_aggregate,42,30.394476889342393,1
nyc,4322.02,Dean St & 4 Ave,37347,18210,19137,37347,40.68312497134199,-73.97895101496421,2020,2020,1,12,1,12,12,lifetime_aggregate,83,222.2400728304817,1
nyc,4322.06,Bergen St & 4 Ave,105522,52639,52883,105522,40.682564257379084,-73.97989779727929,2023,2025,2,12,1,12,36,lifetime_aggregate,67,63.49386857716874,1
nyc,4325.03,Thomas S. Boyland St & Macon St,13714,6940,6774,13714,40.68491,-73.91493,2023,2025,2,12,1,12,36,lifetime_aggregate,60,437.50911477322444,1
nyc,4327.09,Putnam Ave & Nostrand Ave,77692,38863,38829,77692,40.68402,-73.94977,2020,2025,3,12,1,12,72,lifetime_aggregate,70,90.09936673016526,1
nyc,4330.08,Wyckoff St & Bond St,666,324,342,666,40.68461699595317,-73.98721299869773,2020,2020,1,3,1,3,3,lifetime_aggregate,12,1801.8018018018017,1
nyc,4330.09,Hoyt St & Warren St,31540,15622,15918,31540,40.6843549199244,-73.98901620856438,2020,2025,3,12,3,12,70,lifetime_aggregate,28,88.77615726062143,1
nyc,4334.02,Halsey St & Ralph Ave,23961,12068,11893,23961,40.68494,-73.92299,2023,2025,2,12,1,12,36,lifetime_aggregate,42,175.28483786152498,1
nyc,4336.01,Monroe St & Classon Ave,68888,34484,34404,68888,40.68456820500752,-73.95881085710522,2020,2025,3,12,1,12,72,lifetime_aggregate,21,30.484264313087913,1
nyc,4339.01,Butler St & Court St,88432,44081,44351,88432,40.684989270280575,-73.99440319595341,2020,2025,3,12,1,12,72,lifetime_aggregate,18,20.354622760991496,1
nyc,434,9 Ave & W 18 St,59041,28627,30414,59041,40.74317447646367,-74.00366445603234,2019,2019,1,7,6,12,7,lifetime_aggregate,43,72.83074473670838,1
nyc,4342.04,Hancock St & Malcolm X Blvd,42553,21325,21228,42553,40.68487,-73.9293,2023,2025,2,12,1,12,36,lifetime_aggregate,50,117.50052875237938,1
nyc,4345.11,Fulton St & Waverly Ave,181977,91752,90225,181977,40.68323875472891,-73.96599592689023,2020,2025,3,12,1,12,72,lifetime_aggregate,59,32.42167966281453,1
nyc,4348.07,Carroll St & Columbia St,90824,45221,45603,90824,40.6830457199458,-74.00348571303034,2020,2025,3,12,1,12,72,lifetime_aggregate,28,30.828855809037258,1
nyc,435,W 21 St & 6 Ave,220828,110305,110523,220828,40.74173969,-73.99415556,2019,2019,1,12,1,12,12,lifetime_aggregate,138,62.492075280308654,1
nyc,4354.05,S Portland Ave & Hanson Pl,131085,65328,65757,131085,40.68539576504186,-73.97431470380664,2020,2025,3,12,1,12,72,lifetime_aggregate,68,51.87473776557196,1
nyc,4354.07,Atlantic Ave & Fort Greene Pl,194755,97158,97597,194755,40.683826027217805,-73.97632319052461,2020,2025,3,12,1,12,72,lifetime_aggregate,278,142.74344689481657,1
nyc,4357.01,Moffat St & Bushwick,24759,12408,12351,24759,40.68458,-73.90925,2020,2025,3,12,1,12,72,lifetime_aggregate,98,395.8156629912355,1
nyc,436,Hancock St & Bedford Ave,13993,7210,6783,13993,40.68216564,-73.95399026,2019,2019,1,12,1,12,12,lifetime_aggregate,63,450.22511255627813,1
nyc,4362.04,Pacific St & Nevins St,95762,47829,47933,95762,40.685376067636994,-73.98302124349317,2020,2025,3,12,1,12,72,lifetime_aggregate,104,108.60257722269795,1
nyc,4366.01,Halsey St & Broadway,37626,18976,18650,37626,40.68565,-73.91564,2020,2025,3,12,1,12,72,lifetime_aggregate,76,201.98798703024502,1
nyc,4366.1,Decatur St & Saratoga Ave,3215,1911,1304,3215,40.68332,-73.91711,2023,2025,2,11,1,12,36,lifetime_aggregate,47,1461.8973561430794,1
nyc,4366.10,Decatur St & Saratoga Ave,16364,7839,8525,16364,40.68332,-73.91711,2023,2025,2,12,1,12,36,lifetime_aggregate,47,287.21583964800783,1
nyc,4368.05,Monroe St & Bedford Ave,158907,79503,79404,158907,40.68514420535479,-73.95380902738063,2020,2025,3,12,1,12,72,lifetime_aggregate,73,45.93881956112695,1
nyc,437,Macon St & Nostrand Ave,33884,17063,16821,33884,40.6809833854,-73.9500479759,2019,2019,1,12,1,12,12,lifetime_aggregate,176,519.4191949002479,1
nyc,4371.01,Warren St & Smith St,93489,46310,47179,93489,40.6854240099616,-73.99127773962978,2023,2025,2,12,1,12,36,lifetime_aggregate,43,45.994715955887855,1
nyc,4374.01,Picnic Point,31103,15583,15520,31103,40.68512566432366,-74.02535315744568,2020,2025,3,12,7,12,66,lifetime_aggregate,0,0.0,1
nyc,4375.02,Jefferson Ave & Patchen Ave,24704,12429,12275,24704,40.68609,-73.92628,2023,2025,2,12,4,12,33,lifetime_aggregate,44,178.10880829015545,1
nyc,4377.04,Cambridge Pl & Gates Ave,115071,57494,57577,115071,40.68488,-73.96304,2020,2025,3,12,1,12,72,lifetime_aggregate,22,19.11863110601281,1
nyc,438,St Marks Pl & 1 Ave,133381,66029,67352,133381,40.72779126,-73.98564945,2019,2019,1,12,1,12,12,lifetime_aggregate,71,53.23096992825065,1
nyc,4380.08,Henry St & Degraw St,110380,55073,55307,110380,40.684751266741465,-73.99917268774759,2020,2025,3,12,1,12,72,lifetime_aggregate,32,28.990759195506435,1
nyc,4383.06,Hancock St & Stuyvesant Ave,42440,21223,21217,42440,40.68454,-73.9322,2023,2025,2,12,1,12,36,lifetime_aggregate,39,91.89443920829406,1
nyc,4386.05,Fulton St & Clermont Ave,112335,56497,55838,112335,40.68415732597224,-73.96922280710572,2020,2025,3,12,1,12,72,lifetime_aggregate,41,36.49797480749544,1
nyc,4386.07,Carlton Ave & Greene Ave,48345,24140,24205,48345,40.685957,-73.971468,2025,2025,1,12,1,12,12,lifetime_aggregate,49,101.35484538214914,1
nyc,439,E 4 St & 2 Ave,119743,59441,60302,119743,40.7262807,-73.98978041,2019,2019,1,12,1,12,12,lifetime_aggregate,77,64.3043852250236,1
nyc,4392.04,Putnam Ave & Throop Ave,101683,50967,50716,101683,40.68515313678026,-73.94111,2020,2025,3,12,1,12,72,lifetime_aggregate,35,34.4206996253061,1
nyc,4395.04,Lafayette Ave & Fort Greene Pl,42844,21345,21499,42844,40.68691895887553,-73.976682,2020,2020,1,12,1,12,12,lifetime_aggregate,82,191.39202688824574,1
nyc,4395.07,Hanson Pl & Ashland Pl,347988,173418,174570,347988,40.68506804969375,-73.97790771711078,2020,2025,3,12,1,12,72,lifetime_aggregate,200,57.47324620389209,1
nyc,4399.03,Eldert St & Bushwick Ave,28683,14372,14311,28683,40.68652,-73.91321,2020,2025,3,12,1,12,72,lifetime_aggregate,106,369.55688038210786,1
nyc,440,E 45 St & 3 Ave,75013,37555,37458,75013,40.75255434,-73.97282625,2019,2019,1,12,1,12,12,lifetime_aggregate,103,137.30953301427752,1
nyc,4401.04,Marcy Ave & Gates Ave,29471,14813,14658,29471,40.686679,-73.947417,2025,2025,1,12,1,12,12,lifetime_aggregate,65,220.55580061755626,1
nyc,4404.1,Bond St & Bergen St,10721,7798,2923,10721,40.6849668001106,-73.98620772015484,2023,2025,2,11,1,9,33,lifetime_aggregate,23,214.53222647141124,1
nyc,4404.10,Bond St & Bergen St,90000,42299,47701,90000,40.68496685771905,-73.98620780359784,2020,2025,3,12,1,12,72,lifetime_aggregate,23,25.555555555555557,1
nyc,4408.07,Macon St & Howard Ave,27016,13643,13373,27016,40.68452,-73.92011,2023,2025,2,12,1,12,36,lifetime_aggregate,30,111.0453064850459,1
nyc,441,E 52 St & 2 Ave,35364,17661,17703,35364,40.756014,-73.967416,2019,2019,1,7,1,7,7,lifetime_aggregate,109,308.2230516909852,1
nyc,4410.02,Franklin Ave & Quincy St,54150,27098,27052,54150,40.68636,-73.95678,2025,2025,1,12,1,12,12,lifetime_aggregate,48,88.64265927977839,1
nyc,4413.08,Warren St & Court St,97008,48232,48776,97008,40.686371,-73.99383316194974,2020,2025,3,12,1,12,72,lifetime_aggregate,22,22.67854197591951,1
nyc,4416.1,Madison St & Malcolm X Blvd,10778,2968,7810,10778,40.68713,-73.93008,2023,2025,2,12,1,11,35,lifetime_aggregate,29,269.06661718315087,1
nyc,4416.10,Madison St & Malcolm X Blvd,32271,18787,13484,32271,40.68713,-73.93008,2023,2025,2,12,1,12,36,lifetime_aggregate,29,89.86396455021536,1
nyc,4419.03,Washington Ave & Greene Ave,81122,40524,40598,81122,40.68650077839901,-73.96563304217503,2020,2025,3,12,1,12,72,lifetime_aggregate,49,60.402850028352354,1
nyc,442,W 27 St & 7 Ave,135592,67953,67639,135592,40.746647,-73.993915,2019,2019,1,12,1,12,12,lifetime_aggregate,69,50.887957991621924,1
nyc,4422.04,Columbia St & Degraw St,86939,43205,43734,86939,40.68592972235361,-74.00242374948944,2020,2025,3,12,1,12,72,lifetime_aggregate,36,41.40834378127193,1
nyc,4422.05,Columbia St & Kane St,61755,30744,31011,61755,40.68763169047265,-74.00162572423581,2020,2025,3,12,1,12,72,lifetime_aggregate,27,43.72115618168569,1
nyc,4425.02,Lewis Ave & Madison St,87912,44128,43784,87912,40.686312,-73.935775,2020,2025,3,12,1,12,72,lifetime_aggregate,34,38.67503867503868,1
nyc,4428.02,Cumberland St & Lafayette Ave,132231,65965,66266,132231,40.687534040717935,-73.97265187529675,2020,2025,3,12,1,12,72,lifetime_aggregate,21,15.881298636477075,1
nyc,443,Bedford Ave & S 9 St,13743,7096,6647,13743,40.70853074,-73.96408963,2019,2019,1,12,1,12,12,lifetime_aggregate,15,109.14647456887143,1
nyc,4432.1,Central Ave & Decatur St,2277,2148,129,2277,40.6882,-73.90798,2023,2025,2,11,1,5,29,lifetime_aggregate,54,2371.5415019762845,1
nyc,4432.10,Central Ave & Decatur St,24705,11406,13299,24705,40.6882,-73.90798,2020,2025,3,12,1,12,72,lifetime_aggregate,54,218.5792349726776,1
nyc,4434.06,Monroe St & Tompkins Ave,122418,61000,61418,122418,40.686203,-73.944694,2020,2025,3,12,1,12,72,lifetime_aggregate,47,38.393046774167196,1
nyc,4437.01,3 Ave & Schermerhorn St,148603,74060,74543,148603,40.68683205444818,-73.97967713612044,2020,2025,3,12,1,12,72,lifetime_aggregate,197,132.56798314973454,1
nyc,4437.09,Nevins St & Schermerhorn St,99591,49692,49899,99591,40.68737247611069,-73.98176059160865,2023,2025,2,12,1,12,36,lifetime_aggregate,72,72.29568936952134,1
nyc,4440.01,Yankee Ferry Terminal,1538,776,762,1538,40.686931,-74.016966,2020,2020,1,4,7,10,4,lifetime_aggregate,0,0.0,1
nyc,4440.01,Yankee Ferry Terminal (old),13818,6903,6915,13818,40.686931,-74.016966,2020,2020,1,5,7,11,5,lifetime_aggregate,0,0.0,1
nyc,4440.02,Yankee Ferry Terminal,38561,19341,19220,38561,40.68706580457102,-74.01675585551357,2023,2025,2,12,1,12,36,lifetime_aggregate,0,0.0,1
nyc,4441.06,Broadway & Hancock St,40499,20701,19798,40499,40.686628531980745,-73.91680244205807,2020,2025,3,12,1,12,72,lifetime_aggregate,45,111.1138546630781,1
nyc,4446.01,Bergen St & Smith St,215383,105583,109800,215383,40.686744203369386,-73.9906317759144,2020,2025,3,12,1,12,72,lifetime_aggregate,68,31.57166535891876,1
nyc,4446.03,Pacific St & Smith St,95173,47030,48143,95173,40.68788093964634,-73.98939281712214,2023,2025,2,12,1,12,36,lifetime_aggregate,117,122.93402540636525,1
nyc,4446.05,Dean St & Hoyt St,83411,41156,42255,83411,40.6864441338283,-73.98759102676566,2020,2025,3,12,1,12,72,lifetime_aggregate,44,52.75083622064236,1
nyc,445,E 10 St & Avenue A,143687,70646,73041,143687,40.72740794,-73.98142006,2019,2019,1,12,1,12,12,lifetime_aggregate,28,19.4868011719919,1
nyc,4450.06,Putnam Ave & Ralph Ave,42885,21494,21391,42885,40.68705,-73.92338,2023,2025,2,12,1,12,36,lifetime_aggregate,43,100.26815902996387,1
nyc,4452.01,Lafayette Ave & Classon Ave,74356,37284,37072,74356,40.68900422431415,-73.96023874576777,2020,2023,2,12,1,12,48,lifetime_aggregate,31,41.69132282532681,1
nyc,4452.03,Lexington Ave & Classon Ave,129629,64849,64780,129629,40.68676794061337,-73.95928176987603,2020,2025,3,12,1,12,72,lifetime_aggregate,31,23.914401869951938,1
nyc,4455.07,Congress St & Clinton St,30995,15418,15577,30995,40.68815298062862,-73.99520900475916,2020,2020,1,12,1,12,12,lifetime_aggregate,25,80.65817067268914,1
nyc,4455.1,Congress St & Clinton St,25192,11143,14049,25192,40.68825516584315,-73.99545192724511,2023,2025,2,12,1,9,33,lifetime_aggregate,25,99.2378532867577,1
nyc,4455.10,Congress St & Clinton St,79894,41179,38715,79894,40.688255165882694,-73.99545192722776,2023,2025,2,12,1,11,35,lifetime_aggregate,25,31.291461186071544,1
nyc,4455.11,Kane St & Clinton St,103696,51503,52193,103696,40.68617585920959,-73.99645296043664,2020,2025,3,12,1,12,72,lifetime_aggregate,12,11.572288227125444,1
nyc,4458.06,Stuyvesant Ave & Gates Ave,29331,15448,13883,29331,40.68834,-73.93306,2023,2025,2,12,1,12,36,lifetime_aggregate,36,122.73703590058301,1
nyc,446,W 24 St & 7 Ave,145087,72422,72665,145087,40.74487634,-73.99529885,2019,2019,1,12,1,12,12,lifetime_aggregate,102,70.30264599860774,1
nyc,4461.01,Clermont Ave & Lafayette Ave,124810,63070,61740,124810,40.68764488251897,-73.9696890135327,2020,2025,3,12,1,12,72,lifetime_aggregate,30,24.036535534011698,1
nyc,4461.04,DeKalb Ave & Vanderbilt Ave,179929,90261,89668,179929,40.68940731994684,-73.96885470444205,2020,2025,3,12,1,12,72,lifetime_aggregate,38,21.119441557503237,1
nyc,4461.07,Waverly Ave & Lafayette Ave,29811,14889,14922,29811,40.688231,-73.966804,2025,2025,1,8,1,8,8,lifetime_aggregate,49,164.36885713327294,1
nyc,4467.03,Monroe St & Marcus Garvey Blvd,45918,23112,22806,45918,40.686722,-73.938988,2023,2025,2,12,1,12,36,lifetime_aggregate,65,141.55668800905963,1
nyc,447,8 Ave & W 52 St,112863,56314,56549,112863,40.76370739,-73.9851615,2019,2019,1,12,1,12,12,lifetime_aggregate,93,82.4007867946094,1
nyc,4470.09,Lafayette Ave & Ft Greene Pl,201671,100663,101008,201671,40.68700231269605,-73.97664964225395,2023,2025,2,12,1,12,36,lifetime_aggregate,81,40.16442621894075,1
nyc,4474.01,Halsey St & Evergreen Ave,25672,12946,12726,25672,40.68858,-73.91227,2020,2025,3,12,1,12,72,lifetime_aggregate,48,186.9741352446245,1
nyc,4476.03,Marcy Ave & Lafayette Ave,100089,50254,49835,100089,40.69008163885848,-73.947915,2020,2025,3,12,1,12,72,lifetime_aggregate,42,41.962653238617634,1
nyc,4479.06,Bond St & Fulton St,200992,99876,101116,200992,40.68962212559154,-73.98304287404302,2020,2025,3,12,1,12,72,lifetime_aggregate,24,11.940773762139788,1
nyc,4479.08,Schermerhorn St & Bond St,39273,19537,19736,39273,40.688417016306246,-73.98451695417327,2020,2020,1,12,1,12,12,lifetime_aggregate,84,213.88740355969747,1
nyc,4479.1,Schermerhorn St & Hoyt St,32825,19759,13066,32825,40.68862629982387,-73.98519109994129,2023,2025,2,12,1,12,36,lifetime_aggregate,64,194.97334348819498,1
nyc,4479.10,Schermerhorn St & Hoyt St,170164,81523,88641,170164,40.68862629984101,-73.98519109994699,2023,2025,2,12,1,12,36,lifetime_aggregate,64,37.61077548717708,1
nyc,448,W 37 St & 10 Ave,87486,43767,43719,87486,40.75660370587503,-73.99790090822339,2019,2019,1,12,1,12,12,lifetime_aggregate,108,123.44832316027708,1
nyc,4483.1,Broadway & Madison St,5693,4860,833,5693,40.68822,-73.91966,2023,2025,2,11,1,12,36,lifetime_aggregate,35,614.7900930967855,1
nyc,4483.10,Broadway & Madison St,61026,28693,32333,61026,40.68822,-73.91966,2020,2025,3,12,1,12,72,lifetime_aggregate,35,57.35260380821289,1
nyc,4485.1,Clifton Pl & Bedford Ave,1973,444,1529,1973,40.688655,-73.955156,2025,2025,1,6,1,8,8,lifetime_aggregate,85,4308.160162189559,1
nyc,4485.10,Clifton Pl & Bedford Ave,52432,26742,25690,52432,40.688655,-73.955156,2025,2025,1,12,1,12,12,lifetime_aggregate,85,162.11473909063167,1
nyc,4488.08,Court St & State St,190935,95250,95685,190935,40.690237668517156,-73.99203082383346,2020,2025,3,12,1,9,69,lifetime_aggregate,107,56.04001361719957,1
nyc,4488.1,Amity St & Court St,568,0,568,568,40.68841885589487,-73.9931417101234,2025,2025,1,2,10,12,3,lifetime_aggregate,53,9330.985915492958,1
nyc,4488.10,Amity St & Court St,3731,2138,1593,3731,40.68841885589487,-73.9931417101234,2025,2025,1,3,10,12,3,lifetime_aggregate,53,1420.5306888233717,1
nyc,4491.09,Monroe St & Patchen Ave,35150,17684,17466,35150,40.68814,-73.92693,2023,2025,2,12,1,12,36,lifetime_aggregate,27,76.81365576102418,1
nyc,4494.04,Lafayette Ave & St James Pl,159688,80427,79261,159688,40.68851523085815,-73.96476285440023,2020,2025,3,12,1,12,72,lifetime_aggregate,53,33.18971995391012,1
nyc,4497.09,Congress St & Hicks St,54041,26742,27299,54041,40.68939519975431,-73.99951260049139,2023,2025,2,12,1,12,36,lifetime_aggregate,174,321.97775762846726,1
nyc,450,W 49 St & 8 Ave,108105,55597,52508,108105,40.76227201272053,-73.9878820827633,2019,2019,1,12,1,12,12,lifetime_aggregate,29,26.825771240923174,1
nyc,4500.07,Lexington Ave & Stuyvesant Ave,39075,20052,19023,39075,40.68973,-73.93353,2023,2025,2,12,1,12,36,lifetime_aggregate,30,76.77543186180422,1
nyc,4507.07,Wilson Ave & Moffat St,38027,19320,18707,38027,40.68906,-73.90506,2020,2025,3,12,1,12,72,lifetime_aggregate,28,73.63189312856655,1
nyc,4510.04,Greene Ave & Throop Ave,102858,51369,51489,102858,40.6894931384482,-73.942061,2020,2025,3,12,1,12,72,lifetime_aggregate,47,45.69406366058061,1
nyc,4513.03,Fulton St & Rockwell Pl,1091,542,549,1091,40.68841,-73.979458,2020,2020,1,1,1,1,1,lifetime_aggregate,49,4491.292392300641,1
nyc,4513.06,DeKalb Ave & Hudson Ave,164409,79685,84724,164409,40.689888,-73.981013,2020,2025,3,12,1,12,72,lifetime_aggregate,144,87.58644599748189,1
nyc,4513.09,Ashland Pl & Dekalb Ave,75562,37502,38060,75562,40.690065,-73.978776,2023,2025,2,12,1,12,36,lifetime_aggregate,72,95.28599031259098,1
nyc,4517.03,Jefferson Ave & Evergreen Ave,43656,21841,21815,43656,40.68989,-73.91458,2020,2025,3,12,1,12,72,lifetime_aggregate,34,77.88161993769471,1
nyc,4519.02,Greene Ave & Nostrand Ave,101225,50977,50248,101225,40.68833377929392,-73.950916,2020,2025,3,12,1,12,72,lifetime_aggregate,59,58.28599654235613,1
nyc,4519.04,Kosciuszko St & Nostrand Ave,92179,46167,46012,92179,40.69072533586553,-73.95133474697788,2020,2025,3,12,1,12,72,lifetime_aggregate,121,131.2663404896994,1
nyc,4522.07,State St & Smith St,102175,50830,51345,102175,40.68917,-73.9886,2023,2025,2,12,1,12,36,lifetime_aggregate,115,112.55199412772204,1
nyc,4526.01,Grove St & Broadway,86247,44142,42105,86247,40.69047,-73.923511,2020,2025,3,12,1,12,72,lifetime_aggregate,82,95.07577075144643,1
nyc,4528.01,DeKalb Ave & Franklin Ave,113596,56739,56857,113596,40.69064804843133,-73.9574618442634,2020,2025,3,12,1,12,72,lifetime_aggregate,62,54.579386598119655,1
nyc,4528.03,Lafayette Ave & Franklin Ave,33078,16624,16454,33078,40.689271,-73.957324,2025,2025,1,12,1,12,12,lifetime_aggregate,44,133.01892496523368,1
nyc,453,W 22 St & 8 Ave,133347,66802,66545,133347,40.74475151283159,-73.99915358966393,2019,2019,1,12,1,12,12,lifetime_aggregate,84,62.99354316182591,1
nyc,4531.05,Henry St & Atlantic Ave,157063,78408,78655,157063,40.69089280922332,-73.99612332186898,2020,2025,3,12,1,10,70,lifetime_aggregate,50,31.83435946085329,1
nyc,4534.06,Lexington Ave & Patchen Ave,27050,13585,13465,27050,40.6904,-73.9277,2023,2025,2,12,10,12,27,lifetime_aggregate,45,166.35859519408504,1
nyc,454,E 51 St & 1 Ave,63891,32010,31881,63891,40.75455731,-73.96592976,2019,2019,1,12,1,12,12,lifetime_aggregate,64,100.17060305833373,1
nyc,4543.07,Lewis Ave & Greene Ave,55478,27874,27604,55478,40.68995,-73.9365,2023,2025,2,12,1,12,36,lifetime_aggregate,39,70.2981361981326,1
nyc,4546.04,DeKalb Ave & S Portland Ave,103978,51818,52160,103978,40.689810183263496,-73.97493110995809,2020,2023,2,12,1,12,48,lifetime_aggregate,31,29.813999115197447,1
nyc,4546.05,Washington Park,135294,67735,67559,135294,40.69178220406478,-73.97372992184938,2020,2025,3,12,1,12,72,lifetime_aggregate,15,11.086966162579271,1
nyc,4546.06,DeKalb Ave & S Portland Ave,60370,30134,30236,60370,40.68967018552252,-73.97527355121376,2025,2025,1,12,1,12,12,lifetime_aggregate,34,56.319363922478054,1
nyc,455,1 Ave & E 44 St,73217,37028,36189,73217,40.75001986,-73.96905301,2019,2019,1,12,1,12,12,lifetime_aggregate,39,53.2663179316279,1
nyc,4550.05,Central Ave & Covert St,32822,16600,16222,32822,40.68929,-73.90951,2020,2025,3,12,1,12,72,lifetime_aggregate,43,131.00968862348424,1
nyc,4553.04,Kosciuszko St & Tompkins Ave,108939,54473,54466,108939,40.691282698223276,-73.94524171195138,2020,2025,3,12,1,12,72,lifetime_aggregate,60,55.0766942968083,1
nyc,4556.08,Albee Square W & Fulton St,16389,8175,8214,16389,40.690687586859,-73.98347854692776,2023,2023,1,5,1,5,5,lifetime_aggregate,39,237.96448837635,1
nyc,456,E 53 St & Madison Ave,73926,37063,36863,73926,40.7597108,-73.97402311,2019,2019,1,12,1,12,12,lifetime_aggregate,69,93.33657982306632,1
nyc,4560.01,Madison St & Evergreen Ave,41268,20787,20481,41268,40.69122,-73.91693,2020,2025,3,12,1,12,72,lifetime_aggregate,34,82.38829116991374,1
nyc,4562.02,DeKalb Ave & Bedford Ave,39744,19812,19932,39744,40.690894,-73.955195,2025,2025,1,12,1,12,12,lifetime_aggregate,93,233.9975845410628,1
nyc,4565.04,85,33,17,16,33,40.69102912449924,-73.99183330410858,2020,2020,1,1,7,7,1,lifetime_aggregate,60,181818.18181818182,1
nyc,4565.04,Schermerhorn St & Court St,28486,14216,14270,28486,40.69102900781808,-73.99183396894912,2020,2020,1,12,1,12,12,lifetime_aggregate,60,210.62978305132347,1
nyc,4565.06,State St & Smith St,31640,15733,15907,31640,40.689269015047394,-73.98912896090377,2020,2020,1,12,1,12,12,lifetime_aggregate,123,388.7484197218711,1
nyc,4565.07,Schermerhorn St & Court St,135748,67715,68033,135748,40.69103637476267,-73.99201065314541,2023,2025,2,12,1,12,36,lifetime_aggregate,59,43.46288711435896,1
nyc,4568.01,Van Buren St & Broadway,40658,20600,20058,40658,40.692,-73.92617,2020,2025,3,12,1,12,72,lifetime_aggregate,39,95.92208175512815,1
nyc,4576.11,Lafayette Ave & Stuyvesant Ave,33544,16974,16570,33544,40.691992516039456,-73.93255010241388,2023,2025,2,12,1,12,36,lifetime_aggregate,19,56.64202241831624,1
nyc,458,11 Ave & W 27 St,139055,69098,69957,139055,40.751396,-74.005226,2019,2019,1,12,1,12,12,lifetime_aggregate,58,41.71011470281543,1
nyc,4582.05,Knickerbocker Ave & Cooper St,5809,2920,2889,5809,40.69081,-73.90448,2020,2020,1,12,1,12,12,lifetime_aggregate,55,946.8066792907558,1
nyc,4582.08,Knickerbocker Ave & Moffat St,17178,8633,8545,17178,40.690434,-73.903737,2023,2025,2,12,1,12,36,lifetime_aggregate,34,197.9275817906625,1
nyc,4587.02,Willoughby St & Ashland Pl,58280,28982,29298,58280,40.69178,-73.97877,2020,2025,3,12,1,12,72,lifetime_aggregate,40,68.63417982155113,1
nyc,459,W 20 St & 11 Ave,196745,96991,99754,196745,40.746745,-74.007756,2019,2019,1,12,1,12,12,lifetime_aggregate,35,17.789524511423416,1
nyc,4590.01,Soissons Landing,45043,22259,22784,45043,40.69231668803878,-74.01486580268197,2020,2025,3,12,7,6,60,lifetime_aggregate,0,0.0,1
nyc,4591.04,Central Ave & Weirfield St,40852,20519,20333,40852,40.69055,-73.91181,2020,2025,3,12,1,12,72,lifetime_aggregate,69,168.9023793204739,1
nyc,4593.05,Marcy Ave & Hart St,39224,19619,19605,39224,40.693022,-73.94868,2025,2025,1,12,1,12,12,lifetime_aggregate,21,53.538649806241075,1
nyc,4596.05,Duffield St & Willoughby St,166653,83038,83615,166653,40.69221591393958,-73.98428427206551,2020,2025,3,12,1,12,72,lifetime_aggregate,62,37.203050650153315,1
nyc,4596.09,Lawrence St & Willoughby St,206361,102952,103409,206361,40.69236184250281,-73.98631731157698,2020,2025,3,12,1,12,72,lifetime_aggregate,91,44.09747965943177,1
nyc,460,S 4 St & Wythe Ave,76480,38243,38237,76480,40.71285887,-73.96590294,2019,2019,1,12,1,12,12,lifetime_aggregate,51,66.68410041841004,1
nyc,4600.09,Bushwick Ave & Linden St,58895,29970,28925,58895,40.69146,-73.92146,2020,2025,3,12,1,12,72,lifetime_aggregate,109,185.07513371253927,1
nyc,4605.04,Clinton St & Joralemon St,190361,94805,95556,190361,40.69239501350822,-73.99337906078696,2020,2025,3,12,1,12,72,lifetime_aggregate,31,16.284848261986436,1
nyc,4608.01,Broadway & Kosciuszko St,57885,30391,27494,57885,40.69329,-73.92852,2020,2025,3,12,1,12,72,lifetime_aggregate,41,70.83009415219833,1
nyc,461,E 20 St & 2 Ave,126730,65081,61649,126730,40.73587678,-73.98205027,2019,2019,1,12,1,12,12,lifetime_aggregate,75,59.18093584786554,1
nyc,4611.03,Willoughby Ave & Hall St,186545,94284,92261,186545,40.69196023718597,-73.96536865844132,2020,2025,3,12,1,12,72,lifetime_aggregate,4,2.1442547374628105,1
nyc,4614.04,Atlantic Ave & Furman St,226757,112884,113873,226757,40.691651876812756,-73.99997872122145,2020,2025,3,12,1,12,72,lifetime_aggregate,341,150.38124512142954,1
nyc,4615.01,Wyckoff Ave & Cooper Ave,18364,9166,9198,18364,40.69338,-73.90061,2023,2025,2,12,1,12,36,lifetime_aggregate,18,98.0178610324548,1
nyc,4617.01,Lewis Ave & Kosciuszko St,66430,33604,32826,66430,40.6923708021629,-73.93705419386907,2020,2025,3,12,1,12,72,lifetime_aggregate,61,91.82598223694114,1
nyc,462,W 22 St & 10 Ave,143225,71282,71943,143225,40.74691959,-74.00451887,2019,2019,1,12,1,12,12,lifetime_aggregate,56,39.09931925292372,1
nyc,4620.02,Adelphi St & Myrtle Ave,177970,89211,88759,177970,40.69308269768807,-73.97178908845365,2020,2025,3,12,1,12,72,lifetime_aggregate,67,37.64679440355116,1
nyc,4623.02,Knickerbocker Ave & Halsey St,33135,16667,16468,33135,40.693,-73.90824,2020,2025,3,12,1,12,72,lifetime_aggregate,71,214.27493586841706,1
nyc,4625.01,Pulaski St & Throop Ave,43309,21667,21642,43309,40.693115,-73.943149,2025,2025,1,12,1,12,12,lifetime_aggregate,56,129.30337805075158,1
nyc,4628.05,Willoughby St & Fleet St,181693,90410,91283,181693,40.69196576087279,-73.98130185568785,2020,2025,3,12,1,12,72,lifetime_aggregate,23,12.658715525639403,1
nyc,4628.07,Myrtle Ave & Fleet Pl,93727,46861,46866,93727,40.693534,-73.981909,2023,2025,2,12,1,12,36,lifetime_aggregate,28,29.873995753624886,1
nyc,4631.02,Soissons Landing,19224,9571,9653,19224,40.692566,-74.015936,2025,2025,1,7,6,12,7,lifetime_aggregate,0,0.0,1
nyc,4632.1,Central Ave & Woodbine St,9160,4669,4491,9160,40.69296,-73.91605,2023,2025,2,11,1,9,33,lifetime_aggregate,33,360.26200873362444,1
nyc,4632.10,Central Ave & Woodbine St,50930,25356,25574,50930,40.69296,-73.91605,2020,2025,3,12,1,12,72,lifetime_aggregate,33,64.79481641468682,1
nyc,4634.02,Willoughby Ave & Walworth St,82017,40938,41079,82017,40.693317109599576,-73.95381995272021,2020,2025,3,12,1,12,72,lifetime_aggregate,58,70.71704646597657,1
nyc,4637.06,Fulton St & Adams St,242711,121289,121422,242711,40.69241819834505,-73.98949481455458,2020,2025,3,12,1,12,72,lifetime_aggregate,56,23.072707870677473,1
nyc,4637.07,Johnson St & Brooklyn Bridge Blvd,21455,10588,10867,21455,40.69517436149312,-73.98919894400785,2023,2023,1,8,5,12,8,lifetime_aggregate,42,195.7585644371941,1
nyc,464,E 56 St & 3 Ave,21858,10816,11042,21858,40.75934501,-73.96759673,2019,2019,1,5,8,12,5,lifetime_aggregate,97,443.7734467929362,1
nyc,4640.01,Bushwick Ave & Harman St,63698,31905,31793,63698,40.69356,-73.92524,2020,2025,3,12,1,12,72,lifetime_aggregate,79,124.0227322678891,1
nyc,4645.04,Henry St & Remsen St,69751,34890,34861,69751,40.69400964906876,-73.99465128745923,2023,2025,2,12,1,12,36,lifetime_aggregate,14,20.07139682585196,1
nyc,4645.09,Hicks St & Montague St,87963,44025,43938,87963,40.695128240530764,-73.99595080452984,2020,2025,3,12,1,1,61,lifetime_aggregate,16,18.189466025487988,1
nyc,4648.03,Malcolm X Blvd & DeKalb Ave,34799,17538,17261,34799,40.6938,-73.93114,2023,2025,2,12,1,12,36,lifetime_aggregate,79,227.01801775913103,1
nyc,465,Broadway & W 41 St,168072,84659,83413,168072,40.75513557,-73.98658032,2019,2019,1,12,1,12,12,lifetime_aggregate,94,55.92841163310962,1
nyc,4651.02,Clinton Ave & Myrtle Ave,218462,110021,108441,218462,40.693261,-73.968896,2020,2025,3,12,1,12,72,lifetime_aggregate,59,27.00698519651015,1
nyc,4654.01,Norman St & Wyckoff Ave,53721,26818,26903,53721,40.69517,-73.90311,2020,2025,3,12,1,12,72,lifetime_aggregate,44,81.90465553507939,1
nyc,4656.03,Pulaski St & Marcus Garvey Blvd,70436,35328,35108,70436,40.69339813745248,-73.939877,2020,2025,3,12,1,12,72,lifetime_aggregate,63,89.4428985178034,1
nyc,4659.02,Myrtle Ave & St Edwards St,85555,42868,42687,85555,40.69327012241145,-73.97703881309774,2020,2025,3,12,1,12,72,lifetime_aggregate,28,32.72748524341067,1
nyc,466,W 25 St & 6 Ave,125309,62665,62644,125309,40.74395411,-73.99144871,2019,2019,1,12,1,12,12,lifetime_aggregate,101,80.60075493380364,1
nyc,4663.02,Knickerbocker Ave & Hancock St,39299,20399,18900,39299,40.69385,-73.90974,2020,2025,3,12,1,12,72,lifetime_aggregate,61,155.22023461156772,1
nyc,4663.06,Putnam Ave & Knickerbocker Ave,38026,19732,18294,38026,40.69545,-73.91164,2020,2025,3,12,1,12,72,lifetime_aggregate,56,147.2676589701783,1
nyc,4665.02,Willoughby Ave & Tompkins Ave,90773,45384,45389,90773,40.69425402063541,-73.94626910317707,2020,2025,3,12,1,12,72,lifetime_aggregate,35,38.55772090819958,1
nyc,4668.08,Johnson St & Gold St,107164,53579,53585,107164,40.69474885908446,-73.98362474341735,2020,2025,3,12,1,12,72,lifetime_aggregate,148,138.10608040013437,1
nyc,467,Dean St & 4 Ave,51362,25434,25928,51362,40.68312489,-73.97895137,2019,2019,1,12,1,12,12,lifetime_aggregate,83,161.5980686110354,1
nyc,4672.01,Menahan St & Central Ave,40042,20186,19856,40042,40.69543,-73.9196,2020,2025,3,12,1,12,72,lifetime_aggregate,35,87.40822136756405,1
nyc,4677.01,Cadman Plaza E & Tillary St,80820,40329,40491,80820,40.69597683579143,-73.99014892188606,2020,2025,3,12,12,12,61,lifetime_aggregate,23,28.45830240039594,1
nyc,4677.06,Montague St & Clinton St,168766,84261,84505,168766,40.69427182412077,-73.99232666907363,2020,2025,3,12,1,12,72,lifetime_aggregate,38,22.516383631774172,1
nyc,4677.1,Cadman Plaza E & Johnson St,23458,11696,11762,23458,40.69531700797627,-73.99015700708348,2020,2020,1,12,1,12,12,lifetime_aggregate,22,93.78463637138717,1
nyc,468,Broadway & W 56 St,138318,71237,67081,138318,40.7652653863389,-73.98192339162306,2019,2019,1,12,1,12,12,lifetime_aggregate,40,28.91886811550196,1
nyc,4680.05,Bushwick Ave & Dekalb Ave,51369,26629,24740,51369,40.69502,-73.92825,2020,2025,3,12,1,12,72,lifetime_aggregate,69,134.32225661391112,1
nyc,4683.02,Emerson Pl & Myrtle Ave,181743,92481,89262,181743,40.69363125268515,-73.96223570120388,2020,2025,3,12,1,12,72,lifetime_aggregate,28,15.406370534215899,1
nyc,4687.03,Cypress Ave & St Felix Ave,6292,3224,3068,6292,40.69559,-73.89927,2023,2025,2,12,2,12,35,lifetime_aggregate,56,890.0190718372537,1
nyc,4689.03,Suydam St & Broadway,80704,40817,39887,80704,40.69544,-73.93223,2020,2025,3,12,1,12,72,lifetime_aggregate,71,87.97581284694687,1
nyc,4689.08,Stuyvesant Ave & Hart St,39028,20765,18263,39028,40.69465,-73.9343,2023,2025,2,12,1,12,36,lifetime_aggregate,31,79.43015271087425,1
nyc,469,Broadway & W 53 St,85281,43028,42253,85281,40.76344058,-73.98268129,2019,2019,1,12,1,12,12,lifetime_aggregate,78,91.46234213951526,1
nyc,4692.01,Clermont Ave & Park Ave,77254,38675,38579,77254,40.69573398104128,-73.97129677861585,2020,2025,3,12,1,12,72,lifetime_aggregate,53,68.60486188417428,1
nyc,4695.04,Irving Ave & Halsey St,43971,22003,21968,43971,40.69467,-73.90663,2020,2025,3,12,1,12,72,lifetime_aggregate,52,118.25976211594005,1
nyc,4697.01,Throop Ave & Myrtle Ave,55531,27913,27618,55531,40.69622925477339,-73.94371094275608,2020,2025,3,12,1,12,72,lifetime_aggregate,47,84.63740973510292,1
nyc,470,W 20 St & 8 Ave,103143,52124,51019,103143,40.74345335,-74.00004031,2019,2019,1,12,1,12,12,lifetime_aggregate,65,63.01930329736385,1
nyc,4700.06,Park Ave & St Edwards St,42882,21396,21486,42882,40.696089278731364,-73.97803410197488,2020,2025,3,12,1,12,72,lifetime_aggregate,72,167.90261648244018,1
nyc,4707.03,Myrtle Ave & Marcy Ave,74585,37374,37211,74585,40.69539811713143,-73.94954905512067,2020,2025,3,12,1,12,72,lifetime_aggregate,78,104.57866863310316,1
nyc,4707.04,Nostrand Ave & Myrtle Ave,57299,28706,28593,57299,40.695270054658046,-73.95238105465805,2020,2025,3,12,1,12,72,lifetime_aggregate,105,183.24927136599243,1
nyc,471,Grand St & Havemeyer St,44184,22015,22169,44184,40.71286844,-73.95698119,2019,2019,1,12,1,12,12,lifetime_aggregate,35,79.21419518377694,1
nyc,4710.06,Jay St & Tech Pl,123682,61660,62022,123682,40.69506500000001,-73.987167,2020,2025,3,12,1,12,72,lifetime_aggregate,31,25.064277744538416,1
nyc,4713.01,Central Ave & Himrod St,49865,25092,24773,49865,40.69676,-73.92302,2020,2025,3,12,1,12,72,lifetime_aggregate,55,110.29780407099167,1
nyc,4715.01,Franklin Ave & Myrtle Ave,61891,30911,30980,61891,40.69454605943245,-73.95801375233953,2020,2025,3,12,1,12,72,lifetime_aggregate,38,61.39826469115057,1
nyc,4718.08,Pierrepont St & Monroe Pl,87792,43853,43939,87792,40.69535694712831,-73.99344018308312,2020,2025,3,12,1,12,72,lifetime_aggregate,13,14.807727355567707,1
nyc,4718.11,Montague St & Hicks St,70261,35135,35126,70261,40.69522407512035,-73.99598850939152,2025,2025,1,12,1,12,12,lifetime_aggregate,19,27.042029006134275,1
nyc,4719.04,St Felix Ave & 61 St,20485,10266,10219,20485,40.69715,-73.8936,2023,2025,2,12,1,12,36,lifetime_aggregate,19,92.75079326336343,1
nyc,472,E 32 St & Park Ave,136913,69227,67686,136913,40.7457121,-73.98194829,2019,2019,1,12,1,12,12,lifetime_aggregate,42,30.67641494963955,1
nyc,4721.01,Cedar St & Evergreen Ave,41505,20926,20579,41505,40.69671,-73.92807,2020,2025,3,12,1,12,72,lifetime_aggregate,52,125.286110107216,1
nyc,4724.03,Washington Ave & Park Ave,139556,70526,69030,139556,40.69610217629273,-73.9675102508781,2020,2025,3,12,1,12,72,lifetime_aggregate,107,76.67173034480781,1
nyc,4727.06,Summerfield St & Cypress Ave,11816,5980,5836,11816,40.69662,-73.90056,2023,2025,2,12,1,12,36,lifetime_aggregate,49,414.69194312796213,1
nyc,4729.01,Myrtle Ave & Lewis Ave,101812,51111,50701,101812,40.69681972770911,-73.93756917956698,2020,2025,3,12,1,12,72,lifetime_aggregate,70,68.75417436058618,1
nyc,473,Rivington St & Chrystie St,71686,35178,36508,71686,40.72110063,-73.9919254,2019,2019,1,12,1,12,12,lifetime_aggregate,48,66.958680913986,1
nyc,4732.04,Carlton Ave & Park Ave,76182,37853,38329,76182,40.69580703390265,-73.97355578183125,2020,2025,3,12,1,12,72,lifetime_aggregate,59,77.44611588039169,1
nyc,4732.08,Carlton Ave & Flushing Ave,88745,44025,44720,88745,40.697787,-73.973736,2020,2025,3,12,1,12,72,lifetime_aggregate,33,37.18519353202998,1
nyc,4735.03,Putnam Ave & Wyckoff Ave,37256,19646,17610,37256,40.69811,-73.90904,2020,2025,3,12,1,12,72,lifetime_aggregate,34,91.26046811251878,1
nyc,4735.16,Hancock St & Wyckoff Ave,31895,15959,15936,31895,40.6972,-73.90674,2020,2025,3,12,1,12,72,lifetime_aggregate,51,159.89967079479544,1
nyc,474,5 Ave & E 29 St,117811,59094,58717,117811,40.74516772238449,-73.98683074765665,2019,2019,1,12,1,12,12,lifetime_aggregate,52,44.13849300999058,1
nyc,4743.04,Linden St & Knickerbocker Ave,26655,13302,13353,26655,40.69714,-73.91566,2020,2025,3,12,1,12,72,lifetime_aggregate,67,251.35996998686926,1
nyc,4748.07,Clinton St & Tillary St,116375,58163,58212,116375,40.69623297070767,-73.99142061098566,2020,2025,3,12,10,12,63,lifetime_aggregate,29,24.919441460794847,1
nyc,4751.01,Cedar St & Myrtle Ave,55529,28123,27406,55529,40.697842,-73.926241,2020,2025,3,12,1,12,72,lifetime_aggregate,78,140.46714329449475,1
nyc,4756.04,Brooklyn Bridge Park - Pier 2,123226,61409,61817,123226,40.698458,-73.997178,2020,2025,3,12,1,12,72,lifetime_aggregate,21,17.041858049437618,1
nyc,4757.06,Seneca Ave & Decatur St,4643,2349,2294,4643,40.69723,-73.89811,2023,2025,2,12,2,12,35,lifetime_aggregate,16,344.6047813913418,1
nyc,4759.02,Willoughby Ave & Myrtle Ave,102043,50961,51082,102043,40.69757,-73.93098,2020,2025,3,12,1,12,72,lifetime_aggregate,45,44.099056280195605,1
nyc,476,E 31 St & 3 Ave,113098,56925,56173,113098,40.74394314,-73.97966069,2019,2019,1,12,1,12,12,lifetime_aggregate,71,62.777414277882905,1
nyc,4762.04,Clinton Ave & Flushing Ave,69510,34383,35127,69510,40.69794,-73.96986832468161,2020,2025,3,12,1,12,72,lifetime_aggregate,43,61.86160264710114,1
nyc,4762.05,Flushing Ave & Vanderbilt Ave,170036,84166,85870,170036,40.69795021369187,-73.97077572555767,2020,2025,3,12,1,12,72,lifetime_aggregate,53,31.169869909901433,1
nyc,4765.07,Cypress Ave & George St,13672,6830,6842,13672,40.69812,-73.90271,2020,2025,3,12,1,12,72,lifetime_aggregate,53,387.65359859567,1
nyc,4768.02,Park Ave & Marcus Garvey Blvd,64811,32511,32300,64811,40.698617,-73.941342,2020,2025,3,12,1,12,72,lifetime_aggregate,33,50.91728256005925,1
nyc,477,W 41 St & 8 Ave,179906,90092,89814,179906,40.75640545474157,-73.99002618155777,2019,2019,1,12,1,12,12,lifetime_aggregate,220,122.28608273209343,1
nyc,4771.07,N Portland Ave & Flushing Ave,25828,12686,13142,25828,40.697926,-73.97662999999999,2023,2025,2,12,10,12,27,lifetime_aggregate,43,166.48598420319033,1
nyc,4775.01,Irving Ave & Palmetto St,39706,19869,19837,39706,40.698,-73.9127,2020,2025,3,12,1,12,72,lifetime_aggregate,59,148.5921523195487,1
nyc,4778.03,Park Ave & Marcy Ave,8631,4365,4266,8631,40.697576,-73.948881,2025,2025,1,12,1,12,12,lifetime_aggregate,41,475.03186189317574,1
nyc,478,11 Ave & W 41 St,117512,58984,58528,117512,40.760300978800494,-73.99884219734872,2019,2019,1,12,1,12,12,lifetime_aggregate,313,266.3557764313432,1
nyc,4781.03,Concord St & Bridge St,83761,41794,41967,83761,40.69766574755041,-73.9847642507598,2020,2025,3,12,1,12,72,lifetime_aggregate,48,57.3059060899464,1
nyc,4781.05,Nassau St & Duffield St,68334,33504,34830,68334,40.698477,-73.98384,2023,2025,2,12,1,12,36,lifetime_aggregate,31,45.3654110691603,1
nyc,4784.02,Greene Av & Myrtle Av,27791,13945,13846,27791,40.698568,-73.918877,2020,2023,2,12,1,10,46,lifetime_aggregate,93,334.6407110215537,1
nyc,4784.02,Greene Ave & Myrtle Ave,29590,14816,14774,29590,40.698568,-73.918877,2023,2025,2,12,10,12,27,lifetime_aggregate,93,314.29537005745186,1
nyc,4789.03,Clark St & Henry St,229637,115371,114266,229637,40.69760118239983,-73.99344571634923,2020,2025,3,12,1,12,72,lifetime_aggregate,30,13.064096813666788,1
nyc,479,9 Ave & W 45 St,127266,63324,63942,127266,40.76019252,-73.9912551,2019,2019,1,12,1,12,12,lifetime_aggregate,115,90.36191913001116,1
nyc,4792.03,Central Ave & Starr St,44774,22398,22376,44774,40.700003,-73.92834,2023,2025,2,12,10,12,27,lifetime_aggregate,32,71.47004958234689,1
nyc,4792.03,Central Ave & Starr Street,30458,15395,15063,30458,40.700003,-73.92834,2020,2023,2,12,1,10,46,lifetime_aggregate,32,105.06270930461619,1
nyc,4798.02,Forest Ave & Summerfield St,26465,13248,13217,26465,40.69922,-73.89795,2020,2025,3,12,1,12,72,lifetime_aggregate,39,147.364443604761,1
nyc,4798.1,Stephen St & Seneca Ave,1356,782,574,1356,40.6988,-73.9007,2023,2025,2,12,1,11,35,lifetime_aggregate,31,2286.1356932153394,1
nyc,4798.10,Stephen St & Seneca Ave,8530,4195,4335,8530,40.6988,-73.9007,2020,2025,3,12,1,12,72,lifetime_aggregate,31,363.4232121922626,1
nyc,480,W 53 St & 10 Ave,71260,35622,35638,71260,40.76669671,-73.99061728,2019,2019,1,10,1,10,10,lifetime_aggregate,70,98.23182711198427,1
nyc,4801.04,Melrose St & Broadway,107328,53681,53647,107328,40.697481,-73.935877,2020,2025,3,12,1,10,70,lifetime_aggregate,196,182.61776982707215,1
nyc,4801.10,Arion Pl & Broadway,3226,1605,1621,3226,40.697891,-73.936642,2025,2025,1,2,11,12,2,lifetime_aggregate,110,3409.7954122752635,1
nyc,4804.02,Dock 72 Way & Market St,105762,52046,53716,105762,40.69985,-73.97141,2020,2025,3,12,1,12,72,lifetime_aggregate,2,1.8910383691685104,1
nyc,4807.02,Madison St & Cypress Ave,35875,18126,17749,35875,40.70068,-73.90742,2020,2025,3,12,1,12,72,lifetime_aggregate,69,192.33449477351917,1
nyc,481,S 3 St & Bedford Ave,57372,29180,28192,57372,40.71260486,-73.96264403,2019,2019,1,12,1,12,12,lifetime_aggregate,38,66.23440005577633,1
nyc,4812.02,Nassau St & Navy St,86779,41838,44941,86779,40.6983989577743,-73.98068909514501,2020,2025,3,12,1,12,72,lifetime_aggregate,40,46.09410110741078,1
nyc,4812.04,Sands St Gate,104093,51826,52267,104093,40.699569,-73.979827,2020,2025,3,12,2,12,71,lifetime_aggregate,24,23.05630541919245,1
nyc,4816.02,Myrtle Ave & Linden St,26559,13696,12863,26559,40.69943,-73.91337,2020,2025,3,12,1,12,72,lifetime_aggregate,96,361.4593922963967,1
nyc,4816.05,Myrtle Ave & Grove St,26426,13202,13224,26426,40.69905,-73.91516,2020,2025,3,12,1,12,72,lifetime_aggregate,103,389.76765306894725,1
nyc,4818.02,Nostrand Ave & Flushing Ave,15001,7602,7399,15001,40.69928,-73.953259,2023,2025,2,12,11,12,26,lifetime_aggregate,87,579.9613359109393,1
nyc,4818.03,Union Ave & Wallabout St,48470,24211,24259,48470,40.700295074558106,-73.95032287514594,2020,2025,3,12,1,12,72,lifetime_aggregate,66,136.16670105219723,1
nyc,482,W 15 St & 7 Ave,129021,64064,64957,129021,40.73935542,-73.99931783,2019,2019,1,12,1,12,12,lifetime_aggregate,83,64.3306128459708,1
nyc,4821.03,Sands St & Jay St,113625,55760,57865,113625,40.700119,-73.9862,2020,2025,3,12,5,12,68,lifetime_aggregate,171,150.4950495049505,1
nyc,4821.06,Cadman Plaza E & Red Cross Pl,105774,52640,53134,105774,40.69991768735687,-73.9897178089932,2020,2025,3,12,1,12,72,lifetime_aggregate,40,37.816476638871556,1
nyc,4821.1,Adams St & Prospect St,16208,7695,8513,16208,40.70076308311522,-73.98869812466613,2023,2025,2,12,1,11,35,lifetime_aggregate,118,728.0355380059231,1
nyc,4821.10,Adams St & Prospect St,52232,25621,26611,52232,40.70076308300173,-73.98869812449591,2023,2025,2,12,1,12,36,lifetime_aggregate,118,225.91514780211367,1
nyc,4824.03,Stockholm St & Wilson Ave,84188,42062,42126,84188,40.699304,-73.923044,2020,2025,3,12,1,12,72,lifetime_aggregate,87,103.34014348838313,1
nyc,4826.04,Wallabout St & Kent Ave,21316,10749,10567,21316,40.6991049,-73.96063340600001,2023,2025,2,12,11,12,26,lifetime_aggregate,145,680.2401951585663,1
nyc,4829.01,Columbia Heights & Cranberry St,77391,38727,38664,77391,40.70037878059361,-73.99548072968341,2020,2025,3,12,1,8,68,lifetime_aggregate,202,261.0122624077735,1
nyc,483,E 12 St & 3 Ave,85696,42705,42991,85696,40.73223272,-73.98889957,2019,2019,1,11,1,12,12,lifetime_aggregate,37,43.17587752053771,1
nyc,4830.02,61 St & 60 Ln,12538,6264,6274,12538,40.70055,-73.8943,2023,2025,2,12,1,12,36,lifetime_aggregate,43,342.9574094751954,1
nyc,4832.07,Central Ave & Melrose St,49826,24969,24857,49826,40.70112,-73.93039,2020,2025,3,12,1,12,72,lifetime_aggregate,27,54.18857624533376,1
nyc,4837.03,Centre St & Seneca Ave,23359,11679,11680,23359,40.69969,-73.9022,2020,2025,3,12,1,12,72,lifetime_aggregate,43,184.0832227406995,1
nyc,484,W 44 St & 5 Ave,89882,44337,45545,89882,40.75500254,-73.98014437,2019,2019,1,12,1,12,12,lifetime_aggregate,100,111.25698137558133,1
nyc,4840.06,Beaver St & Fayette St,82881,41572,41309,82881,40.70099,-73.93921,2020,2025,3,12,1,12,72,lifetime_aggregate,54,65.15365403409709,1
nyc,4843.01,5 St & Market St,45205,22729,22476,45205,40.699997447342945,-73.97440125884809,2020,2025,3,12,1,12,72,lifetime_aggregate,0,0.0,1
nyc,4846.01,South St & Whitehall St,185391,91834,93557,185391,40.70122118829105,-74.01234212104424,2020,2025,3,12,1,12,72,lifetime_aggregate,20,10.788010205457654,1
nyc,4847.03,Wyckoff Ave & Gates Ave,107997,54585,53412,107997,40.69987140877433,-73.91171872619536,2023,2025,2,12,1,12,36,lifetime_aggregate,122,112.96610091021046,1
nyc,485,W 37 St & 5 Ave,79944,40517,39427,79944,40.750379966733654,-73.98338984517686,2019,2019,1,12,1,12,12,lifetime_aggregate,123,153.85770039027318,1
nyc,4850.04,Tompkins Ave & Hopkins St,55093,27504,27589,55093,40.6995760547472,-73.94708411633778,2020,2025,3,12,1,12,72,lifetime_aggregate,58,105.27653240883596,1
nyc,4853.06,Bridge St & York St,44016,21039,22977,44016,40.701334479982926,-73.98471236177163,2023,2025,2,12,1,12,36,lifetime_aggregate,30,68.15703380588877,1
nyc,4856.05,Irving Ave & Harman St,61344,30664,30680,61344,40.70108,-73.9179,2020,2025,3,12,1,12,72,lifetime_aggregate,56,91.2884715701617,1
nyc,486,Broadway & W 29 St,143780,72016,71764,143780,40.7462009,-73.98855723,2019,2019,1,12,1,12,12,lifetime_aggregate,47,32.68883015718459,1
nyc,4861.05,Henry St & Middagh St,87237,43554,43683,87237,40.7003,-73.991581,2020,2025,3,12,1,10,70,lifetime_aggregate,127,145.5804303219964,1
nyc,4862.04,Myrtle Ave & 65 St,17492,8729,8763,17492,40.70117,-73.8904,2023,2025,2,12,1,12,36,lifetime_aggregate,46,262.9773610793506,1
nyc,4862.07,Cooper Ave & 65 Pl,9675,4821,4854,9675,40.69953,-73.88873,2023,2025,2,12,1,12,36,lifetime_aggregate,43,444.44444444444446,1
nyc,4864.09,Wilson Ave & Troutman St,88304,44215,44089,88304,40.70166,-73.92754,2020,2025,3,12,1,12,72,lifetime_aggregate,69,78.13915564413843,1
nyc,487,E 20 St & FDR Drive,110483,55020,55463,110483,40.733142616846074,-73.97573884948869,2019,2019,1,12,1,12,12,lifetime_aggregate,14,12.671632739878532,1
nyc,4871.02,71 Ave & Myrtle Ave,26404,13188,13216,26404,40.70067,-73.89907,2023,2025,2,12,1,12,36,lifetime_aggregate,57,215.87638236630815,1
nyc,4873.08,Evergreen Ave & Noll St,72899,36564,36335,72899,40.70106,-73.93318,2020,2025,3,12,1,12,72,lifetime_aggregate,11,15.089370224557266,1
nyc,488,W 39 St & 9 Ave,6,3,3,6,40.75645824,-73.99372222,2019,2019,1,1,9,9,1,lifetime_aggregate,144,2400000.0,1
nyc,4880.11,Madison St & Seneca Ave,29573,14937,14636,29573,40.70183,-73.90625,2020,2025,3,12,1,12,72,lifetime_aggregate,30,101.44388462448855,1
nyc,4883.03,Broadway & Whipple St,99966,49873,50093,99966,40.70166578331479,-73.94373020516967,2020,2025,3,12,1,12,72,lifetime_aggregate,121,121.0411539923574,1
nyc,4889.06,Bus Slip & State St,123733,61332,62401,123733,40.701907,-74.013942,2020,2025,3,12,1,12,72,lifetime_aggregate,8,6.465534659306733,1
nyc,489,10 Ave & W 28 St,81044,40407,40637,81044,40.750663859999996,-74.00176802,2019,2019,1,7,6,12,7,lifetime_aggregate,92,113.51858249839593,1
nyc,4890.11,Menahan St & Wyckoff Ave,35891,17945,17946,35891,40.70113,-73.91422,2020,2025,3,12,1,12,72,lifetime_aggregate,62,172.7452564709816,1
nyc,4892.02,Lorimer St & Harrison Ave,3895,1941,1954,3895,40.702726,-73.94984,2025,2025,1,12,1,12,12,lifetime_aggregate,35,898.5879332477535,1
nyc,4895.03,Front St & Jay St,157912,78248,79664,157912,40.702461,-73.986842,2020,2025,3,12,1,12,72,lifetime_aggregate,36,22.79750747251634,1
nyc,4895.09,Jay St & York St,219907,108373,111534,219907,40.70140311709009,-73.98672679027521,2020,2025,3,12,1,12,72,lifetime_aggregate,88,40.01691624186588,1
nyc,4895.15,Pearl St & York St,49506,23159,26347,49506,40.70140463561845,-73.98768022562815,2023,2025,2,12,1,12,36,lifetime_aggregate,76,153.5167454449966,1
nyc,4898.02,Irving Ave & DeKalb Ave,65818,32905,32913,65818,40.7027,-73.92095,2020,2025,3,12,1,12,72,lifetime_aggregate,76,115.46993223738187,1
nyc,490,8 Ave & W 33 St,189705,95138,94567,189705,40.751551022649316,-73.9939340537732,2019,2019,1,12,1,12,12,lifetime_aggregate,105,55.34909464695185,1
nyc,4903.08,Old Fulton St,181537,90277,91260,181537,40.702771712786486,-73.99383603384415,2020,2025,3,12,1,12,72,lifetime_aggregate,42,23.135779482970413,1
nyc,4903.09,Dock St & Front St,75106,37009,38097,75106,40.702709,-73.99253,2023,2025,2,12,1,12,36,lifetime_aggregate,84,111.84193007216466,1
nyc,4904.03,Cypress Hills St & Otto Rd,6786,3406,3380,6786,40.70204,-73.89288,2023,2025,2,12,1,12,36,lifetime_aggregate,25,368.4055408193339,1
nyc,4906.07,George St & Wilson Ave,59934,29882,30052,59934,40.702997,-73.92997,2020,2025,3,12,1,12,72,lifetime_aggregate,37,61.73457469883538,1
nyc,491,E 24 St & Park Ave S,169392,84313,85079,169392,40.7409637187928,-73.98602212951302,2019,2019,1,12,1,12,12,lifetime_aggregate,91,53.72154529139511,1
nyc,4912.1,Catalpa Ave & Woodward Ave,8052,2684,5368,8052,40.70229,-73.90145,2023,2025,2,12,2,9,32,lifetime_aggregate,32,397.4167908594138,1
nyc,4912.10,Catalpa Ave & Woodward Ave,31682,17141,14541,31682,40.70229,-73.90145,2023,2025,2,12,2,12,35,lifetime_aggregate,32,101.00372451234138,1
nyc,4914.03,Bushwick Ave & Forrest St,63045,31530,31515,63045,40.70076,-73.93641,2020,2025,3,12,1,12,72,lifetime_aggregate,65,103.10095963200888,1
nyc,492,W 33 St & 7 Ave,163435,82200,81235,163435,40.75019995,-73.99093085,2019,2019,1,12,1,12,12,lifetime_aggregate,167,102.18129531618075,1
nyc,4920.13,South St & Broad St,15029,7274,7755,15029,40.701888590124184,-74.01089876945896,2023,2025,2,12,1,12,36,lifetime_aggregate,40,266.15210592853816,1
nyc,4921.04,Cypress Ave & Palmetto St,19892,10459,9433,19892,40.70157328522058,-73.90876293518603,2020,2025,3,12,1,12,72,lifetime_aggregate,58,291.5745023124874,1
nyc,4927.04,Front St & Gold St,101193,50329,50864,101193,40.70224,-73.982578,2020,2025,3,12,1,12,72,lifetime_aggregate,9,8.893895822833596,1
nyc,493,W 45 St & 6 Ave,80448,40026,40422,80448,40.7568001,-73.98291153,2019,2019,1,10,1,12,12,lifetime_aggregate,117,145.43556085918854,1
nyc,4931.05,Wyckoff Av & Stanhope St,44425,22199,22226,44425,40.703545,-73.917775,2020,2023,2,12,1,10,46,lifetime_aggregate,93,209.34158694428814,1
nyc,4931.05,Wyckoff Ave & Stanhope St,68126,34099,34027,68126,40.703545,-73.91777500000002,2023,2025,2,12,10,12,27,lifetime_aggregate,93,136.51175762557614,1
nyc,4933.03,Marcy Ave & Lynch St,4074,2029,2045,4074,40.702752999999994,-73.953168,2023,2025,2,12,11,12,26,lifetime_aggregate,22,540.0098183603338,1
nyc,4933.04,Marcy Ave & Rutledge St,4192,2080,2112,4192,40.703681,-73.95427,2025,2025,1,12,1,12,12,lifetime_aggregate,23,548.6641221374045,1
nyc,4936.01,Front St & Washington St,149607,73362,76245,149607,40.70255092357794,-73.98940218808629,2020,2025,2,12,1,12,72,lifetime_aggregate,38,25.399881021609954,1
nyc,4936.21,Main St & Plymouth St,130298,64964,65334,130298,40.70378214771965,-73.99073386857752,2023,2025,2,12,1,12,36,lifetime_aggregate,9,6.907243395907842,1
nyc,4937.03,65 Pl & Central Ave,343,167,176,343,40.70264,-73.88981,2025,2025,1,2,11,12,2,lifetime_aggregate,23,6705.539358600583,1
nyc,4939.07,Suydam St & Knickerbocker Ave,111779,55769,56010,111779,40.702013,-73.923769,2020,2025,3,12,1,12,72,lifetime_aggregate,68,60.83432487318727,1
nyc,494,W 26 St & 8 Ave,133954,67829,66125,133954,40.74734825,-73.99723551,2019,2019,1,12,1,12,12,lifetime_aggregate,49,36.57972139689744,1
nyc,4945.06,Fresh Pond Rd & 69 Ave,19696,9883,9813,19696,40.70311,-73.89547,2023,2025,2,12,2,12,35,lifetime_aggregate,37,187.85540211210397,1
nyc,4947.04,Central Ave & Flushing Ave,45956,23106,22850,45956,40.702831,-73.9333,2020,2025,3,12,1,12,72,lifetime_aggregate,56,121.8556880494386,1
nyc,495,W 47 St & 10 Ave,84512,42468,42044,84512,40.76269882,-73.99301222,2019,2019,1,11,1,12,12,lifetime_aggregate,76,89.92805755395683,1
nyc,4953.01,Wall St & South St,57860,28005,29855,57860,40.70437,-74.00637,2020,2020,1,10,3,12,10,lifetime_aggregate,22,38.02281368821293,1
nyc,4953.04,South St & Gouverneur Ln,201081,102076,99005,201081,40.70355383784395,-74.00670218184578,2020,2025,3,12,1,12,72,lifetime_aggregate,19,9.448928541234627,1
nyc,4953.08,Front St & Pine St,32294,15960,16334,32294,40.70531,-74.00613,2025,2025,1,12,1,12,12,lifetime_aggregate,44,136.24821948349538,1
nyc,4954.07,Madison St & Woodward Ave,34549,17455,17094,34549,40.70408,-73.90408,2020,2025,3,12,1,12,72,lifetime_aggregate,31,89.72763321659093,1
nyc,4956.02,Humboldt St & Varet St,38014,18899,19115,38014,40.70317224505905,-73.940636,2020,2025,3,12,1,5,65,lifetime_aggregate,31,81.54890303572368,1
nyc,4956.09,Seigel St & Humboldt St,11201,5565,5636,11201,40.704613,-73.940865,2025,2025,1,6,7,12,6,lifetime_aggregate,50,446.38871529327736,1
nyc,496,E 16 St & 5 Ave,135035,67434,67601,135035,40.73726186,-73.99238967,2019,2019,1,12,1,12,12,lifetime_aggregate,82,60.7249972229422,1
nyc,4962.01,Broadway & Battery Pl,168271,82096,86175,168271,40.70463322586219,-74.01361703985803,2020,2025,3,12,1,12,72,lifetime_aggregate,43,25.55401703204949,1
nyc,4962.02,Whitehall St & Bridge St,24927,12417,12510,24927,40.703661707651264,-74.01318132608549,2023,2023,1,12,1,12,12,lifetime_aggregate,26,104.30456934248005,1
nyc,4962.04,Water - Whitehall Plaza,30227,14762,15465,30227,40.70255096317087,-74.01272301411362,2020,2020,1,12,1,12,12,lifetime_aggregate,23,76.09091209845502,1
nyc,4962.08,Broad St & Bridge St,115585,57472,58113,115585,40.70365187028004,-74.01167797164183,2020,2025,3,12,1,12,72,lifetime_aggregate,53,45.85370073971536,1
nyc,4962.09,Pearl St & Whitehall St,21844,10709,11135,21844,40.703144,-74.013178,2025,2025,1,12,1,12,12,lifetime_aggregate,34,155.64914850759934,1
nyc,4963.13,Menahan St & Seneca Ave,35657,17894,17763,35657,40.70461,-73.91054,2020,2025,3,12,1,12,72,lifetime_aggregate,29,81.33045404829346,1
nyc,4965.01,Lorimer St & Broadway,47868,23908,23960,47868,40.704117925605374,-73.94818595286091,2020,2025,3,12,1,12,72,lifetime_aggregate,61,127.43377621793266,1
nyc,4968.03,Bridge St & Front St,80844,40071,40773,80844,40.70296925987278,-73.9846912502537,2025,2025,1,12,1,12,12,lifetime_aggregate,23,28.449854039879273,1
nyc,4968.03,Bridge St & Water St,45166,22341,22825,45166,40.7029693405245,-73.98469090490445,2023,2023,1,12,1,12,12,lifetime_aggregate,23,50.9232608599389,1
nyc,497,E 17 St & Broadway,247247,121781,125466,247247,40.73704983936132,-73.99009294599416,2019,2019,1,12,1,12,12,lifetime_aggregate,32,12.942523063980552,1
nyc,4971.01,Hart St & Wyckoff Ave,43077,21514,21563,43077,40.704876,-73.919911,2020,2025,3,12,1,12,72,lifetime_aggregate,97,225.17816932469762,1
nyc,4977.03,65 St & Otto Rd,10978,5481,5497,10978,40.70389,-73.89116,2023,2025,2,12,1,12,36,lifetime_aggregate,15,136.63691018400436,1
nyc,4979.07,Knickerbocker Ave & George St,65370,32514,32856,65370,40.704425,-73.92836,2020,2025,3,12,1,12,72,lifetime_aggregate,77,117.79103564326144,1
nyc,498,Broadway & W 32 St,34694,17406,17288,34694,40.74854862,-73.98808416,2019,2019,1,6,1,7,7,lifetime_aggregate,75,216.1757076151496,1
nyc,4982.02,Taylor St & Bedford Ave,12502,6228,6274,12502,40.705774,-73.963252,2023,2025,2,12,11,12,26,lifetime_aggregate,40,319.9488081906895,1
nyc,4985.09,60 Pl & 67 Ave,8312,4189,4123,8312,40.70497,-73.89965,2023,2025,2,12,2,12,35,lifetime_aggregate,13,156.40038498556302,1
nyc,4987.06,White St & Moore St,63250,31577,31673,63250,40.704508,-73.9351,2020,2025,3,12,1,12,72,lifetime_aggregate,40,63.24110671936759,1
nyc,499,Broadway & W 60 St,203098,103167,99931,203098,40.76915505,-73.98191841,2019,2019,1,12,1,12,12,lifetime_aggregate,140,68.93223960846488,1
nyc,4990.01,Railroad Ave & Kay Ave,1956,972,984,1956,40.705311952024125,-73.97100093164828,2020,2020,1,12,1,12,12,lifetime_aggregate,0,0.0,1
nyc,4990.02,Railroad Ave & Kay Ave,6943,3467,3476,6943,40.705148076972534,-73.97078096867071,2023,2025,2,12,1,12,36,lifetime_aggregate,0,0.0,1
nyc,4993.02,Pearl St & Hanover Square,170935,85084,85851,170935,40.704717786199595,-74.0092601834342,2020,2025,3,12,1,12,72,lifetime_aggregate,80,46.80141574282622,1
nyc,4993.12,Old Slip & Front St,5882,2813,3069,5882,40.70379900205453,-74.00838699753456,2020,2020,1,3,1,3,3,lifetime_aggregate,58,986.059163549813,1
nyc,4993.13,Old Slip & South St,95570,45520,50050,95570,40.7033668713756,-74.00786787689887,2020,2025,3,12,12,12,61,lifetime_aggregate,31,32.43695720414356,1
nyc,4993.15,Water St & Gouverneur Ln,72246,35172,37074,72246,40.704696679590434,-74.00803416933529,2023,2025,2,12,1,12,36,lifetime_aggregate,64,88.58621930625917,1
nyc,4994.1,Onderdonk Ave & Gates Ave,5108,2388,2720,5108,40.70413,-73.90737,2023,2025,2,12,1,11,35,lifetime_aggregate,46,900.5481597494127,1
nyc,4994.10,Onderdonk Ave & Gates Ave,31849,16244,15605,31849,40.70413,-73.90737,2020,2025,3,12,1,12,72,lifetime_aggregate,46,144.4315363119721,1
nyc,4996.08,McKibbin St & Manhattan Ave,95726,47802,47924,95726,40.705109123658715,-73.94407284183781,2020,2025,3,12,1,12,72,lifetime_aggregate,32,33.4287445417128,1
nyc,500,Broadway & W 51 St,81342,41038,40304,81342,40.76228826,-73.98336183,2019,2019,1,12,1,12,12,lifetime_aggregate,68,83.59764943079836,1
nyc,5001.08,Little West St & 1 Pl,303979,151571,152408,303979,40.705692683162795,-74.01677689245749,2020,2025,3,12,1,12,72,lifetime_aggregate,56,18.42232522641367,1
nyc,5001.09,Battery Pl & Greenwich St,1169,566,603,1169,40.70463,-74.01507,2020,2020,1,1,1,1,1,lifetime_aggregate,49,4191.616766467066,1
nyc,5002.09,Harman St & Seneca Ave,37776,18988,18788,37776,40.70577,-73.91292,2020,2025,3,12,1,12,72,lifetime_aggregate,28,74.12113511224058,1
nyc,5004.02,Boerum St & Broadway,87047,43419,43628,87047,40.7053808328033,-73.94976512948365,2020,2025,3,12,1,12,72,lifetime_aggregate,87,99.94600618056911,1
nyc,501,FDR Drive & E 35 St,119101,59718,59383,119101,40.744219,-73.97121214,2019,2019,1,12,1,12,12,lifetime_aggregate,63,52.89628130746173,1
nyc,5010.02,Willoughby Ave & Wyckoff Ave,92964,46404,46560,92964,40.705614,-73.92153,2020,2025,3,12,1,12,72,lifetime_aggregate,56,60.2383718428639,1
nyc,5018.06,Knickerbocker Ave & Thames St,66413,33150,33263,66413,40.70539,-73.92976,2020,2025,3,12,1,12,72,lifetime_aggregate,28,42.160420399620556,1
nyc,502,Henry St & Grand St,60806,30571,30235,60806,40.714214272727276,-73.98130036363636,2019,2019,1,11,1,12,12,lifetime_aggregate,41,67.42755649113573,1
nyc,5021.05,Kent Ave & Division Ave,90648,45132,45516,90648,40.70656367596547,-73.96831870198102,2023,2025,2,12,1,12,36,lifetime_aggregate,28,30.888712381960993,1
nyc,5024.08,Front St & Maiden Ln,38101,18730,19371,38101,40.70530995290321,-74.00612596047905,2020,2020,1,12,1,12,12,lifetime_aggregate,44,115.4825332668434,1
nyc,5024.1,Water St &  Fletcher St,17418,12922,4496,17418,40.706410756334506,-74.00559738106617,2023,2023,1,10,1,10,10,lifetime_aggregate,52,298.54173843150767,1
nyc,5024.1,Water St & Fletcher St,5792,1264,4528,5792,40.706410755236135,-74.00559738278389,2023,2025,2,9,10,11,26,lifetime_aggregate,52,897.7900552486187,1
nyc,5024.10,Water St &  Fletcher St,31380,11363,20017,31380,40.706410756608214,-74.0055973806381,2023,2023,1,10,1,10,10,lifetime_aggregate,52,165.71064372211598,1
nyc,5024.10,Water St & Fletcher St,101924,51890,50034,101924,40.706410755236135,-74.00559738278389,2023,2025,2,12,10,12,27,lifetime_aggregate,52,51.01840587104117,1
nyc,5025.02,Madison St & Forest Ave,35969,19046,16923,35969,40.70555,-73.90245,2020,2025,3,12,1,12,72,lifetime_aggregate,32,88.96549806778059,1
nyc,5027.02,Bushwick Ave & McKibbin St,43799,21935,21864,43799,40.705517,-73.93936,2020,2025,3,12,1,12,72,lifetime_aggregate,65,148.40521473092994,1
nyc,503,E 20 St & Park Ave,111753,55802,55951,111753,40.73827428,-73.98751968,2019,2019,1,12,1,12,12,lifetime_aggregate,76,68.00712285128812,1
nyc,5033.01,Broadway & Morris St,136974,68061,68913,136974,40.70594513224946,-74.0132188801161,2023,2025,2,12,1,12,36,lifetime_aggregate,39,28.47255683560384,1
nyc,5034.03,Menahan St & Onderdonk Ave,38149,20095,18054,38149,40.70553,-73.9096,2020,2025,3,12,1,12,72,lifetime_aggregate,22,57.6686151668458,1
nyc,5036.06,Leonard St & Boerum St,72770,36292,36478,72770,40.70583326668588,-73.94644583648369,2020,2025,3,12,1,12,72,lifetime_aggregate,21,28.858045898034906,1
nyc,504,1 Ave & E 16 St,164173,82553,81620,164173,40.732218500929235,-73.98165560207438,2019,2019,1,12,1,12,12,lifetime_aggregate,53,32.28301852314327,1
nyc,5043.06,Suydam St & St Nicholas Ave,15168,7557,7611,15168,40.706360000000004,-73.91945,2023,2025,2,12,10,10,25,lifetime_aggregate,26,171.41350210970464,1
nyc,5043.06,Suydam St & St. Nicholas Ave,12674,6325,6349,12674,40.70636,-73.91945,2020,2023,2,12,1,10,46,lifetime_aggregate,26,205.1443900899479,1
nyc,5045.05,Division Av & Hooper St,15,8,7,15,40.70684203101325,-73.9544353965357,2020,2020,1,1,1,1,1,lifetime_aggregate,52,346666.6666666667,1
nyc,5045.05,Division Ave & Hooper St,83928,42277,41651,83928,40.706842021099646,-73.95443526978022,2020,2025,3,12,1,12,72,lifetime_aggregate,52,61.95786864931846,1
nyc,505,6 Ave & W 33 St,151583,75657,75926,151583,40.74901270979651,-73.9884839582621,2019,2019,1,12,1,12,12,lifetime_aggregate,77,50.797252990111026,1
nyc,5051.01,Wyckoff Av & Jefferson St,39014,19463,19551,39014,40.707165,-73.923711,2020,2023,2,12,1,10,46,lifetime_aggregate,62,158.91731173424924,1
nyc,5051.01,Wyckoff Ave & Jefferson St,53940,26931,27009,53940,40.707165,-73.923711,2023,2025,2,12,10,12,27,lifetime_aggregate,62,114.94252873563218,1
nyc,5051.02,Irving Ave & Jefferson St,71474,35619,35855,71474,40.70538,-73.92535,2020,2025,3,12,1,12,72,lifetime_aggregate,68,95.13949128354366,1
nyc,5053.01,Lee Ave & Taylor St,7368,3700,3668,7368,40.706732,-73.961241,2023,2025,2,12,11,12,26,lifetime_aggregate,49,665.0380021715526,1
nyc,5057.07,67 Ave & Fresh Pond Rd,19517,10073,9444,19517,40.70575,-73.89676,2023,2025,2,12,1,12,36,lifetime_aggregate,49,251.06317569298562,1
nyc,5057.09,64 St & Woodbine St,14850,7600,7250,14850,40.70809,-73.89549,2023,2025,2,12,1,12,36,lifetime_aggregate,12,80.8080808080808,1
nyc,5059.02,McKibbin St & Bogart St,99417,49423,49994,99417,40.706237,-73.933871,2020,2025,3,12,1,12,72,lifetime_aggregate,20,20.117283764346137,1
nyc,5062.01,Kent Ave & S 11 St,50853,25358,25495,50853,40.707644970891785,-73.96841500937322,2020,2020,1,12,1,12,12,lifetime_aggregate,24,47.19485576072208,1
nyc,5065.04,John St & William St,93545,46373,47172,93545,40.70862122816714,-74.00722175968845,2020,2023,2,12,1,12,48,lifetime_aggregate,61,65.20925757656742,1
nyc,5065.1,Maiden Ln & Pearl St,23598,10555,13043,23598,40.70706456027668,-74.00731853029555,2023,2025,2,11,1,12,36,lifetime_aggregate,55,233.0705992033223,1
nyc,5065.10,Maiden Ln & Pearl St,122192,62191,60001,122192,40.7070646935421,-74.00731867318677,2020,2025,3,12,1,12,72,lifetime_aggregate,55,45.01113002487888,1
nyc,5065.12,William St & Pine St,180378,90164,90214,180378,40.707179240312385,-74.00887305340275,2020,2025,3,12,1,11,71,lifetime_aggregate,39,21.62126201643216,1
nyc,5065.14,Cliff St & Fulton St,211793,105106,106687,211793,40.70838,-74.00495,2020,2025,3,12,1,12,72,lifetime_aggregate,38,17.942047187584105,1
nyc,5066.03,Fairview Ave & Linden St,29658,15059,14599,29658,40.70694,-73.90632,2020,2025,3,12,1,12,72,lifetime_aggregate,24,80.92251669026906,1
nyc,5068.02,Montrose Ave & Bushwick Ave,182417,91418,90999,182417,40.70767790519558,-73.94016178836834,2020,2025,3,12,1,12,72,lifetime_aggregate,105,57.56042474111514,1
nyc,507,E 25 St & 2 Ave,128302,65043,63259,128302,40.73912601,-73.97973776,2019,2019,1,12,1,12,12,lifetime_aggregate,91,70.92640800611058,1
nyc,5073.07,Greenwich St & Rector St,87223,43062,44161,87223,40.708065824118094,-74.01355952109314,2023,2025,2,12,1,12,36,lifetime_aggregate,43,49.29892344909026,1
nyc,5073.07_Pillar,Pillar Greenwich St & Rector St,29,12,17,29,40.70817,-74.01346,2023,2023,1,3,10,12,3,lifetime_aggregate,38,131034.48275862068,1
nyc,5074.08,Woodward Ave & Harman St,32091,16686,15405,32091,40.70793,-73.91092,2020,2025,3,12,1,12,72,lifetime_aggregate,28,87.25187747343492,1
nyc,5076.04,Scholes St & Lorimer St,74245,37106,37139,74245,40.708432639294635,-73.94881489959786,2023,2025,2,12,3,12,34,lifetime_aggregate,35,47.14122163108627,1
nyc,508,W 46 St & 11 Ave,93869,46797,47072,93869,40.76341381565022,-73.99667449800124,2019,2019,1,12,1,12,12,lifetime_aggregate,83,88.42109748692326,1
nyc,5082.08,Jefferson St & Cypress Ave,58670,29243,29427,58670,40.70907,-73.92157,2020,2025,3,12,1,12,72,lifetime_aggregate,81,138.06033748082496,1
nyc,5084.03,Division Ave & Marcy Ave,39536,19792,19744,39536,40.70708700683946,-73.95796787220453,2020,2025,3,12,1,12,72,lifetime_aggregate,74,187.17118575475516,1
nyc,509,9 Ave & W 22 St,95105,47364,47741,95105,40.7454973,-74.00197139,2019,2019,1,10,1,12,12,lifetime_aggregate,35,36.8014299984228,1
nyc,5090.06,Harrison Pl & Porter Ave,32654,16274,16380,32654,40.70686,-73.92851,2020,2025,3,12,1,12,72,lifetime_aggregate,28,85.74753475837569,1
nyc,5093.01,Bedford Ave & S 9 St,66231,33020,33211,66231,40.708531568679774,-73.96408995940587,2020,2025,3,12,1,12,72,lifetime_aggregate,15,22.64800471078498,1
nyc,5096.11,Pearl St & Peck Slip,48935,24343,24592,48935,40.708485,-74.002751,2020,2020,1,12,1,12,12,lifetime_aggregate,27,55.17523245121079,1
nyc,5096.12,Peck Slip & South St,129004,64232,64772,129004,40.70751888357309,-74.00108054468306,2023,2025,2,12,1,12,36,lifetime_aggregate,36,27.906111438405013,1
nyc,5097.02,60 Pl & Linden St,13861,7288,6573,13861,40.70886,-73.90182,2023,2025,2,12,1,12,36,lifetime_aggregate,12,86.5738402712647,1
nyc,5098.1,Peck Slip & Front St,2500,1214,1286,2500,40.707873,-74.00167,2020,2020,1,1,1,1,1,lifetime_aggregate,25,1000.0,1
nyc,5099.02,Waterbury St & Stagg St,64586,32255,32331,64586,40.71019,-73.93734,2020,2025,3,12,1,12,72,lifetime_aggregate,42,65.02957297247082,1
nyc,5099.03,White St & Johnson Ave,22097,10951,11146,22097,40.707174,-73.93581,2020,2025,3,12,1,12,72,lifetime_aggregate,11,49.78051319183599,1
nyc,5105.01,Liberty St & Broadway,238516,118951,119565,238516,40.70905617383275,-74.01043386044998,2020,2025,3,12,1,12,72,lifetime_aggregate,54,22.639990608596488,1
nyc,5105.09,Liberty St & Nassau St,49731,24804,24927,49731,40.70858894274691,-74.00935484587882,2020,2025,2,12,9,12,64,lifetime_aggregate,37,74.40027347127547,1
nyc,5106.04,Greene Ave & Grandview Ave,29982,15207,14775,29982,40.709697,-73.907856,2020,2025,3,12,1,12,72,lifetime_aggregate,17,56.700687078914015,1
nyc,5108.01,Scholes St & Manhattan Ave,177852,88936,88916,177852,40.7087037679778,-73.94486264454252,2020,2025,3,12,1,12,72,lifetime_aggregate,30,16.86795762769044,1
nyc,5114.06,West Thames St,224830,112404,112426,224830,40.7083469801653,-74.01713431168866,2020,2025,3,12,1,12,72,lifetime_aggregate,13,5.782146510696971,1
nyc,5114.08,South End Ave & Albany St,141508,70543,70965,141508,40.709960638839256,-74.01672451257696,2023,2025,2,12,4,12,33,lifetime_aggregate,26,18.37351951833112,1
nyc,5115.01,Onderdonk Ave & Dekalb Ave,34677,17460,17217,34677,40.70863,-73.91497,2020,2025,3,12,1,12,72,lifetime_aggregate,16,46.140092856936874,1
nyc,5115.05,Willoughby Ave & Onderdonk Ave,33559,16917,16642,33559,40.7098,-73.91727,2020,2025,3,12,1,12,72,lifetime_aggregate,20,59.59653148186776,1
nyc,5117.05,Stagg St & Union Ave,167494,83773,83721,167494,40.70877088025113,-73.95095270977595,2020,2025,3,12,1,12,72,lifetime_aggregate,38,22.687379846442262,1
nyc,5123.07,Stewart Ave & Johnson Ave,32578,16238,16340,32578,40.70869,-73.92587,2020,2025,3,12,1,12,72,lifetime_aggregate,49,150.40825096691017,1
nyc,5125.03,S 5 Pl & S 5 St,281366,139020,142346,281366,40.710451,-73.960876,2020,2025,3,12,1,12,72,lifetime_aggregate,80,28.432717528059538,1
nyc,5125.07,Broadway & Roebling St,141940,70998,70942,141940,40.70924817853632,-73.96063133276871,2020,2025,3,12,1,12,72,lifetime_aggregate,48,33.81710581936029,1
nyc,5128.04,Catherine St & Monroe St,139961,69724,70237,139961,40.71117429680355,-73.99682612816517,2020,2025,3,12,1,12,72,lifetime_aggregate,12,8.573816991876308,1
nyc,5129.01,Palmetto St & Traffic Ave,7050,3755,3295,7050,40.70929,-73.89441,2023,2025,2,12,2,12,35,lifetime_aggregate,10,141.84397163120568,1
nyc,513,W 56 St & 10 Ave,75420,37995,37425,75420,40.76825396019047,-73.98863901146032,2019,2019,1,12,1,12,12,lifetime_aggregate,86,114.02810925483958,1
nyc,5134.09,Broadway & Kent Ave,195273,97554,97719,195273,40.710830946226736,-73.96843636132333,2023,2025,2,12,3,12,34,lifetime_aggregate,46,23.556764119975625,1
nyc,5137.1,Spruce St & Nassau St,34725,12505,22220,34725,40.711463641056824,-74.00552426920737,2023,2025,2,11,1,12,36,lifetime_aggregate,73,210.22318214542835,1
nyc,5137.10,Spruce St & Nassau St,140282,74998,65284,140282,40.711463753954675,-74.00552417958723,2020,2025,3,12,1,12,72,lifetime_aggregate,73,52.038037666985076,1
nyc,5137.11,Fulton St & William St,207837,103990,103847,207837,40.70960014888843,-74.00655065885417,2020,2025,3,12,1,12,72,lifetime_aggregate,53,25.500752993932746,1
nyc,5137.12,Gold St & Frankfort St,30279,15022,15257,30279,40.71069995,-74.00354147,2025,2025,1,12,1,12,12,lifetime_aggregate,26,85.86809339806466,1
nyc,5137.13,Spruce St & Gold St,28956,14301,14655,28956,40.710323099457064,-74.00432280108586,2023,2023,1,9,1,9,9,lifetime_aggregate,44,151.95468987429203,1
nyc,5138.03,60 Pl & Bleecker St,9898,5208,4690,9898,40.71102396397649,-73.90287092703689,2023,2025,2,12,4,12,33,lifetime_aggregate,13,131.33966457870278,1
nyc,514,12 Ave & W 40 St,203048,99300,103748,203048,40.76087502,-74.00277668,2019,2019,1,12,1,12,12,lifetime_aggregate,29,14.282337181356132,1
nyc,5140.06,Bushwick Ave & Stagg St,36332,18233,18099,36332,40.709897,-73.94008,2020,2025,3,12,1,12,72,lifetime_aggregate,38,104.59099416492347,1
nyc,5145.02,Albany St & Greenwich St,104590,52019,52571,104590,40.709267,-74.013247,2023,2025,2,12,1,12,36,lifetime_aggregate,23,21.99063007935749,1
nyc,5146.03,Stanhope St & Fairview Ave,35380,18088,17292,35380,40.70998,-73.91116,2020,2025,3,12,1,12,72,lifetime_aggregate,10,28.264556246466928,1
nyc,5148.03,Leonard St & Maujer St,133386,66865,66521,133386,40.7103686779337,-73.94705965735758,2020,2025,3,12,1,12,72,lifetime_aggregate,16,11.995261871560734,1
nyc,515,W 43 St & 10 Ave,99392,49951,49441,99392,40.76009437,-73.99461843,2019,2019,1,12,1,12,12,lifetime_aggregate,196,197.19896973599484,1
nyc,5156.05,S 4 St & Rodney St,161962,81033,80929,161962,40.70934,-73.95608,2020,2025,3,12,1,12,72,lifetime_aggregate,91,56.18601894271496,1
nyc,5159.04,Pike St & Monroe St,140381,70062,70319,140381,40.71173104719235,-73.99193028989586,2020,2025,3,12,1,12,72,lifetime_aggregate,32,22.795107600031344,1
nyc,5159.07,South St & Pike St,93099,46547,46552,93099,40.709918069092446,-73.99161100386885,2023,2025,2,12,1,12,36,lifetime_aggregate,65,69.81815057089766,1
nyc,516,E 47 St & 1 Ave,41342,20594,20748,41342,40.75206862,-73.96784384,2019,2019,1,12,1,12,12,lifetime_aggregate,67,162.06279328527887,1
nyc,5160.01,Metropolitan Ave & 65 Ln,9063,4549,4514,9063,40.71225,-73.89111,2023,2025,2,12,2,12,35,lifetime_aggregate,28,308.9484718084519,1
nyc,5164.04,Broadway & Berry St,42011,21036,20975,42011,40.71044594589303,-73.96525095034816,2020,2020,1,12,1,12,12,lifetime_aggregate,28,66.64921092094927,1
nyc,5164.05,Broadway & Berry St,168821,84282,84539,168821,40.71036129882257,-73.96530389799531,2023,2025,2,12,1,12,36,lifetime_aggregate,28,16.585614348925787,1
nyc,5167.06,St James Pl & Pearl St,86159,42939,43220,86159,40.71117410755491,-74.00016530249819,2020,2025,3,12,1,12,72,lifetime_aggregate,58,67.31740154830024,1
nyc,5168.04,Grove St & Fresh Pond Rd,16399,8301,8098,16399,40.71032,-73.89955,2023,2025,2,12,4,12,33,lifetime_aggregate,25,152.44832001951337,1
nyc,517,Pershing Square South,122857,63997,58860,122857,40.75158101112173,-73.9779099758454,2019,2019,1,12,1,12,12,lifetime_aggregate,85,69.18612696061274,1
nyc,5170.01,Stagg St & Morgan Ave,49181,24422,24759,49181,40.710681,-73.93372,2020,2025,3,12,1,12,72,lifetime_aggregate,42,85.39883288261727,1
nyc,5175.08,Fulton St & Broadway,261535,130267,131268,261535,40.711066,-74.009447,2020,2025,3,12,1,12,72,lifetime_aggregate,90,34.41222016173744,1
nyc,5176.04,Bleecker St & Forest Ave,19605,10322,9283,19605,40.7107,-73.90525,2023,2025,2,12,1,12,36,lifetime_aggregate,33,168.32440703902066,1
nyc,5178.06,Graham Ave & Grand St,174098,86987,87111,174098,40.711863,-73.944024,2020,2025,3,12,1,12,72,lifetime_aggregate,74,42.504796149295224,1
nyc,518,E 39 St & 2 Ave,123223,61967,61256,123223,40.74780373,-73.9734419,2019,2019,1,12,1,12,12,lifetime_aggregate,133,107.93439536450175,1
nyc,5181.04,Cherry St,145629,73084,72545,145629,40.71219904043047,-73.97948132344372,2020,2025,3,12,1,12,72,lifetime_aggregate,1,0.6866764174717948,1
nyc,5184.07,South End Ave & Liberty St,27042,13553,13489,27042,40.711512,-74.015756,2020,2020,1,4,1,4,4,lifetime_aggregate,18,66.56312402928778,1
nyc,5184.08,West St & Liberty St,484551,242018,242533,484551,40.711444,-74.014847,2020,2025,3,12,4,12,69,lifetime_aggregate,81,16.71650662159401,1
nyc,5187.03,Hope St & Union Ave,233664,116777,116887,233664,40.7116736530163,-73.95141308205633,2020,2025,3,12,1,12,72,lifetime_aggregate,85,36.37701999452205,1
nyc,519,Pershing Square North,312111,156575,155536,312111,40.75187300140578,-73.97770599218525,2019,2019,1,12,1,12,12,lifetime_aggregate,92,29.476692586932213,1
nyc,5190.07,Madison St & Clinton St,128801,64175,64626,128801,40.71269028298923,-73.9877631549703,2020,2025,3,12,1,12,72,lifetime_aggregate,28,21.738961654024425,1
nyc,5190.09,Clinton St & Cherry St,135306,67885,67421,135306,40.71147139420957,-73.98672603068714,2023,2025,2,12,1,12,36,lifetime_aggregate,10,7.390655255494951,1
nyc,5195.06,S 4 St & Roebling St,175645,87097,88548,175645,40.710674965339805,-73.95973934496251,2023,2025,2,12,3,12,34,lifetime_aggregate,57,32.451820433260266,1
nyc,5198.04,Market St & Cherry St,123983,61677,62306,123983,40.71076218871811,-73.9940039814391,2020,2025,3,12,1,12,72,lifetime_aggregate,18,14.518119419597848,1
nyc,5199.01,65 Ln & Metropolitan Ave,7706,3867,3839,7706,40.71225352133498,-73.89388977378255,2023,2025,2,12,4,12,33,lifetime_aggregate,21,272.5149234362834,1
nyc,520,W 52 St & 5 Ave,104840,51781,53059,104840,40.75992262,-73.97648516,2019,2019,1,12,1,12,12,lifetime_aggregate,107,102.06028233498664,1
nyc,5204.05,S 4 St & Wythe Ave,364386,181738,182648,364386,40.712858900016016,-73.96590294780957,2020,2025,3,12,1,12,72,lifetime_aggregate,51,13.996146943076848,1
nyc,5207.01,Centre St & Chambers St,334889,167227,167662,334889,40.71273276296286,-74.00460720184826,2020,2025,3,12,1,12,72,lifetime_aggregate,93,27.77039556390326,1
nyc,5210.01,Powers St & Olive St,65131,32619,32512,65131,40.71323,-73.93894,2020,2025,3,12,1,12,72,lifetime_aggregate,42,64.48542168859683,1
nyc,5216.04,Barclay St & Church St,106061,52628,53433,106061,40.71291216204898,-74.0102022295694,2020,2025,3,12,1,12,72,lifetime_aggregate,57,53.742657527272044,1
nyc,5216.06,Vesey St & Church St,244610,122428,122182,244610,40.71221958097276,-74.01047229704305,2023,2025,2,12,1,12,36,lifetime_aggregate,49,20.031887494378807,1
nyc,5216.07,Vesey St & Greenwich St,109950,54770,55180,109950,40.71254669463547,-74.01113051087516,2025,2025,1,12,1,12,12,lifetime_aggregate,22,20.009095043201455,1
nyc,5217.03,Amory Ct & Metropolitan Ave,19242,9679,9563,19242,40.71301,-73.90968,2023,2025,2,12,1,12,36,lifetime_aggregate,53,275.4391435401725,1
nyc,5219.05,Manhattan Ave & Devoe St,75809,37820,37989,75809,40.7133538862476,-73.94618908502903,2023,2025,2,12,4,12,33,lifetime_aggregate,18,23.74388265245551,1
nyc,522,E 51 St & Lexington Ave,68086,34462,33624,68086,40.75714758,-73.97207836,2019,2019,1,12,1,12,12,lifetime_aggregate,68,99.8736891578298,1
nyc,5225.02,Flushing Ave & Woodward Ave,38124,19056,19068,38124,40.71246,-73.91873,2020,2025,3,12,1,12,72,lifetime_aggregate,45,118.03588290840415,1
nyc,5225.04,Metropolitan Ave & Flushing Ave,19207,9636,9571,19207,40.71334,-73.91572,2023,2025,2,12,1,12,36,lifetime_aggregate,55,286.3539334617587,1
nyc,523,W 38 St & 8 Ave,172172,86096,86076,172172,40.75466591,-73.99138152,2019,2019,1,12,1,12,12,lifetime_aggregate,141,81.89484933670981,1
nyc,5230.02,Rutgers St & Henry St,113178,56269,56909,113178,40.71332151228516,-73.99009689692978,2023,2025,2,12,1,12,36,lifetime_aggregate,55,48.5960168937426,1
nyc,5235.05,S 3 St & Bedford Ave,284235,141894,142341,284235,40.71260489396349,-73.96264402045473,2020,2025,3,12,1,12,72,lifetime_aggregate,38,13.369219132056221,1
nyc,5235.1,Driggs Ave & S 2 St,8884,8793,91,8884,40.71239307676499,-73.9605235993683,2023,2025,2,11,3,9,31,lifetime_aggregate,30,337.68572714993246,1
nyc,5235.10,Driggs Ave & S 2 St,128240,59462,68778,128240,40.71247230869323,-73.96054093512124,2023,2025,2,12,3,12,34,lifetime_aggregate,30,23.393636930754834,1
nyc,5238.04,Division St & Bowery,14,5,9,14,40.71413089,-73.9970468,2020,2020,1,1,1,1,1,lifetime_aggregate,63,450000.0,1
nyc,5238.04,Division St & Bowery (old),1250,593,657,1250,40.714131,-73.997047,2020,2020,1,1,1,1,1,lifetime_aggregate,63,5040.0,1
nyc,5238.05,St James Pl & Oliver St,193835,96524,97311,193835,40.713079107809385,-73.99851194664433,2020,2025,3,12,1,12,72,lifetime_aggregate,82,42.30402146155235,1
nyc,524,W 43 St & 6 Ave,42506,21160,21346,42506,40.75527307,-73.98316936,2019,2019,1,6,1,6,6,lifetime_aggregate,137,322.3074389497953,1
nyc,5241.02,Metropolitan Ave & Vandervoort Ave,14810,7347,7463,14810,40.71429,-73.93323,2020,2025,3,12,1,12,72,lifetime_aggregate,56,378.1228899392303,1
nyc,5247.1,Reade St & Broadway,37019,13131,23888,37019,40.7145045107041,-74.00562789015807,2023,2025,2,12,1,11,35,lifetime_aggregate,97,262.0276074448256,1
nyc,5247.10,Reade St & Broadway,119640,64968,54672,119640,40.71450466524729,-74.0056279208474,2020,2025,3,12,1,12,72,lifetime_aggregate,97,81.07656302240053,1
nyc,5248.05,Eliot Ave & 60 Ln,7774,3913,3861,7774,40.71391,-73.90299,2023,2025,2,12,2,12,35,lifetime_aggregate,23,295.85798816568047,1
nyc,525,W 34 St & 11 Ave,145334,70859,74475,145334,40.75594155850027,-74.00211626265555,2019,2019,1,12,1,12,12,lifetime_aggregate,97,66.74281310636191,1
nyc,5250.05,Bushwick Ave & Powers St,115193,57838,57355,115193,40.712476719795,-73.94100003439027,2020,2025,3,12,1,12,72,lifetime_aggregate,71,61.63568966864306,1
nyc,5257.01,53 St & Flushing Ave,24298,12202,12096,24298,40.71435,-73.91405,2023,2025,2,12,2,12,35,lifetime_aggregate,20,82.31130134167421,1
nyc,5259.06,Devoe St & Lorimer St,158661,79220,79441,158661,40.71335217879617,-73.94910324232863,2020,2025,3,12,1,12,72,lifetime_aggregate,49,30.883455921745107,1
nyc,526,E 33 St & 5 Ave,104040,52390,51650,104040,40.74765947,-73.98490707,2019,2019,1,12,1,12,12,lifetime_aggregate,113,108.61207227989235,1
nyc,5262.09,Madison St & Montgomery St,143605,71814,71791,143605,40.713126,-73.984844,2020,2025,3,12,1,12,72,lifetime_aggregate,41,28.55053793391595,1
nyc,5267.08,Grand St & Havemeyer St,174455,86931,87524,174455,40.71286829611104,-73.95698112786613,2020,2025,3,12,1,12,72,lifetime_aggregate,35,20.06248029577828,1
nyc,5267.09,Roebling St & N 4 St,203760,101661,102099,203760,40.71469,-73.95739,2020,2025,3,12,1,12,72,lifetime_aggregate,44,21.594032194738908,1
nyc,5270.05,Pike St & E Broadway,194962,97219,97743,194962,40.71406677347139,-73.992939074097,2020,2025,3,12,1,12,72,lifetime_aggregate,50,25.646023327622817,1
nyc,5270.07,Forsyth St & Canal St,273364,135913,137451,273364,40.71581565812632,-73.99422376598511,2020,2025,3,12,1,12,72,lifetime_aggregate,55,20.119693888002807,1
nyc,5270.08,Division St & Bowery,121460,60152,61308,121460,40.714193,-73.996732,2020,2023,2,12,1,12,48,lifetime_aggregate,72,59.27877490531862,1
nyc,5270.09,Market St & Henry St,177778,88743,89035,177778,40.71310702304652,-73.99446353341742,2023,2025,2,12,1,12,36,lifetime_aggregate,68,38.249952187559764,1
nyc,5273.01,Metropolitan Ave & Stewart Ave,22385,11145,11240,22385,40.71401,-73.92793,2020,2025,3,12,1,12,72,lifetime_aggregate,41,183.15836497654678,1
nyc,5276.04,S 2 St & Kent Ave,225563,112210,113353,225563,40.71444274812796,-73.96681842514108,2023,2025,2,12,3,12,34,lifetime_aggregate,22,9.753372671936443,1
nyc,5279.03,Centre St & Worth St,211107,105287,105820,211107,40.714948047276394,-74.00234487047452,2020,2025,3,12,1,12,72,lifetime_aggregate,46,21.789898013803427,1
nyc,528,2 Ave & E 31 St,124070,62399,61671,124070,40.74290902229504,-73.97706057847182,2019,2019,1,12,1,12,12,lifetime_aggregate,78,62.867735955508984,1
nyc,5280.02,Fresh Pond Rd & Eliot Ave,4126,2083,2043,4126,40.71453,-73.90105,2023,2023,1,9,1,9,9,lifetime_aggregate,59,1429.956374212312,1
nyc,5280.03,Fresh Pond Rd & Eliot Ave,8182,4079,4103,8182,40.714420000000004,-73.90097,2023,2025,2,12,12,12,25,lifetime_aggregate,59,721.0950867758494,1
nyc,5282.02,Devoe St & Morgan Ave,54335,27133,27202,54335,40.713811,-73.93515,2020,2025,3,12,1,12,72,lifetime_aggregate,100,184.0434342504831,1
nyc,5288.08,Park Pl & Church St,145346,72272,73074,145346,40.713341887153284,-74.00935510637578,2020,2025,3,12,1,12,72,lifetime_aggregate,64,44.03285952141786,1
nyc,5288.09,Warren St & W Broadway,149923,74482,75441,149923,40.71473993351943,-74.0091062406443,2020,2025,3,12,10,12,63,lifetime_aggregate,86,57.36277956017422,1
nyc,5288.12,Murray St & Greenwich St,240185,118354,121831,240185,40.714851660473784,-74.01122321335359,2020,2025,3,12,1,12,72,lifetime_aggregate,30,12.49037200491288,1
nyc,5289.05,56 St & Arnold Ave,7606,3815,3791,7606,40.71484,-73.909,2023,2025,2,12,3,12,34,lifetime_aggregate,12,157.77018143570865,1
nyc,529,W 42 St & 8 Ave,100357,50032,50325,100357,40.7575699,-73.99098507,2019,2019,1,12,1,12,12,lifetime_aggregate,43,42.847036081190154,1
nyc,5291.05,Graham Ave & Conselyea St,235349,117676,117673,235349,40.715143,-73.944507,2020,2025,3,12,1,12,72,lifetime_aggregate,64,27.193657079486208,1
nyc,5294.04,Henry St & Grand St,331756,166561,165195,331756,40.714211,-73.981095,2020,2025,3,12,1,12,72,lifetime_aggregate,38,11.454201280459133,1
nyc,5297.02,Vesey Pl & River Terrace,413222,206589,206633,413222,40.71533792529814,-74.01658368208365,2020,2025,3,12,1,12,72,lifetime_aggregate,31,7.502020705577148,1
nyc,530,11 Ave & W 59 St,109101,54492,54609,109101,40.77149671054441,-73.99046033620834,2019,2019,1,12,1,12,12,lifetime_aggregate,70,64.16073179897526,1
nyc,5300.05,Metropolitan Ave & Meeker Ave,191187,95428,95759,191187,40.71413307509762,-73.95234389218905,2020,2025,3,12,1,12,72,lifetime_aggregate,278,145.4073760245205,1
nyc,5300.06,Union Ave & Jackson St,97295,48547,48748,97295,40.716075068360425,-73.952029,2020,2025,3,12,1,12,72,lifetime_aggregate,78,80.16855953543347,1
nyc,5303.06,Clinton St & Grand St,444240,221676,222564,444240,40.715595060607654,-73.98702965934055,2020,2025,3,12,1,12,72,lifetime_aggregate,59,13.28110931028273,1
nyc,5303.06_,Clinton St & Grand St,28785,14387,14398,28785,40.71573792143338,-73.98698994965027,2025,2025,1,7,6,12,7,lifetime_aggregate,64,222.3380232760118,1
nyc,5303.08,Canal St & Rutgers St,451654,225421,226233,451654,40.71427490580831,-73.98990016892661,2020,2025,3,12,1,12,72,lifetime_aggregate,35,7.74929481417191,1
nyc,5308.04,Metropolitan Ave & Bedford Ave,413514,205691,207823,413514,40.71534817034415,-73.96024110902026,2020,2025,3,12,1,12,72,lifetime_aggregate,63,15.235276193792714,1
nyc,5308.04_,Metropolitan Ave & Bedford Ave ,2876,1432,1444,2876,40.71534825,-73.96024116,2025,2025,1,8,5,12,8,lifetime_aggregate,63,2190.5424200278167,1
nyc,531,Forsyth St & Broome St,111934,55839,56095,111934,40.71893904,-73.99266288,2019,2019,1,12,1,12,12,lifetime_aggregate,61,54.49639966408777,1
nyc,5311.08,Division St & Bowery,89527,44568,44959,89527,40.71419,-73.99673,2025,2025,1,12,1,12,12,lifetime_aggregate,72,80.42266578797458,1
nyc,532,S 5 Pl & S 5 St,92831,46515,46316,92831,40.710451,-73.960876,2019,2019,1,12,1,12,12,lifetime_aggregate,80,86.17810860596137,1
nyc,5321.08,60 Ave & Fresh Pond Rd,5254,2593,2661,5254,40.71693,-73.90198,2023,2025,2,12,2,12,35,lifetime_aggregate,24,456.7948229920061,1
nyc,5323.05,Sharon St & Olive St,20391,10200,10191,20391,40.715353,-73.93856,2020,2020,1,12,1,12,12,lifetime_aggregate,26,127.50723358344368,1
nyc,5323.06,Sharon St & Olive St,60323,30263,30060,60323,40.715341620568736,-73.93865078695767,2023,2025,2,12,1,12,36,lifetime_aggregate,25,41.44356215705452,1
nyc,5326.06,Stanton St & Mangin St,113061,56519,56542,113061,40.717821291139614,-73.97628926405686,2020,2025,3,12,1,12,72,lifetime_aggregate,6,5.306869742882161,1
nyc,5329.03,West St & Chambers St,704251,350565,353686,704251,40.717547704805035,-74.01322053693048,2020,2025,3,12,1,12,72,lifetime_aggregate,53,7.525725913062247,1
nyc,5329.06,Murray St & West St,54863,26931,27932,54863,40.714978969778706,-74.013012,2020,2020,1,12,1,12,12,lifetime_aggregate,108,196.85398173632504,1
nyc,5329.08,Murray St & West St,143453,71879,71574,143453,40.71503,-74.01246,2023,2025,2,12,1,12,36,lifetime_aggregate,94,65.52668818358626,1
nyc,533,Broadway & W 38 St,91943,46291,45652,91943,40.75299641,-73.98721619,2019,2019,1,12,1,12,12,lifetime_aggregate,41,44.59284556736239,1
nyc,5332.1,Jackson St & Leonard St,7617,4708,2909,7617,40.716380319708946,-73.94821286202628,2023,2025,2,11,1,10,34,lifetime_aggregate,26,341.34173559144017,1
nyc,5332.10,Jackson St & Leonard St,60635,29346,31289,60635,40.716380217795,-73.94821289545511,2020,2025,3,12,1,12,72,lifetime_aggregate,26,42.879525026799705,1
nyc,5335.03,Bialystoker Pl & Delancey St,129744,65201,64543,129744,40.71622629564786,-73.98261204031562,2020,2025,3,12,1,12,72,lifetime_aggregate,34,26.20545073375262,1
nyc,5335.07,Grand St & Samuel Dickstein Plaza,179711,90167,89544,179711,40.715118720113075,-73.98417055630323,2023,2025,2,12,1,12,36,lifetime_aggregate,50,27.822448264157455,1
nyc,534,Water - Whitehall Plaza,45449,21546,23903,45449,40.70255065,-74.0127234,2019,2019,1,12,1,12,12,lifetime_aggregate,23,50.606173953222296,1
nyc,5340.01,N 7 St & Driggs Ave,289011,144846,144165,289011,40.71718858671263,-73.95665188763799,2023,2025,2,12,3,12,34,lifetime_aggregate,25,8.650189785163887,1
nyc,5342.1,Allen St & Hester St,25510,22288,3222,25510,40.71605866065359,-73.99190759078814,2023,2023,1,11,1,12,12,lifetime_aggregate,45,176.40141121128968,1
nyc,5342.10,Allen St & Hester St,160642,70178,90464,160642,40.716058816203976,-73.99190778028976,2020,2023,2,12,1,12,48,lifetime_aggregate,45,28.012599444728025,1
nyc,5343.1,Allen St & Hester St,27808,862,26946,27808,40.71606,-73.99191,2025,2025,1,10,1,12,12,lifetime_aggregate,45,161.82393555811277,1
nyc,5343.10,Allen St & Hester St,99697,62566,37131,99697,40.71606,-73.99191,2025,2025,1,12,1,12,12,lifetime_aggregate,45,45.13676439612024,1
nyc,5343.11,Orchard St & Grand St,255457,127613,127844,255457,40.717318403616424,-73.9906775953785,2023,2025,2,12,1,12,36,lifetime_aggregate,99,38.754076028450974,1
nyc,5348.02,Wythe Ave & Metropolitan Ave,243019,120920,122099,243019,40.716887,-73.963198,2020,2025,3,12,1,7,67,lifetime_aggregate,47,19.34005160090363,1
nyc,5348.06,Kent Ave & N 3 St,32520,15848,16672,32520,40.71798260450647,-73.96426174222415,2025,2025,1,4,9,12,4,lifetime_aggregate,41,126.07626076260763,1
nyc,5348.06_old,Kent Ave & N 3 St,862,374,488,862,40.7188,-73.961,2025,2025,1,1,9,9,1,lifetime_aggregate,32,3712.2969837587007,1
nyc,5351.03,Bayard St & Baxter St,238178,118437,119741,238178,40.71602112143928,-73.99974380537556,2020,2025,3,12,1,12,72,lifetime_aggregate,49,20.572848877730102,1
nyc,5351.07,Walker St & Baxter St,171535,85352,86183,171535,40.717411,-73.999573,2023,2025,2,12,1,12,36,lifetime_aggregate,222,129.41965196607106,1
nyc,5354.01,Morgan Ave & Maspeth Ave,31865,16055,15810,31865,40.716657,-73.93637,2020,2025,3,12,1,12,72,lifetime_aggregate,24,75.31774674407657,1
nyc,5359.1,Hudson St & Reade St,36366,14726,21640,36366,40.7162500799247,-74.00910590009413,2023,2025,2,12,1,12,36,lifetime_aggregate,60,164.98927569707968,1
nyc,5359.10,Hudson St & Reade St,159923,83014,76909,159923,40.71625005399009,-74.0091059262491,2020,2025,3,12,1,12,72,lifetime_aggregate,60,37.518055564240285,1
nyc,5359.11,Leonard St & Church St,187378,93332,94046,187378,40.717571,-74.005549,2020,2025,3,12,1,12,72,lifetime_aggregate,52,27.751390237914805,1
nyc,5359.12,Duane St & Hudson St,101151,50462,50689,101151,40.71703,-74.00925,2023,2025,2,12,1,12,36,lifetime_aggregate,22,21.74966139731688,1
nyc,5359.13,Church St & Worth St,105943,52766,53177,105943,40.71688538448873,-74.00650128687501,2023,2025,2,12,1,12,36,lifetime_aggregate,40,37.756151892999064,1
nyc,536,1 Ave & E 30 St,85815,42826,42989,85815,40.74144387,-73.97536082,2019,2019,1,12,1,12,12,lifetime_aggregate,77,89.72790304725281,1
nyc,5360.02,60 St & 60 Rd,8583,4262,4321,8583,40.715922326997664,-73.90601366768242,2023,2025,2,12,1,12,36,lifetime_aggregate,17,198.06594430851683,1
nyc,5362.08,Withers St & Kingsland Ave,40050,19990,20060,40050,40.71773,-73.94051,2020,2025,3,12,1,12,72,lifetime_aggregate,18,44.943820224719104,1
nyc,5365.02,Columbia St & Rivington St,154534,77129,77405,154534,40.717399813410836,-73.98016569221562,2020,2025,3,12,1,12,72,lifetime_aggregate,14,9.059494997864547,1
nyc,5368.03,River Ter & Warren St,158510,78983,79527,158510,40.71759894990017,-74.0158796317056,2023,2025,2,12,1,12,36,lifetime_aggregate,6,3.78525014194688,1
nyc,5369.01,Grand Ave & 55 St,8676,4352,4324,8676,40.71888,-73.91427,2023,2025,2,12,2,12,35,lifetime_aggregate,14,161.36468418626094,1
nyc,5371.07,Frost St & Meeker Ave,90696,45164,45532,90696,40.71766197096742,-73.9488001782469,2020,2025,3,12,1,12,72,lifetime_aggregate,93,102.54035459116167,1
nyc,5374.01,Norfolk St & Broome St,478892,238527,240365,478892,40.7172272708049,-73.98802088418866,2020,2025,3,12,1,12,72,lifetime_aggregate,78,16.28759720354485,1
nyc,5379.09,Berry St & N 8 St,249271,124492,124779,249271,40.71900964848269,-73.958525102319,2020,2025,3,12,1,12,72,lifetime_aggregate,24,9.628075468064878,1
nyc,5379.1,N 6 St & Bedford Ave,52056,22707,29349,52056,40.717451690035226,-73.9585093899557,2023,2025,2,11,1,12,36,lifetime_aggregate,75,144.07561088059015,1
nyc,5379.10,N 6 St & Bedford Ave,283242,144475,138767,283242,40.717451784636516,-73.95850925838045,2020,2025,3,12,1,12,72,lifetime_aggregate,75,26.479123858749762,1
nyc,5382.06,Grand St & Elizabeth St,490253,244464,245789,490253,40.718822,-73.99596,2020,2025,3,12,1,12,72,lifetime_aggregate,72,14.68629462746786,1
nyc,5382.07,Forsyth St & Grand St,306459,152878,153581,306459,40.71779817723613,-73.99316132042922,2023,2025,2,12,1,12,36,lifetime_aggregate,122,39.80956669570807,1
nyc,5388.01,Kent Ave & Grand St,218047,108530,109517,218047,40.71657816992092,-73.96611394961649,2023,2025,2,12,4,12,33,lifetime_aggregate,40,18.344668809935474,1
nyc,539,Metropolitan Ave & Bedford Ave,100781,49763,51018,100781,40.71534825,-73.96024116,2019,2019,1,12,1,12,12,lifetime_aggregate,63,62.51178297496552,1
nyc,5391.06,Lispenard St & Broadway,234805,116159,118646,234805,40.71939217602317,-74.0024720947817,2020,2025,3,12,1,12,72,lifetime_aggregate,168,71.5487319264922,1
nyc,5392.04,63 St & 59 Dr,4315,2149,2166,4315,40.71832,-73.90128,2023,2025,2,12,1,12,36,lifetime_aggregate,16,370.7995365005794,1
nyc,540,Lexington Ave & E 29 St,87713,43720,43993,87713,40.74311555376486,-73.98215353488922,2019,2019,1,12,1,12,12,lifetime_aggregate,47,53.58384732023759,1
nyc,5400.05,Harrison St & Hudson St,108231,53796,54435,108231,40.71870990545843,-74.00900092572853,2020,2025,3,12,1,12,72,lifetime_aggregate,23,21.250843104101413,1
nyc,5400.08,Duane St & Greenwich St,33040,16479,16561,33040,40.717487960786194,-74.01045501294008,2020,2020,1,12,1,12,12,lifetime_aggregate,7,21.1864406779661,1
nyc,5401.03,59 St & 59 Rd,2728,1367,1361,2728,40.71790852734058,-73.908454477787,2023,2025,2,12,1,12,36,lifetime_aggregate,25,916.4222873900294,1
nyc,5403.04,Graham Ave & Withers St,116683,58142,58541,116683,40.716981067877626,-73.94485912217972,2020,2025,3,12,1,12,72,lifetime_aggregate,20,17.14045747881011,1
nyc,5403.05,Graham Ave & Herbert St,67195,33511,33684,67195,40.71929300677126,-73.94500385023218,2020,2025,3,12,1,12,72,lifetime_aggregate,212,315.49966515365725,1
nyc,5406.02,Rivington St & Ridge St,268725,135155,133570,268725,40.718502074413,-73.98329871540209,2020,2025,3,12,1,12,72,lifetime_aggregate,40,14.885105591217789,1
nyc,5406.04,Pitt St & Stanton St,83171,41099,42072,83171,40.71926086429139,-73.9817801626822,2020,2025,3,12,1,12,72,lifetime_aggregate,16,19.237474600521818,1
nyc,5409.02,Page Pl & Grand Ave,7457,3753,3704,7457,40.71798,-73.91818,2023,2025,2,12,1,12,36,lifetime_aggregate,26,348.66568325063696,1
nyc,5411.07,Union Ave & N 12 St,210448,104687,105761,210448,40.71924,-73.95242,2020,2025,3,12,1,12,72,lifetime_aggregate,15,7.1276514863529234,1
nyc,5411.08,Driggs Ave & N 9 St,229086,112836,116250,229086,40.718169781894595,-73.95520124344453,2020,2025,3,12,1,12,72,lifetime_aggregate,32,13.968553294395992,1
nyc,5414.06,Allen St & Rivington St,369767,184586,185181,369767,40.72019583149709,-73.98997816882792,2020,2025,3,12,1,12,72,lifetime_aggregate,61,16.496875059158874,1
nyc,5414.07,Delancey St & Eldridge St,129893,65045,64848,129893,40.719383,-73.991479,2020,2025,3,12,1,12,72,lifetime_aggregate,137,105.47142648179656,1
nyc,5419.04,N 5 St & Wythe Ave,158452,78671,79781,158452,40.71850004411089,-73.96139753804442,2023,2025,2,12,3,12,34,lifetime_aggregate,45,28.399767753010376,1
nyc,5422.04,Howard St & Centre St,4156,2104,2052,4156,40.719105252279114,-73.99973325227911,2020,2020,1,12,1,12,12,lifetime_aggregate,40,962.4639076034648,1
nyc,5422.04,Howard St & Lafayette St,221572,110973,110599,221572,40.71910524630422,-73.99973324630422,2020,2025,3,12,1,12,72,lifetime_aggregate,40,18.05282255880707,1
nyc,5422.09,Lafayette St & Grand St,195451,97230,98221,195451,40.72028,-73.99879,2023,2025,2,12,3,12,34,lifetime_aggregate,75,38.37278908780206,1
nyc,5430.08,Franklin St & W Broadway,146887,72954,73933,146887,40.71911567060944,-74.00666673125667,2020,2025,3,12,1,12,72,lifetime_aggregate,16,10.89272706229959,1
nyc,5430.1,6 Ave & Walker St,20869,13701,7168,20869,40.71979208999054,-74.00522388540764,2023,2025,2,11,1,9,33,lifetime_aggregate,63,301.8831760026834,1
nyc,5430.10,6 Ave & Walker St,113892,53524,60368,113892,40.719792090005996,-74.00522388538796,2023,2025,2,12,1,12,36,lifetime_aggregate,63,55.31556211147403,1
nyc,5431.01,60 Pl & Flushing Ave,3697,1847,1850,3697,40.71988,-73.90556,2023,2025,2,12,4,12,33,lifetime_aggregate,13,351.63646199621314,1
nyc,5433.03,Richardson St & N Henry St,86231,43157,43074,86231,40.71907892509743,-73.94223691721406,2020,2025,3,12,1,12,72,lifetime_aggregate,10,11.596757546589973,1
nyc,5433.04,Frost St & Debevoise Ave,25701,12886,12815,25701,40.71882,-73.93948,2020,2025,3,12,1,12,72,lifetime_aggregate,26,101.16337885685383,1
nyc,5436.09,Ave D & E 3 St,94310,47248,47062,94310,40.72082834,-73.97793172,2023,2025,2,12,10,12,27,lifetime_aggregate,24,25.447990669070087,1
nyc,5436.09,Avenue D & E 3 St,105220,52652,52568,105220,40.72082815943439,-73.97793185778568,2020,2023,2,12,1,10,46,lifetime_aggregate,24,22.80935183425204,1
nyc,5436.09_Pillar,Pillar Ave D & E 3 St,52,26,26,52,40.72082999999999,-73.97793,2023,2023,1,1,10,10,1,lifetime_aggregate,24,46153.846153846156,1
nyc,5436.11,E Houston St & Columbia St,126708,63253,63455,126708,40.719786354211294,-73.97871628378273,2023,2025,2,12,1,12,36,lifetime_aggregate,74,58.40199513842851,1
nyc,5440.05,57 St & Grand Ave,5199,2593,2606,5199,40.71921,-73.9124,2023,2025,2,12,1,12,36,lifetime_aggregate,20,384.6893633391037,1
nyc,5442.05,Bayard St & Leonard St,137873,68293,69580,137873,40.719155798449314,-73.94885392992313,2020,2025,3,12,1,12,72,lifetime_aggregate,19,13.780798270872468,1
nyc,5442.09,Manhattan Av & Leonard St,26936,13438,13498,26936,40.72084,-73.94844,2020,2023,2,12,1,10,46,lifetime_aggregate,11,40.837540837540836,1
nyc,5442.09,Manhattan Ave & Leonard St,42289,21051,21238,42289,40.72084,-73.94843999999999,2023,2025,2,12,10,12,27,lifetime_aggregate,11,26.011492350256567,1
nyc,5445.02,Suffolk St & Stanton St,374939,187897,187042,374939,40.7206642849924,-73.98517983607047,2020,2025,3,12,1,12,72,lifetime_aggregate,36,9.601561854061593,1
nyc,5445.07,Stanton St & Norfolk St,276421,137993,138428,276421,40.720747,-73.986274,2020,2025,3,12,1,12,72,lifetime_aggregate,44,15.917748651513453,1
nyc,545,E 23 St & 1 Ave,122010,60978,61032,122010,40.73650201325667,-73.97809469085875,2019,2019,1,12,1,12,12,lifetime_aggregate,92,75.40365543807884,1
nyc,5450.01,N 10 St & Berry St,124234,61199,63035,124234,40.72024181387583,-73.95721101624638,2023,2025,2,12,4,12,33,lifetime_aggregate,27,21.73318093275593,1
nyc,5450.04,N 12 St & Bedford Ave,219745,109452,110293,219745,40.7207981439678,-73.9548470822673,2020,2025,3,12,1,12,72,lifetime_aggregate,35,15.92755239027054,1
nyc,5453.01,Rivington St & Chrystie St,246118,120479,125639,246118,40.72110074305855,-73.99192527081023,2020,2025,3,12,1,12,72,lifetime_aggregate,48,19.50284010108972,1
nyc,5453.05,Forsyth St & Broome St,214260,105508,108752,214260,40.71893902706405,-73.99266291205362,2020,2025,3,12,1,12,72,lifetime_aggregate,61,28.470083076635863,1
nyc,5453.06,Kenmare St & Elizabeth St,188200,93874,94326,188200,40.72054,-73.9949,2023,2025,2,12,1,12,36,lifetime_aggregate,199,105.73857598299682,1
nyc,5458.02,N 5 St & Northside Piers,166950,83048,83902,166950,40.719884635315175,-73.96359584279729,2023,2025,2,12,3,12,34,lifetime_aggregate,26,15.573525007487273,1
nyc,546,E 30 St & Park Ave S,91507,45959,45548,91507,40.74444921,-73.98303529,2019,2019,1,12,1,12,12,lifetime_aggregate,59,64.47594173123368,1
nyc,5470.02,N Moore St & Hudson St,56362,27668,28694,56362,40.71996118084483,-74.0084432061764,2023,2023,1,12,1,12,12,lifetime_aggregate,37,65.64706717291793,1
nyc,5470.1,Greenwich St & Hubert St,31719,21357,10362,31719,40.721319,-74.010065,2023,2025,2,11,1,12,36,lifetime_aggregate,29,91.42785081496895,1
nyc,5470.10,Greenwich St & Hubert St,139734,62724,77010,139734,40.721319,-74.01006500000001,2020,2025,3,12,9,12,64,lifetime_aggregate,29,20.753717778064036,1
nyc,5470.12,North Moore St & Greenwich St,362607,179301,183306,362607,40.72019514515125,-74.01030074604594,2020,2025,3,12,1,12,72,lifetime_aggregate,35,9.652323314221734,1
nyc,5470.13,Hudson St & N Moore St,57901,28675,29226,57901,40.719887998,-74.0086269379,2025,2025,1,12,1,12,12,lifetime_aggregate,41,70.81052140722959,1
nyc,5471.04,Grand Ave & 58 Ave,4326,2117,2209,4326,40.72098,-73.90701,2023,2025,2,12,2,12,35,lifetime_aggregate,10,231.16042533518262,1
nyc,5473.03,Engert Ave & McGuinness Blvd,65332,32605,32727,65332,40.72158,-73.94546,2020,2025,3,12,1,12,72,lifetime_aggregate,44,67.34831323088227,1
nyc,5473.06,Monitor St & Meeker Ave,40172,20072,20100,40172,40.72112480615305,-73.94169271399052,2023,2025,2,12,3,12,34,lifetime_aggregate,105,261.37608284377177,1
nyc,5476.03,E 2 St & Ave C,138591,69567,69024,138591,40.7208736,-73.98085795,2023,2025,2,12,10,12,27,lifetime_aggregate,105,75.7624954001342,1
nyc,5476.03,E 2 St & Avenue C,142504,72175,70329,142504,40.7208738031734,-73.9808579666169,2020,2023,2,12,1,10,46,lifetime_aggregate,105,73.68214225565599,1
nyc,5481.04,Driggs Ave & Lorimer St,152287,75811,76476,152287,40.72179123283862,-73.95041527392779,2020,2025,3,12,1,12,72,lifetime_aggregate,33,21.669610669328307,1
nyc,5484.09,Allen St & Stanton St,367029,183282,183747,367029,40.722055,-73.989111,2020,2025,3,12,1,12,72,lifetime_aggregate,48,13.077985663258218,1
nyc,5489.03,Kent Ave & N 7 St,337665,165971,171694,337665,40.72036782096601,-73.96165080472616,2020,2025,3,12,1,12,72,lifetime_aggregate,47,13.919121022315016,1
nyc,5489.04,N 11 St & Kent Ave,87816,43674,44142,87816,40.722481911288604,-73.95921920983659,2020,2025,3,12,1,12,72,lifetime_aggregate,21,23.913637605903254,1
nyc,5489.06,N 9 St & Wythe Ave,77891,38116,39775,77891,40.72054,-73.959,2023,2025,2,12,6,12,31,lifetime_aggregate,28,35.94767046256949,1
nyc,5492.05,Cleveland Pl & Spring St,545644,271760,273884,545644,40.72210384850267,-73.99724900489073,2020,2025,3,12,1,12,72,lifetime_aggregate,77,14.111765180227401,1
nyc,5500.02,Grand St & Greene St,216662,107715,108947,216662,40.72170037005277,-74.00238197456946,2020,2025,3,12,1,12,72,lifetime_aggregate,29,13.384903674848383,1
nyc,5500.07,6 Ave & Canal St,119276,58550,60726,119276,40.72243797383475,-74.00566426258982,2020,2025,3,12,1,6,66,lifetime_aggregate,229,191.9916831550354,1
nyc,5501.06,Fresh Pond Rd & Flushing Ave,4740,2336,2404,4740,40.72155,-73.90295,2023,2025,2,12,2,12,35,lifetime_aggregate,35,738.3966244725739,1
nyc,5503.01,Morgan Ave & Lombardy St,60757,30971,29786,60757,40.72226,-73.93889,2020,2025,3,12,1,12,72,lifetime_aggregate,46,75.71144065704362,1
nyc,5506.1,Ave D & E 8 St,27068,11804,15264,27068,40.723683610023116,-73.9757481299923,2023,2025,2,11,1,12,36,lifetime_aggregate,27,99.74878084823408,1
nyc,5506.10,Ave D & E 8 St,73423,38312,35111,73423,40.7236836256428,-73.97574812478574,2020,2025,3,12,1,12,72,lifetime_aggregate,27,36.77321820138104,1
nyc,5506.10,Avenue D & E 8 St,9,2,7,9,40.72368361,-73.97574813,2020,2020,1,1,1,1,1,lifetime_aggregate,27,300000.0,1
nyc,5506.14,E 6 St & Ave D,98019,48850,49169,98019,40.72228087,-73.97668709,2023,2025,2,12,10,12,27,lifetime_aggregate,30,30.6063110213326,1
nyc,5506.14,E 6 St & Avenue D,152606,76154,76452,152606,40.7222809299262,-73.97668704206907,2020,2023,2,12,1,10,46,lifetime_aggregate,30,19.65846690169456,1
nyc,5509.02,Washington St & Laight St,117933,58997,58936,117933,40.72231,-74.0106,2023,2025,2,12,1,12,36,lifetime_aggregate,48,40.70107603469767,1
nyc,5510.02,57 Rd & 59 St,4419,2170,2249,4419,40.72249,-73.90854,2023,2025,2,12,2,12,35,lifetime_aggregate,16,362.0728671645168,1
nyc,5510.05,57 Rd & 58 St,1723,836,887,1723,40.72235,-73.91215,2023,2025,2,12,1,12,36,lifetime_aggregate,8,464.30644225188627,1
nyc,5515.02,E 2 St & Ave B,165841,83107,82734,165841,40.72217444,-73.98368779,2023,2025,2,12,11,12,26,lifetime_aggregate,70,42.20910390072419,1
nyc,5515.02,E 2 St & Avenue B,194634,97396,97238,194634,40.72217420677001,-73.98368788940182,2020,2023,2,12,1,10,46,lifetime_aggregate,70,35.96493932200951,1
nyc,5515.08,E 4 St & Ave B,176106,87423,88683,176106,40.72334683220625,-73.98265913126811,2023,2025,2,12,1,12,36,lifetime_aggregate,30,17.035194712275562,1
nyc,5520.09,N 15 St & Wythe Ave,99530,48883,50647,99530,40.724055,-73.955736,2020,2025,3,12,1,12,72,lifetime_aggregate,28,28.132221440771627,1
nyc,5523.02,Stanton St & Chrystie St,285824,141069,144755,285824,40.72229331129444,-73.99147523685446,2020,2025,3,12,1,12,72,lifetime_aggregate,65,22.74126735333632,1
nyc,5532.01,Mercer St & Spring St,246711,120013,126698,246711,40.72362725825992,-73.9994960067963,2020,2025,3,12,1,12,72,lifetime_aggregate,46,18.64529753436207,1
nyc,5539.06,Laight St & Hudson St,70307,34914,35393,70307,40.721853852807385,-74.00771785280739,2020,2025,3,12,1,12,72,lifetime_aggregate,35,49.78167181077276,1
nyc,5539.08,Varick St & Watts St,13705,6732,6973,13705,40.723635749203936,-74.006020305859,2025,2025,1,5,8,12,5,lifetime_aggregate,92,671.2878511492156,1
nyc,5540.06,56 Dr & 61 St,4939,2431,2508,4939,40.72368,-73.90458,2023,2025,2,12,2,12,35,lifetime_aggregate,10,202.47013565499088,1
nyc,5542.04,Driggs Ave & N Henry St,166767,84155,82612,166767,40.72325,-73.94308,2020,2025,3,12,1,12,72,lifetime_aggregate,23,13.791697398166303,1
nyc,5545.01,E 7 St & Ave C,208506,104893,103613,208506,40.724129440766625,-73.97901266823388,2023,2025,2,12,1,12,36,lifetime_aggregate,28,13.428870152417677,1
nyc,5545.04,E 5 St & Ave C,97179,48567,48612,97179,40.72299208,-73.97995466,2023,2025,2,12,10,12,27,lifetime_aggregate,26,26.754751540970783,1
nyc,5545.04,E 5 St & Avenue C,105510,52666,52844,105510,40.722992037211554,-73.9799548344126,2020,2023,2,12,1,10,46,lifetime_aggregate,26,24.642214008150887,1
nyc,5548.01,58 St & 56 Dr,4426,2172,2254,4426,40.72419,-73.91244,2023,2025,2,12,4,12,33,lifetime_aggregate,26,587.437867148667,1
nyc,5550.05,Bedford Ave & Nassau Ave,231539,114408,117131,231539,40.72311665546884,-73.95212316381786,2020,2025,3,12,1,12,72,lifetime_aggregate,27,11.661102449263408,1
nyc,5550.09,Leonard St & Nassau Ave,146331,72660,73671,146331,40.72395684449172,-73.94984375038341,2020,2025,3,12,1,12,72,lifetime_aggregate,61,41.68631390477753,1
nyc,5553.03,E 3 St & 1 Ave,172655,86555,86100,172655,40.7246772098962,-73.98783412993573,2023,2025,2,12,1,12,36,lifetime_aggregate,63,36.488951956213256,1
nyc,5553.1,E 2 St & Ave A,2480,2182,298,2480,40.72307749068672,-73.98583620786667,2023,2025,2,7,10,5,20,lifetime_aggregate,55,2217.741935483871,1
nyc,5553.1,E 2 St & Avenue A,23742,22589,1153,23742,40.723077490447565,-73.98583620776535,2023,2023,1,10,1,10,10,lifetime_aggregate,55,231.65697919299132,1
nyc,5553.10,E 2 St & Ave A,154535,76080,78455,154535,40.72307749068673,-73.98583620786667,2023,2025,2,12,10,12,27,lifetime_aggregate,55,35.59064289643123,1
nyc,5553.10,E 2 St & Avenue A,148574,63016,85558,148574,40.72307723059191,-73.98583609768427,2020,2023,2,12,1,10,46,lifetime_aggregate,55,37.0185900628643,1
nyc,5558.04,Wythe Ave & N 13 St,94529,46463,48066,94529,40.72258299153838,-73.95721910668853,2023,2025,2,12,3,12,34,lifetime_aggregate,35,37.025674660686136,1
nyc,5561.04,Mott St & Prince St,370029,184641,185388,370029,40.723179708250385,-73.99480008124564,2020,2025,3,12,1,12,72,lifetime_aggregate,38,10.269465366228053,1
nyc,5561.06,Lafayette St & Jersey St,425360,212494,212866,425360,40.72456091832267,-73.9956529453654,2020,2025,3,12,1,12,72,lifetime_aggregate,76,17.86721835621591,1
nyc,5569.06,W Broadway & Spring St,230791,112295,118496,230791,40.72494680533213,-74.00165869359631,2020,2025,3,12,1,12,72,lifetime_aggregate,39,16.898405917041824,1
nyc,5569.07,W Broadway & Watts St,99310,49150,50160,99310,40.723229999999994,-74.00314,2023,2025,2,12,10,12,27,lifetime_aggregate,80,80.55583526331688,1
nyc,5569.07,West Broadway & Watts St,44603,22152,22451,44603,40.72323,-74.00314,2023,2023,1,10,1,10,10,lifetime_aggregate,80,179.36013272649822,1
nyc,5570.04,Grand Ave & Remsen Pl,12065,5990,6075,12065,40.72353,-73.89967,2023,2025,2,12,2,12,35,lifetime_aggregate,32,265.2300041442188,1
nyc,5572.07,Van Dam St & Meeker Ave,25346,12998,12348,25346,40.72532,-73.9368,2023,2025,2,12,5,12,32,lifetime_aggregate,22,86.7987059102028,1
nyc,5575.08,Ave D & E 12 St,27135,13846,13289,27135,40.72580614,-73.97422494000001,2023,2025,2,12,10,12,27,lifetime_aggregate,4,14.741109268472453,1
nyc,5575.08,Avenue D & E 12 St,31970,16147,15823,31970,40.72580607908037,-73.97422496051982,2020,2023,2,10,1,10,46,lifetime_aggregate,4,12.511729746637473,1
nyc,5575.12,Avenue D & E 8 St,39473,19744,19729,39473,40.72387,-73.975767,2020,2020,1,12,1,12,12,lifetime_aggregate,23,58.26767663972843,1
nyc,5575.13,Ave D & E 10 St,37348,18840,18508,37348,40.72506551015475,-73.97515833377838,2023,2025,2,12,10,12,27,lifetime_aggregate,22,58.90543000963906,1
nyc,5575.13,Avenue D & E 10 St,39559,19901,19658,39559,40.72506565907084,-73.97515822565234,2020,2023,2,12,8,10,39,lifetime_aggregate,22,55.61313481129452,1
nyc,5578.02,Watts St & Greenwich St,205116,102295,102821,205116,40.72405533105177,-74.00965975669698,2020,2025,3,12,1,12,72,lifetime_aggregate,45,21.938805358918856,1
nyc,5579.02,56 Dr & 59 St,5048,2409,2639,5048,40.72403,-73.90853,2023,2025,2,12,2,12,35,lifetime_aggregate,32,633.9144215530904,1
nyc,5579.04,55 Dr & Maurice Ave,10958,5463,5495,10958,40.7261,-73.90917,2023,2025,2,12,1,12,36,lifetime_aggregate,40,365.0301149844862,1
nyc,5581.01,Nassau Ave & Russell St,157362,78633,78729,157362,40.72557,-73.94434,2020,2025,3,12,1,12,72,lifetime_aggregate,18,11.43859381553361,1
nyc,5584.04,E 6 St & Ave B,120732,60478,60254,120732,40.72453734,-73.98185424,2023,2025,2,12,10,12,27,lifetime_aggregate,31,25.676705430209058,1
nyc,5584.04,E 6 St & Avenue B,156882,78621,78261,156882,40.72453715994033,-73.98185411289906,2020,2023,2,12,1,10,46,lifetime_aggregate,31,19.760074450861158,1
nyc,5584.05,E 7 St & Ave B,208207,104782,103425,208207,40.72512852424486,-73.98131668576183,2023,2025,2,12,1,12,36,lifetime_aggregate,29,13.928446209781612,1
nyc,5593.01,E 1 St & 1 Ave,326798,161397,165401,326798,40.72335597931358,-73.98864971269028,2023,2025,2,12,1,12,36,lifetime_aggregate,123,37.637929240693026,1
nyc,5593.02,E 2 St & 2 Ave,213409,105286,108123,213409,40.72502883006569,-73.9906966946773,2020,2025,3,12,1,12,72,lifetime_aggregate,69,32.33228214367716,1
nyc,5593.04,E 4 St & 2 Ave,306919,152269,154650,306919,40.72628079138654,-73.98978027402397,2020,2025,3,12,1,12,72,lifetime_aggregate,77,25.08805254806643,1
nyc,5602.06,Greene St & Prince St,154158,76255,77903,154158,40.72511734381384,-73.99930492052972,2023,2025,2,12,1,12,36,lifetime_aggregate,18,11.67633207488421,1
nyc,5610.09,6 Ave & Broome St,314621,155761,158860,314621,40.72430996992695,-74.00473000366786,2020,2025,3,12,1,12,72,lifetime_aggregate,80,25.427419021616483,1
nyc,5611.04,61 St & Borden Ave,3519,1721,1798,3519,40.72558,-73.90417,2023,2025,2,12,5,12,32,lifetime_aggregate,20,568.3432793407218,1
nyc,5611.05,63 St & Borden Ave,3546,1714,1832,3546,40.726650024630544,-73.90311693360462,2023,2025,2,12,4,12,33,lifetime_aggregate,17,479.4134235758601,1
nyc,5613.04,Kingsland Ave & Nassau Ave,136082,68134,67948,136082,40.72577,-73.94173,2020,2025,3,12,1,12,72,lifetime_aggregate,30,22.045531370791142,1
nyc,5616.01,E 9 St & Ave C,98406,49129,49277,98406,40.72521310999999,-73.97768752,2023,2025,2,11,10,12,27,lifetime_aggregate,39,39.63172977257484,1
nyc,5616.01,E 9 St & Avenue C,118485,59141,59344,118485,40.72521305416162,-73.9776877537025,2020,2023,2,11,1,10,46,lifetime_aggregate,39,32.91555893151032,1
nyc,5616.08,E 12 St & Ave C,142453,71364,71089,142453,40.727243,-73.976831,2020,2025,3,12,1,12,72,lifetime_aggregate,23,16.14567611773708,1
nyc,5623.03,Nassau Ave & Newell St,149650,74287,75363,149650,40.724812694653544,-73.94752614715324,2020,2025,3,12,1,12,72,lifetime_aggregate,57,38.08887403942533,1
nyc,5626.06,E 5 St & Ave A,192092,95827,96265,192092,40.72479007743322,-73.98430064334451,2023,2025,2,12,1,12,36,lifetime_aggregate,35,18.220436041063657,1
nyc,5626.07,E 7 St & Ave A,188983,94385,94598,188983,40.72621788,-73.98379855,2023,2025,2,12,10,12,27,lifetime_aggregate,42,22.224221226247863,1
nyc,5626.07,E 7 St & Avenue A,215310,107860,107450,215310,40.726217932749186,-73.98379877753358,2020,2023,2,12,1,10,46,lifetime_aggregate,42,19.50675769820259,1
nyc,5626.13,St Marks Pl & 1 Ave,340619,172378,168241,340619,40.72779117595852,-73.9856493045436,2020,2025,3,12,1,12,72,lifetime_aggregate,71,20.844403864728626,1
nyc,5626.14,1 Ave & E 5 St,82720,41743,40977,82720,40.725864,-73.986389,2020,2020,1,12,1,12,12,lifetime_aggregate,56,67.69825918762089,1
nyc,5626.15,1 Ave & E 6 St,269848,135723,134125,269848,40.726330859771316,-73.98616880186133,2023,2025,2,12,1,12,36,lifetime_aggregate,52,19.270107616139455,1
nyc,5633.04,Banker St & Meserole Ave,108875,53752,55123,108875,40.72606,-73.95621,2020,2025,3,12,1,12,72,lifetime_aggregate,12,11.021814006888633,1
nyc,5636.11,Great Jones St,393007,195999,197008,393007,40.72743415538993,-73.9937901689021,2020,2025,3,12,1,12,72,lifetime_aggregate,64,16.284697219133502,1
nyc,5636.13,E 1 St & Bowery,196718,97993,98725,196718,40.72486122237955,-73.99213135215757,2023,2025,2,12,1,12,36,lifetime_aggregate,151,76.75962545369514,1
nyc,5644.05,W Broadway & W Houston St,180702,88782,91920,180702,40.726378,-74.000472,2020,2025,3,12,1,12,72,lifetime_aggregate,74,40.95140064858164,1
nyc,5653.12,Spring St & Hudson St,226138,112826,113312,226138,40.72583996740551,-74.00765328438678,2020,2025,3,12,12,12,61,lifetime_aggregate,39,17.246106359833377,1
nyc,5656.03,N Henry St & Norman Ave,46704,23381,23323,46704,40.72789401232868,-73.94361680491379,2023,2025,2,12,3,12,34,lifetime_aggregate,32,68.51661527920521,1
nyc,5659.05,E 10 St & Ave A,168012,83490,84522,168012,40.72740794,-73.98142006000002,2023,2025,2,12,10,12,27,lifetime_aggregate,28,16.66547627550413,1
nyc,5659.05,E 10 St & Avenue A,223818,109659,114159,223818,40.72740795848291,-73.98142002853072,2020,2023,2,12,1,10,46,lifetime_aggregate,28,12.510164508663289,1
nyc,5659.11,E 11 St & Ave B,133220,67173,66047,133220,40.72746420692392,-73.97950418293476,2023,2025,2,12,10,12,27,lifetime_aggregate,29,21.76850322774358,1
nyc,5659.11,E 11 St & Avenue B,144707,73587,71120,144707,40.72746409749887,-73.97950408619562,2020,2023,2,12,1,10,46,lifetime_aggregate,29,20.040495622188285,1
nyc,5666.04,Meserole Ave & Manhattan Ave,191664,95547,96117,191664,40.727085882208755,-73.95299111545565,2020,2025,3,12,1,12,72,lifetime_aggregate,65,33.913515318474,1
nyc,5666.11,Norman Ave & Leonard St,115403,57474,57929,115403,40.72603325523983,-73.95077323055348,2023,2025,2,12,4,12,33,lifetime_aggregate,32,27.72891519284594,1
nyc,5669.1,St Marks Pl & 2 Ave,55575,26001,29574,55575,40.728418600181946,-73.98713956020015,2023,2025,2,12,1,11,35,lifetime_aggregate,80,143.94961763382815,1
nyc,5669.10,St Marks Pl & 2 Ave,297899,146770,151129,297899,40.72841872236394,-73.98713969526715,2020,2025,3,12,1,12,72,lifetime_aggregate,80,26.854739357970317,1
nyc,5669.12,E 6 St & 2 Ave,174392,86151,88241,174392,40.727378693379045,-73.98840844609835,2023,2025,2,12,1,12,36,lifetime_aggregate,72,41.28629753658424,1
nyc,5676.04,Calyer St & West St,118113,58815,59298,118113,40.72693,-73.95863,2023,2025,2,12,6,12,31,lifetime_aggregate,12,10.15976226156308,1
nyc,5679.05,Mercer St & Bleecker St,337314,166932,170382,337314,40.727063746245754,-73.99662125040307,2020,2025,3,12,1,12,72,lifetime_aggregate,45,13.340685533360608,1
nyc,5679.08,Bleecker St & Crosby St,309966,154199,155767,309966,40.72615604975398,-73.99510189901031,2023,2025,2,12,1,12,36,lifetime_aggregate,73,23.550970106398765,1
nyc,5687.04,MacDougal St & Prince St,360745,179062,181683,360745,40.727102708746216,-74.00297091166907,2020,2025,3,12,1,12,72,lifetime_aggregate,41,11.365368889381697,1
nyc,5687.11,King St & Varick St,165591,82573,83018,165591,40.727897014076845,-74.0053626897901,2023,2025,2,12,1,12,36,lifetime_aggregate,125,75.48719435235007,1
nyc,5688.02,64 St & 53 Dr,6368,3135,3233,6368,40.72897,-73.90115,2023,2025,2,12,2,12,35,lifetime_aggregate,5,78.5175879396985,1
nyc,5696.03,Pier 40 - Hudson River Park,449544,224195,225349,449544,40.72771405238103,-74.01129581639118,2020,2025,3,12,1,12,72,lifetime_aggregate,0,0.0,1
nyc,5703.13,Ave A & E 11 St,246206,122162,124044,246206,40.72854745007634,-73.98175925007341,2023,2025,2,12,1,12,36,lifetime_aggregate,45,18.27737748064629,1
nyc,5703.13_Pillar,Pillar Ave A & E 11 St,6,2,4,6,40.72861,-73.98178,2023,2023,1,1,10,10,1,lifetime_aggregate,45,750000.0,1
nyc,5709.03,Calyer St & Guernsey St,23403,11569,11834,23403,40.727558073287234,-73.95505853042978,2023,2023,1,12,1,12,12,lifetime_aggregate,20,85.45912917147375,1
nyc,5709.04,Lorimer St & Calyer St,63999,31904,32095,63999,40.72795,-73.95414,2020,2025,2,12,1,12,72,lifetime_aggregate,45,70.31359864997891,1
nyc,5712.03,Cooper Square & Astor Pl,412846,205762,207084,412846,40.72951496726595,-73.99075278813913,2020,2025,3,12,1,12,72,lifetime_aggregate,54,13.07993779762914,1
nyc,5712.12,E 5 St & Cooper Sq,190812,94886,95926,190812,40.72769,-73.990993,2023,2025,2,12,1,12,36,lifetime_aggregate,47,24.63157453409639,1
nyc,5721.01,Sullivan St & Washington Sq,312767,155745,157022,312767,40.73047731873528,-73.99906075427087,2020,2025,3,12,1,12,72,lifetime_aggregate,50,15.986341270018896,1
nyc,5721.01_Pillar,Pillar Sullivan St & Washington Sq,24,12,12,24,40.73048,-73.99906,2023,2023,1,1,9,9,1,lifetime_aggregate,50,208333.33333333334,1
nyc,5721.07,Thompson St & Bleecker St,234815,117041,117774,234815,40.728400608810155,-73.99968781180186,2020,2025,3,12,12,12,61,lifetime_aggregate,57,24.274428805655514,1
nyc,5721.14,LaGuardia Pl & W 3 St,314008,155057,158951,314008,40.72917016952538,-73.99810221021147,2020,2025,3,12,1,12,72,lifetime_aggregate,34,10.827749611474866,1
nyc,5730.08,Greenwich St & W Houston St,334350,164240,170110,334350,40.728846,-74.008591,2020,2025,3,12,1,12,72,lifetime_aggregate,38,11.365335726035593,1
nyc,5731.03,Maurice Ave & 53 Dr,3012,1415,1597,3012,40.73028,-73.90421,2023,2025,2,12,2,12,35,lifetime_aggregate,11,365.20584329349265,1
nyc,5736.09,E 14 St & Ave B,113034,56797,56237,113034,40.729386850000004,-73.97772429,2023,2025,2,12,10,11,26,lifetime_aggregate,32,28.310065997841356,1
nyc,5736.09,E 14 St & Avenue B,80713,40428,40285,80713,40.72938685007223,-73.97772428986035,2023,2023,1,10,1,10,10,lifetime_aggregate,32,39.646649238660444,1
nyc,5743.02,Calyer St & Jewel St,71077,35196,35881,71077,40.72984,-73.94839,2020,2025,3,12,1,12,72,lifetime_aggregate,5,7.034624421402141,1
nyc,5746.02,E 10 St & 2 Ave,248364,124016,124348,248364,40.72970805641594,-73.98659795525387,2023,2025,2,12,1,11,35,lifetime_aggregate,86,34.626596447150156,1
nyc,5746.04,E 11 St & 2 Ave,103005,51380,51625,103005,40.730473002804594,-73.98672397288885,2020,2020,1,12,1,12,12,lifetime_aggregate,71,68.92869278190379,1
nyc,5746.14,E 11 St & 1 Ave,349990,174870,175120,349990,40.72953825023305,-73.98426717583943,2020,2025,3,12,1,12,72,lifetime_aggregate,65,18.571959198834254,1
nyc,5752.07,Milton St & Franklin St,214728,106354,108374,214728,40.72906,-73.95779,2020,2025,3,12,1,12,72,lifetime_aggregate,42,19.55962892589695,1
nyc,5752.09,Greenpoint Ave & West St,135359,67106,68253,135359,40.7298154971184,-73.95915615687146,2023,2025,2,12,3,12,34,lifetime_aggregate,10,7.38776143440776,1
nyc,5755.01,Washington Pl & Broadway,238981,119075,119906,238981,40.72903911534089,-73.99404633245314,2020,2025,3,12,1,12,72,lifetime_aggregate,41,17.156175595549435,1
nyc,5755.09,Washington Square E,115960,57568,58392,115960,40.73049393015423,-73.99572139911868,2023,2023,1,12,1,12,12,lifetime_aggregate,15,12.935494998275269,1
nyc,5755.09_Pillar,Pillar Washington Square E,320,159,161,320,40.73049,-73.99572,2023,2023,1,1,10,10,1,lifetime_aggregate,15,4687.5,1
nyc,5755.14,University Pl & E 8 St,326770,163457,163313,326770,40.73143716286669,-73.99490328092566,2020,2025,3,12,1,12,72,lifetime_aggregate,25,7.650641123726168,1
nyc,5755.15,Washington Pl & Greene St,90799,45129,45670,90799,40.72980619180496,-73.99546380915461,2025,2025,1,12,1,12,12,lifetime_aggregate,23,25.330675447967486,1
nyc,5763.03,Carmine St & 6 Ave,490631,244258,246373,490631,40.73038598538598,-74.00214991084691,2020,2025,3,12,1,12,72,lifetime_aggregate,72,14.674979770948022,1
nyc,5764.02,65 Pl & 53 Ave,7551,3752,3799,7551,40.73145,-73.90022,2023,2025,2,12,11,12,26,lifetime_aggregate,9,119.18951132300357,1
nyc,5769.04,Avenue C & E 18 St,51839,26611,25228,51839,40.730563,-73.973984,2020,2020,1,12,1,12,12,lifetime_aggregate,32,61.72958583306005,1
nyc,5769.06,Ave C & E 16 St,99504,50285,49219,99504,40.72984830325426,-73.97455215443354,2023,2025,2,12,1,12,36,lifetime_aggregate,24,24.1196333815726,1
nyc,5772.05,Morton St & Greenwich St,107452,53481,53971,107452,40.73115,-74.00887,2025,2025,1,12,1,12,12,lifetime_aggregate,24,22.33555448013997,1
nyc,5772.05,Morton St & Washington St,62164,30993,31171,62164,40.73115,-74.00887,2023,2023,1,12,1,12,12,lifetime_aggregate,24,38.60755421144071,1
nyc,5772.07,Morton St & West St,1851,930,921,1851,40.73142106585176,-74.01077986188255,2023,2023,1,1,1,1,1,lifetime_aggregate,24,1296.5964343598055,1
nyc,5779.08,1 Ave & E 16 St,382891,192640,190251,382891,40.73221867757251,-73.98165570455026,2020,2025,3,12,1,12,72,lifetime_aggregate,53,13.842059489515293,1
nyc,5779.09,E 13 St & Ave A,90929,46097,44832,90929,40.72966729392978,-73.98067966103554,2023,2025,2,12,12,12,25,lifetime_aggregate,43,47.289643568058594,1
nyc,5779.09,E 13 St & Avenue A,222635,111627,111008,222635,40.7296671308024,-73.9806798372075,2020,2023,2,12,1,9,45,lifetime_aggregate,43,19.3141240146428,1
nyc,5779.1,E 14 St & 1 Ave,57113,25325,31788,57113,40.73139303362447,-73.98286700248593,2023,2025,2,12,1,12,36,lifetime_aggregate,95,166.33691103601632,1
nyc,5779.10,E 14 St & 1 Ave,175007,89777,85230,175007,40.73139303362263,-73.98286700248579,2023,2025,2,12,1,12,36,lifetime_aggregate,95,54.28354294399652,1
nyc,5779.11,Ave A & E 14 St,428720,214868,213852,428720,40.730310710048535,-73.98047178986558,2023,2025,2,12,1,12,36,lifetime_aggregate,39,9.096846426572121,1
nyc,5785.05,Greenpoint Ave & Manhattan Ave,197667,98395,99272,197667,40.73026,-73.95394,2020,2025,3,12,1,12,72,lifetime_aggregate,61,30.859981686371523,1
nyc,5785.1,Kent St & McGuinness Blvd,9613,2759,6854,9613,40.73124,-73.95161,2023,2025,2,11,1,12,36,lifetime_aggregate,84,873.8167065432227,1
nyc,5785.10,Kent St & McGuinness Blvd,38225,21028,17197,38225,40.73124,-73.95161,2020,2025,3,12,1,12,72,lifetime_aggregate,84,219.75147155003273,1
nyc,5788.12,E 12 St & 3 Ave,244503,122802,121701,244503,40.73223280305655,-73.98889970157536,2020,2025,3,12,1,12,72,lifetime_aggregate,37,15.132738657603383,1
nyc,5788.13,Lafayette St & E 8 St,568447,282643,285804,568447,40.73020672731982,-73.99102619058743,2020,2025,3,12,1,12,72,lifetime_aggregate,34,5.981208450392033,1
nyc,5788.14,E 12 St & 4 Av,1260,636,624,1260,40.73269,-73.98974,2020,2020,1,1,1,1,1,lifetime_aggregate,68,5396.825396825397,1
nyc,5788.15,4 Ave & E 12 St,368019,182587,185432,368019,40.732647,-73.99011,2020,2025,3,12,1,12,72,lifetime_aggregate,72,19.56420728277616,1
nyc,5788.16,E 11 St & 3 Ave,205347,102429,102918,205347,40.731270060943764,-73.98849012569225,2023,2025,2,12,1,12,36,lifetime_aggregate,61,29.705815035038253,1
nyc,5794.03,India St & West St,30118,14998,15120,30118,40.73181400077097,-73.95995000934786,2020,2020,1,12,1,12,12,lifetime_aggregate,13,43.16355667707019,1
nyc,5794.05,India St Pier,118799,59056,59743,118799,40.73173478598812,-73.96123901025429,2023,2025,2,12,1,12,36,lifetime_aggregate,3,2.52527378176584,1
nyc,5797.01,MacDougal St & Washington Sq,225605,111974,113631,225605,40.73226397945332,-73.99852203380416,2020,2025,3,12,1,12,72,lifetime_aggregate,23,10.194809512200528,1
nyc,5805.05,Barrow St & Hudson St,288013,143855,144158,288013,40.73172418905575,-74.00674424307167,2020,2025,3,12,1,12,72,lifetime_aggregate,30,10.416196491130608,1
nyc,5805.07,7 Ave S & Bleecker St,268758,134075,134683,268758,40.73213896292466,-74.00363802905866,2023,2025,2,12,1,12,36,lifetime_aggregate,68,25.30157241830941,1
nyc,5806.01,53 Ave & 62 St,4872,2417,2455,4872,40.73169,-73.90159,2023,2025,2,12,12,12,25,lifetime_aggregate,6,123.15270935960591,1
nyc,5820.08,E 13 St & 2 Ave,290814,145245,145569,290814,40.731539374393456,-73.98530244797684,2023,2025,2,12,1,12,36,lifetime_aggregate,86,29.57216640189262,1
nyc,5820.08_Pillar,Pillar E 13 St & 2 Ave,4,1,3,4,40.73139,-73.98501,2023,2023,1,1,10,10,1,lifetime_aggregate,62,1550000.0,1
nyc,5826.02,India St & Manhattan Ave,196009,97207,98802,196009,40.7323219500897,-73.9550858548244,2020,2025,3,12,1,12,72,lifetime_aggregate,43,21.937768163706767,1
nyc,5829.12,E 11 St & Broadway,3092,1497,1595,3092,40.73261787,-73.99158043,2023,2025,2,4,12,3,16,lifetime_aggregate,39,1261.3195342820181,1
nyc,5838.09,Washington Pl & 6 Ave,284634,142193,142441,284634,40.73224112852696,-74.00026395185415,2020,2025,3,12,1,12,72,lifetime_aggregate,83,29.160254923867143,1
nyc,5845.02,Woodhaven Blvd & Hoffman Dr,11765,5791,5974,11765,40.73303,-73.871,2023,2025,2,12,12,12,25,lifetime_aggregate,213,1810.4547386315344,1
nyc,5847.01,Christopher St & Greenwich St,511622,253684,257938,511622,40.73291567491189,-74.00711388487258,2020,2025,3,12,1,12,72,lifetime_aggregate,46,8.991012896239802,1
nyc,5847.06,W 10 St & Washington St,95841,48016,47825,95841,40.733423993674,-74.00851495696293,2020,2025,3,12,12,6,55,lifetime_aggregate,25,26.084869732160556,1
nyc,5847.08,Washington St & Barrow St,127473,62155,65318,127473,40.731911308870814,-74.00876909072572,2020,2025,3,12,12,12,61,lifetime_aggregate,20,15.689597012700728,1
nyc,5847.09,Washington St & W 10 St,44331,22476,21855,44331,40.7333,-74.00858,2025,2025,1,6,7,12,6,lifetime_aggregate,17,38.3478829712842,1
nyc,5851.01,Greenpoint Ave & Monitor St,13084,6575,6509,13084,40.732127228212036,-73.94363718038042,2023,2025,2,12,4,12,33,lifetime_aggregate,57,435.6465912564965,1
nyc,5854.09,1 Ave & E 18 St,398587,200422,198165,398587,40.73381212944896,-73.98054414125917,2020,2025,3,12,1,12,72,lifetime_aggregate,41,10.286336483628418,1
nyc,5854.1,Stuyvesant Walk & 1 Av Loop,2217,2001,216,2217,40.732339777343874,-73.97898383452917,2023,2023,1,10,1,10,10,lifetime_aggregate,0,0.0,1
nyc,5854.1,Stuyvesant Walk & 1 Ave Loop,529,154,375,529,40.732339777151054,-73.97898383438587,2023,2025,2,7,10,10,25,lifetime_aggregate,0,0.0,1
nyc,5854.10,Stuyvesant Walk & 1 Av Loop,14603,6387,8216,14603,40.73233989688774,-73.9789839233703,2020,2023,2,12,1,10,46,lifetime_aggregate,0,0.0,1
nyc,5854.10,Stuyvesant Walk & 1 Ave Loop,10740,5469,5271,10740,40.732339777151054,-73.97898383438587,2023,2025,2,12,10,12,27,lifetime_aggregate,0,0.0,1
nyc,5860.02,Green St & McGuinness Blvd,37448,18634,18814,37448,40.73396,-73.95204,2020,2025,3,12,1,12,72,lifetime_aggregate,67,178.91476180303354,1
nyc,5863.07,E 15 St & 3 Ave,364093,182359,181734,364093,40.734232,-73.986923,2020,2025,3,12,1,12,72,lifetime_aggregate,43,11.810169379801314,1
nyc,5869.04,Huron St & Franklin St,202217,100769,101448,202217,40.73266,-73.95826,2020,2025,3,12,1,12,72,lifetime_aggregate,32,15.824584481027808,1
nyc,5872.08,E 10 St & 5 Ave,117462,58400,59062,117462,40.733319822496206,-73.99510116392761,2020,2025,2,12,1,12,72,lifetime_aggregate,46,39.16160119868553,1
nyc,5872.1,E 9 St & 5 Ave,40978,22940,18038,40978,40.73275887045856,-73.99581670762844,2023,2025,2,11,1,9,33,lifetime_aggregate,57,139.0990287471326,1
nyc,5872.10,E 9 St & 5 Ave,144110,69429,74681,144110,40.73275887053038,-73.99581670779054,2023,2025,2,12,1,12,36,lifetime_aggregate,57,39.5531191450975,1
nyc,5878.02,60 Ave & Junction Blvd,7353,3640,3713,7353,40.73466,-73.86501,2023,2025,2,12,12,12,25,lifetime_aggregate,59,802.3935808513531,1
nyc,5880.02,W 4 St & 7 Ave S,432327,215603,216724,432327,40.73401129082248,-74.00293883661702,2020,2025,3,12,1,12,72,lifetime_aggregate,72,16.654060468117883,1
nyc,5881.01,Tyler Ave & Maurice Ave,7759,3844,3915,7759,40.73394,-73.90128,2023,2025,2,12,1,12,36,lifetime_aggregate,11,141.77084675860291,1
nyc,5883.06,Van Dam St & Greenpoint Ave,10950,5475,5475,10950,40.73443564112441,-73.93790781520089,2023,2025,2,12,1,3,27,lifetime_aggregate,108,986.3013698630136,1
nyc,5883.08,Review Ave & Greenpoint Ave,1103,542,561,1103,40.73424679613554,-73.93776814411713,2025,2025,1,3,10,12,3,lifetime_aggregate,97,8794.197642792384,1
nyc,5886.02,E 20 St & FDR Drive,75480,37829,37651,75480,40.73314297414242,-73.97573897893075,2020,2020,1,12,1,12,12,lifetime_aggregate,14,18.54795972443031,1
nyc,5886.13,E 20 St & FDR Dr,260540,130959,129581,260540,40.73320862662525,-73.9756813645996,2023,2025,2,12,1,12,36,lifetime_aggregate,14,5.373455131649651,1
nyc,5887.03,Queens Blvd & 56 Ave,15258,7525,7733,15258,40.73481,-73.87431,2023,2025,2,12,9,12,28,lifetime_aggregate,147,963.4290208415257,1
nyc,5896.01,E 17 St & 2 Ave,175051,87449,87602,175051,40.73431166292774,-73.98372530922335,2023,2025,2,12,1,12,36,lifetime_aggregate,48,27.420580288030344,1
nyc,5902.07,Eagle St & Manhattan Ave,109483,54150,55333,109483,40.73554105074722,-73.95459418457848,2023,2025,2,12,3,12,34,lifetime_aggregate,13,11.873989569156855,1
nyc,5905.12,Broadway & E 14 St,600154,301153,299001,600154,40.73454577197641,-73.99074128308888,2020,2025,3,12,1,12,72,lifetime_aggregate,77,12.830040289658987,1
nyc,5905.14,University Pl & E 14 St,621951,308151,313800,621951,40.734814,-73.992085,2020,2025,3,12,1,12,72,lifetime_aggregate,53,8.521571635064499,1
nyc,5914.03,W 11 St & 6 Ave,272169,136089,136080,272169,40.73532418198277,-73.99800412806195,2020,2025,3,12,1,12,72,lifetime_aggregate,69,25.35189532973998,1
nyc,5914.08,Greenwich Ave & Charles St,268652,133552,135100,268652,40.735238,-74.000271,2020,2025,3,12,1,12,72,lifetime_aggregate,29,10.79463395024046,1
nyc,5917.02,Bradley Ave & Greenpoint Ave,16431,8223,8208,16431,40.735659148163634,-73.93478840581673,2023,2025,2,12,1,12,36,lifetime_aggregate,26,158.23747793804395,1
nyc,5920.03,94 St & 57 Ave,7786,3809,3977,7786,40.73628,-73.86752,2023,2025,2,12,9,12,28,lifetime_aggregate,25,321.08913434369384,1
nyc,5922.04,Greenwich St & Perry St,189124,94699,94425,189124,40.73498,-74.00697,2023,2025,2,12,1,12,36,lifetime_aggregate,49,25.90892747615321,1
nyc,5922.07,Perry St & Bleecker St,297364,147775,149589,297364,40.735353979979855,-74.00483093262004,2020,2025,3,12,1,12,72,lifetime_aggregate,30,10.088645565703986,1
nyc,5922.08,Bank St & Hudson St,203292,101414,101878,203292,40.736528919184366,-74.00618017558025,2020,2025,3,12,1,12,72,lifetime_aggregate,34,16.724711252779255,1
nyc,5923.02,51 Ave & 61 St,8448,4183,4265,8448,40.73568,-73.90387,2023,2025,2,12,1,12,36,lifetime_aggregate,7,82.85984848484848,1
nyc,5929.01,E 23 St & 1 Ave,345485,172472,173013,345485,40.736502,-73.97809480521144,2020,2025,3,12,1,12,72,lifetime_aggregate,92,26.629231370392347,1
nyc,5929.07,E 23 St & FDR Dr,41379,21155,20224,41379,40.736,-73.97605,2025,2025,1,10,3,12,10,lifetime_aggregate,77,186.0847289688006,1
nyc,5930.02,Queens Blvd & Broadway,12647,6228,6419,12647,40.73672,-73.87728,2023,2025,2,11,9,12,28,lifetime_aggregate,105,830.2364197042778,1
nyc,5938.01,E 19 St & 3 Ave,240032,120107,119925,240032,40.73624531503073,-73.98473785353883,2020,2025,3,12,1,12,72,lifetime_aggregate,86,35.82855619250766,1
nyc,5938.11,E 16 St & Irving Pl,260396,130093,130303,260396,40.735367037417504,-73.98797394661264,2020,2025,3,12,1,12,72,lifetime_aggregate,38,14.59315811302785,1
nyc,5944.01,Franklin St & Dupont St,266779,133177,133602,266779,40.73564,-73.95866,2020,2025,3,12,1,12,72,lifetime_aggregate,21,7.871684053092635,1
nyc,5945.01,60 Ave & Otis Ave,3419,1667,1752,3419,40.73715,-73.85614,2023,2025,2,12,10,12,27,lifetime_aggregate,108,3158.8183679438434,1
nyc,5947.04,W 13 St & 5 Ave,339575,170069,169506,339575,40.735445,-73.99431,2020,2025,3,12,1,12,72,lifetime_aggregate,94,27.68166089965398,1
nyc,5947.06,E 15 St & 5 Ave,74941,37456,37485,74941,40.736592,-73.992949,2025,2025,1,12,1,12,12,lifetime_aggregate,103,137.4414539437691,1
nyc,5953.03,97 St & 57 Ave,5428,2679,2749,5428,40.73727,-73.86415,2023,2025,2,12,9,12,28,lifetime_aggregate,48,884.3036109064112,1
nyc,5955.12,Perry St & Greenwich Ave,226105,112780,113325,226105,40.735918,-74.000939,2020,2025,3,12,1,12,72,lifetime_aggregate,52,22.99816456955839,1
nyc,5956.04,64 St & 51 Ave,7874,3808,4066,7874,40.73577,-73.90184,2023,2025,2,12,1,12,36,lifetime_aggregate,10,127.00025400050801,1
nyc,5956.05,50 Ave & 65 St,11459,5680,5779,11459,40.73707,-73.90077,2023,2025,2,12,3,12,34,lifetime_aggregate,13,113.44794484684527,1
nyc,5962.04,56 Ave & 92 St,7157,3477,3680,7157,40.73649,-73.86995,2023,2025,2,12,10,12,27,lifetime_aggregate,12,167.6680173256951,1
nyc,5964.01,Bank St & Washington St,218231,108884,109347,218231,40.736196790350654,-74.00859204736541,2020,2025,3,12,1,12,72,lifetime_aggregate,30,13.746901219350137,1
nyc,5971.08,E 20 St & 2 Ave,285134,143556,141578,285134,40.73587684195811,-73.98205018720542,2020,2025,3,12,1,12,72,lifetime_aggregate,75,26.303422250590952,1
nyc,5971.09,E 22 St & 2 Ave,226616,113369,113247,226616,40.73716919362221,-73.98122549037605,2023,2025,2,12,1,12,36,lifetime_aggregate,137,60.45468987185371,1
nyc,5977.01,McGuinness Blvd & Eagle St,119416,59725,59691,119416,40.73555,-73.95284,2020,2025,3,12,1,12,72,lifetime_aggregate,16,13.398539559188047,1
nyc,5980.07,E 17 St & Broadway,382499,188566,193933,382499,40.737049910575124,-73.9900929719493,2020,2023,2,12,1,12,48,lifetime_aggregate,32,8.366034943882205,1
nyc,5980.1,E 17 St & Broadway,41314,1668,39646,41314,40.737006,-73.990134,2025,2025,1,10,1,12,12,lifetime_aggregate,32,77.45558406351358,1
nyc,5980.10,E 17 St & Broadway,209825,123593,86232,209825,40.737006,-73.990134,2025,2025,1,12,1,12,12,lifetime_aggregate,32,15.250804241629929,1
nyc,5980.11,Broadway & E 19 St,159725,79563,80162,159725,40.73829,-73.99006,2025,2025,1,12,1,12,12,lifetime_aggregate,32,20.034434183753326,1
nyc,5983.04,43 St & 50 Ave,31028,15611,15417,31028,40.737872379342384,-73.92264068140368,2023,2025,2,12,1,12,36,lifetime_aggregate,24,77.34949078251901,1
nyc,5987.03,99 St & 58 Ave,4161,1987,2174,4161,40.73761,-73.85959,2023,2025,2,12,10,12,27,lifetime_aggregate,41,985.3400624849795,1
nyc,5989.02,W 15 St & 6 Ave,423924,212153,211771,423924,40.738046096390484,-73.99642971717736,2020,2025,3,12,1,12,72,lifetime_aggregate,90,21.23022051122371,1
nyc,5992.02,36 St & Hunters Point Ave,8589,4355,4234,8589,40.73781699881223,-73.93024072058016,2023,2025,2,12,1,12,36,lifetime_aggregate,199,2316.916986843637,1
nyc,5995.07,56 Ave & Junction Blvd,2727,1305,1422,2727,40.73716,-73.86625,2023,2025,2,12,9,12,28,lifetime_aggregate,66,2420.24202420242,1
nyc,5997.1,W 12 St & Hudson St,57591,22067,35524,57591,40.7375299331152,-74.00558933563251,2023,2025,2,12,1,12,36,lifetime_aggregate,34,59.03700230938862,1
nyc,5997.10,W 12 St & Hudson St,151244,82331,68913,151244,40.737529933091146,-74.00558933575324,2023,2025,2,12,1,12,36,lifetime_aggregate,34,22.48023062071884,1
nyc,5998.09,61 St & Laurel Hill Blvd,8138,4046,4092,8138,40.7388,-73.90338,2023,2025,2,12,1,12,36,lifetime_aggregate,65,798.7220447284345,1
nyc,6001.01,Borden Ave & Review Ave,12248,6118,6130,12248,40.73866345440333,-73.94093804059182,2023,2025,2,12,1,12,36,lifetime_aggregate,48,391.90071848465055,1
nyc,6004.06,E 27 St & 1 Ave,338621,169126,169495,338621,40.739445,-73.976806,2020,2025,3,12,1,12,72,lifetime_aggregate,94,27.759648692786328,1
nyc,6004.07,E 25 St & 1 Ave,215413,107811,107602,215413,40.738176657214964,-73.9773867381156,2020,2025,3,12,1,12,72,lifetime_aggregate,62,28.7819212396652,1
nyc,6005.04,55 Ave & 90 St,6003,2973,3030,6003,40.73676,-73.87318,2023,2025,2,12,9,12,28,lifetime_aggregate,56,932.8668998833916,1
nyc,6013.12,Gramercy Park N & Gramercy Park E,220291,110001,110290,220291,40.73795,-73.98509,2023,2025,2,12,1,12,36,lifetime_aggregate,69,31.32220562801022,1
nyc,6014.01,St James Ave & 51 Ave,4790,2353,2437,4790,40.73813,-73.88104,2023,2025,2,12,9,12,28,lifetime_aggregate,18,375.78288100208766,1
nyc,6016.06,48 St & 50 Ave,20772,10676,10096,20772,40.73737,-73.91803,2023,2025,2,12,1,12,36,lifetime_aggregate,31,149.23936067783555,1
nyc,6019.04,Ash St & Manhattan Ave,85931,42857,43074,85931,40.73823512609467,-73.95452166370299,2023,2025,2,12,3,12,34,lifetime_aggregate,6,6.982346301102047,1
nyc,6020.02,Waldron St & 108 St,2900,1428,1472,2900,40.73916,-73.8526,2023,2025,2,12,10,12,27,lifetime_aggregate,39,1344.8275862068965,1
nyc,6022.04,E 16 St & 5 Ave,360637,179651,180986,360637,40.73726189949058,-73.9923897712995,2020,2025,3,12,1,12,72,lifetime_aggregate,82,22.737544955176535,1
nyc,6022.04_Pillar,Pillar E 16 St & 5 Ave,58,29,29,58,40.73726,-73.99239,2023,2023,1,1,11,11,1,lifetime_aggregate,82,141379.3103448276,1
nyc,6025.08,39 St & 50 Ave,25370,12783,12587,25370,40.73824937340385,-73.92737478021078,2023,2025,2,12,1,12,36,lifetime_aggregate,21,82.77493102089082,1
nyc,6028.01,57 Ave & 98 Pl,4644,2186,2458,4644,40.73802,-73.86103,2023,2025,2,12,12,12,25,lifetime_aggregate,32,689.0611541774332,1
nyc,6030.04,W 13 St & 7 Ave,344989,172233,172756,344989,40.737815060653425,-73.99994673140907,2020,2025,3,12,1,12,72,lifetime_aggregate,79,22.89928084663569,1
nyc,6030.06,W 15 St & 7 Ave,325371,162496,162875,325371,40.73935528331947,-73.99931787911018,2020,2025,3,12,1,12,72,lifetime_aggregate,83,25.509341643846565,1
nyc,6033.01,31 Pl & Hunters Point Ave,9701,4822,4879,9701,40.740213568904686,-73.93537044519421,2023,2025,2,12,1,12,36,lifetime_aggregate,87,896.8147613648077,1
nyc,6037.02,53 Ave & 94 St,4628,2287,2341,4628,40.73921,-73.86887,2023,2025,2,12,9,12,28,lifetime_aggregate,18,388.93690579083835,1
nyc,6039.06,Washington St & Gansevoort St,419015,208457,210558,419015,40.739323,-74.008119,2020,2025,3,12,1,12,72,lifetime_aggregate,17,4.057133992816486,1
nyc,6046.02,E 25 St & 2 Ave,329843,165671,164172,329843,40.73912600694269,-73.9797378273869,2020,2025,3,12,1,12,72,lifetime_aggregate,91,27.588883195944735,1
nyc,6047.03,51 Ave & Van Loon St,4213,2035,2178,4213,40.73832,-73.87913,2023,2025,2,12,11,12,26,lifetime_aggregate,14,332.3047709470686,1
nyc,6053.01,Corona Ave & 111 St,4608,2251,2357,4608,40.7408,-73.84978,2023,2025,2,12,10,12,27,lifetime_aggregate,13,282.11805555555554,1
nyc,6055.08,E 20 St & Park Ave,295270,147218,148052,295270,40.73827418938247,-73.98751977640225,2020,2025,3,12,1,12,72,lifetime_aggregate,76,25.739153994648962,1
nyc,6056.02,Queens Blvd & Albion Ave,5703,2829,2874,5703,40.73856,-73.88553,2023,2025,2,12,9,12,28,lifetime_aggregate,54,946.8700683850604,1
nyc,6058.08,44 St & 48 Ave,31784,17196,14588,31784,40.73941387503136,-73.92131969344285,2023,2025,2,12,1,12,36,lifetime_aggregate,30,94.38711301283665,1
nyc,6062.03,103 St & Martense Ave,4800,2368,2432,4800,40.74046,-73.8565,2023,2025,2,11,10,12,27,lifetime_aggregate,15,312.5,1
nyc,6064.08,W 18 St & 6 Ave,343734,171348,172386,343734,40.73971300703987,-73.99456403519932,2020,2025,3,12,1,12,72,lifetime_aggregate,93,27.055804779276997,1
nyc,6067.01,48 Ave & 37 St,13866,6980,6886,13866,40.74034668095879,-73.92886072404751,2023,2025,2,12,1,12,36,lifetime_aggregate,28,201.93278523005912,1
nyc,6070.05,55 Ave & 97 Pl,2122,1039,1083,2122,40.73892,-73.86367,2023,2025,2,12,9,12,28,lifetime_aggregate,20,942.507068803016,1
nyc,6072.06,Greenwich Ave & 8 Ave,491957,244607,247350,491957,40.73901640393884,-74.0026374229878,2020,2025,3,12,1,12,72,lifetime_aggregate,62,12.602727474149164,1
nyc,6072.11,8 Ave & W 16 St,386577,193612,192965,386577,40.740983,-74.001702,2020,2025,3,12,10,12,63,lifetime_aggregate,66,17.072924669600106,1
nyc,6072.14,Gansevoort St & Hudson St,114001,56386,57615,114001,40.739448071146235,-74.00507011617579,2020,2023,2,12,1,6,42,lifetime_aggregate,29,25.438373347602212,1
nyc,6072.16,Gansevoort St & Hudson St,117147,57912,59235,117147,40.73937601333489,-74.00520806382875,2023,2025,2,9,6,12,31,lifetime_aggregate,32,27.316107113285018,1
nyc,6076.01,48 Ave & 30 Pl,6613,3295,3318,6613,40.741283003621845,-73.93725896813291,2020,2020,1,12,1,12,12,lifetime_aggregate,28,423.40843792529864,1
nyc,6076.02,30 St & 48 Ave,14349,7118,7231,14349,40.7413272,-73.937999,2023,2025,2,12,1,12,36,lifetime_aggregate,31,216.04292982089342,1
nyc,6079.03,1 Ave & E 30 St,287260,143121,144139,287260,40.74144390890013,-73.97536087529221,2020,2025,3,12,1,12,72,lifetime_aggregate,77,26.804985030982387,1
nyc,6080.07,90 St & 51 Ave,6924,3437,3487,6924,40.73937,-73.87411,2023,2025,2,12,9,12,28,lifetime_aggregate,16,231.0803004043905,1
nyc,6086.02,Borden Ave & 25 St,3055,1463,1592,3055,40.7396139,-73.945151,2025,2025,1,12,1,12,12,lifetime_aggregate,22,720.1309328968904,1
nyc,6089.07,Lexington Ave & E 24 St,262660,131682,130978,262660,40.740258787326916,-73.98409213449987,2020,2025,3,12,12,12,61,lifetime_aggregate,27,10.279448716972512,1
nyc,6089.08,Lexington Ave & E 26 St,240464,121918,118546,240464,40.741459,-73.983293,2020,2025,3,12,1,12,72,lifetime_aggregate,46,19.12968261361368,1
nyc,6089.11,E 26 St & 3 Ave,210237,105325,104912,210237,40.74069317727362,-73.98160636413348,2023,2025,2,12,1,12,36,lifetime_aggregate,73,34.72271769479207,1
nyc,6090.03,South Railroad Ave & Broadway,15155,7522,7633,15155,40.741,-73.88027,2023,2025,2,12,9,12,28,lifetime_aggregate,61,402.5074232926427,1
nyc,6092.01,47 Ave & 48 St,15558,8006,7552,15558,40.74086,-73.91708,2023,2025,2,12,1,12,36,lifetime_aggregate,37,237.81977117881473,1
nyc,6096.01,Van Cleef St & 108 St,3050,1480,1570,3050,40.74096,-73.85357,2023,2025,2,12,10,12,27,lifetime_aggregate,26,852.4590163934427,1
nyc,6098.02,W 20 St & 5 Ave,214659,106998,107661,214659,40.73972989251104,-73.99103969370836,2023,2025,2,12,2,12,35,lifetime_aggregate,66,30.746439702039048,1
nyc,6098.07,Broadway & E 22 St,159293,78422,80871,159293,40.74034300512802,-73.9895510023076,2020,2020,1,12,1,12,12,lifetime_aggregate,74,46.455274243061524,1
nyc,6098.1,Broadway & E 21 St,73845,41923,31922,73845,40.73988840804775,-73.98958593615433,2023,2025,2,12,1,11,35,lifetime_aggregate,70,94.7931478096012,1
nyc,6098.10,Broadway & E 21 St,316860,153385,163475,316860,40.73988840820552,-73.98958593612964,2023,2025,2,12,1,12,36,lifetime_aggregate,70,22.091775547560434,1
nyc,6098.12,Broadway & E 19 St,116309,57893,58416,116309,40.73866091438797,-73.98987293251484,2023,2023,1,12,1,12,12,lifetime_aggregate,32,27.512918174861788,1
nyc,6099.02,76 St & 45 Ave,8575,4263,4312,8575,40.7411,-73.88837,2023,2025,2,12,9,12,28,lifetime_aggregate,19,221.57434402332362,1
nyc,6101.11,48 Ave & 41 St,33503,17055,16448,33503,40.73985995699307,-73.92400324343824,2023,2025,2,12,1,12,36,lifetime_aggregate,25,74.6201832671701,1
nyc,6104.01,55 Ave & Center Blvd,56436,28176,28260,56436,40.740288,-73.960697,2023,2025,2,12,12,12,25,lifetime_aggregate,4,7.0876745339854,1
nyc,6105.02,100 St & Lewis Ave,2529,1239,1290,2529,40.73988000000001,-73.86011999999998,2023,2025,2,11,10,12,27,lifetime_aggregate,36,1423.4875444839856,1
nyc,6107.08,W 17 St & 7 Ave,167034,83206,83828,167034,40.740564236219605,-73.9985257388487,2023,2025,2,12,1,12,36,lifetime_aggregate,64,38.315552522240985,1
nyc,6108.03,69 St & 43 Ave,12276,6134,6142,12276,40.74179,-73.89564,2023,2025,2,12,1,12,36,lifetime_aggregate,44,358.42293906810033,1
nyc,6110.01,34 St & 48 Ave,9536,4958,4578,9536,40.7408212078007,-73.9314718544641,2023,2025,2,12,1,12,36,lifetime_aggregate,21,220.21812080536913,1
nyc,6113.07,51 Ave & Junction Blvd,3876,1915,1961,3876,40.74087,-73.86772,2023,2025,2,12,9,12,28,lifetime_aggregate,30,773.9938080495356,1
nyc,6115.06,Hudson St & W 13 St,246862,123088,123774,246862,40.74005708217918,-74.00527416939609,2020,2025,3,12,12,12,61,lifetime_aggregate,46,18.633892620168353,1
nyc,6115.09,W 15 St & 10 Ave,231671,114439,117232,231671,40.74275387585936,-74.00747371264299,2020,2025,3,12,1,12,72,lifetime_aggregate,59,25.46714953533243,1
nyc,6116.03,61 St & Queens Blvd,25853,12909,12944,25853,40.74091,-73.90273,2023,2025,2,12,1,12,36,lifetime_aggregate,59,228.21336015162652,1
nyc,6119.01,49 Ave & 27 St,5297,2606,2691,5297,40.74113,-73.942518,2023,2025,2,12,12,12,25,lifetime_aggregate,10,188.78610534264678,1
nyc,6122.09,2 Ave & E 29 St,322031,161248,160783,322031,40.74172351115615,-73.97809267056294,2023,2025,2,12,1,12,36,lifetime_aggregate,91,28.258149060183644,1
nyc,6123.02,Corona Ave & 90 St,3240,1591,1649,3240,40.74154,-73.87484,2023,2025,2,12,9,9,25,lifetime_aggregate,33,1018.5185185185186,1
nyc,6128.04,49 Ave & 21 St,53513,26760,26753,53513,40.74252,-73.948852,2020,2025,3,12,1,12,72,lifetime_aggregate,26,48.58632481826846,1
nyc,6131.1,E 24 St & Park Ave S,169034,84451,84583,169034,40.740963820093874,-73.98602208822389,2020,2025,2,12,1,12,72,lifetime_aggregate,91,53.835323071098124,1
nyc,6131.12,Madison Ave & E 26 St,249699,124852,124847,249699,40.74268477246081,-73.9867132421868,2020,2025,3,12,8,12,65,lifetime_aggregate,47,18.8226624856327,1
nyc,6131.13,E 27 St & Park Ave S,212943,107119,105824,212943,40.74275179659927,-73.98471571520376,2023,2025,2,12,1,12,36,lifetime_aggregate,74,34.75108362331704,1
nyc,6132.01,82 St & Broadway,14566,7281,7285,14566,40.74281,-73.88296,2025,2025,1,10,1,10,10,lifetime_aggregate,54,370.7263490319923,1
nyc,6134.03,Greenpoint Ave & 47 St,33279,17372,15907,33279,40.7424,-73.91808,2023,2025,2,12,1,12,36,lifetime_aggregate,78,234.38204272964933,1
nyc,6134.13,44 St & Greenpoint Ave,27050,13924,13126,27050,40.741119944690624,-73.92103672032219,2023,2025,2,12,1,12,36,lifetime_aggregate,46,170.0554528650647,1
nyc,6137.04,5 St & 51 Ave,54697,27295,27402,54697,40.74237378533667,-73.9566,2020,2025,3,12,1,12,72,lifetime_aggregate,20,36.56507669524837,1
nyc,6138.02,Martense Ave & 108 St,3923,1894,2029,3923,40.74214,-73.85418,2023,2025,2,12,10,12,27,lifetime_aggregate,45,1147.081315319908,1
nyc,6138.07,108 St & 52 Ave,4680,2234,2446,4680,40.74310053056842,-73.85466891367044,2025,2025,1,12,1,12,12,lifetime_aggregate,46,982.9059829059829,1
nyc,6140.05,W 21 St & 6 Ave,813871,406062,407809,813871,40.74173978547424,-73.99415569777638,2020,2025,3,12,1,12,72,lifetime_aggregate,138,16.95600408418533,1
nyc,6141.02,72 St & Woodside Ave,11360,5742,5618,11360,40.74288,-73.89283,2023,2025,2,12,1,12,36,lifetime_aggregate,16,140.84507042253523,1
nyc,6143.01,36 St & 47 Ave,10029,5100,4929,10029,40.742218349683206,-73.92935156856473,2023,2025,2,12,1,12,36,lifetime_aggregate,30,299.1325157044571,1
nyc,6143.05,39 St & 47 Ave,23286,11643,11643,23286,40.742156368217316,-73.92662644379065,2023,2025,2,12,1,12,36,lifetime_aggregate,36,154.5993300695697,1
nyc,6146.01,99 St & 50 Ave,2249,1094,1155,2249,40.74278,-73.86226,2023,2025,2,12,9,12,28,lifetime_aggregate,15,666.9630947087594,1
nyc,6148.02,W 17 St & 8 Ave,262826,131575,131251,262826,40.74177602083742,-74.00149731950717,2020,2025,3,12,1,12,72,lifetime_aggregate,86,32.721268063281414,1
nyc,6149.02,65 Pl & Woodside Ave,10919,5480,5439,10919,40.74334,-73.89903,2023,2025,2,12,1,12,36,lifetime_aggregate,43,393.8089568641817,1
nyc,6151.03,47 Ave & 31 St,41286,20637,20649,41286,40.743,-73.93561,2020,2025,3,12,1,12,72,lifetime_aggregate,57,138.0613282953059,1
nyc,6155.03,Corona Ave & 92 St,5762,2852,2910,5762,40.742399999999996,-73.87251,2023,2025,2,12,11,12,26,lifetime_aggregate,38,659.4932315168344,1
nyc,6157.04,10 Ave & W 14 St,314983,157142,157841,314983,40.74198160244705,-74.00831580286355,2023,2025,2,12,1,12,36,lifetime_aggregate,78,24.763241190794425,1
nyc,6158.02,Queens Blvd & 56 St,12348,6260,6088,12348,40.74193,-73.90913,2023,2025,2,12,1,12,36,lifetime_aggregate,9,72.8862973760933,1
nyc,6158.06,57 St & 43 Ave,13419,6766,6653,13419,40.74324,-73.908,2023,2025,2,12,1,12,36,lifetime_aggregate,27,201.2072434607646,1
nyc,6164.09,Lexington Ave & E 29 St,244452,123141,121311,244452,40.743115692255614,-73.9821536794927,2020,2025,3,12,1,12,72,lifetime_aggregate,47,19.226678448120694,1
nyc,6165.06,Whitney Ave & Ketcham Pl,5586,2766,2820,5586,40.74248999999999,-73.87809,2023,2025,2,11,11,12,26,lifetime_aggregate,22,393.8417472252059,1
nyc,6167.03,51 St & Queens Blvd,9793,5175,4618,9793,40.7429,-73.91395,2023,2025,2,12,1,12,36,lifetime_aggregate,44,449.3005207801491,1
nyc,6170.02,Vernon Blvd & 50 Ave,204638,102201,102437,204638,40.742327297689926,-73.95411733151833,2020,2025,3,12,1,12,72,lifetime_aggregate,74,36.161416745667964,1
nyc,6170.09,Jackson Ave & 49 Ave,93487,46631,46856,93487,40.7429302,-73.952037,2025,2025,1,12,1,12,12,lifetime_aggregate,99,105.89707659888542,1
nyc,6171.02,111 St & 53 Ave,6041,2955,3086,6041,40.74336,-73.85129,2023,2025,2,12,10,12,27,lifetime_aggregate,16,264.8568117861281,1
nyc,6173.08,Broadway & W 25 St,589045,294093,294952,589045,40.7428688402084,-73.98918619368433,2020,2025,3,12,1,12,72,lifetime_aggregate,34,5.772054766613756,1
nyc,6174.03,79 St & Woodside Ave,8725,4342,4383,8725,40.74363999999999,-73.88622,2023,2025,2,12,11,12,26,lifetime_aggregate,50,573.0659025787966,1
nyc,6176.11,40 St & Queens Blvd,61838,31946,29892,61838,40.743540273385314,-73.9243519306293,2023,2025,2,12,1,12,36,lifetime_aggregate,47,76.00504544131441,1
nyc,6179.07,Center Blvd & 51 Ave,144683,72269,72414,144683,40.74336605458375,-73.95960691322355,2020,2025,3,12,1,12,72,lifetime_aggregate,8,5.529329637898025,1
nyc,6180.05,51 Ave & Alstyne Ave,3602,1767,1835,3602,40.74311,-73.85715,2023,2025,2,12,10,12,27,lifetime_aggregate,14,388.6729594669628,1
nyc,6182.02,W 20 St & 7 Ave,381460,190626,190834,381460,40.74238790619028,-73.99726223606656,2020,2025,3,12,1,12,72,lifetime_aggregate,78,20.447753368636292,1
nyc,6183.03,Woodside Ave & 69 St,9508,4784,4724,9508,40.7428,-73.89584,2023,2025,2,12,1,12,36,lifetime_aggregate,90,946.5713083718973,1
nyc,6185.04,33 St & 47 Ave,15776,7862,7914,15776,40.74283,-73.9321,2023,2025,2,12,1,12,36,lifetime_aggregate,21,133.1135902636917,1
nyc,6185.07,33 St & Queens Blvd,25914,13116,12798,25914,40.744365319089475,-73.93172398210118,2023,2025,2,12,1,12,36,lifetime_aggregate,79,304.8545187929305,1
nyc,6188.04,Corona Ave & 98 St,1961,961,1000,1961,40.74448,-73.86516,2023,2025,2,12,10,12,27,lifetime_aggregate,36,1835.7980622131565,1
nyc,6190.03,W 18 St & 9 Ave,104653,52157,52496,104653,40.743533816274315,-74.00367571620457,2020,2025,3,12,1,12,72,lifetime_aggregate,57,54.46571049086027,1
nyc,6190.08,9 Ave & W 18 St,294336,145184,149152,294336,40.74317432269945,-74.00366428318523,2020,2025,3,12,1,10,70,lifetime_aggregate,43,14.609154163948684,1
nyc,6191.04,62 St & 43 Ave,10623,5297,5326,10623,40.74261,-73.903,2023,2025,2,12,1,12,36,lifetime_aggregate,20,188.27073331450626,1
nyc,6191.06,61 St & Woodside Ave,47828,23857,23971,47828,40.74501,-73.9036,2023,2025,2,12,1,12,36,lifetime_aggregate,67,140.08530567868195,1
nyc,6194.06,29 St & Skillman Ave,8128,4049,4079,8128,40.74483099999999,-73.938411,2023,2025,2,12,12,12,25,lifetime_aggregate,94,1156.496062992126,1
nyc,6197.02,2 Ave & E 31 St,230297,114862,115435,230297,40.74290900938021,-73.97706079291233,2020,2023,2,12,1,10,46,lifetime_aggregate,78,33.86930789371985,1
nyc,6197.08,E 33 St & 1 Ave,570756,284643,286113,570756,40.74322687015899,-73.97449788732595,2020,2025,3,12,1,12,72,lifetime_aggregate,42,7.358661144166684,1
nyc,6197.11,2 Ave & E 31 St,151131,75985,75146,151131,40.74299,-73.97711,2023,2025,2,12,12,12,25,lifetime_aggregate,78,51.61085415963634,1
nyc,6198.03,Forley St & Lamont Ave,10738,5384,5354,10738,40.74463,-73.87386,2023,2025,2,12,9,12,28,lifetime_aggregate,31,288.69435649096664,1
nyc,6200.03,53 St & Roosevelt Ave,14997,8249,6748,14997,40.74462,-73.91143,2023,2025,2,12,1,12,36,lifetime_aggregate,23,153.36400613456024,1
nyc,6203.02,Jackson Ave & 46 Rd,104174,52062,52112,104174,40.74524776845041,-73.94733282332159,2020,2025,3,12,1,12,72,lifetime_aggregate,24,23.038378098181887,1
nyc,6206.08,E 30 St & Park Ave S,239738,120627,119111,239738,40.74444892681485,-73.98303527232169,2020,2025,3,12,1,12,72,lifetime_aggregate,59,24.610199467752295,1
nyc,6207.06,Judge St & Britton Ave,9880,4910,4970,9880,40.74454,-73.88112,2023,2025,2,12,9,12,28,lifetime_aggregate,24,242.91497975708504,1
nyc,6209.05,43 Ave & 47 St,29912,16222,13690,29912,40.744806287568814,-73.91728967445594,2023,2025,2,12,1,12,36,lifetime_aggregate,29,96.95105643220113,1
nyc,6209.08,46 St & Queens Blvd,51665,27091,24574,51665,40.74349759848449,-73.91860529771877,2023,2025,2,12,1,12,36,lifetime_aggregate,71,137.42378786412465,1
nyc,6212.04,48 Ave & 5 St,70475,34133,36342,70475,40.744363196485615,-73.95587317177281,2020,2025,3,12,1,12,72,lifetime_aggregate,21,29.797800638524297,1
nyc,6212.08,Vernon Blvd & 47 Rd,86505,42974,43531,86505,40.74490678484686,-73.9534572048046,2020,2025,3,12,1,12,72,lifetime_aggregate,48,55.48812207386856,1
nyc,6213.01,51 Ave & Corona Ave,445,209,236,445,40.74373,-73.85583,2023,2023,1,3,10,12,3,lifetime_aggregate,62,13932.58426966292,1
nyc,6215.04,W 25 St & 6 Ave,310514,155235,155279,310514,40.74395407454837,-73.99144879448679,2020,2025,3,12,1,12,72,lifetime_aggregate,101,32.526713771359745,1
nyc,6215.07,W 27 St & 6 Ave,229310,115250,114060,229310,40.745484270121835,-73.99059066508956,2023,2025,2,12,4,12,33,lifetime_aggregate,111,48.406087828703505,1
nyc,6216.01,74 St & Woodside Ave,7182,3563,3619,7182,40.74325,-73.89079,2023,2025,2,12,12,12,25,lifetime_aggregate,18,250.62656641604008,1
nyc,6218.04,39 St & Queens Blvd,24894,12687,12207,24894,40.74431,-73.92601,2023,2025,2,12,1,12,36,lifetime_aggregate,116,465.97573712541174,1
nyc,6222.04,Corona Ave & 102 St,4247,2111,2136,4247,40.74419,-73.8619,2023,2025,2,12,9,12,28,lifetime_aggregate,48,1130.2095596891922,1
nyc,6224.03,W 22 St & 8 Ave,366030,182231,183799,366030,40.74475132384643,-73.99915373789169,2020,2025,3,12,1,12,72,lifetime_aggregate,84,22.948938611589213,1
nyc,6224.05,W 20 St & 8 Ave,332870,165891,166979,332870,40.74345323592821,-74.00004020896499,2020,2025,3,12,1,12,72,lifetime_aggregate,65,19.527142728392466,1
nyc,6224.06,8 Ave & W 24 St,172199,86932,85267,172199,40.745910728674126,-73.9980711041609,2023,2025,2,12,1,12,36,lifetime_aggregate,70,40.65064257051434,1
nyc,6225.03,41 Ave & 67 St,8267,4175,4092,8267,40.74446,-73.89764,2023,2025,2,12,1,12,36,lifetime_aggregate,13,157.2517237208177,1
nyc,6227.02,31 St & Thomson Ave,43419,21746,21673,43419,40.74469725928065,-73.93540381968734,2020,2025,3,12,1,12,72,lifetime_aggregate,44,101.33812386282503,1
nyc,6230.02,1 Ave & E 38 St,185553,92677,92876,185553,40.746202,-73.971822,2025,2025,1,12,1,12,12,lifetime_aggregate,97,52.27616907298724,1
nyc,6230.04,FDR Drive & E 35 St,394087,198626,195461,394087,40.744219,-73.97121209472414,2020,2025,3,12,1,12,72,lifetime_aggregate,63,15.98631774202143,1
nyc,6231.01,46 Ave & Junction Blvd,5093,2532,2561,5093,40.74399,-73.86781,2023,2025,2,12,9,12,28,lifetime_aggregate,28,549.7741998821913,1
nyc,6233.04,Pier 61 at Chelsea Piers,301176,150471,150705,301176,40.746872,-74.00821,2025,2025,1,12,1,12,12,lifetime_aggregate,36,11.953143676786995,1
nyc,6233.05,W 16 St & The High Line,316207,157903,158304,316207,40.74334923663921,-74.00681767496204,2020,2025,3,12,1,12,72,lifetime_aggregate,48,15.179929603076467,1
nyc,6234.01,57 St & Woodside Ave,5943,2966,2977,5943,40.74631839241483,-73.90762027429375,2023,2023,1,10,3,12,10,lifetime_aggregate,12,201.91822311963654,1
nyc,6234.03,Woodside Ave & Roosevelt Ave,14760,7374,7386,14760,40.74549,-73.90605,2023,2025,2,12,1,12,36,lifetime_aggregate,49,331.97831978319783,1
nyc,6234.04,Woodside Ave & 60 St,19179,9649,9530,19179,40.74521,-73.90462,2023,2025,2,12,1,12,36,lifetime_aggregate,49,255.4877730851452,1
nyc,6234.08,59 St & 41 Ave,1578,777,801,1578,40.744577,-73.905986,2025,2025,1,6,1,6,6,lifetime_aggregate,28,1774.3979721166033,1
nyc,6237.01,47 Ave & Skillman Ave,11500,5720,5780,11500,40.743752279039235,-73.9417648760295,2020,2025,3,12,1,12,72,lifetime_aggregate,9,78.26086956521739,1
nyc,6239.08,E 31 St & 3 Ave,335882,169594,166288,335882,40.74394353146266,-73.9796610256577,2020,2025,3,12,1,12,72,lifetime_aggregate,71,21.138375977277736,1
nyc,6240.05,Elmhurst Ave & Forley St,8223,4112,4111,8223,40.74615000000001,-73.87763,2023,2025,2,12,10,12,27,lifetime_aggregate,26,316.1863067007175,1
nyc,6242.1,51 St & 43 Ave,5958,2764,3194,5958,40.74451,-73.91412,2023,2025,2,12,1,12,36,lifetime_aggregate,27,453.1722054380665,1
nyc,6242.10,51 St & 43 Ave,19561,11523,8038,19561,40.74451,-73.91412,2023,2025,2,12,1,12,36,lifetime_aggregate,27,138.02975308010838,1
nyc,6245.08,46 Rd & 11 St,21312,10613,10699,21312,40.745805000000004,-73.950752,2023,2025,2,12,12,12,25,lifetime_aggregate,42,197.07207207207205,1
nyc,6247.06,W 27 St & 7 Ave,241822,120981,120841,241822,40.74664701104508,-73.99391498980894,2020,2023,2,12,1,12,48,lifetime_aggregate,69,28.533384059349437,1
nyc,6247.06_Pillar,Pillar W 27 St & 7 Ave,10,5,5,10,40.74665,-73.99392,2023,2023,1,1,9,9,1,lifetime_aggregate,69,690000.0,1
nyc,6248.06,5 Ave & E 29 St,175038,88017,87021,175038,40.745167855145965,-73.98683088630273,2020,2023,2,12,1,9,45,lifetime_aggregate,52,29.70783487014248,1
nyc,6248.08,5 Ave & E 30 St,181381,90720,90661,181381,40.7459849,-73.98629487,2023,2025,2,12,9,12,28,lifetime_aggregate,70,38.59279637889305,1
nyc,6249.02,41 Ave & 80 St,8682,4346,4336,8682,40.74586,-73.88539,2023,2025,2,12,11,12,26,lifetime_aggregate,26,299.4701681640175,1
nyc,6251.06,43 Ave & 42 St,38906,19738,19168,38906,40.74534682585462,-73.92194196582719,2023,2025,2,12,1,7,31,lifetime_aggregate,27,69.39803629260268,1
nyc,6254.06,Center Blvd & 48 Ave,89780,44806,44974,89780,40.745038,-73.957539,2020,2025,3,12,1,12,72,lifetime_aggregate,8,8.91067052795723,1
nyc,6255.02,49 Ave & 108 St,2765,1344,1421,2765,40.74535,-73.8558,2023,2025,2,12,10,12,27,lifetime_aggregate,38,1374.3218806509944,1
nyc,6257.03,W 24 St & 7 Ave,481784,240732,241052,481784,40.74487622921237,-73.9952988928242,2020,2025,3,12,1,12,72,lifetime_aggregate,102,21.171313285621775,1
nyc,6257.06,W 27 St & 7 Ave,172424,86038,86386,172424,40.74665,-73.99392,2025,2025,1,12,1,12,12,lifetime_aggregate,69,40.01763095624739,1
nyc,6258.02,72 St & Broadway,22254,11079,11175,22254,40.74751,-73.89372,2023,2025,2,12,9,12,28,lifetime_aggregate,73,328.0309157904197,1
nyc,6258.03,72 St & 41 Ave,13729,7045,6684,13729,40.7448,-73.89377,2023,2025,2,12,1,12,36,lifetime_aggregate,16,116.54162721246996,1
nyc,6260.04,36 St & Queens Blvd,23205,11697,11508,23205,40.74408,-73.92901,2023,2025,2,12,1,12,36,lifetime_aggregate,76,327.5156216332687,1
nyc,6264.06,National St & 45 Ave,3338,1639,1699,3338,40.74582,-73.86433000000001,2023,2025,2,12,10,12,27,lifetime_aggregate,50,1497.9029358897544,1
nyc,6266.06,9 Ave & W 22 St,427837,212974,214863,427837,40.745497196120546,-74.00197125495671,2020,2025,3,12,1,10,70,lifetime_aggregate,35,8.180685634949759,1
nyc,6267.08,65 St & Roosevelt Ave,11657,6001,5656,11657,40.74589,-73.89915,2023,2025,2,12,1,12,36,lifetime_aggregate,68,583.3404821137515,1
nyc,6273.03,Case St & 94 St,4693,2357,2336,4693,40.74619,-73.87193,2023,2025,2,12,9,12,28,lifetime_aggregate,50,1065.4165778819518,1
nyc,6276.02,Woodside Ave & 55 St,10366,5195,5171,10366,40.74679,-73.90893,2023,2025,2,12,1,12,36,lifetime_aggregate,9,86.82230368512445,1
nyc,6276.05,Skillman Ave & 54 St,18427,9346,9081,18427,40.745502,-73.909887,2023,2025,2,12,1,12,36,lifetime_aggregate,18,97.68274814131438,1
nyc,6278.04,44 Dr & 21 St,19486,9723,9763,19486,40.748,-73.94609295627224,2020,2020,1,12,1,12,12,lifetime_aggregate,11,56.450785179102944,1
nyc,6278.05,Davis St & Jackson Ave,53657,26679,26978,53657,40.745627,-73.945661,2023,2025,2,12,12,12,25,lifetime_aggregate,61,113.68507370892894,1
nyc,6280.12,E 32 St & Park Ave,385891,194748,191143,385891,40.745712067515626,-73.98194819579533,2020,2025,3,12,1,12,72,lifetime_aggregate,42,10.883902449137192,1
nyc,6281.01,Gleane St & Britton Ave,3232,1605,1627,3232,40.74646,-73.87996,2023,2025,2,12,12,12,25,lifetime_aggregate,21,649.7524752475247,1
nyc,6283.05,48 St & Skillman Ave,32106,16303,15803,32106,40.746228747025945,-73.9161631464472,2023,2025,2,12,1,12,36,lifetime_aggregate,31,96.55516102909114,1
nyc,6286.02,46 Ave & 5 St,197378,98384,98994,197378,40.74731,-73.95451,2020,2025,3,12,1,12,72,lifetime_aggregate,8,4.053136621102656,1
nyc,6287.02,111 St & 49 Ave,7936,3931,4005,7936,40.74612,-73.85272,2023,2025,2,12,10,12,27,lifetime_aggregate,42,529.233870967742,1
nyc,6289.06,Broadway & W 29 St,408325,204652,203673,408325,40.74620092693733,-73.98855715298643,2020,2025,3,12,1,12,72,lifetime_aggregate,47,11.510438988550787,1
nyc,6290.06,41 Ave & 77 St,20554,10250,10304,20554,40.74557,-73.8882,2023,2025,2,12,9,12,28,lifetime_aggregate,47,228.66595309915346,1
nyc,6290.13,79 St & Roosevelt Ave,8309,4181,4128,8309,40.74717999999999,-73.88674999999999,2023,2025,2,12,10,12,27,lifetime_aggregate,75,902.6356962330003,1
nyc,6292.03,43 Ave & 40 St,22916,11552,11364,22916,40.74562,-73.92402,2023,2025,2,10,1,11,35,lifetime_aggregate,20,87.27526618956188,1
nyc,6295.07,47 Ave & 104 St,3216,1594,1622,3216,40.7458,-73.85945,2023,2025,2,12,9,12,28,lifetime_aggregate,22,684.0796019900498,1
nyc,6297.02,W 26 St & 8 Ave,130682,65756,64926,130682,40.74734807715708,-73.99723583619912,2020,2023,2,12,1,5,41,lifetime_aggregate,49,37.495600006121734,1
nyc,6297.07,8 Ave & W 27 St,185391,92704,92687,185391,40.747968,-73.996637,2023,2025,2,12,1,12,36,lifetime_aggregate,48,25.891224493098374,1
nyc,6297.08,W 25 St & 8 Ave,110961,55644,55317,110961,40.746510358072086,-73.99733420365271,2023,2025,2,12,5,12,32,lifetime_aggregate,53,47.7645298798677,1
nyc,6298.04,69 St & 38 Ave,13473,6907,6566,13473,40.746945045191296,-73.89650255494742,2023,2025,2,12,1,12,36,lifetime_aggregate,79,586.3579009871595,1
nyc,6300.04,Skillman Ave & 43 Ave,33207,16536,16671,33207,40.74653761997066,-73.93215849970615,2023,2025,2,12,1,12,36,lifetime_aggregate,13,39.148372331135,1
nyc,6303.01,1 Ave & E 39 St,161703,80711,80992,161703,40.74714,-73.97113,2020,2023,2,12,9,12,40,lifetime_aggregate,25,15.460442910768506,1
nyc,6303.02,1 Ave & E 42 St,59547,30227,29320,59547,40.7487575,-73.970127,2025,2025,1,12,1,12,12,lifetime_aggregate,72,120.91289233714545,1
nyc,6304.04,98 St & 41 Ave,5102,2571,2531,5102,40.747730000000004,-73.86649000000001,2023,2025,2,12,9,12,28,lifetime_aggregate,20,392.0031360250882,1
nyc,6306.01,W 20 St & 10 Ave,294487,146844,147643,294487,40.745686,-74.005141,2020,2025,3,12,9,12,64,lifetime_aggregate,62,21.053560938173842,1
nyc,6306.06,W 22 St & 10 Ave,478193,238960,239233,478193,40.74691971743593,-74.00451890638368,2020,2025,3,12,1,12,72,lifetime_aggregate,56,11.710752771370556,1
nyc,6306.06_Pillar,Pillar W 22 St & 10 Ave,230,115,115,230,40.74692,-74.00452,2023,2023,1,3,10,12,3,lifetime_aggregate,56,24347.826086956524,1
nyc,6306.07,W 20 St & 11 Ave,157621,77950,79671,157621,40.746745,-74.007756,2020,2025,2,12,1,12,72,lifetime_aggregate,35,22.20516301761821,1
nyc,6307.07,61 St & 39 Ave,45750,22832,22918,45750,40.7471,-73.9028,2023,2025,2,12,1,12,36,lifetime_aggregate,20,43.71584699453552,1
nyc,6310.06,27 St & Hunter St,126535,63267,63268,126535,40.7485,-73.941275,2020,2025,3,12,1,12,72,lifetime_aggregate,21,16.596198680207056,1
nyc,6313.1,Lexington Ave & E 36 St,22439,21293,1146,22439,40.74757395898378,-73.9788007737804,2023,2025,2,11,1,5,29,lifetime_aggregate,94,418.9134988190205,1
nyc,6313.10,Lexington Ave & E 36 St,239675,110061,129614,239675,40.74757396457525,-73.97880083897249,2020,2025,3,12,1,12,72,lifetime_aggregate,94,39.21977678105768,1
nyc,6314.02,Elmhurst Ave & Roosevelt Ave,16215,8127,8088,16215,40.74864,-73.87619,2023,2025,2,12,8,12,29,lifetime_aggregate,73,450.20043169904415,1
nyc,6314.09,Benham St & Roosevelt Ave,2628,1424,1204,2628,40.74841,-73.8751,2023,2025,2,12,9,12,28,lifetime_aggregate,56,2130.89802130898,1
nyc,6316.05,39 Dr & 52 St,24665,12443,12222,24665,40.74732,-73.91197,2023,2025,2,12,1,12,36,lifetime_aggregate,10,40.54327995134806,1
nyc,6319.01,45 Rd & 11 St,74170,36927,37243,74170,40.74708589682805,-73.94977223089542,2020,2025,3,12,1,12,72,lifetime_aggregate,36,48.537144398004585,1
nyc,6319.03,44 Dr & 21 St,52536,26156,26380,52536,40.748036,-73.946705,2023,2025,2,12,12,12,25,lifetime_aggregate,34,64.7175270290848,1
nyc,6319.04,11 St & 44 Rd,22400,11145,11255,22400,40.749207,-73.949373,2023,2025,2,12,12,12,25,lifetime_aggregate,42,187.5,1
nyc,6319.07,45 Ave & 21 St,73792,36787,37005,73792,40.74737075658837,-73.94777297974632,2023,2025,2,12,1,12,36,lifetime_aggregate,44,59.62705984388552,1
nyc,6322.01,E 33 St & 5 Ave,315303,158790,156513,315303,40.74765931865923,-73.9849070474599,2020,2025,3,12,1,12,72,lifetime_aggregate,113,35.838542608221296,1
nyc,6323.04,84 St & Roosevelt Ave,16390,8352,8038,16390,40.74797,-73.88204,2023,2025,2,12,8,12,29,lifetime_aggregate,70,427.0896888346553,1
nyc,6323.11,Ithaca St & Baxter Ave,18738,9371,9367,18738,40.74638,-73.88322,2023,2025,2,12,9,12,28,lifetime_aggregate,56,298.8579357455438,1
nyc,6325.01,43 St & Skillman Ave,28483,14263,14220,28483,40.746926757126815,-73.920824825945,2023,2025,2,12,1,11,35,lifetime_aggregate,25,87.77165326686094,1
nyc,6329.06,47 Ave & 109 St,2523,1208,1315,2523,40.74713,-73.85502,2023,2025,2,12,10,12,27,lifetime_aggregate,7,277.44748315497424,1
nyc,6331.01,W 31 St & 7 Ave,576403,288227,288176,576403,40.749156,-73.9916,2020,2025,3,12,1,12,72,lifetime_aggregate,119,20.645277696333988,1
nyc,6332.06,74 St & 37 Ave,46366,23146,23220,46366,40.74907999999999,-73.89172,2023,2025,2,12,8,12,29,lifetime_aggregate,101,217.83203209248154,1
nyc,6332.09,75 St & Roosevelt Ave,12456,6244,6212,12456,40.7468,-73.89038,2023,2023,1,4,9,12,4,lifetime_aggregate,155,1244.3802183686578,1
nyc,6332.1,Broadway & 74 St,3845,379,3466,3845,40.74653,-73.89121,2025,2025,1,9,1,11,11,lifetime_aggregate,134,3485.0455136540963,1
nyc,6332.10,Broadway & 74 St,41886,22398,19488,41886,40.74653,-73.89121,2025,2025,1,12,1,12,12,lifetime_aggregate,134,319.91596237406293,1
nyc,6334.03,Skillman Ave & Honeywell St,11986,5920,6066,11986,40.74714824894562,-73.92902433860365,2023,2025,2,12,1,12,36,lifetime_aggregate,25,208.57667278491573,1
nyc,6337.09,103 St & 41 Ave,5790,2848,2942,5790,40.74875,-73.86285,2023,2025,2,12,10,12,27,lifetime_aggregate,67,1157.167530224525,1
nyc,6339.06,W 25 St & 9 Ave,232852,116442,116410,232852,40.747832606185554,-74.00057226412491,2023,2025,2,12,2,12,35,lifetime_aggregate,68,29.2030989641489,1
nyc,6340.09,37 Ave & 63 St,11511,5729,5782,11511,40.74893,-73.89981,2023,2025,2,12,1,12,36,lifetime_aggregate,38,330.1190165928242,1
nyc,6345.01,E 39 St & 2 Ave,3932,2035,1897,3932,40.747803547832454,-73.97344167540987,2020,2020,1,9,1,9,9,lifetime_aggregate,133,3382.502543234995,1
nyc,6345.01,E 39 St & 2 Ave (old),72005,36218,35787,72005,40.747804,-73.973442,2020,2020,1,9,1,9,9,lifetime_aggregate,133,184.70939518089023,1
nyc,6345.08,E 39 St & 2 Ave,100184,50129,50055,100184,40.74803319413833,-73.9738279581392,2023,2023,1,12,1,12,12,lifetime_aggregate,135,134.75205621656153,1
nyc,6346.02,Warren St & Roosevelt Ave,3605,1834,1771,3605,40.74919,-73.87043,2023,2023,1,5,8,12,5,lifetime_aggregate,124,3439.6671289875176,1
nyc,6346.07,Warren St & Roosevelt Ave,11819,5892,5927,11819,40.74919,-73.87054,2025,2025,1,12,1,12,12,lifetime_aggregate,116,981.4705135798291,1
nyc,6349.03,39 Ave & 56 St,13346,6664,6682,13346,40.74838,-73.90699,2023,2025,2,12,1,12,36,lifetime_aggregate,17,127.37898995953843,1
nyc,6352.01,44 Dr & Jackson Ave,180496,90265,90231,180496,40.74718223348478,-73.94326364239993,2020,2025,3,12,1,12,72,lifetime_aggregate,62,34.34979168513429,1
nyc,6356.01,87 St & Roosevelt Ave,6789,3424,3365,6789,40.74825,-73.87936,2023,2025,2,12,9,12,28,lifetime_aggregate,59,869.0528796582707,1
nyc,6358.05,48 St & Barnett Ave,13434,6821,6613,13434,40.75001640417336,-73.91540944566783,2023,2025,2,12,1,12,36,lifetime_aggregate,16,119.1007890427274,1
nyc,6361.03,9 St & 44 Rd,43792,21838,21954,43792,40.74966,-73.9521,2020,2025,3,12,1,12,72,lifetime_aggregate,30,68.50566313481914,1
nyc,6364.07,6 Ave & W 33 St,574873,288522,286351,574873,40.74901279587442,-73.98848395815847,2020,2025,3,12,1,12,72,lifetime_aggregate,77,13.394262732812292,1
nyc,6364.1,6 Ave & W 34 St,66484,41975,24509,66484,40.74964,-73.98805,2023,2025,2,11,1,12,36,lifetime_aggregate,114,171.46982732687565,1
nyc,6364.10,6 Ave & W 34 St,373827,181534,192293,373827,40.74964,-73.98805,2020,2025,3,12,1,12,72,lifetime_aggregate,114,30.495389578601866,1
nyc,6365.1,79 St & 37 Ave,3447,795,2652,3447,40.74937,-73.88714,2023,2025,2,11,8,10,27,lifetime_aggregate,83,2407.890919640267,1
nyc,6365.10,79 St & 37 Ave,20232,11036,9196,20232,40.74937,-73.88714,2023,2025,2,12,8,12,29,lifetime_aggregate,83,410.2412020561487,1
nyc,6371.03,42 Ave & 108 St,2718,1341,1377,2718,40.74944,-73.85792,2023,2025,2,12,9,12,28,lifetime_aggregate,49,1802.7961736571008,1
nyc,6373.07,W 30 St & 8 Ave,191845,95775,96070,191845,40.749652054045264,-73.99519214140702,2023,2025,2,12,1,12,36,lifetime_aggregate,191,99.55954025385077,1
nyc,6374.05,71 St & 37 Ave,8299,4194,4105,8299,40.7488,-73.89451,2023,2025,2,12,8,12,29,lifetime_aggregate,101,1217.0140980841065,1
nyc,6379.03,1 Ave & E 44 St,179655,90965,88690,179655,40.75001989829562,-73.96905300676282,2020,2025,3,12,1,12,72,lifetime_aggregate,39,21.70827419220172,1
nyc,6380.1,39 Ave & 99 St,113,100,13,113,40.74962,-73.86677,2023,2025,2,7,10,5,20,lifetime_aggregate,57,50442.4778761062,1
nyc,6380.10,39 Ave & 99 St,6215,3047,3168,6215,40.74962,-73.86677,2023,2025,2,12,10,12,27,lifetime_aggregate,57,917.135961383749,1
nyc,6382.05,W 26 St & 10 Ave,262539,130587,131952,262539,40.7497178287146,-74.00295023291805,2020,2025,3,12,1,12,72,lifetime_aggregate,78,29.709871676208103,1
nyc,6383.02,60 St & 37 Ave,2185,1089,1096,2185,40.74958,-73.90256,2023,2023,1,10,1,10,10,lifetime_aggregate,27,1235.6979405034324,1
nyc,6383.06,60 St & 37 Ave,6854,3424,3430,6854,40.74952,-73.90265,2023,2025,2,12,10,12,27,lifetime_aggregate,27,393.93055150277206,1
nyc,6389.03,E 39 St & 3 Ave,53421,27010,26411,53421,40.74890097328367,-73.9760489786417,2020,2020,1,9,1,9,9,lifetime_aggregate,96,179.70461054641433,1
nyc,6389.09,E 39 St & Lexington Ave,304236,154437,149799,304236,40.749498603657585,-73.97729202681849,2020,2025,3,12,9,12,64,lifetime_aggregate,72,23.665838362323985,1
nyc,6390.05,93 St & Roosevelt Ave,3521,1887,1634,3521,40.74888,-73.87368,2023,2025,2,12,8,12,29,lifetime_aggregate,48,1363.2490769667709,1
nyc,6392.02,39 Ave & 54 St,7832,3904,3928,7832,40.74891,-73.90899,2023,2025,2,12,1,12,36,lifetime_aggregate,23,293.6670071501532,1
nyc,6395.01,21 St & 43 Ave,37780,18891,18889,37780,40.750525229699235,-73.9459483040137,2020,2025,3,12,1,12,72,lifetime_aggregate,35,92.641609317099,1
nyc,6398.06,W 37 St & 5 Ave,240368,121662,118706,240368,40.75038006081628,-73.98338991153149,2020,2025,3,12,1,12,72,lifetime_aggregate,123,51.17153697663582,1
nyc,6398.08,E 35 St & Madison Ave,150610,77906,72704,150610,40.74848023421668,-73.98255586639497,2023,2025,2,12,1,12,36,lifetime_aggregate,61,40.50195870128145,1
nyc,6399.06,86 St & 37 Ave,14897,7526,7371,14897,40.75,-73.88062,2023,2025,2,12,8,12,29,lifetime_aggregate,65,436.32946230784717,1
nyc,6401.01,43 St & 37 Ave,8797,4549,4248,8797,40.750181,-73.919998,2023,2025,2,12,1,12,36,lifetime_aggregate,8,90.94009321359555,1
nyc,6401.03,39 Ave & 45 St,23047,11539,11508,23047,40.74947822173929,-73.9182646574065,2023,2025,2,12,1,12,36,lifetime_aggregate,8,34.71167614006161,1
nyc,6405.03,43 Ave & 111 St,2961,1430,1531,2961,40.74955,-73.85464,2023,2025,2,12,10,12,27,lifetime_aggregate,58,1958.7977034785545,1
nyc,6407.07,W 33 St & 7 Ave,106598,53869,52729,106598,40.75019998178209,-73.99093097963927,2020,2020,1,12,1,12,12,lifetime_aggregate,167,156.66335203287116,1
nyc,6408.08,75 St & 35 Ave,16711,8378,8333,16711,40.75091,-73.89111,2023,2025,2,12,10,12,27,lifetime_aggregate,33,197.4747172521094,1
nyc,6414.07,Roosevelt Ave & 104 St,9610,4750,4860,9610,40.74984,-73.86156,2023,2025,2,12,10,12,27,lifetime_aggregate,114,1186.264308012487,1
nyc,6416.06,W 29 St & 9 Ave,212147,105897,106250,212147,40.75007270017952,-73.99839279012566,2023,2025,2,12,1,12,36,lifetime_aggregate,93,43.837527751983295,1
nyc,6416.08,9 Ave & W 28 St,81478,40756,40722,81478,40.74937000534316,-73.99923397979857,2020,2020,1,12,1,12,12,lifetime_aggregate,24,29.45580402071725,1
nyc,6417.04,65 St & 35 Ave,7939,3970,3969,7939,40.75053,-73.8977,2023,2025,2,12,1,12,36,lifetime_aggregate,42,529.0338833606248,1
nyc,6417.11,65 St & Broadway,12829,6416,6413,12829,40.74937227382289,-73.89738768348025,2023,2025,2,12,1,12,36,lifetime_aggregate,123,958.7652973731389,1
nyc,6422.08,E 43 St & 2 Ave,178509,91500,87009,178509,40.75022393700723,-73.9712140947616,2020,2025,3,12,1,12,72,lifetime_aggregate,136,76.1866348475427,1
nyc,6422.09,E 44 St & 2 Ave,134803,69368,65435,134803,40.75118388214266,-73.97138712786175,2020,2025,3,12,9,12,64,lifetime_aggregate,103,76.40779507874454,1
nyc,6423.03,99 St & 38 Ave,4082,2075,2007,4082,40.75055,-73.86725,2023,2025,2,12,8,12,29,lifetime_aggregate,23,563.4492895639393,1
nyc,6425.04,11 Ave & W 27 St,382249,190919,191330,382249,40.751396,-74.005226,2020,2025,3,12,1,12,72,lifetime_aggregate,58,15.173355587588196,1
nyc,6426.05,57 St & 37 Ave,5102,2545,2557,5102,40.75048,-73.90513,2023,2025,2,12,1,12,36,lifetime_aggregate,23,450.8036064288515,1
nyc,6429.01,Queens Plaza North & Crescent St,273189,136570,136619,273189,40.75110175372153,-73.94073711542447,2020,2025,3,12,1,12,72,lifetime_aggregate,78,28.551662036172758,1
nyc,6432.08,Park Ave & E 41 St,95379,48509,46870,95379,40.751581,-73.97791,2025,2025,1,12,1,12,12,lifetime_aggregate,85,89.11814969752253,1
nyc,6432.08,Pershing Square South,64762,34501,30261,64762,40.751581,-73.97791,2020,2020,1,12,1,12,12,lifetime_aggregate,85,131.24980698557798,1
nyc,6432.09,Park Ave & E 42 St,215940,107659,108281,215940,40.751873,-73.977706,2025,2025,1,12,1,12,12,lifetime_aggregate,92,42.6044271556914,1
nyc,6432.09,Pershing Square North,148732,74694,74038,148732,40.751873,-73.977706,2020,2020,1,12,1,12,12,lifetime_aggregate,92,61.8562246187774,1
nyc,6432.1,E 41 St & Madison Ave (SE corner),59446,29449,29997,59446,40.752049,-73.979635,2023,2023,1,12,1,12,12,lifetime_aggregate,78,131.21151969854995,1
nyc,6432.10,E 41 St & Madison Ave (SE corner),87624,45508,42116,87624,40.752049,-73.979635,2023,2023,1,12,1,12,12,lifetime_aggregate,78,89.01670775130101,1
nyc,6432.10_Pillar,Pillar E 41 St & Madison Ave (SE Corner),208,104,104,208,40.7521,-73.97968,2023,2023,1,2,9,10,2,lifetime_aggregate,78,37500.0,1
nyc,6432.11,E 40 St & Park Ave,248957,125074,123883,248957,40.750756,-73.978326,2023,2025,2,12,1,12,36,lifetime_aggregate,79,31.732387520736513,1
nyc,6432.15,Park Ave & E 40 St,31483,15804,15679,31483,40.75112,-73.97851,2025,2025,1,6,7,12,6,lifetime_aggregate,43,136.58164723819203,1
nyc,6433.01,92 St & 37 Ave,5413,2728,2685,5413,40.75085,-73.87509,2023,2025,2,12,8,12,29,lifetime_aggregate,34,628.1174949196379,1
nyc,6435.02,48 St & 37 Ave,38852,19220,19632,38852,40.751555,-73.915026,2023,2025,2,12,1,12,36,lifetime_aggregate,11,28.312570781426956,1
nyc,6435.03,50 St & Barnett Ave,25786,13164,12622,25786,40.75009768210713,-73.91349703073382,2023,2025,2,12,1,12,36,lifetime_aggregate,2,7.75614674629644,1
nyc,6438.04,11 St & 43 Ave,14074,7003,7071,14074,40.751907046712944,-73.94791194176703,2020,2025,3,12,1,1,61,lifetime_aggregate,30,213.1590166264033,1
nyc,6438.05,11 St & 43 Ave,14938,7503,7435,14938,40.75177,-73.94821,2025,2025,1,12,1,12,12,lifetime_aggregate,37,247.6904538760209,1
nyc,6441.01,Broadway & W 36 St,170859,87775,83084,170859,40.75097707129308,-73.9876541814733,2020,2025,3,12,1,9,69,lifetime_aggregate,127,74.33029574093258,1
nyc,6441.02,Broadway & W 37 St,118614,63040,55574,118614,40.75172621549915,-73.98753515489003,2020,2025,3,12,1,12,72,lifetime_aggregate,123,103.69770853356265,1
nyc,6441.05,Broadway & W  38 St,54945,27631,27314,54945,40.752996,-73.987216,2020,2020,1,12,1,12,12,lifetime_aggregate,41,74.62007462007462,1
nyc,6441.05,Broadway & W 38 St,3164,1559,1605,3164,40.75299628334585,-73.98721613130661,2020,2020,1,12,1,12,12,lifetime_aggregate,41,1295.82806573957,1
nyc,6441.06,W 37 St & Broadway,85290,43773,41517,85290,40.75227093848114,-73.98770570805807,2023,2025,2,12,1,12,36,lifetime_aggregate,58,68.00328291710635,1
nyc,6442.08,81 St & 35 Ave,20527,10504,10023,20527,40.75179,-73.88568,2023,2025,2,12,8,12,29,lifetime_aggregate,52,253.324889170361,1
nyc,6448.07,111 St & Roosevelt Ave,12247,6141,6106,12247,40.75147,-73.8557,2023,2025,2,12,9,12,28,lifetime_aggregate,62,506.24642769657873,1
nyc,6450.05,8 Ave & W 31 St,521675,259172,262503,521675,40.75058523359705,-73.99468487057005,2020,2025,3,12,1,12,72,lifetime_aggregate,155,29.711985431542626,1
nyc,6450.12,8 Ave & W 33 St,443004,222213,220791,443004,40.751552255813245,-73.99392149707396,2020,2025,3,12,1,12,72,lifetime_aggregate,105,23.70181759081182,1
nyc,6451.07,34 Ave & 74 St,28816,14356,14460,28816,40.75297,-73.89236,2023,2025,2,12,8,12,29,lifetime_aggregate,24,83.2870627429206,1
nyc,6453.02,34 St & 38 Ave,29624,14929,14695,29624,40.752443,-73.929737,2023,2025,2,12,1,12,36,lifetime_aggregate,82,276.8025924925736,1
nyc,6457.06,104 St & 38 Ave,5769,2847,2922,5769,40.75138,-73.86242,2023,2025,2,12,8,12,29,lifetime_aggregate,34,589.3569076096377,1
nyc,6459.04,10 Ave & W 28 St,409142,205078,204064,409142,40.75066389817411,-74.00176801351707,2020,2025,3,12,1,12,72,lifetime_aggregate,92,22.486080627263885,1
nyc,6459.06,10 Hudson Yards,1009,501,508,1009,40.752956999999995,-74.00264000000001,2020,2020,1,2,1,2,2,lifetime_aggregate,22,2180.376610505451,1
nyc,6459.07,W 30 St & 10 Ave,491322,245535,245787,491322,40.752694,-74.002353,2020,2025,3,12,2,12,71,lifetime_aggregate,37,7.5307028791708905,1
nyc,6460.06,62 St & 34 Ave,10661,5300,5361,10661,40.75201,-73.89986,2023,2025,2,12,1,12,36,lifetime_aggregate,20,187.59966232060782,1
nyc,6462.05,40 Ave & Crescent St,42983,21581,21402,42983,40.753599136862384,-73.93795606418927,2020,2025,3,12,1,12,72,lifetime_aggregate,39,90.73354582044064,1
nyc,6462.09,29 St & 40 Ave,5258,2629,2629,5258,40.75217,-73.93588,2025,2025,1,7,1,7,7,lifetime_aggregate,28,532.5218714340053,1
nyc,6462.19,28 St & 41 Ave,105290,52735,52555,105290,40.751047,-73.93797,2020,2025,3,12,1,12,72,lifetime_aggregate,24,22.794187482192044,1
nyc,6464.08,E 45 St & 3 Ave,162023,81381,80642,162023,40.75255423018971,-73.97282616925713,2020,2025,3,12,1,12,72,lifetime_aggregate,103,63.57122136980552,1
nyc,6464.09,E 44 St & Lexington Ave,271417,135844,135573,271417,40.752643,-73.974996,2023,2025,2,12,1,12,36,lifetime_aggregate,92,33.89618188985951,1
nyc,6465.04,95 St & 35 Ave,6835,3431,3404,6835,40.75301,-73.87266,2023,2025,2,12,9,12,28,lifetime_aggregate,105,1536.2106803218726,1
nyc,6468.01,54 St & 37 Ave,6358,3237,3121,6358,40.75098,-73.90799,2023,2025,2,12,1,12,36,lifetime_aggregate,16,251.65146272412707,1
nyc,6471.02,21 St & Queens Plaza North,75871,37847,38024,75871,40.75325974485659,-73.94335790834,2020,2025,3,12,1,12,72,lifetime_aggregate,24,31.632639611972955,1
nyc,6474.02,W 40 St & 5 Ave,81881,41432,40449,81881,40.752269,-73.982079,2020,2023,2,12,1,4,40,lifetime_aggregate,75,91.59634103149693,1
nyc,6474.11,E 40 St & 5 Ave,231893,116784,115109,231893,40.7520596155748,-73.98163238945176,2023,2025,2,12,1,12,36,lifetime_aggregate,71,30.617569309983484,1
nyc,6474.12,E 41 St & Madison Ave,1544,845,699,1544,40.75216518349412,-73.97992161268171,2020,2020,1,12,1,12,12,lifetime_aggregate,72,4663.21243523316,1
nyc,6474.12,E 41 St & Madison Ave (SW corner),45176,22802,22374,45176,40.752165021476635,-73.97992199529382,2020,2023,2,12,1,1,37,lifetime_aggregate,72,159.37666017354348,1
nyc,6475.07,86 St & 35 Ave,15647,7877,7770,15647,40.7523,-73.88093,2023,2025,2,12,8,12,29,lifetime_aggregate,29,185.3390426279798,1
nyc,6483.06,W 36 St & 7 Ave,137653,68896,68757,137653,40.752146695132126,-73.98953812368627,2023,2025,2,12,1,12,36,lifetime_aggregate,146,106.06379810102213,1
nyc,6486.07,38 St & Northern Blvd,17182,8625,8557,17182,40.752372,-73.925384,2023,2025,2,12,1,12,36,lifetime_aggregate,92,535.4440693749273,1
nyc,6490.02,108 St & 39 Ave,5435,2695,2740,5435,40.75165,-73.85915,2023,2025,2,12,8,12,29,lifetime_aggregate,40,735.9705611775529,1
nyc,6492.04,W 33 St & 10 Ave,217258,108504,108754,217258,40.753773367671364,-73.99937599897576,2023,2025,2,12,1,12,36,lifetime_aggregate,120,55.233869408721425,1
nyc,6492.08,9 Ave & W 33 St,270698,134766,135932,270698,40.752568,-73.996765,2025,2025,1,12,1,12,12,lifetime_aggregate,93,34.35562878188978,1
nyc,6493.03,34 Ave & 71 St,23098,11501,11597,23098,40.75257,-73.89538,2023,2025,2,12,8,12,29,lifetime_aggregate,22,95.24634167460385,1
nyc,6495.17,31 St & Northern Blvd,62921,31649,31272,62921,40.751869661796306,-73.93349292280034,2020,2025,3,12,1,12,72,lifetime_aggregate,46,73.10754755963828,1
nyc,6498.09,E 47 St & 1 Ave,164686,82689,81997,164686,40.752068735904835,-73.96784388493732,2020,2025,3,12,1,12,72,lifetime_aggregate,67,40.68348250610252,1
nyc,6498.1,E 47 St & 2 Ave,28333,20893,7440,28333,40.75323118177242,-73.97032536714407,2023,2025,2,11,1,12,36,lifetime_aggregate,88,310.5918893163449,1
nyc,6498.10,E 47 St & 2 Ave,235645,112884,122761,235645,40.7532309783368,-73.97032511520364,2020,2025,3,12,1,12,72,lifetime_aggregate,88,37.344310297269196,1
nyc,6499.06,100 St & 37 Ave,4083,2044,2039,4083,40.75243,-73.86717,2023,2025,2,12,8,12,29,lifetime_aggregate,45,1102.1307861866276,1
nyc,6502.01,55 St & Northern Blvd,18716,9353,9363,18716,40.75326,-73.90585,2023,2025,2,12,1,12,36,lifetime_aggregate,93,496.9010472323146,1
nyc,6505.01,24 St & 41 Ave,10072,5046,5026,10072,40.7527085,-73.9397405,2020,2025,2,8,1,12,72,lifetime_aggregate,62,615.5679110405083,1
nyc,6505.01,24 St & 41 Ave (original),1161,579,582,1161,40.75270883333334,-73.93974083333333,2020,2025,2,3,1,7,67,lifetime_aggregate,62,5340.223944875108,1
nyc,6505.09,24 St & 41 Ave,35464,17862,17602,35464,40.752474,-73.939991,2020,2023,2,12,2,12,47,lifetime_aggregate,65,183.28445747800586,1
nyc,6509.07,92 St & 35 Ave,10119,5228,4891,10119,40.7529,-73.87536,2023,2025,2,12,8,12,29,lifetime_aggregate,42,415.0607767565965,1
nyc,6511.03,50 St & Northern Blvd,25825,12855,12970,25825,40.753441,-73.912402,2023,2025,2,12,1,12,36,lifetime_aggregate,81,313.649564375605,1
nyc,6514.03,Vernon Blvd & Queens Plaza S,2847,1405,1442,2847,40.75408220463288,-73.94942254169112,2023,2023,1,5,1,5,5,lifetime_aggregate,33,1159.1148577449949,1
nyc,6514.08,Vernon Blvd & 41 Rd,47727,23802,23925,47727,40.755243191106054,-73.94856786444805,2020,2025,3,12,1,12,72,lifetime_aggregate,11,23.0477507490519,1
nyc,6515.01,Mets Plaza at Citi Field,11539,5443,6096,11539,40.75521,-73.84672,2025,2025,1,12,1,12,12,lifetime_aggregate,1,8.666262241095415,1
nyc,6517.08,W 42 St & 6 Ave,328864,164519,164345,328864,40.75492,-73.98455,2020,2025,3,12,1,12,72,lifetime_aggregate,135,41.05040381434271,1
nyc,6517.08_,W 42 St & 6 Ave,3089,1554,1535,3089,40.75496980175467,-73.98468096052407,2025,2025,1,7,6,12,7,lifetime_aggregate,137,4435.092262868242,1
nyc,6518.08,34 Ave & 83 St,6285,3179,3106,6285,40.75375,-73.88423,2023,2023,1,4,9,12,4,lifetime_aggregate,32,509.1487669053302,1
nyc,6518.13,34 Ave & 83 St,21012,10707,10305,21012,40.75393500483023,-73.88390148299196,2025,2025,1,12,1,12,12,lifetime_aggregate,35,166.57148296211687,1
nyc,6520.06,43 St & 35 Ave,20754,10358,10396,20754,40.754139,-73.919543,2023,2025,2,12,1,12,36,lifetime_aggregate,44,212.00732388937075,1
nyc,6520.07,42 Pl & Northern Blvd,23291,11677,11614,23291,40.753091,-73.920603,2023,2025,2,12,1,12,36,lifetime_aggregate,67,287.6647632132583,1
nyc,6524.01,114 St & 39 Ave,3117,1497,1620,3117,40.7532,-73.853,2023,2025,2,12,9,12,28,lifetime_aggregate,113,3625.280718639717,1
nyc,6524.09,37 Ave & 113 St,2687,1268,1419,2687,40.75475,-73.8549,2023,2025,2,12,9,12,28,lifetime_aggregate,52,1935.243766282099,1
nyc,6526.01,W 35 St & 8 Ave,147571,75616,71955,147571,40.752762088557716,-73.99280458790882,2023,2025,2,12,1,12,36,lifetime_aggregate,155,105.03418693374714,1
nyc,6526.03,W 38 St & 8 Ave,52100,26148,25952,52100,40.7546659884883,-73.9913819801392,2020,2020,1,7,1,7,7,lifetime_aggregate,141,270.63339731285987,1
nyc,6526.05,8 Ave & W 38 St,411774,206239,205535,411774,40.75461011258765,-73.99176978436817,2020,2025,3,12,7,12,66,lifetime_aggregate,149,36.18489754088408,1
nyc,6527.07,75 St & Northern Blvd,5843,2933,2910,5843,40.75473,-73.8918,2023,2025,2,12,10,12,27,lifetime_aggregate,54,924.182782817046,1
nyc,6529.02,37 Ave & 35 St,41094,20819,20275,41094,40.753110718348545,-73.92799178679098,2020,2025,3,12,1,12,72,lifetime_aggregate,24,58.40268652358009,1
nyc,6532.06,E 51 St & 1 Ave,220376,110099,110277,220376,40.75455721002702,-73.96592982911346,2020,2025,3,12,1,12,72,lifetime_aggregate,64,29.041274911968635,1
nyc,6533.02,37 Ave & 106 St,4681,2341,2340,4681,40.75397,-73.862,2023,2025,2,12,9,12,28,lifetime_aggregate,14,299.0813928647725,1
nyc,6535.04,W 34 St & Hudson Blvd E,299477,149272,150205,299477,40.75516719043119,-74.00059908615334,2023,2025,2,12,1,12,36,lifetime_aggregate,5,1.6695772964200926,1
nyc,6536.02,62 St & Northern Blvd,12191,6083,6108,12191,40.754176,-73.900318,2023,2025,2,12,1,12,36,lifetime_aggregate,46,377.32753670740715,1
nyc,6538.11,38 Ave & 29 St,56261,28106,28155,56261,40.75473,-73.93367,2020,2025,3,12,1,12,72,lifetime_aggregate,21,37.326034020013864,1
nyc,6541.03,E 48 St & 3 Ave,206930,104104,102826,206930,40.75460106874984,-73.97187889385611,2020,2025,3,12,1,12,72,lifetime_aggregate,97,46.87575508626106,1
nyc,6542.05,99 St & 35 Ave,4489,2238,2251,4489,40.75404,-73.86887,2023,2025,2,12,8,12,29,lifetime_aggregate,30,668.3002895967921,1
nyc,6545.07,Broadway & 51 St,23224,11578,11646,23224,40.754164,-73.908906,2023,2025,2,12,1,12,36,lifetime_aggregate,52,223.90630382363074,1
nyc,6551.02,W 44 St & 5 Ave,254963,126949,128014,254963,40.755002683127216,-73.98014424968045,2020,2025,3,12,1,12,72,lifetime_aggregate,100,39.22137721943968,1
nyc,6551.03,E 43 St & 5 Ave,44746,23129,21617,44746,40.75412097888732,-73.98025197965902,2020,2020,1,12,1,12,12,lifetime_aggregate,108,241.3623564117463,1
nyc,6551.11,E 43 St & Madison Ave,268567,134729,133838,268567,40.7535468189787,-73.97896572993446,2023,2025,2,12,1,12,36,lifetime_aggregate,52,19.36202139503364,1
nyc,6551.16,E 46 St & Madison Ave,51921,26071,25850,51921,40.755393,-73.977601,2025,2025,1,8,5,12,8,lifetime_aggregate,66,127.11619575894147,1
nyc,6552.07,34 Ave & 89 St,26840,13455,13385,26840,40.75437,-73.87833,2023,2025,2,12,10,12,27,lifetime_aggregate,33,122.95081967213116,1
nyc,6554.05,34 Ave & 48 St,28489,14196,14293,28489,40.75388,-73.914952,2023,2025,2,12,1,12,36,lifetime_aggregate,107,375.58355856646426,1
nyc,6560.01,Broadway & W 41 St,326404,164161,162243,326404,40.755135706470014,-73.98658021307241,2020,2025,3,12,1,12,72,lifetime_aggregate,94,28.798666683006335,1
nyc,6560.14,W 40 St & 7 Ave,125894,63439,62455,125894,40.754818,-73.988154,2023,2025,2,12,1,12,36,lifetime_aggregate,93,73.87166981746549,1
nyc,6560.15,Broadway & W 38 St,239667,119625,120042,239667,40.752972617872985,-73.98734906410178,2023,2025,2,12,1,12,36,lifetime_aggregate,43,17.941560581974155,1
nyc,6561.01,81 St & 34 Ave,33046,16808,16238,33046,40.75374,-73.88604,2023,2025,2,12,8,12,29,lifetime_aggregate,30,90.78254554257701,1
nyc,6563.12,35 Ave & 37 St,67941,33928,34013,67941,40.75573278408802,-73.92366106825082,2020,2025,3,12,1,12,72,lifetime_aggregate,23,33.85290178242887,1
nyc,6566.01,Southpoint Park,46478,23469,23009,46478,40.75370219696388,-73.95865201511043,2020,2025,3,12,6,12,67,lifetime_aggregate,0,0.0,1
nyc,6567.03,111 St & 37 Ave,3324,1634,1690,3324,40.75397,-73.85748,2023,2025,2,12,9,12,28,lifetime_aggregate,25,752.1058965102286,1
nyc,6569.07,W 36 St & 9 Ave,149208,75013,74195,149208,40.754623207137556,-73.99516766002657,2020,2025,3,12,9,12,64,lifetime_aggregate,148,99.19039193608923,1
nyc,6569.08,W 35 St & Dyer Ave,134112,67685,66427,134112,40.754691828044514,-73.99740192097553,2020,2025,3,12,1,9,69,lifetime_aggregate,92,68.59937962300167,1
nyc,6569.09,W 35 St & 9 Ave,137670,68833,68837,137670,40.75414518776966,-73.99608897931736,2020,2025,3,12,11,12,62,lifetime_aggregate,163,118.39907024043,1
nyc,6569.09_,W 35 St & 9 Ave,1328,665,663,1328,40.75425585988168,-73.99645123326621,2025,2025,1,12,1,12,12,lifetime_aggregate,146,10993.975903614457,1
nyc,6570.06,72 St & Northern Blvd,11637,5822,5815,11637,40.75473,-73.89458,2023,2025,2,12,8,12,29,lifetime_aggregate,57,489.81696313482854,1
nyc,6572.08,36 Ave & 31 St,98515,49407,49108,98515,40.756514871217945,-73.92957344271673,2020,2025,3,12,1,12,72,lifetime_aggregate,53,53.798913870984116,1
nyc,6575.03,E 51 St & 2 Ave,205343,103744,101599,205343,40.755293,-73.967641,2020,2025,3,12,1,12,72,lifetime_aggregate,109,53.08191659808224,1
nyc,6576.07,102 St & 34 Ave,4977,2462,2515,4977,40.75584,-73.86621,2023,2025,2,12,10,12,27,lifetime_aggregate,51,1024.713682941531,1
nyc,6578.01,W 34 St & 11 Ave,295845,147410,148435,295845,40.75594171258555,-74.0021162032953,2020,2025,3,12,1,12,72,lifetime_aggregate,97,32.78743936858828,1
nyc,6579.03,58 St & 32 Ave,9655,4804,4851,9655,40.75574,-73.903427,2023,2025,2,12,1,12,36,lifetime_aggregate,17,176.07457276022785,1
nyc,6581.14,24 St & 38 Ave,25454,12721,12733,25454,40.756351,-73.936515,2020,2025,3,12,12,10,59,lifetime_aggregate,41,161.07488017600377,1
nyc,6584.12,E 47 St & Park Ave,334796,167438,167358,334796,40.75510277151781,-73.97498696717608,2020,2025,3,12,1,12,72,lifetime_aggregate,78,23.29776938792578,1
nyc,6585.11,34 Ave & Junction Blvd,11334,5904,5430,11334,40.75502,-73.87285,2023,2025,2,12,9,12,28,lifetime_aggregate,75,661.7257808364213,1
nyc,6587.04,Broadway & 49 St,13892,6946,6946,13892,40.755389,-73.911517,2023,2025,2,12,1,12,36,lifetime_aggregate,19,136.7693636625396,1
nyc,6593.13,W 45 St & 6 Ave,48352,24301,24051,48352,40.75680000344622,-73.98291196239782,2020,2020,1,11,1,11,11,lifetime_aggregate,117,241.9755129053607,1
nyc,6593.14,W 43 St & 6 Ave,109164,55295,53869,109164,40.75527306996722,-73.98316935983141,2023,2025,2,12,4,12,33,lifetime_aggregate,137,125.49924883661281,1
nyc,6593.15,6 Ave & 45 St,4,0,4,4,40.756951,-73.982631,2020,2020,1,1,11,11,1,lifetime_aggregate,86,2150000.0,1
nyc,6593.15,6 Ave & W 45 St,252908,126216,126692,252908,40.756951,-73.982631,2020,2025,3,12,11,12,62,lifetime_aggregate,86,34.00446011988549,1
nyc,6594.02,85 St & Northern Blvd,13186,6650,6536,13186,40.75601,-73.88266,2023,2025,2,12,8,12,29,lifetime_aggregate,114,864.5533141210375,1
nyc,6596.1,34 Ave & 45 St,5759,2901,2858,5759,40.754795,-73.917014,2023,2025,2,11,1,10,34,lifetime_aggregate,22,382.0107657579441,1
nyc,6596.10,34 Ave & 45 St,23328,11624,11704,23328,40.754795,-73.917014,2023,2025,2,12,1,12,36,lifetime_aggregate,22,94.30727023319615,1
nyc,6599.01,Roosevelt Island Tramway,113049,56277,56772,113049,40.757284,-73.9536,2020,2025,3,12,6,12,67,lifetime_aggregate,0,0.0,1
nyc,6602.03,W 41 St & 8 Ave,516940,260590,256350,516940,40.75640532547383,-73.99002613641133,2020,2025,3,12,1,12,72,lifetime_aggregate,220,42.558130537393126,1
nyc,6602.03_Pillar,Pillar W 41 St & 8 Ave,74,36,38,74,40.75641,-73.99003000000002,2023,2023,1,2,11,12,2,lifetime_aggregate,220,297297.2972972973,1
nyc,6602.05,W 42 St & 8 Ave,299716,149659,150057,299716,40.757569926010184,-73.99098504722456,2020,2025,3,12,1,12,72,lifetime_aggregate,43,14.346915079608696,1
nyc,6603.06,32 Ave & 77 St,7573,3756,3817,7573,40.75727,-73.89024,2023,2025,2,12,8,12,29,lifetime_aggregate,19,250.89132444209693,1
nyc,6603.07,78 St & Northern Blvd,18965,9903,9062,18965,40.75499,-73.88905,2023,2025,2,12,11,12,26,lifetime_aggregate,46,242.55206960189824,1
nyc,6605.08,34 St & 35 Ave,50231,25067,25164,50231,40.7569331337077,-73.92622306685385,2020,2025,3,12,1,12,72,lifetime_aggregate,28,55.742469789572176,1
nyc,6608.09,E 54 St & 1 Ave,181259,90928,90331,181259,40.756265,-73.964179,2020,2025,3,12,12,12,61,lifetime_aggregate,88,48.54931341340292,1
nyc,6609.03,34 Ave & 108 St,5332,2637,2695,5332,40.75614,-73.86084,2023,2025,2,12,9,12,28,lifetime_aggregate,63,1181.5453863465866,1
nyc,6611.02,W 37 St & 10 Ave,391048,196422,194626,391048,40.75660371123167,-73.99790092197622,2020,2025,3,12,1,12,72,lifetime_aggregate,108,27.61809291953929,1
nyc,6611.07,Hudson Blvd W & W 36 St,110335,54450,55885,110335,40.756764751086,-73.99971440404043,2023,2025,2,12,1,12,36,lifetime_aggregate,6,5.4379843204785425,1
nyc,6612.09,71 St & 32 Ave,12005,5976,6029,12005,40.75675,-73.89595,2023,2025,2,12,8,12,29,lifetime_aggregate,19,158.2673885880883,1
nyc,6614.01,28 St & 36 Ave,56614,28393,28221,56614,40.757186,-73.932719,2020,2025,3,12,1,12,72,lifetime_aggregate,9,15.897127918889321,1
nyc,6617.02,E 53 St & 3 Ave,185613,93174,92439,185613,40.75763225643706,-73.96930577039709,2020,2025,3,12,11,12,62,lifetime_aggregate,105,56.56931357178646,1
nyc,6617.09,E 53 St & Lexington Ave,243492,123000,120492,243492,40.75828075719865,-73.97069420923444,2020,2025,3,12,1,12,72,lifetime_aggregate,68,27.92699554810836,1
nyc,6618.02,100 St & Northern Blvd,5921,2960,2961,5921,40.75748,-73.86843,2023,2025,2,12,8,12,29,lifetime_aggregate,60,1013.3423408208072,1
nyc,6621.06,31 Ave & 57 St,15117,7532,7585,15117,40.757357,-73.904726,2023,2025,2,12,1,12,36,lifetime_aggregate,33,218.2972812065886,1
nyc,6626.01,E 48 St & 5 Ave,267463,134592,132871,267463,40.75724577783956,-73.97805909627742,2020,2025,3,12,1,12,72,lifetime_aggregate,99,37.01446555224461,1
nyc,6626.11,W 48 St &  Rockefeller Plaza,133300,66740,66560,133300,40.75776935382117,-73.97929429951901,2023,2025,2,12,1,12,36,lifetime_aggregate,30,22.50562640660165,1
nyc,6627.12,93 St & Northern Blvd,10083,5289,4794,10083,40.7564,-73.87504,2023,2025,2,12,9,12,28,lifetime_aggregate,77,763.6616086482198,1
nyc,6629.06,48 St & Broadway,54845,27467,27378,54845,40.755763,-73.912715,2023,2025,2,12,1,12,36,lifetime_aggregate,37,67.46284984957607,1
nyc,6633.01,Shea Rd & Boat Basin Pl,5297,2240,3057,5297,40.75777,-73.84887,2025,2025,1,12,1,12,12,lifetime_aggregate,2,37.757221068529354,1
nyc,6636.04,32 Ave & 84 St,5123,2630,2493,5123,40.75793,-73.88401,2023,2025,2,12,8,12,29,lifetime_aggregate,39,761.2726917821589,1
nyc,6638.01,34 Ave & 38 St,59763,29853,29910,59763,40.756913,-73.921631,2020,2025,3,12,1,1,61,lifetime_aggregate,73,122.14915583220387,1
nyc,6638.08,34 Ave & 38 St,27309,13739,13570,27309,40.75717,-73.92175,2025,2025,1,12,1,12,12,lifetime_aggregate,63,230.69317807316267,1
nyc,6642.08,34 Ave & 113 St,3832,1895,1937,3832,40.75696,-73.85612,2023,2025,2,12,9,12,28,lifetime_aggregate,46,1200.4175365344468,1
nyc,6644.07,W 42 St & Dyer Ave,237929,119294,118635,237929,40.75898486648066,-73.99379978010505,2020,2025,3,12,1,12,72,lifetime_aggregate,180,75.6528207994822,1
nyc,6644.08,9 Ave & W 39 St,248732,124064,124668,248732,40.756403523939504,-73.99410143433751,2023,2025,2,12,1,12,36,lifetime_aggregate,142,57.089558239390186,1
nyc,6645.06,32 Ave & 75 St,6471,3229,3242,6471,40.75704,-73.8924,2023,2025,2,12,8,12,29,lifetime_aggregate,17,262.7105547828774,1
nyc,6650.07,E 55 St & 2 Ave,291028,145605,145423,291028,40.757973148713546,-73.96603305407764,2020,2025,3,12,1,12,72,lifetime_aggregate,96,32.986516761273826,1
nyc,6651.01,104 St & Northern Blvd,4854,2451,2403,4854,40.75755,-73.86454,2023,2025,2,12,8,12,29,lifetime_aggregate,60,1236.0939431396787,1
nyc,6654.05,31 Ave & 61 St,13834,6893,6941,13834,40.757525,-73.901614,2023,2025,2,12,1,12,36,lifetime_aggregate,36,260.2284227266156,1
nyc,6656.05,21 St & 38 Ave,17343,8725,8618,17343,40.757631273039834,-73.93912227303983,2020,2025,3,12,1,12,72,lifetime_aggregate,47,271.00271002710025,1
nyc,6659.01,E 51 St & Lexington Ave,175041,89577,85464,175041,40.7571477077982,-73.97207824345826,2020,2025,3,12,1,12,72,lifetime_aggregate,68,38.84804131603453,1
nyc,6659.03,E 53 St & Madison Ave,188122,94824,93298,188122,40.75971086035912,-73.97402307417636,2020,2025,3,12,1,12,72,lifetime_aggregate,69,36.678325767321205,1
nyc,6659.09,Madison Av & E 51 St,67467,33908,33559,67467,40.75863,-73.97513,2020,2023,2,12,7,10,40,lifetime_aggregate,67,99.307809744023,1
nyc,6659.09,Madison Ave & E 51 St,64583,32445,32138,64583,40.75863,-73.97513,2023,2025,2,12,10,12,27,lifetime_aggregate,67,103.74247092888223,1
nyc,6659.1,E 50 St & Park Ave,23656,10029,13627,23656,40.757334,-73.974235,2023,2025,2,12,1,12,36,lifetime_aggregate,69,291.68075752451807,1
nyc,6659.10,E 50 St & Park Ave,68676,36076,32600,68676,40.757334,-73.974235,2020,2025,3,12,12,12,61,lifetime_aggregate,69,100.47178053468461,1
nyc,6660.05,99 St & 32 Ave,3348,1680,1668,3348,40.75896,-73.86976,2023,2025,2,12,8,12,29,lifetime_aggregate,32,955.7945041816009,1
nyc,6660.07,96 St & Northern Blvd,8034,4043,3991,8034,40.75712,-73.8722,2023,2025,2,12,8,12,29,lifetime_aggregate,59,734.3788897186955,1
nyc,6662.01,49 St & 31 Ave,30968,15464,15504,30968,40.758057,-73.909831,2023,2025,2,12,1,12,36,lifetime_aggregate,32,103.33247222939809,1
nyc,6662.09,51 St & Hobart St,21873,10893,10980,21873,40.75767234022592,-73.90769943591796,2023,2025,2,12,1,12,36,lifetime_aggregate,44,201.16124902848262,1
nyc,6664.05,40 Ave & 9 St,38155,19036,19119,38155,40.75742,-73.945133,2020,2025,3,12,1,12,72,lifetime_aggregate,39,102.21465076660989,1
nyc,6667.04,W 47 St & 6 Ave,130547,65780,64767,130547,40.75839700000001,-73.98255,2020,2025,3,12,1,6,66,lifetime_aggregate,83,63.57863451477246,1
nyc,6667.1,W 48 St & Rockefeller Plaza,16381,8182,8199,16381,40.75793601739773,-73.97960295641047,2020,2020,1,5,8,12,5,lifetime_aggregate,32,195.34826933642634,1
nyc,6667.12,W 47 St & 6 Ave,37206,18634,18572,37206,40.758154,-73.981957,2025,2025,1,6,7,12,6,lifetime_aggregate,118,317.1531473418266,1
nyc,6668.06,90 St & 32 Ave,11943,6008,5935,11943,40.75836,-73.87824,2023,2025,2,12,8,12,29,lifetime_aggregate,34,284.68558988528844,1
nyc,6670.03,43 St & Broadway,67899,33984,33915,67899,40.75772827206673,-73.9166368552338,2020,2025,3,12,1,12,72,lifetime_aggregate,49,72.16601128146218,1
nyc,6676.02,85,1,1,0,1,40.75929124,-73.98859651,2020,2020,1,1,3,3,1,lifetime_aggregate,192,19200000.0,1
nyc,6676.02,W 45 St & 8 Ave,348955,175527,173428,348955,40.75929116219467,-73.98859666172723,2020,2025,3,12,1,12,72,lifetime_aggregate,192,55.02142110014185,1
nyc,6677.03,32 Ave & 81 St,11079,5538,5541,11079,40.75763,-73.88682,2023,2025,2,12,8,12,29,lifetime_aggregate,24,216.6260492824262,1
nyc,6679.11,35 St & 34 Ave,49377,24687,24690,49377,40.75805820396318,-73.92427506798772,2020,2025,3,12,1,12,72,lifetime_aggregate,25,50.630860522105436,1
nyc,6682.03,E 58 St & 1 Ave (NE Corner),130778,65724,65054,130778,40.75892390262946,-73.96226218401206,2020,2025,3,12,1,12,72,lifetime_aggregate,135,103.22837174448303,1
nyc,6682.08,E 60 St & York Ave,98729,49440,49289,98729,40.759107,-73.959223,2020,2025,3,12,1,12,72,lifetime_aggregate,172,174.21426328636974,1
nyc,6683.01,112 St & Northern Blvd,4648,2313,2335,4648,40.75788,-73.85763,2023,2025,2,12,9,12,28,lifetime_aggregate,76,1635.1118760757315,1
nyc,6686.07,72 St & 31 Ave,8552,4267,4285,8552,40.7584,-73.89531,2025,2025,1,12,1,12,12,lifetime_aggregate,19,222.17025257249765,1
nyc,6688.01,Crescent St & 35 Ave,47153,23601,23552,47153,40.75962772442211,-73.9321456569308,2020,2025,3,12,1,12,72,lifetime_aggregate,26,55.13965177189151,1
nyc,6691.11,E 56 St & 3 Ave,227893,114764,113129,227893,40.75934500678655,-73.96759680981684,2020,2025,3,12,1,12,72,lifetime_aggregate,97,42.56383478211266,1
nyc,6692.03,104 St & 32 Ave,4831,2439,2392,4831,40.75951,-73.86491,2023,2025,2,12,10,12,27,lifetime_aggregate,25,517.491202649555,1
nyc,6700.01,W 52 St & 5 Ave,142111,71724,70387,142111,40.759922708429855,-73.97648512215804,2020,2025,3,12,1,12,72,lifetime_aggregate,107,75.29325667963775,1
nyc,6700.14,W 51 St & Rockefeller Plaza,122649,61170,61479,122649,40.759737586613795,-73.97811570604088,2020,2025,3,12,8,12,65,lifetime_aggregate,36,29.352053420737228,1
nyc,6701.05,Jackson Mill Rd & 93 St,6682,3390,3292,6682,40.75874,-73.87535,2023,2025,2,12,9,12,28,lifetime_aggregate,37,553.7264292128106,1
nyc,6703.06,46 St & 30 Rd,19374,9763,9611,19374,40.76072,-73.910989,2023,2025,2,12,1,12,36,lifetime_aggregate,9,46.45401052957572,1
nyc,6708.02,Broadway & W 49 St,89520,46430,43090,89520,40.76068300739258,-73.98452700790826,2020,2020,1,12,1,12,12,lifetime_aggregate,160,178.73100983020555,1
nyc,6708.04,Broadway & W 48 St,269466,134738,134728,269466,40.76017739412999,-73.98486793063192,2023,2025,2,12,1,12,36,lifetime_aggregate,153,56.77896283761216,1
nyc,6709.01,31 Ave & 84 St,5896,2971,2925,5896,40.75947,-73.88431,2023,2025,2,12,10,12,27,lifetime_aggregate,17,288.33107191316145,1
nyc,6709.05,31 Ave & 86 St,6859,3395,3464,6859,40.75958,-73.88219,2023,2025,2,12,8,12,29,lifetime_aggregate,28,408.2227729989794,1
nyc,6711.13,Steinway St & Broadway,123157,61651,61506,123157,40.75905795419327,-73.91897544257641,2023,2025,2,12,1,12,36,lifetime_aggregate,130,105.55632241772696,1
nyc,6717.06,9 Ave & W 45 St,379121,189561,189560,379121,40.76019266880792,-73.99125506757136,2020,2025,3,12,1,12,72,lifetime_aggregate,115,30.333323661838833,1
nyc,6718.02,77 St & 31 Ave,14890,7418,7472,14890,40.75886,-73.89081,2023,2025,2,12,8,12,29,lifetime_aggregate,39,261.92075218267297,1
nyc,6720.07,34 Ave & 31 St,44034,21975,22059,44034,40.75960445248081,-73.9271441057826,2020,2025,3,12,12,12,61,lifetime_aggregate,44,99.92278693736658,1
nyc,6723.1,E 58 St & 1 Ave (NW Corner),40252,17427,22825,40252,40.759125,-73.962658,2023,2025,2,12,1,12,36,lifetime_aggregate,136,337.8714101162675,1
nyc,6723.10,E 58 St &  1 Ave (NW Corner),2439,1268,1171,2439,40.759125,-73.962658,2020,2020,1,12,1,12,12,lifetime_aggregate,136,5576.055760557606,1
nyc,6723.10,E 58 St & 1 Ave (NW Corner),184352,95355,88997,184352,40.759125,-73.962658,2020,2025,3,12,1,12,72,lifetime_aggregate,136,73.77191459816005,1
nyc,6724.01,107 St & 32 Ave,4490,2239,2251,4490,40.75996,-73.86224,2023,2025,2,12,9,12,28,lifetime_aggregate,61,1358.574610244989,1
nyc,6726.01,11 Ave & W 41 St,598186,299494,298692,598186,40.76030096504367,-73.99884214928299,2020,2025,3,12,1,12,72,lifetime_aggregate,313,52.32486216661707,1
nyc,6727.02,30 Ave & 70 St,7226,3587,3639,7226,40.76013,-73.89741,2023,2025,2,12,10,12,27,lifetime_aggregate,47,650.4290063659009,1
nyc,6729.02,21 St & 36 Ave,32024,16009,16015,32024,40.7601852028995,-73.93627272298778,2020,2025,3,12,1,12,72,lifetime_aggregate,56,174.8688483637272,1
nyc,6732.01,E 56 St & Madison Ave,174314,87332,86982,174314,40.761573,-73.972628,2020,2025,3,12,1,12,72,lifetime_aggregate,91,52.20464219741387,1
nyc,6733.01,99 St & Astoria Blvd,6205,3097,3108,6205,40.76196,-73.87042,2023,2025,2,12,8,12,29,lifetime_aggregate,65,1047.5423045930702,1
nyc,6735.03,50 St & 30 Ave,26974,13491,13483,26974,40.760083,-73.907107,2023,2025,2,12,1,12,36,lifetime_aggregate,19,70.43819974790539,1
nyc,6737.03,36 Ave & 10 St,47546,23712,23834,47546,40.76143771759594,-73.9411266496592,2020,2025,3,12,1,12,72,lifetime_aggregate,10,21.032263492197032,1
nyc,6740.01,W 52 St & 6 Ave,201162,100751,100411,201162,40.76132988075825,-73.97982000879963,2020,2025,3,12,1,12,72,lifetime_aggregate,113,56.173631202712244,1
nyc,6740.1,W 51 St & 6 Ave,52938,23658,29280,52938,40.76065970051798,-73.9804204691885,2023,2025,2,11,1,12,36,lifetime_aggregate,105,198.34523404737618,1
nyc,6740.10,W 51 St & 6 Ave,140962,73215,67747,140962,40.7606597284065,-73.98042041861538,2020,2025,3,12,10,12,63,lifetime_aggregate,105,74.48815992962643,1
nyc,6741.03,91 St & 31 Ave,5974,2990,2984,5974,40.76022,-73.87774,2023,2025,2,12,9,12,28,lifetime_aggregate,33,552.3937060595916,1
nyc,6743.06,Newton Rd & 44 St,47949,24002,23947,47949,40.7595700683885,-73.91426785450739,2020,2025,3,12,1,12,72,lifetime_aggregate,41,85.50751840497195,1
nyc,6747.06,W 49 St & 8 Ave,280326,147849,132477,280326,40.76227203339285,-73.98788203339284,2020,2025,3,12,1,12,72,lifetime_aggregate,29,10.345098207087462,1
nyc,6747.07,8 Ave & W 49 St,352671,178738,173933,352671,40.761712278588305,-73.98655101653837,2023,2025,2,12,1,12,36,lifetime_aggregate,108,30.62344224503858,1
nyc,6748.04,82 St & 30 Ave,7303,3637,3666,7303,40.76109,-73.88632,2023,2025,2,12,8,12,29,lifetime_aggregate,19,260.16705463508146,1
nyc,6750.16,35 St & Broadway,78543,39212,39331,78543,40.760339,-73.92224278965898,2020,2025,3,12,1,12,72,lifetime_aggregate,53,67.47896056936965,1
nyc,6753.08,1 Ave & E 62 St,436710,218307,218403,436710,40.761227270229014,-73.96094014862595,2020,2025,3,12,1,12,72,lifetime_aggregate,165,37.78251013258226,1
nyc,6756.01,W 43 St & 10 Ave,462399,233187,229212,462399,40.76009424976681,-73.99461829026954,2020,2025,3,12,1,12,72,lifetime_aggregate,196,42.3876349213558,1
nyc,6756.05,W 44 St & 11 Ave,258649,130661,127988,258649,40.762009,-73.996975,2020,2025,3,12,12,12,61,lifetime_aggregate,107,41.36880482816481,1
nyc,6757.03,73 St & 25 Ave,6399,3189,3210,6399,40.76205,-73.895,2023,2025,2,12,8,12,29,lifetime_aggregate,10,156.2744178777934,1
nyc,6759.15,Crescent St & 34 Ave,70248,35129,35119,70248,40.76108,-73.930562,2020,2025,3,12,1,12,72,lifetime_aggregate,24,34.1646737273659,1
nyc,6762.02,E 58 St & 3 Ave,348368,174291,174077,348368,40.760957696552516,-73.96724477087236,2020,2025,3,12,1,12,72,lifetime_aggregate,223,64.01276810728884,1
nyc,6762.04,3 Ave & E 62 St,123298,62392,60906,123298,40.76312590586272,-73.96526896261038,2020,2023,2,12,1,12,48,lifetime_aggregate,56,45.41841716816169,1
nyc,6763.08,31 Ave & 103 St,3464,1747,1717,3464,40.76134,-73.86666,2023,2025,2,12,8,12,29,lifetime_aggregate,54,1558.891454965358,1
nyc,6765.01,12 Ave & W 40 St,572654,285090,287564,572654,40.760875013474156,-74.00277677814503,2020,2025,3,12,1,12,72,lifetime_aggregate,29,5.064139951873208,1
nyc,6766.03,Bulova Ave & Brooklyn Queens Expressway W,43368,21674,21694,43368,40.762507,-73.902534,2023,2025,2,12,1,12,36,lifetime_aggregate,25,57.64619073971591,1
nyc,6768.04,11 St & 35 Ave,2929,1500,1429,2929,40.76274400411315,-73.93911400205657,2020,2020,1,12,1,12,12,lifetime_aggregate,15,512.1201775349949,1
nyc,6771.13,W 54 St & 6 Ave,95869,48367,47502,95869,40.76173207106029,-73.97743827730518,2023,2025,2,12,3,12,34,lifetime_aggregate,21,21.90489104924428,1
nyc,6772.11,30 Ave & 96 St,6216,3091,3125,6216,40.76086,-73.87308,2023,2025,2,12,8,12,29,lifetime_aggregate,37,595.2380952380952,1
nyc,6774.13,30 Ave & 47 St,31029,15594,15435,31029,40.761294,-73.909562,2023,2025,2,12,1,12,36,lifetime_aggregate,20,64.45583164136775,1
nyc,6779.04,Broadway & W 51 St,159471,79814,79657,159471,40.762288133320986,-73.98336190193649,2020,2023,2,12,1,12,48,lifetime_aggregate,68,42.64098174589737,1
nyc,6779.05,Broadway & W 53 St,295408,152630,142778,295408,40.763440710064,-73.9826811954988,2020,2025,3,12,1,12,72,lifetime_aggregate,78,26.40415967069274,1
nyc,6779.07,W 51 St & 7 Ave,74088,37564,36524,74088,40.76167,-73.98256,2025,2025,1,10,1,10,10,lifetime_aggregate,64,86.38375985314761,1
nyc,6780.06,87 St & 30 Ave,5064,2519,2545,5064,40.76156,-73.88167,2023,2025,2,12,8,12,29,lifetime_aggregate,19,375.19747235387047,1
nyc,6782.01,31 Ave & Steinway St,99386,49828,49558,99386,40.761148850261755,-73.91700706993186,2020,2025,3,12,2,12,71,lifetime_aggregate,73,73.45098907290765,1
nyc,6782.07,31 Ave & Steinway St,23,16,7,23,40.761293897289086,-73.916916847229,2020,2020,1,2,1,2,2,lifetime_aggregate,77,334782.6086956522,1
nyc,6782.07,31 Ave & Steinway St (temp),932,463,469,932,40.761294,-73.916917,2020,2020,1,2,1,2,2,lifetime_aggregate,77,8261.802575107296,1
nyc,6786.02,W 47 St & 9 Ave,204262,103797,100465,204262,40.76153045110372,-73.9900700747176,2023,2025,2,12,1,12,36,lifetime_aggregate,91,44.550626156602796,1
nyc,6787.02,30 Ave & 80 St,4867,2419,2448,4867,40.76109,-73.88838,2023,2025,2,12,9,12,28,lifetime_aggregate,17,349.2911444421615,1
nyc,6789.04,31 St & Broadway,80880,40443,40437,80880,40.761584,-73.925921,2020,2023,2,12,1,11,47,lifetime_aggregate,78,96.43916913946587,1
nyc,6789.08,Broadway & 31 St,33678,16914,16764,33678,40.76194,-73.92513,2025,2025,1,5,8,12,5,lifetime_aggregate,85,252.3902844586971,1
nyc,6789.2,31 St & Broadway,10711,832,9879,10711,40.76211,-73.92522999999998,2025,2025,1,7,1,7,7,lifetime_aggregate,99,924.2834469237232,1
nyc,6789.20,31 St & Broadway,27871,18444,9427,27871,40.76211,-73.92522999999998,2025,2025,1,7,1,7,7,lifetime_aggregate,99,355.207922213053,1
nyc,6793.01,Ditmars Blvd & 31 Dr,1969,973,996,1969,40.76138,-73.86035,2023,2025,2,11,12,12,25,lifetime_aggregate,26,1320.4672422549518,1
nyc,6795.01,W 46 St & 11 Ave,239395,119543,119852,239395,40.763413850951785,-73.9966742972288,2020,2025,3,12,1,12,72,lifetime_aggregate,83,34.67073247143841,1
nyc,6798.01,34 Ave & 21 St,34734,17405,17329,34734,40.76281386097406,-73.93428613484369,2020,2025,3,12,1,12,72,lifetime_aggregate,37,106.52386710427824,1
nyc,6801.01,E 59 St & Madison Ave,124509,62412,62097,124509,40.76350516405946,-73.97109222045489,2020,2023,2,12,1,12,48,lifetime_aggregate,116,93.16595587467573,1
nyc,6801.16,E 61 St & Madison Ave,74538,37338,37200,74538,40.764752828526326,-73.97037800510203,2025,2025,1,12,1,12,12,lifetime_aggregate,60,80.49585446349514,1
nyc,6804.01,49 St & 25 Ave,12361,6754,5607,12361,40.764496,-73.904632,2023,2025,2,12,1,12,36,lifetime_aggregate,25,202.249008979856,1
nyc,6806.06,35 Ave & 10 St,52839,26341,26498,52839,40.76315487078466,-73.93985506667121,2020,2025,3,12,1,12,72,lifetime_aggregate,12,22.710497927667063,1
nyc,6809.07,W 56 St & 6 Ave,201277,100638,100639,201277,40.7634061297672,-73.97722479037607,2023,2025,2,12,1,12,36,lifetime_aggregate,54,26.82869875842744,1
nyc,6809.09,W 55 St & 6 Ave,260458,130627,129831,260458,40.763189,-73.978434,2020,2025,3,12,1,12,72,lifetime_aggregate,107,41.08147954756621,1
nyc,6810.01,92 St & Astoria Blvd,4424,2195,2229,4424,40.76312999999999,-73.8772,2023,2025,2,12,8,12,29,lifetime_aggregate,39,881.5551537070525,1
nyc,6812.06,30 Ave & 41 St,57482,28774,28708,57482,40.763422,-73.914142,2023,2025,2,12,1,12,36,lifetime_aggregate,94,163.52945269823596,1
nyc,6814.01,Motorgate,103743,51616,52127,103743,40.76390891043622,-73.94772123478482,2020,2025,3,12,6,12,67,lifetime_aggregate,0,0.0,1
nyc,6816.07,8 Ave & W 52 St,372637,186809,185828,372637,40.763707263913,-73.98516165431428,2020,2025,3,12,1,12,72,lifetime_aggregate,93,24.957264039802812,1
nyc,6817.15,25 Ave & 85 St,6773,3374,3399,6773,40.76328,-73.88404,2023,2025,2,12,8,12,29,lifetime_aggregate,30,442.93518381810134,1
nyc,6819.15,31 Ave & 34 St,109799,54874,54925,109799,40.763154,-73.920827,2020,2025,3,12,1,12,72,lifetime_aggregate,46,41.894734924726095,1
nyc,6822.09,1 Ave & E 68 St,633808,316681,317127,633808,40.76500516817578,-73.95818493599387,2020,2025,3,12,1,12,72,lifetime_aggregate,51,8.04660086335294,1
nyc,6824.07,W 47 St & 10 Ave,339371,170240,169131,339371,40.76269887176305,-73.99301214855149,2020,2025,3,12,1,12,72,lifetime_aggregate,76,22.394370762380994,1
nyc,6825.03,77 St & 24 Ave,8209,4093,4116,8209,40.76428,-73.89156,2023,2025,2,12,8,12,29,lifetime_aggregate,10,121.81751735899623,1
nyc,6827.11,Crescent St & Broadway,120356,60081,60275,120356,40.76335892642648,-73.928647067646,2020,2025,3,12,1,12,72,lifetime_aggregate,39,32.40386852338064,1
nyc,6830.02,E 63 St & 3 Ave,202749,104241,98508,202749,40.763954,-73.9646,2020,2025,3,12,1,12,72,lifetime_aggregate,99,48.828847491233,1
nyc,6830.04,3 Ave & E 62 St,90195,45223,44972,90195,40.76313,-73.96527,2025,2025,1,12,1,12,12,lifetime_aggregate,56,62.08769887466046,1
nyc,6836.07,34 Ave & 13 St,25111,12527,12584,25111,40.7638752033527,-73.9364848572745,2020,2025,3,12,1,12,72,lifetime_aggregate,14,55.75245908167735,1
nyc,6839.04,E 58 St & Madison Ave,192810,98056,94754,192810,40.763025955100346,-73.97209516978677,2020,2025,3,12,1,12,72,lifetime_aggregate,112,58.088273429801355,1
nyc,6839.1,Grand Army Plaza & Central Park S,52114,36965,15149,52114,40.76439709837343,-73.973714655693,2023,2023,1,12,1,12,12,lifetime_aggregate,119,228.34555014007753,1
nyc,6839.10,Grand Army Plaza & Central Park S,201742,90602,111140,201742,40.764397051389594,-73.97371480693481,2020,2023,2,12,1,12,48,lifetime_aggregate,119,58.986229937246584,1
nyc,6839.15,Central Park S & Grand Army Plaza,141148,71173,69975,141148,40.764555,-73.973473,2025,2025,1,11,1,12,12,lifetime_aggregate,133,94.22733584606229,1
nyc,6840.02,98 St & 25 Ave,2685,1326,1359,2685,40.76454,-73.87171,2023,2025,2,12,8,12,29,lifetime_aggregate,14,521.415270018622,1
nyc,6842.02,46 St & 28 Ave,20724,10654,10070,20724,40.763328,-73.908782,2023,2025,2,12,1,12,36,lifetime_aggregate,22,106.15711252653928,1
nyc,6847.02,Broadway & W 56 St,335950,179812,156138,335950,40.76526526970273,-73.9819232562176,2020,2025,3,12,1,12,72,lifetime_aggregate,40,11.906533710373568,1
nyc,6847.05,7 Ave & W 55 St,157859,80802,77057,157859,40.764126,-73.980973,2023,2025,2,12,3,12,34,lifetime_aggregate,77,48.77770668761363,1
nyc,6848.04,88 St & Astoria Blvd,4725,2327,2398,4725,40.76424,-73.8812,2023,2025,2,12,8,12,29,lifetime_aggregate,48,1015.8730158730159,1
nyc,6850.01,38 St & 30 Ave,84661,42555,42106,84661,40.764174520282545,-73.91583994032008,2023,2025,2,12,1,12,36,lifetime_aggregate,111,131.11113735958705,1
nyc,6854.05,W 50 St & 9 Ave,250268,126215,124053,250268,40.763604777686076,-73.98917971324774,2020,2025,3,12,1,12,72,lifetime_aggregate,86,34.363162689596756,1
nyc,6855.02,81 St & 24 Ave,4406,2200,2206,4406,40.76466,-73.88803,2023,2025,2,12,8,12,29,lifetime_aggregate,51,1157.5124829777576,1
nyc,6857.09,31 Ave & 30 St,85259,42536,42723,85259,40.7647,-73.92403113346299,2020,2025,3,12,1,12,72,lifetime_aggregate,59,69.2009054762547,1
nyc,6860.12,E 65 St & 2 Ave,168501,84829,83672,168501,40.764718668762605,-73.96222078979612,2020,2025,3,12,1,12,72,lifetime_aggregate,65,38.575438721431915,1
nyc,6865.03,21 St & 31 Dr,69977,34924,35053,69977,40.7659,-73.930819,2020,2025,3,12,1,12,72,lifetime_aggregate,46,65.73588464781285,1
nyc,6869.06,Butler St & 27 Ave,3858,1917,1941,3858,40.76521,-73.86483,2023,2025,2,12,8,12,29,lifetime_aggregate,27,699.8444790046656,1
nyc,6869.1,Gillmore St & 27 Ave,742,88,654,742,40.76399,-73.8669,2023,2025,2,11,8,12,29,lifetime_aggregate,20,2695.4177897574127,1
nyc,6869.10,Gillmore St & 27 Ave,3022,1789,1233,3022,40.76399,-73.8669,2023,2025,2,12,8,12,29,lifetime_aggregate,20,661.8133686300464,1
nyc,6873.01,34 Ave & Vernon Blvd,26891,13412,13479,26891,40.76535380385866,-73.93986314535141,2025,2025,1,12,1,12,12,lifetime_aggregate,24,89.24919117920493,1
nyc,6873.01,34th Ave & Vernon Blvd,22847,11362,11485,22847,40.76535381713338,-73.93986313503292,2020,2025,3,12,12,1,50,lifetime_aggregate,24,105.0466144351556,1
nyc,6876.04,Central Park S & 6 Ave,522227,261595,260632,522227,40.765909244370654,-73.9763416584829,2020,2025,3,12,1,12,72,lifetime_aggregate,59,11.297768977858286,1
nyc,6877.05,Jackson Mill Rd & 24 Ave,4177,2177,2000,4177,40.76619,-73.87561,2023,2025,2,12,8,12,29,lifetime_aggregate,20,478.8125448886761,1
nyc,6877.06,25 Ave & 96 St,2306,1158,1148,2306,40.76447,-73.87369,2023,2025,2,12,9,12,28,lifetime_aggregate,14,607.1118820468344,1
nyc,6879.04,28 Ave & 44 St,50170,25488,24682,50170,40.764089227200785,-73.91065114535641,2020,2025,3,12,1,12,72,lifetime_aggregate,29,57.80346820809249,1
nyc,6884.03,W 56 St & 8 Ave,231876,116467,115409,231876,40.765959181503014,-73.98313522319812,2023,2025,2,12,1,12,36,lifetime_aggregate,124,53.47685832082665,1
nyc,6885.01,24 Ave & 87 St,3705,1834,1871,3705,40.7654,-73.88256,2023,2025,2,12,8,12,29,lifetime_aggregate,12,323.88663967611336,1
nyc,6887.03,35 St & 30 Ave,62734,31455,31279,62734,40.76547569255687,-73.91811579473033,2023,2025,2,12,1,12,36,lifetime_aggregate,68,108.39417221921127,1
nyc,6889.12,E 72 St & York Ave,355618,177909,177709,355618,40.76663809409273,-73.95348296948931,2020,2025,3,12,1,12,72,lifetime_aggregate,91,25.589255886934854,1
nyc,6890.01,W 53 St & 10 Ave,310924,155977,154947,310924,40.76669679567069,-73.9906171896408,2020,2025,3,12,1,12,72,lifetime_aggregate,70,22.51354028637223,1
nyc,6890.06,W 50 St & 10 Ave,169719,86612,83107,169719,40.76473419100907,-73.99194361484133,2020,2025,3,12,12,12,61,lifetime_aggregate,78,45.9583193396143,1
nyc,6893.1,31 Ave & Crescent St,13941,7164,6777,13941,40.76583460000995,-73.92654739999004,2023,2025,2,12,1,10,34,lifetime_aggregate,24,172.15407789972025,1
nyc,6893.10,31 Ave & Crescent St,63107,31291,31816,63107,40.76583472028463,-73.92654727159987,2020,2025,3,12,1,12,72,lifetime_aggregate,24,38.030646362527136,1
nyc,6896.16,E 68 St & 3 Ave,164742,83068,81674,164742,40.767128271951236,-73.9622461210353,2020,2025,3,12,1,12,72,lifetime_aggregate,71,43.09769214893591,1
nyc,6901.01,Broadway & 12 St,49961,24919,25042,49961,40.7668,-73.93477727097691,2020,2025,3,12,1,12,72,lifetime_aggregate,16,32.02497948399752,1
nyc,6904.06,5 Ave & E 63 St,195892,98348,97544,195892,40.766368,-73.971518,2020,2025,3,12,1,12,72,lifetime_aggregate,24,12.251648867743452,1
nyc,6905.02,100 St & Humphreys St,2468,1226,1242,2468,40.765739999999994,-73.87012,2023,2025,2,12,8,12,29,lifetime_aggregate,10,405.1863857374392,1
nyc,6907.03,46 St & 25 Ave,18975,9808,9167,18975,40.765753,-73.90676,2023,2025,2,12,1,12,36,lifetime_aggregate,29,152.832674571805,1
nyc,6912.01,7 Ave & Central Park South,505197,254841,250356,505197,40.76674069393402,-73.97906898835932,2020,2025,3,12,1,12,72,lifetime_aggregate,58,11.480669916883908,1
nyc,6912.01_Pillar,Pillar 7 Ave & Central Park S,755,378,377,755,40.76674,-73.97907,2023,2023,1,2,11,12,2,lifetime_aggregate,58,7682.119205298013,1
nyc,6913.03,24 Ave & 92 St,2545,1260,1285,2545,40.76589,-73.87789,2023,2025,2,12,8,12,29,lifetime_aggregate,13,510.8055009823182,1
nyc,6915.02,Steinway St & 28 Ave,104420,52518,51902,104420,40.7656250679287,-73.91366965307809,2020,2025,3,12,1,12,72,lifetime_aggregate,113,108.21681670178127,1
nyc,6920.03,W 54 St & 9 Ave,166564,84563,82001,166564,40.76584921038167,-73.98690503078755,2020,2023,2,12,1,12,48,lifetime_aggregate,75,45.02773708604501,1
nyc,6920.05,W 54 St & 9 Ave,134560,68935,65625,134560,40.76604,-73.98737,2025,2025,1,12,1,12,12,lifetime_aggregate,89,66.14149821640903,1
nyc,6921.04,23 Ave & 83 St,5216,2601,2615,5216,40.766459999999995,-73.88674,2023,2025,2,12,8,12,29,lifetime_aggregate,105,2013.0368098159508,1
nyc,6923.2,31 St & Newtown Ave,23894,14669,9225,23894,40.76754878000868,-73.92093345520483,2023,2025,2,12,1,12,36,lifetime_aggregate,103,431.07056164727544,1
nyc,6923.20,31 St & Newtown Ave,145622,70190,75432,145622,40.76754884580221,-73.92093330710442,2020,2025,3,12,1,12,72,lifetime_aggregate,103,70.73107085467855,1
nyc,6925.09,2 Ave & E 72 St,339487,169826,169661,339487,40.76876201949843,-73.95840795332572,2020,2025,3,12,1,12,72,lifetime_aggregate,100,29.456208926998674,1
nyc,6926.01,W 52 St & 11 Ave,238553,119747,118806,238553,40.76727210833571,-73.99392891131846,2020,2025,3,12,1,12,72,lifetime_aggregate,55,23.055673162777246,1
nyc,6927.03,Ditmars Blvd & 76 St,10114,5057,5057,10114,40.768442,-73.893531,2023,2025,2,12,1,12,36,lifetime_aggregate,14,138.42198932173224,1
nyc,6929.01,23 St & 31 Ave,41439,20745,20694,41439,40.76663971724589,-73.92865955831961,2023,2025,2,12,3,12,34,lifetime_aggregate,14,33.78459904920486,1
nyc,6929.02,31 Rd & 21 St,1361,693,668,1361,40.766824,-73.930486,2023,2023,1,3,1,3,3,lifetime_aggregate,70,5143.277002204261,1
nyc,6932.14,E 67 St & Park Ave,116637,59307,57330,116637,40.767800859942476,-73.96592086293958,2020,2025,3,12,1,12,72,lifetime_aggregate,39,33.43707399881684,1
nyc,6932.15,E 68 St & Madison Ave,123636,63437,60199,123636,40.76915713503817,-73.9670347500956,2020,2025,3,12,1,12,72,lifetime_aggregate,26,21.02947361609887,1
nyc,6935.01,Ditmars Blvd & 48 St,13640,6823,6817,13640,40.769219,-73.901001,2023,2025,2,12,1,12,36,lifetime_aggregate,29,212.60997067448682,1
nyc,6937.07,Vernon Blvd & 10 St,65134,32319,32815,65134,40.76718619824816,-73.93735526433089,2020,2025,3,12,1,10,70,lifetime_aggregate,50,76.76482328737679,1
nyc,6941.03,97 St & 23 Ave,4032,2005,2027,4032,40.7683,-73.87331,2023,2025,2,12,8,11,28,lifetime_aggregate,27,669.6428571428571,1
nyc,6943.07,25 Ave & 41 St,56240,28243,27997,56240,40.767666,-73.910963,2023,2025,2,12,1,12,36,lifetime_aggregate,127,225.81792318634425,1
nyc,6948.1,Broadway & W 58 St,73338,57721,15617,73338,40.766953169852904,-73.98169332971446,2023,2025,2,11,1,12,36,lifetime_aggregate,97,132.2643104529712,1
nyc,6948.10,Broadway & W 58 St,427147,195285,231862,427147,40.76695315716084,-73.98169330507692,2020,2025,3,12,11,12,62,lifetime_aggregate,97,22.708809847663687,1
nyc,6948.11,Broadway & W 60 St,182904,92127,90777,182904,40.769155001677035,-73.98191801375171,2020,2020,1,12,1,12,12,lifetime_aggregate,140,76.54288588549184,1
nyc,6949.03,91 St & 23 Ave,2652,1322,1330,2652,40.76768,-73.87899,2023,2025,2,12,11,12,26,lifetime_aggregate,28,1055.8069381598793,1
nyc,6949.03,92 St & 23 Ave,15,12,3,15,40.76768,-73.87899,2023,2023,1,1,11,11,1,lifetime_aggregate,28,186666.66666666666,1
nyc,6949.04,91 St & 23 Ave,798,395,403,798,40.76769,-73.8791,2023,2023,1,4,8,11,4,lifetime_aggregate,25,3132.832080200501,1
nyc,6951.03,28 Ave & 35 St,65686,33196,32490,65686,40.7671,-73.91698585456714,2020,2025,3,12,1,12,72,lifetime_aggregate,33,50.239015924245656,1
nyc,6953.08,E 74 St & 1 Ave,302776,151353,151423,302776,40.76897385995225,-73.95482281270571,2020,2025,3,12,1,12,72,lifetime_aggregate,64,21.1377387903929,1
nyc,6955.01,W 56 St & 10 Ave,260274,132631,127643,260274,40.768254,-73.988639,2020,2025,3,12,1,12,72,lifetime_aggregate,86,33.042101785041915,1
nyc,6955.05,W 54 St & 11 Ave,293684,148067,145617,293684,40.768333,-73.992573,2020,2025,3,12,12,12,61,lifetime_aggregate,52,17.706105882513178,1
nyc,6958.06,Crescent St & 30 Ave,108687,54279,54408,108687,40.768692,-73.92495727111843,2020,2025,3,12,1,12,72,lifetime_aggregate,64,58.884687221102794,1
nyc,6960.1,3 Ave & E 71 St,16755,10305,6450,16755,40.768736870224124,-73.96119944922418,2023,2023,1,11,1,11,11,lifetime_aggregate,48,286.4816472694718,1
nyc,6960.10,3 Ave & E 71 St,61352,29511,31841,61352,40.76873692754721,-73.96119922035514,2020,2023,2,12,1,11,47,lifetime_aggregate,48,78.23705828660843,1
nyc,6960.12,3 Ave & E 71 St,66012,33177,32835,66012,40.76879,-73.9614,2023,2025,2,12,11,12,26,lifetime_aggregate,48,72.71405199054716,1
nyc,6964.05,Ditmars Blvd & 73 St,7880,3919,3961,7880,40.76817,-73.896293,2023,2025,2,12,1,12,36,lifetime_aggregate,7,88.83248730964468,1
nyc,6966.04,31 Ave & 14 St,54309,27108,27201,54309,40.7682,-73.93226613570522,2020,2025,3,12,1,12,72,lifetime_aggregate,15,27.619731536209468,1
nyc,6969.08,E 66 St & Madison Ave,108302,54807,53495,108302,40.76800892021786,-73.96845286489129,2020,2025,3,12,1,12,72,lifetime_aggregate,55,50.78391904119961,1
nyc,6970.02,Ditmars Blvd & 102 St,6208,3092,3116,6208,40.76894,-73.86832,2023,2025,2,12,8,12,29,lifetime_aggregate,24,386.59793814432993,1
nyc,6978.04,Ditmars Blvd & 94 St,10013,5001,5012,10013,40.7702,-73.87587,2023,2025,2,12,8,12,29,lifetime_aggregate,82,818.935384000799,1
nyc,6981.16,37 St & 24 Ave,35433,17699,17734,35433,40.770147789847755,-73.91209385737884,2020,2025,3,12,1,12,72,lifetime_aggregate,97,273.7561030677617,1
nyc,6986.07,Columbus Ave & W 59 St,130370,66034,64336,130370,40.76931,-73.98464,2025,2025,1,12,1,12,12,lifetime_aggregate,50,38.35238168290251,1
nyc,6989.07,31 St & Astoria Blvd,76217,38161,38056,76217,40.769917722596176,-73.91840579026227,2020,2025,3,12,1,12,72,lifetime_aggregate,134,175.81379482267735,1
nyc,6991.12,E 75 St & 3 Ave,162359,81228,81131,162359,40.771129182000244,-73.95772297423765,2020,2025,3,12,1,12,72,lifetime_aggregate,30,18.477571308027272,1
nyc,6994.06,Ditmars Blvd & 79 St,14945,7441,7504,14945,40.768728,-73.890745,2023,2025,2,12,1,12,36,lifetime_aggregate,15,100.36801605888257,1
nyc,6996.01,30 Ave & 21 St,38667,19291,19376,38667,40.77037420254173,-73.92860786044409,2020,2025,3,12,1,12,72,lifetime_aggregate,29,74.99935345384954,1
nyc,6998.08,E 72 St & Park Ave,197492,98744,98748,197492,40.77118291057205,-73.9640941494484,2020,2025,3,12,1,12,72,lifetime_aggregate,40,20.25398497154315,1
nyc,7003.03,Vernon Blvd & 30 Rd,18516,9315,9201,18516,40.770845,-73.934171,2020,2020,1,12,1,12,12,lifetime_aggregate,9,48.606610499027866,1
nyc,7003.06,Vernon Blvd & 31 Ave,81496,40632,40864,81496,40.76924765500617,-73.93545027039387,2020,2025,3,12,1,12,72,lifetime_aggregate,18,22.086973593796014,1
nyc,7009.02,Steinway St & 23 Ave,45438,22669,22769,45438,40.771393787628625,-73.90774371973907,2020,2025,3,12,1,12,72,lifetime_aggregate,20,44.01602183194683,1
nyc,7009.06,43 St & 23 Ave,19119,9635,9484,19119,40.769673,-73.906018,2023,2025,2,12,1,12,36,lifetime_aggregate,19,99.37758250954548,1
nyc,7014.12,Broadway & W 61 St,291563,148818,142745,291563,40.770030102389875,-73.98196846174308,2023,2025,2,12,1,12,36,lifetime_aggregate,59,20.23576379718963,1
nyc,7018.01,31 St & Hoyt Ave N,58468,29218,29250,58468,40.77115285854619,-73.91700727058324,2020,2025,3,12,1,12,72,lifetime_aggregate,200,342.0674557022645,1
nyc,7020.02,E 77 St & 1 Ave,245532,122783,122749,245532,40.77095553877048,-73.95356208095555,2023,2025,2,12,3,12,34,lifetime_aggregate,76,30.953195510157535,1
nyc,7020.09,1 Ave & E 78 St,144095,72240,71855,144095,40.77140405764231,-73.95351689829857,2020,2023,2,12,1,3,39,lifetime_aggregate,53,36.78129012110066,1
nyc,7023.04,W 59 St & 10 Ave,318045,162137,155908,318045,40.770513,-73.988038,2020,2025,3,12,1,12,72,lifetime_aggregate,72,22.638305900108477,1
nyc,7023.09,Amsterdam Ave & W 60 St,14285,7336,6949,14285,40.77114812219016,-73.98699113854883,2023,2023,1,3,10,12,3,lifetime_aggregate,57,399.0199509975499,1
nyc,7026.08,Newtown Ave & 23 St,79772,39887,39885,79772,40.77136165416161,-73.92461465416162,2020,2025,3,12,1,12,72,lifetime_aggregate,20,25.07145364288221,1
nyc,7028.04,3 Ave & E 72 St,134017,67522,66495,134017,40.769940183328906,-73.96060802502367,2020,2025,3,12,1,12,72,lifetime_aggregate,51,38.05487363543431,1
nyc,7032.02,76 St & 21 Ave,12569,6216,6353,12569,40.77028,-73.893675,2023,2025,2,12,1,12,36,lifetime_aggregate,19,151.16556607526454,1
nyc,7032.06,Hazen St & 20 Ave,10483,5211,5272,10483,40.772092,-73.895166,2023,2025,2,12,1,12,36,lifetime_aggregate,17,162.16731851569207,1
nyc,7034.09,30 Ave & 12 St,21826,10943,10883,21826,40.77171710513283,-73.93159255417397,2023,2025,2,12,1,12,36,lifetime_aggregate,14,64.14368184733803,1
nyc,7039.03,Ditmars Blvd & 43 St,39128,19751,19377,39128,40.771203,-73.903865,2023,2025,2,12,1,12,36,lifetime_aggregate,39,99.67286853404212,1
nyc,7047.07,35 St & 23 Ave,26709,13276,13433,26709,40.77301507995176,-73.91119031915801,2020,2025,3,12,12,12,61,lifetime_aggregate,32,119.80980193942116,1
nyc,7049.04,E 82 St & East End Ave,141732,70980,70752,141732,40.77246079074063,-73.94682085828715,2020,2025,3,12,1,12,72,lifetime_aggregate,25,17.638924166737223,1
nyc,7052.01,W 63 St & Broadway,284941,143093,141848,284941,40.77163866829895,-73.98261418615044,2020,2025,3,12,1,12,72,lifetime_aggregate,81,28.426937506360964,1
nyc,7057.07,E 78 St & 2 Ave,148669,74453,74216,148669,40.77279672404897,-73.95577800675068,2020,2025,3,12,1,12,72,lifetime_aggregate,84,56.50135535989345,1
nyc,7059.01,11 Ave & W 59 St,289510,144519,144991,289510,40.771496796366044,-73.9904602279073,2020,2025,3,12,1,12,72,lifetime_aggregate,70,24.178784843356016,1
nyc,7059.04,W 59 St & West End Ave,22501,11191,11310,22501,40.771771,-73.990625,2020,2020,1,3,5,7,3,lifetime_aggregate,65,288.87604995333544,1
nyc,7059.08,West End Ave & W 60 St,376587,188166,188421,376587,40.77237,-73.99005000000001,2020,2025,3,12,7,12,66,lifetime_aggregate,75,19.915716686980698,1
nyc,7060.02,21 Ave & 80 St,7724,3856,3868,7724,40.770888,-73.889914,2023,2025,2,12,1,12,36,lifetime_aggregate,18,233.0398757120663,1
nyc,7062.07,18 St & 27 Ave,48139,24073,24066,48139,40.772768275405866,-73.92743645308224,2020,2025,3,12,12,12,61,lifetime_aggregate,27,56.087579717069325,1
nyc,7066.01,20 Ave & 48 St,12770,6335,6435,12770,40.772899,-73.896849,2023,2025,2,12,1,12,36,lifetime_aggregate,16,125.29365700861393,1
nyc,7068.07,8 St & Astoria Blvd,29961,14937,15024,29961,40.772599698151446,-73.93266275891915,2020,2025,3,12,12,12,61,lifetime_aggregate,31,103.46784152731885,1
nyc,7074.01,Steinway St & Ditmars Blvd,24030,12058,11972,24030,40.772717,-73.906127,2023,2025,2,12,1,12,36,lifetime_aggregate,41,170.6200582605077,1
nyc,7079.06,Central Park W & W 68 St,148381,74812,73569,148381,40.7734066,-73.97782542,2025,2025,1,12,1,12,12,lifetime_aggregate,30,20.218222009556477,1
nyc,7079.06,Central Park West & W 68 St,255070,128718,126352,255070,40.77340678300974,-73.97782521582445,2020,2023,2,12,1,12,48,lifetime_aggregate,30,11.761477241541538,1
nyc,7082.08,23 Ave & 31 St,44497,22197,22300,44497,40.77423337175084,-73.91274851946518,2023,2025,2,11,7,12,30,lifetime_aggregate,32,71.91496055913882,1
nyc,7082.14,23 Rd & 31 St,16678,8368,8310,16678,40.77336750297945,-73.91382560144844,2023,2025,2,12,1,12,36,lifetime_aggregate,20,119.91845545029379,1
nyc,7084.12,E 81 St & York Ave,198647,100301,98346,198647,40.77283826993146,-73.94989222269345,2020,2025,3,12,1,12,72,lifetime_aggregate,44,22.149843692580305,1
nyc,7092.06,E 77 St & 3 Ave,216760,108629,108131,216760,40.77314224236199,-73.95856171253381,2020,2025,3,12,1,12,72,lifetime_aggregate,52,23.98966599003506,1
nyc,7098.05,27 Ave & 9 St,46240,23147,23093,46240,40.77398265110682,-73.93091327167632,2020,2025,3,12,1,12,72,lifetime_aggregate,27,58.39100346020761,1
nyc,7100.07,5 Ave & E 72 St,391081,195429,195652,391081,40.77282811311605,-73.96685283891249,2020,2025,3,12,1,12,72,lifetime_aggregate,14,3.579821060087297,1
nyc,7100.07,5 Ave & E 73 St,6853,3348,3505,6853,40.772828121010505,-73.96685254098817,2020,2020,1,11,1,11,11,lifetime_aggregate,14,204.29009193054137,1
nyc,7111.1,36 St & Ditmars Blvd,10422,4463,5959,10422,40.774306,-73.908335,2023,2025,2,12,1,11,35,lifetime_aggregate,34,326.2329687200154,1
nyc,7111.10,36 St & Ditmars Blvd,32962,17173,15789,32962,40.774306,-73.908335,2023,2025,2,12,1,12,36,lifetime_aggregate,34,103.14908075966264,1
nyc,7113.05,E 85 St & East End Ave,6114,3126,2988,6114,40.77431811323298,-73.94548773775047,2023,2023,1,5,1,5,5,lifetime_aggregate,15,245.33856722276744,1
nyc,7113.08,East End Ave & E 86 St,105686,52664,53022,105686,40.77518501993882,-73.94446096315627,2020,2025,3,12,1,12,72,lifetime_aggregate,7,6.623393826996954,1
nyc,7116.04,W 67 St & Broadway,335673,168745,166928,335673,40.774925087676124,-73.98266576434641,2020,2025,3,12,1,12,72,lifetime_aggregate,36,10.724723168083223,1
nyc,7119.04,24 Ave & 29 St,47700,23808,23892,47700,40.7729,-73.916142,2020,2025,3,12,1,12,72,lifetime_aggregate,29,60.79664570230608,1
nyc,7121.02,E 80 St & 2 Ave,93856,46881,46975,93856,40.773913902385125,-73.9543953537798,2023,2025,2,12,1,12,36,lifetime_aggregate,74,78.84418683941357,1
nyc,7121.05,E 81 St & 2 Ave,54419,27857,26562,54419,40.77477901193817,-73.95427497171296,2020,2020,1,12,1,12,12,lifetime_aggregate,67,123.11876366710158,1
nyc,7121.13,E 81 St & 1 Ave,58075,28923,29152,58075,40.77377781082356,-73.95197331888451,2023,2023,1,10,3,12,10,lifetime_aggregate,64,110.20232458028411,1
nyc,7123.04,W 64 St & Thelonious Monk Circle,292488,147115,145373,292488,40.77515967742818,-73.98918696380272,2020,2025,3,12,1,12,72,lifetime_aggregate,21,7.1797817346352675,1
nyc,7126.01,21 St & Hoyt Ave S,80833,40473,40360,80833,40.774645,-73.923706,2020,2025,3,12,1,12,72,lifetime_aggregate,72,89.07253225786499,1
nyc,7128.08,E 76 St & Park Ave,186178,93034,93144,186178,40.773763,-73.96222091481975,2020,2025,3,12,1,12,72,lifetime_aggregate,44,23.633297167227063,1
nyc,7132.08,27 Ave & 3 St,31510,15718,15792,31510,40.77485,-73.9342,2020,2025,3,12,1,12,72,lifetime_aggregate,18,57.124722310377656,1
nyc,7137.04,Steinway St & 21 Ave,34523,17213,17310,34523,40.774798,-73.903787,2023,2025,2,12,1,12,36,lifetime_aggregate,31,89.79520899110737,1
nyc,7141.07,Central Park W & W 72 St,142702,71577,71125,142702,40.77579376683666,-73.9762057363987,2025,2025,1,12,1,12,12,lifetime_aggregate,52,36.439573376687086,1
nyc,7141.07,Central Park West & W 72 St,258561,129716,128845,258561,40.775793868233855,-73.9762058525379,2020,2023,2,12,1,12,48,lifetime_aggregate,52,20.11130835663538,1
nyc,7144.01,31 St & 23 Ave,54787,27381,27406,54787,40.774787909518835,-73.91255503888067,2020,2023,2,12,1,7,43,lifetime_aggregate,35,63.88376804716447,1
nyc,7144.02,31 St & Ditmars Blvd,115815,57857,57958,115815,40.776168,-73.910485,2023,2025,2,12,1,12,36,lifetime_aggregate,49,42.30885463886371,1
nyc,7146.04,E 85 St & York Ave,119827,60479,59348,119827,40.77536903041973,-73.94803394521072,2020,2025,3,12,1,12,72,lifetime_aggregate,47,39.22321346608027,1
nyc,7149.05,Amsterdam Ave & W 66 St,181936,90981,90955,181936,40.77466706741172,-73.98470577161807,2020,2025,3,12,1,12,72,lifetime_aggregate,67,36.82613666344209,1
nyc,7152.1,24 Ave & 26 St,8998,4475,4523,8998,40.774591,-73.918544,2023,2025,2,11,1,9,33,lifetime_aggregate,31,344.5210046677039,1
nyc,7152.10,24 Ave & 26 St,39655,19775,19880,39655,40.774591,-73.918544,2020,2025,3,12,1,12,72,lifetime_aggregate,31,78.1742529315345,1
nyc,7154.07,E 81 St & 3 Ave,101273,50840,50433,101273,40.7757301754049,-73.95675278361254,2020,2023,2,12,1,12,48,lifetime_aggregate,50,49.371500794881165,1
nyc,7154.1,3 Ave & E 82 St,31225,900,30325,31225,40.775744,-73.9563752,2025,2025,1,12,1,12,12,lifetime_aggregate,51,163.3306645316253,1
nyc,7154.10,3 Ave & E 82 St,80271,54731,25540,80271,40.775744,-73.9563752,2025,2025,1,12,1,12,12,lifetime_aggregate,51,63.5347759464813,1
nyc,7159.08,Astoria Park S & Shore Blvd,100476,50265,50211,100476,40.7767,-73.927631,2020,2025,3,12,1,12,72,lifetime_aggregate,12,11.943150603129105,1
nyc,7161.08,5 Ave & E 78 St,285755,143780,141975,285755,40.77632128510346,-73.9642739444961,2020,2025,3,12,1,12,72,lifetime_aggregate,41,14.34795541635317,1
nyc,7163.07,20 Ave & 42 St,13289,6608,6681,13289,40.775415,-73.900063,2023,2025,2,12,1,12,36,lifetime_aggregate,15,112.87531040710363,1
nyc,7165.01,26 Ave & 2 St,13617,6816,6801,13617,40.77684387,-73.93463418,2023,2025,2,12,12,12,25,lifetime_aggregate,14,102.81266064478226,1
nyc,7170.04,35 St & 21 Ave,19512,9733,9779,19512,40.776745,-73.906558,2023,2025,2,12,1,12,36,lifetime_aggregate,29,148.62648626486265,1
nyc,7175.05,Columbus Ave & W 72 St,461340,234920,226420,461340,40.77705765655304,-73.9789848250486,2020,2025,3,12,1,12,72,lifetime_aggregate,59,12.7888325313218,1
nyc,7178.02,23 Ave & 27 St,39530,19744,19786,39530,40.776165,-73.91531765302152,2020,2025,3,12,1,12,72,lifetime_aggregate,20,50.59448520111307,1
nyc,7180.02,E 84 St & 1 Ave,215333,107493,107840,215333,40.77565527306958,-73.9506860999035,2020,2025,3,12,1,12,72,lifetime_aggregate,45,20.897865166973943,1
nyc,7183.03,Riverside Blvd & W 67 St,321390,161504,159886,321390,40.77750701863696,-73.98888591158659,2020,2025,3,12,1,12,72,lifetime_aggregate,18,5.6006720806496775,1
nyc,7186.15,19 St & 24 Ave,63696,31791,31905,63696,40.777455136393264,-73.9225402045899,2020,2025,3,12,1,12,72,lifetime_aggregate,12,18.839487565938207,1
nyc,7188.1,E 81 St & Park Ave,21281,10490,10791,21281,40.77677701999065,-73.95900970014029,2023,2025,2,11,1,9,33,lifetime_aggregate,17,79.88346412292655,1
nyc,7188.10,E 81 St & Park Ave,91559,46831,44728,91559,40.77677701348084,-73.95900979144835,2020,2025,3,12,1,12,72,lifetime_aggregate,17,18.567262639390997,1
nyc,7188.13,Madison Ave & E 82 St,191569,95855,95714,191569,40.7781312712263,-73.96069398566613,2020,2025,3,12,1,12,72,lifetime_aggregate,19,9.918097395716426,1
nyc,7196.04,20 Ave & 38 St,27856,13857,13999,27856,40.777112,-73.902382,2023,2025,2,12,1,12,36,lifetime_aggregate,30,107.69672601952901,1
nyc,72,W 52 St & 11 Ave,91342,45688,45654,91342,40.76727216,-73.99392888,2019,2019,1,12,1,12,12,lifetime_aggregate,55,60.21326443476166,1
nyc,7202.07,31 St & 21 Ave,30720,15394,15326,30720,40.77813,-73.90842,2023,2025,2,12,1,12,36,lifetime_aggregate,23,74.86979166666667,1
nyc,7204.08,E 89 St & York Ave,177712,88915,88797,177712,40.77794520226275,-73.946041,2020,2025,3,12,1,12,72,lifetime_aggregate,44,24.759160889529124,1
nyc,7207.08,W 70 St & Amsterdam Ave,351806,177193,174613,351806,40.777480310016536,-73.9828859537874,2020,2025,3,12,1,12,72,lifetime_aggregate,94,26.71927141663303,1
nyc,7210.07,21 St & 23 Ave,21977,10979,10998,21977,40.778557,-73.919046,2020,2025,3,12,12,12,61,lifetime_aggregate,4,18.20084633935478,1
nyc,7212.05,E 85 St & 3 Ave,345741,172751,172990,345741,40.778012019977005,-73.95407132629121,2020,2025,3,12,1,12,72,lifetime_aggregate,96,27.766449452046473,1
nyc,7220.01,Steinway St & 19 Ave,10871,5409,5462,10871,40.778089,-73.899558,2023,2025,2,12,1,12,36,lifetime_aggregate,10,91.98785760279644,1
nyc,7230.1,W 74 St & Columbus Ave,26568,9234,17334,26568,40.77856690005528,-73.97754961021559,2023,2025,2,12,1,10,34,lifetime_aggregate,56,210.77988557663355,1
nyc,7230.10,W 74 St & Columbus Ave,133875,71371,62504,133875,40.77856692800141,-73.97754973813068,2020,2025,3,12,1,12,72,lifetime_aggregate,56,41.830065359477125,1
nyc,7233.05,Crescent St & Ditmars Blvd,40555,20259,20296,40555,40.778718652137364,-73.91456465213736,2020,2025,3,12,1,12,72,lifetime_aggregate,15,36.98680803846628,1
nyc,7235.13,E 88 St & 1 Ave,227997,113773,114224,227997,40.778301,-73.94881326965077,2020,2025,3,12,1,12,72,lifetime_aggregate,64,28.07054478787002,1
nyc,7243.04,E 84 St & Park Ave,163411,82033,81378,163411,40.778626915972495,-73.95772081763168,2020,2025,3,12,1,12,72,lifetime_aggregate,30,18.358617228950315,1
nyc,7253.04,Central Park W & W 76 St,93324,46925,46399,93324,40.77896784,-73.97374737,2025,2025,1,12,1,12,12,lifetime_aggregate,30,32.14607175003214,1
nyc,7253.04,Central Park West & W 76 St,154582,77813,76769,154582,40.778967904809036,-73.97374718955915,2020,2023,2,12,1,12,48,lifetime_aggregate,30,19.40717547968069,1
nyc,7256.01,20 Ave & 31 St,8786,4373,4413,8786,40.78001336605384,-73.90667617318563,2023,2025,2,12,1,12,36,lifetime_aggregate,25,284.5435920783064,1
nyc,7260.09,Amsterdam Ave & W 73 St,441049,221921,219128,441049,40.77966806072774,-73.98093030175953,2020,2025,3,12,1,12,72,lifetime_aggregate,97,21.99302118358731,1
nyc,7265.1,E 89 St & 3 Ave,28683,15467,13216,28683,40.7806283998209,-73.95216670013433,2023,2025,2,12,1,9,33,lifetime_aggregate,68,237.07422515078616,1
nyc,7265.10,E 89 St & 3 Ave,172410,85372,87038,172410,40.78062827000949,-73.95216679197944,2020,2025,3,12,1,12,72,lifetime_aggregate,68,39.44086769908938,1
nyc,7271.01,Shore Blvd & Astoria Park,27048,13640,13408,27048,40.77977,-73.923162,2023,2025,2,12,1,12,36,lifetime_aggregate,0,0.0,1
nyc,7281.09,W 76 St & Columbus Ave,206975,108409,98566,206975,40.7801839743656,-73.97728521327939,2020,2025,3,12,1,12,72,lifetime_aggregate,46,22.22490638966059,1
nyc,7284.01,21 Ave & Crescent St,49590,24793,24797,49590,40.780478,-73.912212,2023,2025,2,12,1,12,36,lifetime_aggregate,13,26.21496269409155,1
nyc,7286.01,E 91 St & 2 Ave,235485,117793,117692,235485,40.78115235866616,-73.94963067407159,2020,2025,3,12,1,12,72,lifetime_aggregate,67,28.45191838121324,1
nyc,7286.02,E 93 St & 2 Ave,125675,62307,63368,125675,40.78245411842658,-73.94891974005928,2020,2025,3,12,1,12,72,lifetime_aggregate,72,57.29063059478815,1
nyc,7286.05,1 Ave & E 94 St,123509,61602,61907,123509,40.78172113510103,-73.94594,2020,2025,3,12,1,12,72,lifetime_aggregate,39,31.576646236306665,1
nyc,7288.04,Riverside Dr & W 72 St,266965,133473,133492,266965,40.78057798782412,-73.98562421142441,2020,2025,3,12,1,12,72,lifetime_aggregate,30,11.237428127282602,1
nyc,7291.06,Ditmars Blvd & 19 St,60039,30007,30032,60039,40.78145,-73.91833013601027,2020,2025,3,12,1,12,72,lifetime_aggregate,11,18.32142440746848,1
nyc,7293.1,E 88 St & Park Ave,43665,16120,27545,43665,40.78141070032079,-73.95595908161417,2023,2025,2,11,1,9,33,lifetime_aggregate,29,66.41474865452881,1
nyc,7293.10,E 88 St & Park Ave,129382,70646,58736,129382,40.78141079226694,-73.95595905506087,2020,2025,3,12,1,12,72,lifetime_aggregate,29,22.414246185713623,1
nyc,7304.04,Central Park West & W 82 St,1740,928,812,1740,40.782593,-73.971211,2020,2020,1,1,1,1,1,lifetime_aggregate,84,4827.586206896552,1
nyc,7304.08,W 82 St & Central Park W,90884,45858,45026,90884,40.78275,-73.97137,2025,2025,1,12,1,12,12,lifetime_aggregate,87,95.72642049205581,1
nyc,7304.08,W 82 St & Central Park West,118760,61093,57667,118760,40.78275,-73.97137,2020,2023,2,12,1,12,48,lifetime_aggregate,87,73.25698888514651,1
nyc,7311.02,Amsterdam Ave & W 79 St,290967,146078,144889,290967,40.782939075494426,-73.97865177079532,2020,2025,3,12,1,12,72,lifetime_aggregate,69,23.714029426017383,1
nyc,7311.07,W 78 St & Broadway,109448,56112,53336,109448,40.7833998100539,-73.9809313299064,2023,2025,2,12,6,12,31,lifetime_aggregate,55,50.252174548644106,1
nyc,7311.1,W 78 St & Amsterdam Ave,35057,17558,17499,35057,40.78253596203906,-73.97908500299195,2020,2020,1,5,8,12,5,lifetime_aggregate,87,248.16727044527482,1
nyc,7314.03,21 St & 21 Ave,35496,17713,17783,35496,40.782465,-73.914527,2023,2025,2,12,1,12,36,lifetime_aggregate,9,25.35496957403651,1
nyc,7323.09,5 Ave & E 87 St,259757,129667,130090,259757,40.78232261021915,-73.95987510601991,2023,2025,2,12,1,12,36,lifetime_aggregate,22,8.469454143680439,1
nyc,7323.1,5 Ave & E 88 St,103257,51671,51586,103257,40.78307,-73.95939,2020,2020,1,12,1,12,12,lifetime_aggregate,16,15.495317508740328,1
nyc,7327.01,Wards Meadow Comfort Station,69904,35104,34800,69904,40.78294,-73.93077,2020,2025,3,12,10,12,63,lifetime_aggregate,0,0.0,1
nyc,7338.02,2 Ave & E 96 St,193635,96576,97059,193635,40.78396372769055,-73.9471671998609,2020,2025,3,12,1,12,72,lifetime_aggregate,102,52.67642729878379,1
nyc,7340.06,Riverside Dr & W 78 St,124227,63760,60467,124227,40.784144804537654,-73.98362493966184,2020,2025,3,12,1,12,72,lifetime_aggregate,14,11.269691773929983,1
nyc,7340.07,West End Ave & W 78 St,41076,21405,19671,41076,40.783786,-73.981687,2020,2023,2,12,2,6,41,lifetime_aggregate,32,77.9043723829,1
nyc,7342.01,21 Ave & Shore Blvd,25304,12622,12682,25304,40.783956,-73.916894,2023,2025,2,12,1,12,36,lifetime_aggregate,6,23.711666139740753,1
nyc,7344.01,E 94 St & Madison Ave,69314,34527,34787,69314,40.78585105291389,-73.95482444378061,2023,2025,2,12,8,12,29,lifetime_aggregate,25,36.06774966096315,1
nyc,7344.05,E 91 St & Park Ave,161868,81139,80729,161868,40.78350172879958,-73.955327,2020,2025,3,12,1,12,72,lifetime_aggregate,20,12.35574665777053,1
nyc,7354.01,Central Park W & W 85 St,108541,54409,54132,108541,40.78476,-73.969862,2025,2025,1,12,1,12,12,lifetime_aggregate,61,56.19996130494468,1
nyc,7354.01,Central Park West & W 85 St,142596,71437,71159,142596,40.78476,-73.969862,2020,2023,2,12,8,12,41,lifetime_aggregate,61,42.77819854694381,1
nyc,7354.02,Central Park West & W 85 St,1893,946,947,1893,40.78472662280077,-73.96961712456016,2020,2020,1,7,1,7,7,lifetime_aggregate,54,2852.614896988907,1
nyc,7354.02,Central Park West & W 85 St (old),42636,21471,21165,42636,40.784727,-73.969617,2020,2020,1,7,1,7,7,lifetime_aggregate,54,126.65353222628764,1
nyc,7360.1,Amsterdam Ave & W 82 St,46172,22577,23595,46172,40.78524672022283,-73.97667320983288,2023,2025,2,11,1,10,34,lifetime_aggregate,40,86.63259118080221,1
nyc,7360.10,Amsterdam Ave & W 82 St,233870,118563,115307,233870,40.78524680394953,-73.97667314188612,2020,2025,3,12,1,12,72,lifetime_aggregate,40,17.10351904904434,1
nyc,7363.03,21 St & 20 Ave,5289,2678,2611,5289,40.78393602019729,-73.91273114065842,2025,2025,1,12,1,12,12,lifetime_aggregate,6,113.44299489506524,1
nyc,7363.04,20 Ave & 21 St,5983,3008,2975,5983,40.784003,-73.912297,2023,2023,1,12,1,12,12,lifetime_aggregate,5,83.57011532675915,1
nyc,7365.08,E 97 St & 3 Ave,71871,35931,35940,71871,40.78592006739944,-73.94860295400252,2020,2025,3,12,1,12,72,lifetime_aggregate,46,64.00356193735999,1
nyc,7365.13,E 95 St & 3 Ave,116793,58285,58508,116793,40.784903135353964,-73.950503,2020,2025,3,12,1,12,72,lifetime_aggregate,27,23.11782384218232,1
nyc,7372.1,5 Ave & E 93 St,17312,14893,2419,17312,40.78578509886377,-73.957481,2023,2023,1,8,1,8,8,lifetime_aggregate,11,63.539741219963034,1
nyc,7372.10,5 Ave & E 93 St,72241,30142,42099,72241,40.78578504155943,-73.957481,2020,2023,2,12,1,8,44,lifetime_aggregate,11,15.226810260101603,1
nyc,7382.04,W 84 St & Columbus Ave,208376,105801,102575,208376,40.78499986031847,-73.97283403797775,2020,2025,3,12,1,12,72,lifetime_aggregate,84,40.3117441547971,1
nyc,7386.1,2 Ave & E 99 St,9398,4998,4400,9398,40.786258600073566,-73.94552579003862,2023,2025,2,11,1,11,35,lifetime_aggregate,56,595.8714620131942,1
nyc,7386.10,2 Ave & E 99 St,69519,34388,35131,69519,40.78625714096038,-73.94552445819757,2020,2025,3,12,1,12,72,lifetime_aggregate,56,80.55351774335074,1
nyc,7388.1,Riverside Dr & W 82 St,13266,10686,2580,13266,40.78720869037111,-73.98128126967677,2023,2025,2,12,1,12,36,lifetime_aggregate,16,120.60907583295642,1
nyc,7388.10,Riverside Dr & W 82 St,158482,77369,81113,158482,40.78720878769158,-73.98128117988765,2020,2025,3,12,1,12,72,lifetime_aggregate,16,10.095783748312112,1
nyc,7391.02,20 Ave & Shore Blvd,7871,3918,3953,7871,40.785994,-73.915098,2023,2025,2,12,1,12,36,lifetime_aggregate,7,88.93406174564859,1
nyc,7393.09,E 97 St & Madison Ave,189556,94815,94741,189556,40.787801,-73.953559,2020,2025,3,12,1,12,72,lifetime_aggregate,165,87.04551689210577,1
nyc,7407.13,E 102 St & 1 Ave,147187,73410,73777,147187,40.786994723835775,-73.94164801351276,2020,2025,3,12,1,12,72,lifetime_aggregate,74,50.27617928213769,1
nyc,7409.04,W 84 St & Amsterdam Ave,104601,53366,51235,104601,40.78621007900639,-73.97560020430592,2023,2025,2,12,8,12,29,lifetime_aggregate,54,51.62474546132446,1
nyc,7409.08,W 84 St & Broadway,79672,41209,38463,79672,40.78679486448897,-73.977112,2020,2023,2,12,1,8,44,lifetime_aggregate,39,48.95069786123104,1
nyc,7414.17,3 Ave & E 100 St,64223,32055,32168,64223,40.78772127094081,-73.94728320997913,2020,2025,3,12,1,12,72,lifetime_aggregate,73,113.66644348597855,1
nyc,7432.04,W 90 St & Amsterdam Ave,73517,37114,36403,73517,40.79017923657835,-73.97288909097726,2020,2023,2,12,1,12,48,lifetime_aggregate,47,63.93079151760817,1
nyc,7432.09,W 89 St & Columbus Ave,235041,121707,113334,235041,40.78822120230428,-73.97041573044105,2020,2025,3,12,1,12,72,lifetime_aggregate,37,15.741934385915648,1
nyc,7436.11,2 Ave & E 104 St,66935,33450,33485,66935,40.78921073366201,-73.9437079080144,2020,2023,2,12,1,12,48,lifetime_aggregate,49,73.2053484723986,1
nyc,7436.16,E 103 St & 2 Ave,38596,19277,19319,38596,40.78864,-73.9436,2025,2025,1,12,1,12,12,lifetime_aggregate,95,246.13949632086226,1
nyc,7443.01,Madison Ave & E 99 St,127247,63706,63541,127247,40.78948527512325,-73.9524291950451,2020,2025,3,12,1,12,72,lifetime_aggregate,56,44.008896083994124,1
nyc,7443.17,E 98 St & Park Ave,75400,37515,37885,75400,40.78813,-73.95206,2020,2025,3,12,1,12,72,lifetime_aggregate,34,45.09283819628647,1
nyc,7450.05,Pleasant Ave & E 116 St,102329,50978,51351,102329,40.79498793692573,-73.93333493692573,2020,2023,2,12,1,12,48,lifetime_aggregate,73,71.33852573561747,1
nyc,7453.01,Central Park W & W 91 St,228631,114578,114053,228631,40.788664985757755,-73.96680064031496,2020,2025,3,12,8,10,63,lifetime_aggregate,26,11.372036163074998,1
nyc,7453.08,W 94 St & Central Park W,6561,3328,3233,6561,40.790431,-73.965894,2025,2025,1,3,10,12,3,lifetime_aggregate,34,518.2136869379667,1
nyc,7456.03,E 106 St & 1 Ave,79646,39659,39987,79646,40.78925292316204,-73.93956225126044,2020,2025,3,12,1,12,72,lifetime_aggregate,80,100.44446676543706,1
nyc,7458.03,W 87 St & Amsterdam Ave,184445,92907,91538,184445,40.78839,-73.9747,2020,2025,3,12,1,12,72,lifetime_aggregate,59,31.98785545826669,1
nyc,7458.09,W 90 St & Amsterdam Ave,58580,29383,29197,58580,40.79018,-73.97289,2025,2025,1,12,1,12,12,lifetime_aggregate,47,80.2321611471492,1
nyc,7463.09,E 103 St & Lexington Ave,105040,52409,52631,105040,40.79030506741265,-73.94755770401545,2020,2025,3,12,1,12,72,lifetime_aggregate,94,89.48971820258949,1
nyc,7482.15,E 106 St & 2 Ave,16688,8355,8333,16688,40.790586067739724,-73.94195795063015,2023,2023,1,8,1,8,8,lifetime_aggregate,67,401.4860977948226,1
nyc,7484.05,W 87 St & West End Ave,186644,95144,91500,186644,40.789622,-73.97757,2020,2025,3,12,1,12,72,lifetime_aggregate,25,13.39448361586764,1
nyc,7488.24,E 102 St & Park Ave,83540,41657,41883,83540,40.790482858089746,-73.95033077723373,2020,2025,3,12,1,12,72,lifetime_aggregate,58,69.42781900885802,1
nyc,7499.05,Central Park W & W 96 St,49712,25810,23902,49712,40.79127,-73.964839,2020,2020,1,8,1,8,8,lifetime_aggregate,73,146.84583199227552,1
nyc,7502.01,W 92 St & Broadway,161813,81408,80405,161813,40.7921,-73.9739,2020,2025,3,12,1,12,72,lifetime_aggregate,51,31.517863212473657,1
nyc,7504.12,E 109 St & 3 Ave,20570,10211,10359,20570,40.79329695571571,-73.94320801375392,2020,2020,1,12,1,12,12,lifetime_aggregate,71,345.16285853184246,1
nyc,7504.18,E 106 St & Lexington Ave,85229,42371,42858,85229,40.791976,-73.945993,2020,2025,3,12,1,12,72,lifetime_aggregate,73,85.65159746095813,1
nyc,7504.19,3 Ave & E 109 St,32647,16261,16386,32647,40.79338,-73.94329,2023,2025,2,12,8,12,29,lifetime_aggregate,71,217.47786932949427,1
nyc,7511.19,5 Ave & E 103 St,218788,109111,109677,218788,40.79225520180812,-73.95249922198893,2020,2025,3,12,1,12,72,lifetime_aggregate,36,16.454284512861765,1
nyc,7514.01,Icahn Stadium,18817,9380,9437,18817,40.793459999999996,-73.92389,2020,2023,2,12,10,10,37,lifetime_aggregate,2,10.62868682574268,1
nyc,7514.06,Icahn Stadium Plaza,23324,11647,11677,23324,40.79322,-73.92396,2025,2025,1,12,1,12,12,lifetime_aggregate,2,8.574858514834505,1
nyc,7520.07,Columbus Ave & W 95 St,307879,155788,152091,307879,40.79195579233219,-73.968087,2020,2025,3,12,1,12,72,lifetime_aggregate,34,11.043299478041698,1
nyc,7522.02,1 Ave & E 110 St,132574,66014,66560,132574,40.79232713639859,-73.9383,2020,2025,3,12,1,12,72,lifetime_aggregate,77,58.08076998506495,1
nyc,7524.09,West End Ave & W 94 St,150888,75960,74928,150888,40.7941652703377,-73.974124,2020,2025,3,12,1,12,72,lifetime_aggregate,35,23.196012936747785,1
nyc,7524.16,Riverside Dr & W 91 St,142597,72665,69932,142597,40.79313486561085,-73.97700378715926,2020,2025,3,12,1,12,72,lifetime_aggregate,8,5.61021620370695,1
nyc,7528.31,E 106 St & Madison Ave,98138,48902,49236,98138,40.79343378905467,-73.94945002034962,2020,2025,3,12,1,12,72,lifetime_aggregate,38,38.72098473578023,1
nyc,7538.12,Central Park West & W 100 St,39563,20059,19504,39563,40.79406697558661,-73.96286801372484,2020,2020,1,8,1,8,8,lifetime_aggregate,24,60.66274043929935,1
nyc,7538.14,W 100 St & Manhattan Ave,171549,85951,85598,171549,40.795,-73.9645,2020,2025,3,12,1,12,72,lifetime_aggregate,13,7.578009781461857,1
nyc,7538.18,Central Park W & W 97 St,224242,112333,111909,224242,40.79249516215908,-73.96417071465874,2020,2025,3,12,8,12,65,lifetime_aggregate,33,14.716244057759027,1
nyc,7540.02,E 114 St & 1 Ave,71432,35414,36018,71432,40.79456620296472,-73.93625406765491,2020,2025,3,12,1,12,72,lifetime_aggregate,43,60.19711053869415,1
nyc,7540.05,Pleasant Ave & E 116 St,52454,26171,26283,52454,40.79499,-73.93333,2025,2025,1,12,1,12,12,lifetime_aggregate,73,139.16955808899226,1
nyc,7541.01,W 95 St & Broadway,199359,100138,99221,199359,40.793770262048234,-73.971888,2020,2025,3,12,1,12,72,lifetime_aggregate,122,61.19613360821433,1
nyc,7543.15,3 Ave & E 112 St,60397,30080,30317,60397,40.795508,-73.941606,2020,2025,3,12,1,12,72,lifetime_aggregate,38,62.917032302928945,1
nyc,7563.06,E 116 St & 2 Ave,60454,30082,30372,60454,40.796879,-73.937261,2020,2025,3,12,1,12,72,lifetime_aggregate,103,170.37747709001886,1
nyc,7567.06,Lexington Ave & E 111 St,113006,56213,56793,113006,40.795412067817885,-73.94412313563578,2020,2025,3,12,1,12,72,lifetime_aggregate,102,90.26069412243598,1
nyc,7571.01,Sunken Meadow Comfort Station,28782,14443,14339,28782,40.79558,-73.91906,2020,2025,3,12,10,12,63,lifetime_aggregate,0,0.0,1
nyc,7575.01,Randall's Island - Field 10,407,196,211,407,40.795098,-73.923734,2023,2023,1,1,12,12,1,lifetime_aggregate,0,0.0,1
nyc,7577.24,Central Park West & W 102 St,10512,5471,5041,10512,40.795346,-73.96186,2020,2020,1,7,1,7,7,lifetime_aggregate,28,266.3622526636225,1
nyc,7577.27,Central Park W & W 103 St,139461,70028,69433,139461,40.79559537621163,-73.96188026409821,2020,2025,3,12,8,12,65,lifetime_aggregate,29,20.79434393844874,1
nyc,7579.01,Pleasant Ave & E 120 St,52915,26315,26600,52915,40.79747713686518,-73.93118478301555,2020,2025,3,12,1,12,72,lifetime_aggregate,19,35.90664272890485,1
nyc,7579.11,E 117 St & 1 Ave,22082,10934,11148,22082,40.79656826069032,-73.93459528672227,2023,2023,1,10,3,12,10,lifetime_aggregate,134,606.8290915677928,1
nyc,7580.01,W 100 St & Broadway,230097,116487,113610,230097,40.797372066648414,-73.97041193964216,2020,2025,3,12,1,12,72,lifetime_aggregate,68,29.552753838598505,1
nyc,7587.14,E 110 St & Madison Ave,45503,22665,22838,45503,40.79615395701962,-73.94782101688772,2020,2020,1,12,1,12,12,lifetime_aggregate,51,112.08052216337384,1
nyc,7587.16,W 111 St & 5 Ave,109145,54479,54666,109145,40.797520781456605,-73.94893974090564,2023,2025,2,12,1,12,36,lifetime_aggregate,50,45.81061890146136,1
nyc,7595.17,Columbus Ave & W 103 St,64889,34041,30848,64889,40.79693478633129,-73.96434115570361,2020,2025,3,12,1,12,72,lifetime_aggregate,13,20.03421227018447,1
nyc,7596.1,E 118 St & 1 Ave,22981,11390,11591,22981,40.79747,-73.93504,2020,2023,2,12,1,3,39,lifetime_aggregate,70,304.5994517209869,1
nyc,7596.11,1 Ave & E 118 St,39578,19828,19750,39578,40.797459,-73.934499,2025,2025,1,12,1,12,12,lifetime_aggregate,100,252.66562231542775,1
nyc,7599.02,E 115 St & Madison Ave,59966,29875,30091,59966,40.79894465129619,-73.944846,2020,2025,3,12,1,12,72,lifetime_aggregate,52,86.71580562318647,1
nyc,7599.09,E 115 St & Lexington Ave,87219,43530,43689,87219,40.797911,-73.9423,2020,2025,3,12,1,12,72,lifetime_aggregate,88,100.89544709294992,1
nyc,7602.05,Lenox Ave & W 111 St,220856,109988,110868,220856,40.79878592424032,-73.9523,2020,2025,3,12,1,12,72,lifetime_aggregate,69,31.24207628500018,1
nyc,7606.01,W 106 St & Central Park W,66098,33381,32717,66098,40.7981856,-73.9605909006,2025,2025,1,12,1,12,12,lifetime_aggregate,17,25.719386365699414,1
nyc,7606.01,W 106 St & Central Park West,130134,65562,64572,130134,40.79818578394039,-73.96059093832703,2020,2023,2,12,1,12,48,lifetime_aggregate,17,13.063457666712774,1
nyc,7610.13,W 104 St & Amsterdam Ave,129797,66000,63797,129797,40.79904126570712,-73.96649485636489,2020,2025,3,12,1,12,72,lifetime_aggregate,50,38.52169156451998,1
nyc,7611.02,E 118 St & 3 Ave,82905,41301,41604,82905,40.799139,-73.9389151357275,2020,2025,3,12,1,12,72,lifetime_aggregate,93,112.17658766057535,1
nyc,7613.04,E 134 St & Walnut Ave,3546,1761,1785,3546,40.800425,-73.911034,2020,2025,3,12,5,12,68,lifetime_aggregate,19,535.8150028200789,1
nyc,7617.07,Central Park North & Adam Clayton Powell Blvd,299093,148753,150340,299093,40.799484,-73.955613,2020,2025,3,12,1,12,72,lifetime_aggregate,50,16.71720835994156,1
nyc,7618.01,Bronx Shore Comfort Station,15372,7664,7708,15372,40.800459999999994,-73.92404,2020,2025,3,12,10,12,63,lifetime_aggregate,1,6.505334374186833,1
nyc,7619.05,W 107 St & Columbus Ave,119917,59969,59948,119917,40.799756856652394,-73.96211290257145,2020,2025,3,12,1,12,72,lifetime_aggregate,23,19.179932786844233,1
nyc,7622.12,2 Ave & E 122 St,56271,28027,28244,56271,40.800672069070714,-73.9349,2020,2025,3,12,1,12,72,lifetime_aggregate,58,103.07263066233051,1
nyc,7623.13,Riverside Dr & W 104 St,174732,88262,86470,174732,40.80134327035465,-73.97114582077738,2020,2025,3,12,1,12,72,lifetime_aggregate,18,10.301490282260835,1
nyc,7625.18,E 118 St & Park Ave,40273,19981,20292,40273,40.80053864999287,-73.94199492203317,2020,2025,3,12,1,12,72,lifetime_aggregate,83,206.09341245996075,1
nyc,7626.02,Willow Ave & E 133 St,18856,9396,9460,18856,40.800933,-73.913863,2020,2025,3,12,5,12,68,lifetime_aggregate,32,169.7072549851506,1
nyc,7627.1,Lenox Ave & W 115 St,9960,7997,1963,9960,40.80119390007423,-73.95007390007424,2023,2025,2,11,1,9,33,lifetime_aggregate,105,1054.2168674698794,1
nyc,7627.10,Lenox Ave & W 115 St,82700,37937,44763,82700,40.80119392233044,-73.95007392233045,2020,2025,3,12,1,12,72,lifetime_aggregate,105,126.96493349455865,1
nyc,7631.23,Frederick Douglass Blvd & W 112 St,220335,109903,110432,220335,40.801694,-73.957145,2020,2025,3,12,1,12,72,lifetime_aggregate,47,21.331154832414278,1
nyc,7634.01,W 106 St & Amsterdam Ave,145650,74095,71555,145650,40.80083620341331,-73.96644916761257,2020,2025,3,12,1,12,72,lifetime_aggregate,7,4.806041881222108,1
nyc,7636.05,E 123 St & Lexington Ave,61586,30767,30819,61586,40.802926204110996,-73.9379,2020,2025,3,12,1,12,72,lifetime_aggregate,80,129.89965251842952,1
nyc,7639.06,Walnut Ave & E 136 St,6449,3201,3248,6449,40.801657,-73.909513,2020,2025,3,12,5,12,68,lifetime_aggregate,19,294.6193208249341,1
nyc,7640.04,E 118 St & Madison Ave,81067,40473,40594,81067,40.801486719815664,-73.94425078773999,2020,2025,3,12,1,12,72,lifetime_aggregate,46,56.74318773360307,1
nyc,7642.04,E 133 St & Cypress Pl,6041,3008,3033,6041,40.80262,-73.9174,2020,2025,3,12,5,12,68,lifetime_aggregate,21,347.62456546929315,1
nyc,7643.18,Adam Clayton Powell Blvd & W 115 St,76602,38170,38432,76602,40.802535,-73.95324220290267,2020,2025,3,12,1,12,72,lifetime_aggregate,91,118.7958538941542,1
nyc,7646.04,W 110 St & Amsterdam Ave,173488,87338,86150,173488,40.802692,-73.96295,2020,2025,3,12,1,12,72,lifetime_aggregate,31,17.86867103200221,1
nyc,7648.16,2 Av & E 125 St,26,10,16,26,40.802554,-73.933509,2020,2020,1,1,5,5,1,lifetime_aggregate,199,765384.6153846154,1
nyc,7648.16,2 Ave & E 125 St,71805,35903,35902,71805,40.802554,-73.933509,2020,2025,3,12,5,12,68,lifetime_aggregate,199,277.13947496692435,1
nyc,7650.05,West End Ave & W 107 St,141620,72209,69411,141620,40.802117269742354,-73.96818067730825,2020,2025,3,12,1,12,72,lifetime_aggregate,26,18.358988843383703,1
nyc,7652.04,Lexington Ave & E 120 St,58702,29291,29411,58702,40.801306722640184,-73.93981679030861,2020,2025,3,12,1,12,72,lifetime_aggregate,49,83.47245409015025,1
nyc,7654.04,E 138 St & Willow Ave,11522,5756,5766,11522,40.804168,-73.911545,2020,2025,3,12,5,12,68,lifetime_aggregate,332,2881.4441937163688,1
nyc,7655.22,Lenox Ave & W 117 St,159780,79602,80178,159780,40.80255672098574,-73.9490781353666,2020,2025,3,12,1,12,72,lifetime_aggregate,107,66.96707973463512,1
nyc,7657.03,St Ann's Ave & Bruckner Blvd,8282,4101,4181,8282,40.803399,-73.919763,2023,2025,2,12,10,12,27,lifetime_aggregate,196,2366.578121226757,1
nyc,7657.03,St. Ann's Av & Bruckner Blvd,8134,4019,4115,8134,40.803399,-73.919763,2020,2023,2,12,5,10,42,lifetime_aggregate,196,2409.6385542168678,1
nyc,7658.13,Frederick Douglass Blvd & W 115 St,156798,78175,78623,156798,40.803865272254654,-73.95593085322463,2020,2025,3,12,1,12,72,lifetime_aggregate,91,58.03645454661411,1
nyc,7662.13,Lexington Ave & E 127 St,44517,22013,22504,44517,40.805726,-73.936322,2020,2025,3,12,1,12,72,lifetime_aggregate,65,146.0116360042231,1
nyc,7667.04,Madison Ave & E 120 St,75099,37436,37663,75099,40.80295,-73.942954,2020,2025,3,12,1,12,72,lifetime_aggregate,21,27.963088722885793,1
nyc,7669.1,E 138 St & Cypress Ave,3630,3105,525,3630,40.805559,-73.914718,2023,2025,2,12,1,11,35,lifetime_aggregate,55,1515.1515151515152,1
nyc,7669.10,E 138 St & Cypress Ave,21319,9320,11999,21319,40.805559,-73.914718,2020,2025,3,12,6,12,67,lifetime_aggregate,55,257.9858342323749,1
nyc,7670.09,Adam Clayton Powell Blvd & W 118 St,93760,46706,47054,93760,40.804372,-73.951475,2020,2025,3,12,1,12,72,lifetime_aggregate,47,50.12798634812287,1
nyc,7680.03,Cathedral Pkwy & Broadway,224576,112967,111609,224576,40.804213,-73.96699102709569,2020,2025,3,12,1,12,72,lifetime_aggregate,77,34.28683385579937,1
nyc,7682.01,Park Ave & E 124 St,227761,113673,114088,227761,40.80455565458817,-73.93968606760528,2020,2025,3,12,1,12,72,lifetime_aggregate,90,39.515105746813546,1
nyc,7685.14,Mt Morris Park W & W 120 St,99855,49810,50045,99855,40.804038,-73.945925,2020,2025,3,12,1,12,72,lifetime_aggregate,12,12.017425266636623,1
nyc,7687.05,E 135 St & St Ann's Ave,15043,7499,7544,15043,40.805089,-73.918889,2020,2025,3,12,5,12,68,lifetime_aggregate,77,511.86598417868777,1
nyc,7688.12,Frederick Douglass Blvd & W 117 St,221331,110108,111223,221331,40.805159,-73.954692,2020,2025,3,12,1,12,72,lifetime_aggregate,57,25.75328354365182,1
nyc,7691.05,Willis Ave & Bruckner Blvd,28050,13965,14085,28050,40.805701,-73.925177,2020,2025,3,12,5,12,68,lifetime_aggregate,100,356.50623885918003,1
nyc,7692.11,W 116 St & Amsterdam Ave,122678,62377,60301,122678,40.80675806780085,-73.96070813560169,2020,2025,3,12,1,12,72,lifetime_aggregate,21,17.11798366455273,1
nyc,7696.07,E 128 St & 3 Ave,16226,8236,7990,16226,40.805631,-73.934077,2020,2025,3,12,5,12,68,lifetime_aggregate,49,301.98446937014666,1
nyc,7701.19,5 Ave & E 126 St,21628,10798,10830,21628,40.80698,-73.941747,2020,2020,1,12,1,12,12,lifetime_aggregate,113,522.4708710930275,1
nyc,7701.21,5 Ave & W 126 St,68581,34237,34344,68581,40.80722,-73.9418,2023,2025,2,12,1,12,36,lifetime_aggregate,98,142.8967206660737,1
nyc,7703.14,E 141 St & Jackson Ave,15204,7622,7582,15204,40.806896,-73.911837,2020,2025,3,12,6,12,67,lifetime_aggregate,47,309.12917653249144,1
nyc,7704.04,Adam Clayton Powell Blvd & W 123 St,113330,56495,56835,113330,40.807831719805094,-73.949373,2020,2025,3,12,1,12,72,lifetime_aggregate,73,64.41365922527133,1
nyc,7707.08,Brook Ave & E 138 St,27233,13080,14153,27233,40.807407999999995,-73.91924,2020,2025,3,12,6,12,67,lifetime_aggregate,77,282.7451988396431,1
nyc,7712.04,Alexander Ave & E 134 St,28562,14208,14354,28562,40.807466,-73.927107,2020,2025,3,12,7,12,66,lifetime_aggregate,102,357.11784889013376,1
nyc,7712.06,Lincoln Ave & E 134 St,27620,13786,13834,27620,40.808484,-73.928803,2020,2025,3,12,5,12,68,lifetime_aggregate,142,514.1202027516292,1
nyc,7713.01,W 113 St & Broadway,125527,63946,61581,125527,40.805973,-73.964928,2020,2025,3,12,1,12,72,lifetime_aggregate,50,39.83206800130649,1
nyc,7713.11,W 116 St & Broadway,150724,77195,73529,150724,40.8082,-73.9641,2020,2025,3,12,1,12,72,lifetime_aggregate,28,18.57700167193015,1
nyc,7716.19,Lexington Ave & E 128 St,25905,12905,13000,25905,40.806414,-73.936085,2020,2025,3,12,5,12,68,lifetime_aggregate,96,370.5848291835553,1
nyc,7719.04,OLD Southern Blvd & E 142 St,113,56,57,113,40.807258,-73.907999,2020,2020,1,2,6,7,2,lifetime_aggregate,103,91150.4424778761,1
nyc,7719.04,Southern Blvd & E 142 St,26,13,13,26,40.807258,-73.907999,2020,2020,1,2,6,7,2,lifetime_aggregate,103,396153.8461538462,1
nyc,7719.13,Southern Blvd & E 142 St,8473,4286,4187,8473,40.80734735828837,-73.90809776910137,2020,2025,3,12,7,12,66,lifetime_aggregate,44,519.2965891655848,1
nyc,7720.03,Lenox Ave & W 126 St,199718,99537,100181,199718,40.808442,-73.94520878974298,2020,2025,3,12,1,12,72,lifetime_aggregate,191,95.6348451316356,1
nyc,7722.06,E 141 St & St Ann's Ave,19944,9881,10063,19944,40.808633,-73.916124,2020,2025,3,12,6,12,67,lifetime_aggregate,38,190.53349378259125,1
nyc,7723.01,St Nicholas Ave & Manhattan Ave,182707,91060,91647,182707,40.809725,-73.953149,2020,2025,3,12,1,12,72,lifetime_aggregate,63,34.48143749281637,1
nyc,7726.02,Willis Ave & E 137 St,44888,22314,22574,44888,40.808384,-73.923604,2020,2025,3,12,5,12,68,lifetime_aggregate,93,207.18232044198894,1
nyc,7727.07,Amsterdam Ave & W 119 St,80673,40674,39999,80673,40.80862492524391,-73.95962125529702,2020,2025,3,12,1,12,72,lifetime_aggregate,35,43.38502348989129,1
nyc,7727.08,Amsterdam Ave & W 119 St,19716,9958,9758,19716,40.80863218,-73.9595861,2023,2023,1,5,8,12,5,lifetime_aggregate,36,182.59281801582472,1
nyc,7735.05,5 Ave & W 131 St,62564,31262,31302,62564,40.81014,-73.93973,2020,2025,3,12,5,12,68,lifetime_aggregate,69,110.28706604437058,1
nyc,7735.23,E 128 St & Madison Ave,46927,23424,23503,46927,40.80756,-73.939182,2020,2025,3,12,1,12,72,lifetime_aggregate,67,142.7749483239926,1
nyc,7737.06,St Mary's St & Jackson Ave,25658,12827,12831,25658,40.808891,-73.91081,2020,2025,3,12,5,12,68,lifetime_aggregate,38,148.10195650479383,1
nyc,7738.04,Adam Clayton Powell Blvd & W 126 St,153268,76277,76991,153268,40.80949536778189,-73.94776479672902,2020,2025,3,12,1,12,72,lifetime_aggregate,149,97.21533522979357,1
nyc,7740.08,Brook Ave & E 141 St,16983,8447,8536,16983,40.809619,-73.917875,2020,2025,3,12,5,12,68,lifetime_aggregate,36,211.97668256491787,1
nyc,7741.01,Morningside Ave & W 123 St,84958,42211,42747,84958,40.81,-73.95515085441352,2020,2025,3,12,1,12,72,lifetime_aggregate,35,41.19682666729443,1
nyc,7741.04,Morningside Dr & Amsterdam Ave,48205,24146,24059,48205,40.810285043040636,-73.95736468831541,2020,2025,3,12,1,12,72,lifetime_aggregate,32,66.38315527434914,1
nyc,7744.06,Lincoln Ave & E 138 St,53017,26452,26565,53017,40.810893,-73.927311,2020,2025,3,12,5,12,68,lifetime_aggregate,93,175.41543278571027,1
nyc,7745.07,W 120 St & Claremont Ave,98212,50329,47883,98212,40.8109492695469,-73.9634,2020,2025,3,12,1,12,72,lifetime_aggregate,36,36.65539852563842,1
nyc,7748.02,E 132 St & Madison Ave,53502,26724,26778,53502,40.810224,-73.937195,2020,2025,3,12,5,12,68,lifetime_aggregate,89,166.34892153564354,1
nyc,7751.05,Wales Ave & E 147 St,20001,9973,10028,20001,40.811314,-73.907729,2020,2025,3,12,6,12,67,lifetime_aggregate,32,159.99200039998,1
nyc,7753.13,Lenox Ave & W 130 St,90397,45125,45272,90397,40.81078879438454,-73.94306953650101,2020,2025,3,12,1,12,72,lifetime_aggregate,125,138.2789251855703,1
nyc,7755.03,St Ann's Ave & E 144 St,9223,4622,4601,9223,40.811112,-73.914932,2023,2025,2,12,10,12,27,lifetime_aggregate,41,444.5408218583975,1
nyc,7755.03,St. Ann's Ave & E 144 St,10086,5021,5065,10086,40.811112,-73.914932,2020,2023,2,12,5,10,42,lifetime_aggregate,41,406.50406504065046,1
nyc,7756.1,St Nicholas Ave & W 126 St,17332,1784,15548,17332,40.8114323,-73.9518776,2023,2025,2,11,10,12,27,lifetime_aggregate,110,634.6642049388415,1
nyc,7756.1,St. Nicholas Ave & W 126 St,18416,13713,4703,18416,40.81143229978746,-73.95187760028338,2023,2023,1,10,1,10,10,lifetime_aggregate,110,597.3066898349261,1
nyc,7756.10,St Nicholas Ave & W 126 St,63656,38584,25072,63656,40.8114323,-73.9518776,2023,2025,2,12,10,12,27,lifetime_aggregate,110,172.80382053537767,1
nyc,7756.10,St. Nicholas Ave & W 126 St,73193,31958,41235,73193,40.81143214353662,-73.95187779467363,2020,2023,2,12,1,10,46,lifetime_aggregate,110,150.28759580834233,1
nyc,7759.08,Willis Ave & E 141 St,31822,15850,15972,31822,40.81093,-73.921606,2020,2025,3,12,5,12,68,lifetime_aggregate,54,169.6939224435925,1
nyc,7767.06,Southern Blvd & Ave St John,5149,2579,2570,5149,40.812769,-73.901583,2023,2025,2,11,10,12,27,lifetime_aggregate,31,602.0586521654691,1
nyc,7767.06,Southern Blvd & Avenue St John,91,45,46,91,40.812769,-73.901583,2023,2023,1,1,10,10,1,lifetime_aggregate,31,34065.93406593407,1
nyc,7767.06,Southern Blvd & Avenue St. John,6387,3187,3200,6387,40.812769,-73.901583,2020,2023,2,12,9,10,38,lifetime_aggregate,31,485.36088930640364,1
nyc,7769.06,5 Av & E 135 St,17,6,11,17,40.812191,-73.937838,2020,2020,1,1,5,5,1,lifetime_aggregate,79,464705.8823529412,1
nyc,7769.06,5 Ave & E 135 St,38960,19481,19479,38960,40.812191,-73.937838,2020,2025,3,12,5,12,68,lifetime_aggregate,79,202.77207392197127,1
nyc,7774.02,Adam Clayton Powell Blvd & W 130 St,53403,26692,26711,53403,40.812346,-73.946168,2020,2025,3,12,5,12,68,lifetime_aggregate,79,147.93176413310113,1
nyc,7777.02,E 144 St & Brook Ave,17057,8560,8497,17057,40.811675,-73.917037,2020,2025,3,12,5,12,68,lifetime_aggregate,37,216.91973969631238,1
nyc,7781.1,E 142 St & 3 Ave,7852,4376,3476,7852,40.812735,-73.923697,2023,2025,2,12,1,11,35,lifetime_aggregate,56,713.1940906775344,1
nyc,7781.10,E 142 St & 3 Ave,24190,11609,12581,24190,40.812735,-73.923697,2020,2025,3,12,6,12,67,lifetime_aggregate,56,231.50062009094665,1
nyc,7783.18,Broadway & W 122 St,71860,36016,35844,71860,40.812056135262395,-73.96125479001002,2020,2025,3,12,1,12,72,lifetime_aggregate,46,64.013359309769,1
nyc,7788.13,Southern Blvd & E 149 St,28630,14334,14296,28630,40.811892,-73.904192,2020,2025,3,12,10,12,63,lifetime_aggregate,80,279.42717429269993,1
nyc,7790.04,Lenox Ave & W 133 St,57329,28584,28745,57329,40.81296,-73.941878,2020,2025,3,12,6,12,67,lifetime_aggregate,84,146.52270229726665,1
nyc,7793.02,E 149 St & Eagle Ave,21264,10634,10630,21264,40.814046,-73.91186,2020,2025,3,12,6,12,67,lifetime_aggregate,64,300.97817908201654,1
nyc,7795.09,Frederick Douglass Blvd & W 129 St,64747,32367,32380,64747,40.81255106843642,-73.94922871272338,2020,2025,3,12,1,12,72,lifetime_aggregate,72,111.20206341606561,1
nyc,7798.02,Willis Ave & E 143 St,22254,11092,11162,22254,40.812299,-73.92037,2020,2025,3,12,5,12,68,lifetime_aggregate,52,233.66585782331265,1
nyc,7800.03,Amsterdam Ave & W 125 St,73059,36588,36471,73059,40.813358,-73.956461,2020,2025,3,12,1,12,72,lifetime_aggregate,147,201.2072434607646,1
nyc,7803.02,E 138 St & Park Ave,27549,13751,13798,27549,40.81263616767157,-73.92924964432534,2023,2025,2,12,1,12,36,lifetime_aggregate,47,170.60510363352572,1
nyc,7803.03,E 138 St & Canal St W,1950,975,975,1950,40.812304,-73.929153,2020,2020,1,7,6,12,7,lifetime_aggregate,48,2461.5384615384614,1
nyc,7803.08,E 138 St & Grand Concourse,13975,6966,7009,13975,40.813224,-73.930605,2020,2025,3,12,5,12,68,lifetime_aggregate,142,1016.1001788908766,1
nyc,7807.04,Beck St & Leggett Ave,18691,9319,9372,18691,40.815076999999995,-73.899939,2020,2025,3,12,9,12,64,lifetime_aggregate,26,139.10438178802633,1
nyc,7809.13,E 138 St & 5 Av,21748,10807,10941,21748,40.81449,-73.936153,2020,2023,2,12,5,10,42,lifetime_aggregate,99,455.2142725767887,1
nyc,7809.13,E 138 St & 5 Ave,19614,9807,9807,19614,40.81449,-73.93615300000002,2023,2025,2,12,10,12,27,lifetime_aggregate,99,504.741511165494,1
nyc,7812.01,E 149 St & Jackson Ave,30317,15151,15166,30317,40.81313804421652,-73.90923471897433,2020,2025,3,12,6,12,67,lifetime_aggregate,75,247.38595507471055,1
nyc,7814.01,Adam Clayton Powell Blvd & W 132 St,65659,32790,32869,65659,40.813539,-73.94521,2020,2025,3,12,6,12,67,lifetime_aggregate,110,167.53224995811692,1
nyc,7816.14,Brook Ave & E 148 St,17689,8816,8873,17689,40.814383,-73.915368,2020,2025,3,12,7,12,66,lifetime_aggregate,70,395.7261574990107,1
nyc,7818.17,W 129 St & Convent Ave,49607,24759,24848,49607,40.81439429592043,-73.95324724890186,2020,2025,3,12,1,12,72,lifetime_aggregate,23,46.36442437559216,1
nyc,7820.05,Hunts Point Ave & Bryant Ave,9535,4761,4774,9535,40.813991,-73.8855,2020,2025,3,12,10,12,63,lifetime_aggregate,37,388.0440482433141,1
nyc,7821.01,Morris Ave & E 142 St,28578,14239,14339,28578,40.814469,-73.924963,2020,2025,3,12,5,12,68,lifetime_aggregate,36,125.97102666386732,1
nyc,7823.03,Broadway & Moylan Pl,88941,44463,44478,88941,40.814325720668464,-73.95902565283951,2020,2025,3,12,1,12,72,lifetime_aggregate,58,65.21176960007195,1
nyc,7830.03,Propsect Ave & E 151 St,95,41,54,95,40.814232,-73.903927,2020,2020,1,2,6,7,2,lifetime_aggregate,16,16842.105263157893,1
nyc,7830.03,Prospect Ave & E 151 St,20023,9998,10025,20023,40.814232,-73.903927,2020,2025,3,12,6,12,67,lifetime_aggregate,16,79.90810567846975,1
nyc,7832.04,W 135 St & Lenox Terrace Pl,54351,27165,27186,54351,40.813619,-73.939336,2020,2025,3,12,5,12,68,lifetime_aggregate,17,31.278173354676085,1
nyc,7832.04,West 135 St & Lenox Terrace Pl,86,47,39,86,40.813619,-73.939336,2020,2020,1,1,5,5,1,lifetime_aggregate,17,19767.441860465115,1
nyc,7835.1,St Ann's Ave & Westchester Ave,3863,2553,1310,3863,40.815887,-73.911918,2023,2025,2,12,1,12,36,lifetime_aggregate,54,1397.877297437225,1
nyc,7835.10,St Ann's Ave & Westchester Ave,15050,6888,8162,15050,40.815887,-73.911918,2020,2025,3,12,7,12,66,lifetime_aggregate,54,358.80398671096344,1
nyc,7837.3,St Nicholas Ave & W 134 St,17582,7110,10472,17582,40.816234,-73.948222,2023,2025,2,12,1,12,36,lifetime_aggregate,46,261.63121374132635,1
nyc,7837.30,St Nicholas Ave & E 134 St,1458,728,730,1458,40.816234,-73.948222,2020,2020,1,7,6,12,7,lifetime_aggregate,46,3155.006858710562,1
nyc,7837.30,St Nicholas Ave & W 134 St,54335,28822,25513,54335,40.816234,-73.948222,2020,2025,3,12,6,12,67,lifetime_aggregate,46,84.65997975522224,1
nyc,7840.05,Courtlandt Ave & E 149 St,34339,17151,17188,34339,40.816402,-73.919549,2020,2025,3,12,7,12,66,lifetime_aggregate,156,454.29395148373567,1
nyc,7840.11,E 147 St & Bergen Ave,24812,12338,12474,24812,40.814673,-73.91839,2020,2025,3,12,6,12,67,lifetime_aggregate,54,217.63662743833626,1
nyc,7842.16,Amsterdam Ave & W 131 St,35599,17820,17779,35599,40.816355,-73.954295,2020,2025,3,12,5,12,68,lifetime_aggregate,47,132.0261805106885,1
nyc,7844.05,Barry St & Tiffany St,7638,3806,3832,7638,40.816126,-73.891559,2020,2025,3,12,10,12,63,lifetime_aggregate,27,353.4956794972506,1
nyc,7845.06,Grand Concourse & E 144 St,48641,24303,24338,48641,40.816576,-73.927987,2020,2025,3,12,5,12,68,lifetime_aggregate,91,187.08496947020004,1
nyc,7849.1,Longwood Ave & Southern Blvd,2544,1809,735,2544,40.816343,-73.896447,2023,2025,2,12,1,11,35,lifetime_aggregate,97,3812.893081761006,1
nyc,7849.10,Longwood Ave & Southern Blvd,14765,6823,7942,14765,40.816343,-73.896447,2020,2025,3,12,9,12,64,lifetime_aggregate,97,656.9590247206231,1
nyc,7851.04,5 Av & W 139 St,31471,15750,15721,31471,40.815484,-73.935856,2020,2025,3,12,6,1,56,lifetime_aggregate,71,225.60452480061008,1
nyc,7851.04,5 Ave & W 139 St,13716,6863,6853,13716,40.815484,-73.935856,2025,2025,1,12,1,12,12,lifetime_aggregate,71,517.6436278798484,1
nyc,7853.01,Westchester Ave & Jackson Ave,32700,16463,16237,32700,40.816124,-73.908116,2020,2025,3,12,6,12,67,lifetime_aggregate,48,146.78899082568807,1
nyc,7855.03,Adam Clayton Powell Blvd & W 138 St,91091,45477,45614,91091,40.816959752876336,-73.94229591385343,2020,2025,3,12,7,12,66,lifetime_aggregate,61,66.9660010319351,1
nyc,7858.02,Bergen Ave & E 152 St,28775,14345,14430,28775,40.817166,-73.914737,2020,2025,3,12,7,12,66,lifetime_aggregate,34,118.15812337098174,1
nyc,7860.08,Convent Ave & W 135 St,51155,25779,25376,51155,40.818215,-73.950988,2020,2025,3,12,5,12,68,lifetime_aggregate,23,44.961391848304174,1
nyc,7863.03,E 149 St & Morris Ave,47206,23615,23591,47206,40.81734,-73.922962,2020,2025,3,12,5,12,68,lifetime_aggregate,145,307.16434351565476,1
nyc,7865.09,Broadway & W 131 St,52490,26258,26232,52490,40.817555,-73.957163,2020,2025,3,12,7,12,66,lifetime_aggregate,60,114.30748714040769,1
nyc,7867.04,Southern Blvd & Tiffany St,11783,5877,5906,11783,40.81818500000001,-73.894143,2020,2025,3,12,9,12,64,lifetime_aggregate,143,1213.6128320461683,1
nyc,7868.05,Gerard Ave & E 146 St,28826,14416,14410,28826,40.817755,-73.92965,2020,2025,3,12,7,12,66,lifetime_aggregate,61,211.61451467425243,1
nyc,7870.02,Prospect Ave & Longwood Ave,12499,6689,5810,12499,40.81899,-73.90202,2020,2025,3,12,7,12,66,lifetime_aggregate,58,464.0371229698376,1
nyc,7872.03,Lenox Ave & W 140 St,50227,25104,25123,50227,40.817245,-73.938787,2023,2025,2,12,1,12,36,lifetime_aggregate,102,203.07802576303584,1
nyc,7876.07,Frederick Douglass Blvd & W 139 St,36788,18508,18280,36788,40.81900581810024,-73.94476890565763,2023,2025,2,12,1,12,36,lifetime_aggregate,46,125.04077416548876,1
nyc,7879.01,Melrose Ave & E 150 St,83148,41475,41673,83148,40.816827,-73.917338,2020,2025,3,12,6,12,67,lifetime_aggregate,180,216.48145475537595,1
nyc,7881.09,Old Broadway & W 133 St,14512,7273,7239,14512,40.818212,-73.955277,2020,2025,3,12,8,12,65,lifetime_aggregate,70,482.35942668136715,1
nyc,7883.06,Lafayette Ave & Hunts Point Ave,14236,7132,7104,14236,40.816567,-73.888161,2020,2025,3,12,10,12,63,lifetime_aggregate,41,288.002247822422,1
nyc,7883.09,Seneca Ave & Irvine St,4861,2440,2421,4861,40.8187257097175,-73.88862490630244,2020,2025,3,12,12,12,61,lifetime_aggregate,45,925.7354453816088,1
nyc,7883.1,Seneca Ave & Irvine St,312,24,288,312,40.81885,-73.88821,2025,2025,1,6,1,7,7,lifetime_aggregate,43,13782.051282051283,1
nyc,7883.10,Seneca Ave & Irvine St,1375,816,559,1375,40.81885,-73.88821,2025,2025,1,7,1,7,7,lifetime_aggregate,43,3127.272727272727,1
nyc,7884.04,E 149 St & Park Ave,38330,19146,19184,38330,40.818154,-73.925294,2020,2025,3,12,10,12,63,lifetime_aggregate,61,159.14427341507957,1
nyc,7884.04 (do not use),E 149 St & Park Ave,1,0,1,1,40.818154,-73.925294,2020,2020,1,1,10,10,1,lifetime_aggregate,61,6100000.0,1
nyc,7886.02,12 Ave & W 125 St,147229,73515,73714,147229,40.818299,-73.960405,2020,2025,3,12,1,12,72,lifetime_aggregate,204,138.5596587628796,1
nyc,7888.1,Dawson St & Intervale Ave,1632,666,966,1632,40.819999,-73.897263,2023,2025,2,12,1,12,36,lifetime_aggregate,11,674.0196078431372,1
nyc,7888.10,Dawson St & Intervale Ave,4128,2219,1909,4128,40.819999,-73.897263,2020,2025,3,12,9,12,64,lifetime_aggregate,11,266.47286821705427,1
nyc,7891.06,Westchester Ave & E 156 St,15737,7976,7761,15737,40.817802,-73.905203,2020,2025,3,12,8,12,65,lifetime_aggregate,56,355.84927241532694,1
nyc,7893.05,Adam Clayton Powell Blvd & W 141 St,54316,27187,27129,54316,40.819241,-73.941057,2020,2025,3,12,6,12,67,lifetime_aggregate,118,217.2472199720156,1
nyc,7896.11,E 156 & Brook Ave,13838,6896,6942,13838,40.819823,-73.912411,2020,2023,2,12,7,10,40,lifetime_aggregate,68,491.4004914004914,1
nyc,7896.11,E 156 St & Brook Ave,18572,9301,9271,18572,40.819823,-73.912411,2023,2025,2,12,10,12,27,lifetime_aggregate,68,366.1425802283007,1
nyc,7898.03,St Nicholas Ave & W 137 St,54485,27179,27306,54485,40.818477,-73.947568,2020,2025,3,12,5,12,68,lifetime_aggregate,27,49.55492337340553,1
nyc,79,Franklin St & W Broadway,54637,27174,27463,54637,40.71911552,-74.00666661,2019,2019,1,12,1,12,12,lifetime_aggregate,16,29.284184709995056,1
nyc,7901.04,Morris Ave & E 153 St,27065,13464,13601,27065,40.820036,-73.921411,2020,2025,3,12,5,12,68,lifetime_aggregate,45,166.2663957140218,1
nyc,7903.02,Broadway & W 133 St,54206,26944,27262,54206,40.819034324584436,-73.956156,2020,2025,3,12,7,12,66,lifetime_aggregate,111,204.77437922001252,1
nyc,7905.05,Garrison Ave & Manida St,7603,4072,3531,7603,40.818743,-73.890247,2020,2025,3,12,10,12,63,lifetime_aggregate,72,946.994607391819,1
nyc,7906.13,E 150 St & Gerard Ave,8294,4118,4176,8294,40.820089,-73.928947,2020,2023,2,12,8,8,37,lifetime_aggregate,34,409.93489269351335,1
nyc,7909.07,Westchester Ave & Longwood Ave,28607,14477,14130,28607,40.819701,-73.901311,2020,2025,3,12,9,12,64,lifetime_aggregate,65,227.2171146922082,1
nyc,7910.01,Lenox Ave & W 144 St,44781,22342,22439,44781,40.819783,-73.936521,2020,2025,3,12,6,12,67,lifetime_aggregate,171,381.85837743685937,1
nyc,7910.1,Lenox Ave & W 146 St,5090,2826,2264,5090,40.821111,-73.935971,2023,2025,2,11,1,6,30,lifetime_aggregate,130,2554.027504911591,1
nyc,7910.10,Lenox Ave & W 146 St,19089,9154,9935,19089,40.821111,-73.93597100000001,2020,2025,3,12,7,12,66,lifetime_aggregate,130,681.020483000681,1
nyc,7913.15,Cauldwell Ave & E 158 St,25133,12566,12567,25133,40.81989,-73.908351,2020,2025,3,12,8,12,65,lifetime_aggregate,16,63.66132176819321,1
nyc,7915.11,Edgecombe Ave & W 141 St,68253,34101,34152,68253,40.820681,-73.945144,2020,2025,3,12,6,12,67,lifetime_aggregate,42,61.53575667003648,1
nyc,7918.12,Melrose Ave & E 154 St,17736,8801,8935,17736,40.819609,-73.916071,2020,2025,3,12,7,12,66,lifetime_aggregate,53,298.82724402345514,1
nyc,7920.01,Hamilton Pl & W 138 St,3670,1875,1795,3670,40.821728,-73.952761,2020,2020,1,6,7,12,6,lifetime_aggregate,36,980.9264305177113,1
nyc,7920.05,Amsterdam Ave & W 136 St,51307,25998,25309,51307,40.819746,-73.951819,2020,2025,3,12,5,12,68,lifetime_aggregate,42,81.8601750248504,1
nyc,7922.01,Faile St & Garrison Ave,4298,2202,2096,4298,40.820578,-73.888271,2020,2025,3,12,9,12,64,lifetime_aggregate,46,1070.2652396463473,1
nyc,7925.04,W 133 St & 12 Ave,35567,17779,17788,35567,40.820003,-73.959089,2020,2025,3,12,6,12,67,lifetime_aggregate,100,281.15950178536286,1
nyc,7927.08,E 163 St & Tiffany St,14645,7289,7356,14645,40.821075,-73.895069,2020,2025,3,12,9,12,64,lifetime_aggregate,66,450.6657562307955,1
nyc,7931.05,E 160 St & Tinton Ave,12829,6513,6316,12829,40.820302,-73.903944,2020,2025,3,12,8,12,65,lifetime_aggregate,26,202.6658352170863,1
nyc,7932.1,W 144 St & Adam Clayton Powell Blvd,8726,4558,4168,8726,40.820877,-73.939249,2023,2025,2,11,1,9,33,lifetime_aggregate,185,2120.1008480403393,1
nyc,7932.10,W 144 St & Adam Clayton Powell Blvd,36261,17917,18344,36261,40.820877,-73.939249,2020,2025,3,12,6,12,67,lifetime_aggregate,185,510.1900113069138,1
nyc,7935.07,Brook Ave & E 157 St,21381,10613,10768,21381,40.820713,-73.911759,2020,2025,3,12,7,12,66,lifetime_aggregate,42,196.43608811561668,1
nyc,7937.15,St Nicholas Terrace & Convent Ave,28493,14311,14182,28493,40.821294,-73.947868,2023,2025,2,12,10,12,27,lifetime_aggregate,26,91.25048257466747,1
nyc,7937.15,St. Nicholas Terrace & Convent Ave,16029,7977,8052,16029,40.821294,-73.947868,2020,2023,2,12,6,10,41,lifetime_aggregate,26,162.20600162206003,1
nyc,7940.02,E 155 St & Courtlandt Ave,13037,6521,6516,13037,40.82057,-73.917579,2020,2025,3,12,7,12,66,lifetime_aggregate,20,153.40952673161004,1
nyc,7940.04,E 156 St & Courtlandt Ave,14133,7009,7124,14133,40.82123860178169,-73.91732990743164,2023,2025,2,12,1,12,36,lifetime_aggregate,24,169.81532583315644,1
nyc,7942.07,Broadway & W 138 St,43618,22993,20625,43618,40.82182,-73.95353,2023,2025,2,12,1,12,36,lifetime_aggregate,71,162.77683525150167,1
nyc,7942.21,Riverside Dr & W 138 St,54285,27520,26765,54285,40.823168,-73.955857,2020,2025,3,12,6,12,67,lifetime_aggregate,30,55.26388505111909,1
nyc,7944.11,Bruckner Blvd & Bryant Ave,861,426,435,861,40.821952,-73.888546,2020,2023,2,5,11,3,29,lifetime_aggregate,139,16144.018583042975,1
nyc,7945.03,Walton Ave & E 151 St,19710,9816,9894,19710,40.820908923151976,-73.92753865019715,2023,2025,2,12,8,12,29,lifetime_aggregate,30,152.20700152207002,1
nyc,7945.07,Walton Ave & E 153 St,11136,5515,5621,11136,40.822351,-73.926907,2020,2025,3,12,11,12,62,lifetime_aggregate,13,116.73850574712644,1
nyc,7948.1,Intervale Ave & Westchester Ave,2659,1567,1092,2659,40.821967,-73.896752,2023,2025,2,11,1,9,33,lifetime_aggregate,54,2030.8386611508085,1
nyc,7948.10,Intervale Ave & Westchester Ave,11622,5561,6061,11622,40.82196700000001,-73.896752,2020,2025,3,12,9,12,64,lifetime_aggregate,54,464.63603510583374,1
nyc,7952.02,Cauldwell Ave & E 161 St,26178,13082,13096,26178,40.82188,-73.907521,2020,2025,3,12,7,12,66,lifetime_aggregate,28,106.9600427840171,1
nyc,7954.12,Frederick Douglass Blvd & W 145 St,53599,26800,26799,53599,40.823061,-73.941928,2020,2025,3,12,10,12,63,lifetime_aggregate,183,341.424280303737,1
nyc,7957.11,E 158 St & Melrose Ave,19774,9864,9910,19774,40.822215,-73.914688,2020,2025,3,12,5,12,68,lifetime_aggregate,51,257.91443309396175,1
nyc,7959.18,Hamilton Pl & W 140 St,38150,19479,18671,38150,40.822756,-73.951346,2020,2025,3,12,6,12,67,lifetime_aggregate,28,73.39449541284404,1
nyc,7962.01,Concourse Village West & E 156 St,20547,10236,10311,20547,40.823162,-73.923267,2020,2025,3,12,9,12,64,lifetime_aggregate,19,92.4709203290018,1
nyc,7966.02,E 165 St & Fox St,11605,5944,5661,11605,40.82394,-73.894025,2020,2025,3,12,10,12,63,lifetime_aggregate,60,517.0185264971994,1
nyc,7967.04,River Ave & E 151 St,46848,23351,23497,46848,40.822217,-73.928939,2020,2025,3,12,10,12,63,lifetime_aggregate,68,145.15027322404373,1
nyc,7970.05,E 163 St & Union Ave,21510,10952,10558,21510,40.822545,-73.901824,2020,2025,3,12,9,12,64,lifetime_aggregate,36,167.36401673640165,1
nyc,7971.07,W 147 St & Adam Clayton Powell Blvd,42808,21341,21467,42808,40.82281,-73.937413,2020,2025,3,12,7,12,66,lifetime_aggregate,69,161.18482526630535,1
nyc,7974.01,3 Ave & E 163 St,22023,11016,11007,22023,40.823872,-73.908699,2020,2025,3,12,9,12,64,lifetime_aggregate,145,658.4025791218272,1
nyc,7976.08,Edgecombe Ave & W 145 St,71119,35798,35321,71119,40.823498,-73.94386,2020,2025,3,12,6,12,67,lifetime_aggregate,200,281.218802289121,1
nyc,7979.01,Courtlandt Ave & E 157 St,1046,514,532,1046,40.822267,-73.916792,2020,2020,1,4,9,12,4,lifetime_aggregate,15,1434.0344168260037,1
nyc,7979.17,E 161 St & Park Ave,28510,14240,14270,28510,40.824811,-73.916407,2020,2025,3,12,10,12,63,lifetime_aggregate,91,319.18625043844264,1
nyc,7981.16,Broadway & W 142 St,33146,16999,16147,33146,40.824686,-73.951947,2023,2025,2,12,1,12,36,lifetime_aggregate,96,289.6277077173716,1
nyc,7981.27,W 140 St & Riverside Dr,16541,8395,8146,16541,40.824013,-73.954743,2020,2025,3,12,7,12,66,lifetime_aggregate,39,235.7777643431473,1
nyc,7983.02,Longfellow Ave & Aldus St,11884,5959,5925,11884,40.82316144505789,-73.88765363179184,2023,2025,2,12,4,12,33,lifetime_aggregate,100,841.467519353753,1
nyc,7983.04,Longfellow Ave & E 165 St,6460,3317,3143,6460,40.825322,-73.887729,2020,2025,3,12,10,12,63,lifetime_aggregate,38,588.2352941176471,1
nyc,7984.04,Grand Concourse & E 156 St,24059,12112,11947,24059,40.82342899999999,-73.924689,2020,2025,3,12,8,12,65,lifetime_aggregate,29,120.53701317594246,1
nyc,7987.14,Rogers Pl & E 165 St,9741,4852,4889,9741,40.82388366441761,-73.8974027708582,2023,2025,2,12,1,12,36,lifetime_aggregate,21,215.58361564521095,1
nyc,7991.01,Tinton Ave & E 165 St,21458,10828,10630,21458,40.824796,-73.90242,2020,2025,3,12,9,12,64,lifetime_aggregate,8,37.28213253798117,1
nyc,7992.04,Bradhurst Ave & W 148 St,45855,22909,22946,45855,40.825125,-73.941616,2020,2025,3,12,6,12,67,lifetime_aggregate,32,69.78519245447606,1
nyc,7995.04,Washington Ave & E 163 St,37740,18815,18925,37740,40.824000000000005,-73.91089,2020,2025,3,12,10,12,63,lifetime_aggregate,60,158.9825119236884,1
nyc,7997.08,W 145 St & Amsterdam Ave,50844,26033,24811,50844,40.82524399999999,-73.947257,2020,2025,3,12,6,12,67,lifetime_aggregate,103,202.58044213673196,1
nyc,8000.02,Concourse Village East & E 158 St,35939,18000,17939,35939,40.823732,-73.919379,2020,2025,3,12,9,12,64,lifetime_aggregate,52,144.68961295528536,1
nyc,8004.03,Westchester Ave & Southern Blvd,37439,18706,18733,37439,40.824956,-73.891677,2020,2025,3,12,12,12,61,lifetime_aggregate,73,194.98384038035204,1
nyc,8005.03,E 157 St & River Ave,25625,12743,12882,25625,40.825737,-73.927311,2020,2025,3,12,9,12,64,lifetime_aggregate,16,62.4390243902439,1
nyc,8005.08,River Ave & E 153 St,19008,9461,9547,19008,40.82441,-73.92818,2020,2025,3,12,9,12,64,lifetime_aggregate,28,147.30639730639732,1
nyc,8008.03,Prospect Ave & E 167 St,18717,9369,9348,18717,40.826303,-73.898751,2020,2025,3,12,10,12,63,lifetime_aggregate,27,144.25388684083987,1
nyc,8009.05,Adam Clayton Powell Blvd & W 151 St,31749,15869,15880,31749,40.825289,-73.936232,2020,2025,3,12,7,12,66,lifetime_aggregate,41,129.13792560395603,1
nyc,8012.04,3 Ave & Franklin Ave,23907,11907,12000,23907,40.82696,-73.907451,2020,2025,3,12,9,12,64,lifetime_aggregate,30,125.48625925461161,1
nyc,8013.07,St Nicholas Ave & W 150 St,35924,18578,17346,35924,40.827212,-73.942722,2020,2025,3,12,7,12,66,lifetime_aggregate,45,125.26444716623983,1
nyc,8016.07,Park Ave & E 162 St,22361,11154,11207,22361,40.825716,-73.915585,2020,2025,3,12,9,12,64,lifetime_aggregate,45,201.24323599123474,1
nyc,8018.04,Riverside Dr & W 145 St,49251,25304,23947,49251,40.827305,-73.951989,2020,2025,3,12,6,12,67,lifetime_aggregate,41,83.247040669225,1
nyc,8018.09,W 146 St & Broadway,56315,30069,26246,56315,40.826969,-73.949738,2020,2025,3,12,6,12,67,lifetime_aggregate,135,239.72298677084257,1
nyc,8020.01,Home St & Westchester Ave,23960,11868,12092,23960,40.827629,-73.886659,2023,2025,2,12,1,12,36,lifetime_aggregate,121,505.008347245409,1
nyc,8021.05,Grand Concourse & E 161  St,2874,1446,1428,2874,40.827115,-73.92272,2020,2020,1,4,9,12,4,lifetime_aggregate,67,2331.2456506610997,1
nyc,8021.05,Grand Concourse & E 161 St,371,185,186,371,40.827115,-73.92272,2020,2020,1,4,9,12,4,lifetime_aggregate,67,18059.299191374663,1
nyc,8021.11,Grand Concourse & E 161 St,55826,27962,27864,55826,40.827133804243665,-73.92273589969095,2023,2025,2,12,1,12,36,lifetime_aggregate,67,120.01576326442876,1
nyc,8024.05,E 169 St & Fox St,7817,3946,3871,7817,40.827184,-73.893721,2020,2025,3,12,9,12,64,lifetime_aggregate,40,511.70525777152363,1
nyc,8025.01,E 153 St & E 157 St,21076,10498,10578,21076,40.826677,-73.929327,2020,2025,3,12,8,12,65,lifetime_aggregate,4,18.978933383943822,1
nyc,8029.28,Macombs Pl & W 152 St,39478,19675,19803,39478,40.826406,-73.937948,2020,2025,3,12,7,12,66,lifetime_aggregate,34,86.12391711839506,1
nyc,8033.09,W 148 St & Amsterdam Ave,38373,19663,18710,38373,40.827075,-73.945909,2020,2025,3,12,6,12,67,lifetime_aggregate,69,179.81393167070598,1
nyc,8036.05,Morris Ave & E 163 St,45617,22800,22817,45617,40.827230484626284,-73.917655802101,2020,2025,3,12,12,12,61,lifetime_aggregate,49,107.41609487690994,1
nyc,8036.09,Grant Ave & E 164 St,3533,1761,1772,3533,40.828847,-73.91769,2020,2020,1,5,8,12,5,lifetime_aggregate,60,1698.2734220209454,1
nyc,8040.03,E 167 St & Bryant Ave,8054,4091,3963,8054,40.82671111078064,-73.88871891334826,2020,2025,3,12,10,12,63,lifetime_aggregate,54,670.4742984852247,1
nyc,8041.07,E 161 St & River Ave,77995,38749,39246,77995,40.827883,-73.927111,2020,2025,3,12,9,12,64,lifetime_aggregate,71,91.03147637669082,1
nyc,8044.09,Intervale Ave & Kelly St,8981,4477,4504,8981,40.827301,-73.896372,2020,2025,3,12,9,12,64,lifetime_aggregate,14,155.8846453624318,1
nyc,8048.01,E 167 St & Franklin Ave,15202,7654,7548,15202,40.82895,-73.90521,2020,2025,3,12,10,12,63,lifetime_aggregate,36,236.81094592816737,1
nyc,8048.04,Boston Rd & E 167 St,25365,12686,12679,25365,40.828199,-73.903719,2020,2025,3,12,10,12,63,lifetime_aggregate,41,161.6400551941652,1
nyc,8049.05,Edgecombe Ave & W 150 St,13078,6726,6352,13078,40.826881,-73.941427,2020,2025,3,12,7,12,66,lifetime_aggregate,30,229.39287352806238,1
nyc,8049.1,Convent Ave & W 151 St,4601,2027,2574,4601,40.82831,-73.942924,2023,2025,2,12,1,12,36,lifetime_aggregate,50,1086.7202782003912,1
nyc,8049.10,Convent Ave & W 151 St,13498,7847,5651,13498,40.82831,-73.942924,2020,2025,3,12,8,12,65,lifetime_aggregate,50,370.4252481849163,1
nyc,8052.01,Webster Ave & E 166 St,10519,5239,5280,10519,40.828975,-73.911259,2020,2025,3,12,10,12,63,lifetime_aggregate,57,541.8766042399468,1
nyc,8052.02,E 165 St & Clay Ave,17742,8845,8897,17742,40.82809,-73.91288,2020,2025,3,12,10,12,63,lifetime_aggregate,41,231.09006876338634,1
nyc,8054.04,Riverside Dr & W 148 St,29047,14726,14321,29047,40.829114,-73.95042599999998,2020,2025,3,12,7,12,66,lifetime_aggregate,52,179.02020862739698,1
nyc,8057.02,Grand Concourse & E 164 St,35384,17712,17672,35384,40.829608,-73.921461,2020,2025,3,12,9,12,64,lifetime_aggregate,22,62.17499434772778,1
nyc,8060.01,Freeman St & Southern Blvd,16860,8399,8461,16860,40.830051,-73.892103,2020,2025,3,12,10,12,63,lifetime_aggregate,27,160.1423487544484,1
nyc,8061.01,Jerome Ave & Anderson Ave,10212,5100,5112,10212,40.830179,-73.928747,2020,2025,3,12,9,12,64,lifetime_aggregate,39,381.903642773208,1
nyc,8064.03,Union Ave & E 169 St,10716,5351,5365,10716,40.82994999999999,-73.898802,2020,2025,3,12,10,12,63,lifetime_aggregate,28,261.29152668906306,1
nyc,8065.13,W 155 St & Frederick Douglass Blvd,22525,11289,11236,22525,40.82923,-73.936996,2020,2025,3,12,8,12,65,lifetime_aggregate,85,377.35849056603774,1
nyc,8068.01,Washington Ave & E 167 St,24281,12111,12170,24281,40.829896,-73.907618,2020,2025,3,12,10,12,63,lifetime_aggregate,33,135.90873522507312,1
nyc,8069.01,Amsterdam Ave & W 152 St,35107,18044,17063,35107,40.829523,-73.944279,2020,2025,3,12,7,12,66,lifetime_aggregate,71,202.23886974107728,1
nyc,8072.06,Sherman Ave & E 166 St,29911,14992,14919,29911,40.831305442835856,-73.91744792348666,2020,2025,3,12,10,12,63,lifetime_aggregate,71,237.37086690515196,1
nyc,8076.01,West Farms Rd & Boone Ave,441,214,227,441,40.830025,-73.886312,2020,2020,1,3,10,12,3,lifetime_aggregate,28,6349.206349206349,1
nyc,8076.08,West Farms Rd & Boone Ave,5043,2494,2549,5043,40.83012839462071,-73.88630211347882,2023,2025,2,12,1,12,36,lifetime_aggregate,28,555.2250644457664,1
nyc,8077.07,Gerard Ave & E 164 St,12744,6424,6320,12744,40.830262,-73.923391,2020,2025,3,12,8,12,65,lifetime_aggregate,50,392.3414940364093,1
nyc,8080.01,Freeman St & Reverend James A Polite Ave,6771,3395,3376,6771,40.830529000000006,-73.894717,2020,2025,3,12,9,12,64,lifetime_aggregate,14,206.7641411903707,1
nyc,8081.01,Jerome Ave & Ogden Ave,11023,5494,5529,11023,40.829797,-73.931015,2020,2025,3,12,9,12,64,lifetime_aggregate,77,698.5394175814207,1
nyc,8084.03,Fulton Ave & E 168 St,14100,7168,6932,14100,40.830471,-73.904556,2020,2025,3,12,9,12,64,lifetime_aggregate,52,368.79432624113474,1
nyc,8085.05,St Nicholas Ave & W 155 St,13004,6860,6144,13004,40.830663,-73.941323,2023,2025,2,12,10,12,27,lifetime_aggregate,65,499.8462011688711,1
nyc,8085.05,St. Nicholas Ave & W 155 St,11174,5813,5361,11174,40.830663,-73.941323,2020,2023,2,12,8,10,39,lifetime_aggregate,65,581.7075353499195,1
nyc,8085.09,St Nicholas Ave & W 157 St,8450,4427,4023,8450,40.832314,-73.94102,2023,2025,2,12,10,12,27,lifetime_aggregate,21,248.52071005917162,1
nyc,8085.09,St. Nicholas Ave & W 157 St,8646,4532,4114,8646,40.832314,-73.94102,2020,2023,2,12,8,10,39,lifetime_aggregate,21,242.88688410825816,1
nyc,8085.13,Harlem River Dr & W 155 St,17081,8680,8401,17081,40.830476,-73.93992899999999,2020,2025,3,12,7,12,66,lifetime_aggregate,80,468.3566535917101,1
nyc,8088.01,E 167 St & Clay Ave,21350,10603,10747,21350,40.83094,-73.91125,2020,2025,3,12,9,12,64,lifetime_aggregate,91,426.2295081967213,1
nyc,8089.05,Broadway & W 153 St,29413,15054,14359,29413,40.831327,-73.946665,2020,2025,3,12,7,12,66,lifetime_aggregate,56,190.39200353585147,1
nyc,8092.06,Grand Concourse & E 166 St,35799,18233,17566,35799,40.831959999999995,-73.91956,2020,2025,3,12,10,12,63,lifetime_aggregate,44,122.90846113019917,1
nyc,8095.06,Hoe Ave & Jennings St,10886,5502,5384,10886,40.832171,-73.889686,2020,2025,3,12,11,12,62,lifetime_aggregate,37,339.8860922285504,1
nyc,8096.02,Jerome Ave & E 164 St,14797,7315,7482,14797,40.831444,-73.926226,2020,2025,3,12,10,12,63,lifetime_aggregate,37,250.0506859498547,1
nyc,8096.03,Anderson Ave & W 164 St,15299,7696,7603,15299,40.832057,-73.927421,2020,2025,3,12,6,12,67,lifetime_aggregate,44,287.6004967644944,1
nyc,8099.04,Prospect Ave & Jennings St,9246,4711,4535,9246,40.831762,-73.896853,2020,2025,3,12,10,12,63,lifetime_aggregate,19,205.4942677914774,1
nyc,8100.01,Frederick Douglass Blvd & Harlem River Dr,16131,8024,8107,16131,40.830702,-73.936371,2020,2025,3,12,8,12,65,lifetime_aggregate,13,80.59016799950406,1
nyc,8103.05,3 Ave & E 169 St,34828,17298,17530,34828,40.832678,-73.905158,2020,2025,3,12,9,12,64,lifetime_aggregate,74,212.47272309635923,1
nyc,8104.1,Amsterdam Ave & W 156 St,2752,2580,172,2752,40.832081,-73.942386,2023,2025,2,11,1,5,29,lifetime_aggregate,62,2252.906976744186,1
nyc,8104.10,Amsterdam Ave & W 156 St,18067,8949,9118,18067,40.832081,-73.942386,2020,2025,3,12,8,12,65,lifetime_aggregate,62,343.167100238003,1
nyc,8107.1,Morris Ave & McClellan St,5490,3030,2460,5490,40.831584,-73.9149,2023,2025,2,12,1,11,35,lifetime_aggregate,20,364.29872495446267,1
nyc,8107.10,Morris Ave & McClellan St,19889,9604,10285,19889,40.831584,-73.9149,2020,2025,3,12,9,12,64,lifetime_aggregate,20,100.55809744079642,1
nyc,8108.02,Riverside Dr & W 153 St,24901,12477,12424,24901,40.832164,-73.949702,2020,2025,3,12,11,12,62,lifetime_aggregate,47,188.74743986185294,1
nyc,8110.04,Boone Ave & E 172 St,16643,8330,8313,16643,40.832649,-73.885272,2020,2025,3,12,10,12,63,lifetime_aggregate,65,390.5545875142702,1
nyc,8111.04,Gerard Ave & E 165 St,10529,4699,5830,10529,40.83173,-73.922394,2020,2025,3,12,8,12,65,lifetime_aggregate,68,645.8353119954412,1
nyc,8111.07,River Ave & McClellan St,23882,11928,11954,23882,40.83406,-73.92243,2020,2025,3,12,9,12,64,lifetime_aggregate,12,50.24704798593083,1
nyc,8114.02,Louis Nine Blvd & Intervale Ave,13987,6979,7008,13987,40.831998000000006,-73.892686,2020,2025,3,12,10,12,63,lifetime_aggregate,13,92.94344748695217,1
nyc,8115.01,Ogden Ave & W 164 St,15954,8054,7900,15954,40.832812,-73.929372,2020,2025,3,12,8,12,65,lifetime_aggregate,16,100.28832894571893,1
nyc,8118.02,Franklin Ave & E 169 St,25952,13074,12878,25952,40.831708139051806,-73.90208283455641,2020,2025,3,12,10,12,63,lifetime_aggregate,25,96.33168927250308,1
nyc,8119.05,W 159 St & Edgecombe Ave,11895,6060,5835,11895,40.833302999999994,-73.939326,2020,2025,3,12,8,12,65,lifetime_aggregate,29,243.79991593106348,1
nyc,8122.04,E 169 St & Webster Ave,23700,11779,11921,23700,40.834015,-73.908863,2020,2025,3,12,8,12,65,lifetime_aggregate,60,253.16455696202533,1
nyc,8123.02,Broadway & W 155 St,16205,8244,7961,16205,40.83299,-73.94592,2020,2023,2,12,9,9,37,lifetime_aggregate,56,345.5723542116631,1
nyc,8123.06,Broadway & W 157 St,27222,13889,13333,27222,40.83402740143528,-73.94510813442648,2023,2025,2,12,10,12,27,lifetime_aggregate,121,444.49342443611783,1
nyc,8126.07,Grand Concourse & E 167 St,48721,25093,23628,48721,40.83426300000001,-73.917641,2020,2025,3,12,8,12,65,lifetime_aggregate,96,197.0402906344287,1
nyc,8129.02,Southern Blvd & E 172 St,13296,6674,6622,13296,40.834123999999996,-73.88955,2020,2025,3,12,9,12,64,lifetime_aggregate,39,293.32129963898916,1
nyc,8130.02,E 165 St & Jerome Ave,12095,6098,5997,12095,40.83263,-73.925101,2020,2025,3,12,10,12,63,lifetime_aggregate,40,330.71517155849523,1
nyc,8133.08,Boston Rd & Prospect Ave,30411,15139,15272,30411,40.833246,-73.896599,2020,2025,3,12,10,12,63,lifetime_aggregate,58,190.72046299036535,1
nyc,8137.06,3 Ave & E 170 St,28348,14069,14279,28348,40.834857,-73.903743,2020,2025,3,12,9,12,64,lifetime_aggregate,46,162.2689431353182,1
nyc,8138.07,W 160 St & St Nicholas Ave,14976,7992,6984,14976,40.834468,-73.939865,2023,2025,2,12,10,12,27,lifetime_aggregate,38,253.73931623931625,1
nyc,8138.07,W 160 St & St. Nicholas Ave,12846,6822,6024,12846,40.834468,-73.939865,2020,2023,2,12,8,10,39,lifetime_aggregate,38,295.81192589132803,1
nyc,8141.01,Grant Ave & E 169 St,909,453,456,909,40.83579,-73.913741,2020,2020,1,3,10,12,3,lifetime_aggregate,60,6600.6600660066,1
nyc,8141.05,College Ave & E 169 St,17549,8768,8781,17549,40.83512279904337,-73.91196817159059,2023,2025,2,12,1,12,36,lifetime_aggregate,70,398.8831272437176,1
nyc,8142.03,Riverside Dr E & W 155 St,9675,4878,4797,9675,40.834097985815255,-73.94834974194816,2025,2025,1,12,1,12,12,lifetime_aggregate,25,258.3979328165375,1
nyc,8144.09,E 174 St & Longfellow Ave,18713,9288,9425,18713,40.836274,-73.884308,2020,2025,3,12,10,12,63,lifetime_aggregate,69,368.7276225084166,1
nyc,8145.03,Gerard Ave & McClellan St,15016,7535,7481,15016,40.833909,-73.92112,2020,2025,3,12,8,12,65,lifetime_aggregate,29,193.12733084709643,1
nyc,8149.09,Ogden Ave & W 165 St,25150,12587,12563,25150,40.834457,-73.928381,2020,2025,3,12,8,12,65,lifetime_aggregate,53,210.73558648111333,1
nyc,8152.03,Fulton Ave & St Paul's Pl,14293,7138,7155,14293,40.83545,-73.90153,2023,2025,2,12,10,12,27,lifetime_aggregate,26,181.90722731406984,1
nyc,8152.03,Fulton Ave & St. Paul's Pl,10994,5573,5421,10994,40.83545,-73.90153,2020,2023,2,12,9,10,38,lifetime_aggregate,26,236.4926323449154,1
nyc,8153.1,W 163 St & Edgecombe Ave,1197,965,232,1197,40.835798,-73.937496,2023,2025,2,11,1,6,30,lifetime_aggregate,16,1336.6750208855472,1
nyc,8153.10,W 163 St & Edgecombe Ave,8713,4185,4528,8713,40.835798,-73.937496,2020,2025,3,12,8,12,65,lifetime_aggregate,16,183.6336508665213,1
nyc,8156.01,E 170 St & Clay Ave,20162,10095,10067,20162,40.83721299999999,-73.908345,2020,2025,3,12,10,12,63,lifetime_aggregate,38,188.47336573752602,1
nyc,8156.03,E 170 St & Webster Ave,35026,17366,17660,35026,40.83617912658174,-73.90730142870603,2020,2025,3,12,11,12,62,lifetime_aggregate,37,105.63581339576315,1
nyc,8156.04,E 170 St & Webster Ave,141,64,77,141,40.836103,-73.907199,2020,2020,1,3,9,11,3,lifetime_aggregate,33,23404.255319148935,1
nyc,8156.04,E 170 St & Webster Ave_old,626,317,309,626,40.836103,-73.907199,2020,2020,1,3,9,11,3,lifetime_aggregate,33,5271.5654952076675,1
nyc,8157.06,Broadway & W 160 St,40087,20109,19978,40087,40.835775,-73.9434,2020,2025,3,12,8,12,65,lifetime_aggregate,60,149.67445805373313,1
nyc,8160.03,Sheridan Ave & E 168 St,24422,12452,11970,24422,40.835334,-73.9154,2020,2025,3,12,8,12,65,lifetime_aggregate,33,135.12406846286137,1
nyc,8163.05,Southern Blvd & E 174 St,29485,14784,14701,29485,40.836733,-73.887931,2020,2025,3,12,12,12,61,lifetime_aggregate,76,257.758182126505,1
nyc,8167.02,Wilkins Ave & Crotona Park E,21401,10685,10716,21401,40.835302,-73.895133,2020,2025,3,12,10,12,63,lifetime_aggregate,44,205.59786925844585,1
nyc,8167.04,Charlotte St & Boston Rd,7921,3992,3929,7921,40.83587708935447,-73.89314281630531,2020,2025,3,12,10,12,63,lifetime_aggregate,19,239.8687034465345,1
nyc,8171.06,E 171 St & 3 Ave,20800,10340,10460,20800,40.837119,-73.902185,2023,2025,2,12,1,12,36,lifetime_aggregate,16,76.92307692307692,1
nyc,8172.07,Amsterdam Ave & W 162 St,26916,14383,12533,26916,40.83618,-73.939789,2020,2025,3,12,8,12,65,lifetime_aggregate,62,230.3462624461287,1
nyc,8175.06,College Ave & E 170 St,12132,6168,5964,12132,40.837576,-73.910489,2020,2025,3,12,9,12,64,lifetime_aggregate,88,725.3544345532475,1
nyc,8176.01,W 160 St & Riverside Dr,6798,3502,3296,6798,40.83719,-73.9466,2025,2025,1,12,1,12,12,lifetime_aggregate,36,529.567519858782,1
nyc,8179.03,Walton Ave & E 168 St,28985,14459,14526,28985,40.83648999999999,-73.918316,2020,2025,3,12,9,12,64,lifetime_aggregate,35,120.75211316198035,1
nyc,8182.02,Crotona Park East & E 173 St,11805,5931,5874,11805,40.837037,-73.890413,2020,2025,3,12,10,12,63,lifetime_aggregate,13,110.12282930961457,1
nyc,8183.02,University Ave & W 168 St,9936,4967,4969,9936,40.838706,-73.927034,2020,2025,3,12,10,12,63,lifetime_aggregate,47,473.02737520128824,1
nyc,8183.08,Nelson Ave & 167 St,20660,10378,10282,20660,40.83670566882543,-73.9260886611574,2023,2025,2,12,1,12,36,lifetime_aggregate,78,377.541142303969,1
nyc,8186.01,Fulton Ave & E 172 St,19066,9544,9522,19066,40.839229,-73.899047,2020,2025,3,12,11,12,62,lifetime_aggregate,18,94.40889541592364,1
nyc,8187.04,Edgecombe Ave & W 167 St,16250,8503,7747,16250,40.838191,-73.936085,2020,2025,3,12,8,12,65,lifetime_aggregate,18,110.76923076923077,1
nyc,8190.03,E 171 St & Webster Ave,18662,9322,9340,18662,40.838379,-73.905838,2020,2025,3,12,10,12,63,lifetime_aggregate,45,241.13171149930338,1
nyc,8191.01,Broadway & W 165 St,28058,14860,13198,28058,40.839137,-73.941409,2020,2025,3,12,8,12,65,lifetime_aggregate,103,367.0967282058593,1
nyc,8194.06,Grand Concourse & E 171 St,22122,11268,10854,22122,40.83954899999999,-73.913004,2020,2025,3,12,8,12,65,lifetime_aggregate,24,108.48928668294006,1
nyc,8194.07,E 170 St & Sheridan Ave,26406,13375,13031,26406,40.838315,-73.912604,2023,2025,2,12,1,12,36,lifetime_aggregate,18,68.1663258350375,1
nyc,8196.02,Southern Blvd & E 175 St,18129,9008,9121,18129,40.839335,-73.886445,2020,2025,3,12,10,12,63,lifetime_aggregate,41,226.15698604445916,1
nyc,8198.05,Shakespeare Ave & W 169 St,29983,15021,14962,29983,40.839312,-73.922423,2020,2025,3,12,8,12,65,lifetime_aggregate,36,120.06803855518126,1
nyc,82,St James Pl & Pearl St,28117,13951,14166,28117,40.71117416,-74.00016545,2019,2019,1,12,1,12,12,lifetime_aggregate,58,206.28089767756163,1
nyc,8205.05,3 Ave & E 172 St,19988,9946,10042,19988,40.839586,-73.900277,2020,2025,3,12,9,12,64,lifetime_aggregate,45,225.1350810486292,1
nyc,8206.05,W 167 St & St. Nicholas Ave,9,3,6,9,40.840124,-73.93949,2020,2020,1,1,12,12,1,lifetime_aggregate,36,400000.0,1
nyc,8206.17,Amsterdam Ave & W 167 St,24582,12622,11960,24582,40.839443,-73.937044,2020,2025,3,12,8,12,65,lifetime_aggregate,52,211.5368969164429,1
nyc,8209.01,Morris Ave & E 171 St,9861,4936,4925,9861,40.83899,-73.9109,2020,2025,3,12,9,12,64,lifetime_aggregate,17,172.39630869080216,1
nyc,8210.01,W 163 St & Riverside Dr,14478,7267,7211,14478,40.839278,-73.945446,2020,2025,3,12,8,12,65,lifetime_aggregate,35,241.74609752728276,1
nyc,8212.01,Boston Rd & West Farms Rd,12436,6200,6236,12436,40.83998,-73.8806,2023,2025,2,12,10,12,27,lifetime_aggregate,65,522.6761016403989,1
nyc,8213.01,Plaza Dr & W 170 St,51540,25657,25883,51540,40.840484,-73.917946,2020,2025,3,12,10,12,63,lifetime_aggregate,121,234.76911136980985,1
nyc,8216.02,Waterloo Pl & Crotona Park East,9748,4953,4795,9748,40.839194,-73.888587,2020,2025,3,12,10,12,63,lifetime_aggregate,20,205.1702913418137,1
nyc,8218.04,Ogden Ave & Merriam Ave,16247,8166,8081,16247,40.839142,-73.925961,2020,2025,3,12,9,12,64,lifetime_aggregate,25,153.87456145749985,1
nyc,8225.05,Clay Ave & Claremont Pkwy,14209,7052,7157,14209,40.83999,-73.90549,2020,2025,3,12,9,12,64,lifetime_aggregate,74,520.7966781617284,1
nyc,8226.05,W 165 St & Fort Washington Ave,25325,13072,12253,25325,40.84004,-73.942939,2020,2025,3,12,8,12,65,lifetime_aggregate,82,323.79072063178677,1
nyc,8226.06,Broadway & W 168 St,34568,18366,16202,34568,40.84089603192116,-73.93972098827702,2023,2025,2,12,1,12,36,lifetime_aggregate,83,240.10645683869473,1
nyc,8226.07,W 168 St & Fort Washington Ave,23993,12396,11597,23993,40.84210236102173,-73.9422395825386,2025,2025,1,12,1,12,12,lifetime_aggregate,38,158.3795273621473,1
nyc,8226.07,W 168 St & Ft Washington Ave,6406,3432,2974,6406,40.84210236102173,-73.9422395825386,2023,2025,2,4,10,1,16,lifetime_aggregate,38,593.1938807368093,1
nyc,8226.07,W 168th S & Fort Washington Ave,18670,10001,8669,18670,40.842102360760734,-73.9422395828404,2023,2023,1,10,1,10,10,lifetime_aggregate,38,203.53508302088912,1
nyc,8229.04,Sheridan Ave & E 172 St,16250,8179,8071,16250,40.840494,-73.911479,2020,2025,3,12,10,12,63,lifetime_aggregate,24,147.69230769230768,1
nyc,8233.01,Inwood Ave & W 170 St,8509,4276,4233,8509,40.840536,-73.919228,2020,2025,3,12,8,12,65,lifetime_aggregate,67,787.4015748031496,1
nyc,8236.01,Crotona Park North & Prospect Ave,12988,6470,6518,12988,40.84109200000001,-73.892317,2020,2025,3,12,10,12,63,lifetime_aggregate,24,184.78595626732368,1
nyc,8241.07,3 Ave & E 174 St,13165,6580,6585,13165,40.84224,-73.8985,2020,2025,3,12,9,12,64,lifetime_aggregate,48,364.6031143182681,1
nyc,8241.07,3 Ave & E 174 St - Bathgate Vaccination Site,1096,534,562,1096,40.84224,-73.8985,2020,2020,1,4,9,12,4,lifetime_aggregate,48,4379.56204379562,1
nyc,8242.04,Amsterdam Ave & W 172 St,23084,12117,10967,23084,40.842173,-73.93511099999999,2020,2025,3,12,8,12,65,lifetime_aggregate,53,229.59625714780802,1
nyc,8245.03,Mount Eden Pkwy & Eastburn Ave,9446,4688,4758,9446,40.842675,-73.908544,2020,2025,3,12,10,12,63,lifetime_aggregate,46,486.9786152868939,1
nyc,8248.05,Boston Rd & E 178 St,14486,7239,7247,14486,40.84096,-73.87923,2023,2025,2,12,10,12,27,lifetime_aggregate,19,131.16112108242442,1
nyc,8249.1,Walton Ave & E 171 St,5878,5371,507,5878,40.840683,-73.915073,2023,2025,2,11,1,8,32,lifetime_aggregate,45,765.5665192242259,1
nyc,8249.10,Walton Ave & E 171 St,29316,12171,17145,29316,40.840683,-73.915073,2020,2025,3,12,10,12,63,lifetime_aggregate,45,153.49979533360622,1
nyc,8252.03,Crotona Pkwy & Elsmere Pl,6254,3156,3098,6254,40.84188,-73.8855,2023,2025,2,12,11,12,26,lifetime_aggregate,95,1519.0278221937958,1
nyc,8254.01,W 170 St & University Ave,20910,10672,10238,20910,40.84207,-73.926075,2020,2025,3,12,8,12,65,lifetime_aggregate,23,109.99521759923482,1
nyc,8257.03,Crotona Ave & Crotona Park N,6320,3150,3170,6320,40.84234,-73.89409,2023,2025,2,12,11,12,26,lifetime_aggregate,32,506.32911392405066,1
nyc,8262.07,W 171 St & St Nicholas Ave,20468,10913,9555,20468,40.842941,-73.938631,2023,2025,2,12,10,12,27,lifetime_aggregate,80,390.8540160250147,1
nyc,8262.07,W 171 St & St. Nicholas Ave,12917,6996,5921,12917,40.842941,-73.938631,2020,2023,2,12,8,10,39,lifetime_aggregate,80,619.338855771464,1
nyc,8265.09,Grand Concourse & E Mount Eden Ave,15332,7659,7673,15332,40.84301,-73.91172,2023,2025,2,12,10,12,27,lifetime_aggregate,134,873.989042525437,1
nyc,8265.09,Grand Concourse & East Mount Eden Ave,14226,7078,7148,14226,40.84301,-73.91171999999999,2020,2023,2,12,9,10,38,lifetime_aggregate,134,941.9372979052439,1
nyc,8268.08,E 179 St & Daly Ave,4899,2478,2421,4899,40.84335,-73.88247,2023,2025,2,12,11,12,26,lifetime_aggregate,30,612.369871402327,1
nyc,8269.01,Goble Pl & Macombs Rd,21020,10382,10638,21020,40.84407499999999,-73.917256,2020,2025,3,12,9,12,64,lifetime_aggregate,47,223.5965746907707,1
nyc,8272.01,Clinton Ave & E Tremont Ave,592,304,288,592,40.845,-73.88994,2023,2023,1,3,10,12,3,lifetime_aggregate,65,10979.72972972973,1
nyc,8272.05,Fairmount Pl & Prospect Ave,2965,1500,1465,2965,40.843099,-73.889927,2025,2025,1,12,1,12,12,lifetime_aggregate,40,1349.0725126475547,1
nyc,8272.08,E 176 St & Clinton Ave,4412,2226,2186,4412,40.84311,-73.89149,2023,2025,2,12,10,12,27,lifetime_aggregate,33,747.9601087941976,1
nyc,8277.03,Washington Ave & E 174 St,5322,2609,2713,5322,40.843079,-73.900216,2020,2025,3,12,10,12,63,lifetime_aggregate,29,544.9079293498685,1
nyc,8278.05,Amsterdam Ave & W 175 St,20765,10637,10128,20765,40.844044,-73.933651,2020,2025,3,12,8,12,65,lifetime_aggregate,36,173.36864916927522,1
nyc,8281.06,Clay Ave & E 173 St,13759,6894,6865,13759,40.843264,-73.904867,2020,2025,3,12,9,12,64,lifetime_aggregate,51,370.6664728541319,1
nyc,8282.13,W 169 St & Fort Washington Ave,44332,23795,20537,44332,40.842842003960754,-73.94212500594114,2020,2020,1,9,4,12,9,lifetime_aggregate,41,92.48398448073627,1
nyc,8284.01,Bronx Park S & Bryant Ave,4682,2325,2357,4682,40.84437,-73.87796,2023,2025,2,12,12,12,25,lifetime_aggregate,17,363.0926954293037,1
nyc,8285.09,E 174 St & Walton Ave,10300,5209,5091,10300,40.844811,-73.912042,2020,2025,3,12,11,12,62,lifetime_aggregate,241,2339.8058252427186,1
nyc,8285.11,Featherbed Ln & Jerome Ave,8707,4291,4416,8707,40.845505,-73.914311,2023,2025,2,12,1,12,36,lifetime_aggregate,388,4456.184678993913,1
nyc,8288.11,E 179 St & Southern Blvd,7361,3702,3659,7361,40.84467,-73.88507,2025,2025,1,12,1,12,12,lifetime_aggregate,28,380.383100122266,1
nyc,8290.01,Nelson Ave & W 172 St,27235,13765,13470,27235,40.843965,-73.920999,2020,2025,3,12,8,12,65,lifetime_aggregate,45,165.22856618322012,1
nyc,8293.12,Arthur Ave & E Tremont Ave,18123,9027,9096,18123,40.84616,-73.89322,2023,2025,2,12,11,12,26,lifetime_aggregate,74,408.3209181702809,1
nyc,8299.03,Wadsworth Ave & W 175 St,31775,16365,15410,31775,40.846052,-73.937648,2020,2025,3,12,8,12,65,lifetime_aggregate,48,151.06215578284815,1
nyc,83,Atlantic Ave & Fort Greene Pl,36998,17483,19515,36998,40.68382604,-73.97632328,2019,2019,1,12,1,12,12,lifetime_aggregate,278,751.3919671333585,1
nyc,8303.06,Grand Concourse & E 175 St,12806,6444,6362,12806,40.84627592924188,-73.90931278473975,2023,2025,2,12,1,12,36,lifetime_aggregate,45,351.39778228955174,1
nyc,8306.03,Vyse Ave & E 181 St,4014,2011,2003,4014,40.84463,-73.87988,2023,2025,2,12,10,12,27,lifetime_aggregate,56,1395.1170901843548,1
nyc,8307.05,Macombs Rd & Featherbed Ln,10623,5334,5289,10623,40.84552,-73.91722,2023,2025,2,12,1,12,36,lifetime_aggregate,166,1562.647086510402,1
nyc,8315.03,3 Ave & E Tremont Ave,12673,6332,6341,12673,40.84649,-73.89616,2023,2025,2,12,11,12,26,lifetime_aggregate,142,1120.4923853862542,1
nyc,8316.02,Audobon Ave & W 179 St,8905,4677,4228,8905,40.847305,-73.933291,2020,2023,2,12,8,10,39,lifetime_aggregate,71,797.3048848961257,1
nyc,8316.02,Audubon Ave & W 179 St,10909,5639,5270,10909,40.847305,-73.933291,2023,2025,2,12,10,12,27,lifetime_aggregate,71,650.8387569896415,1
nyc,8319.01,Anthony Ave & E 175 St,12577,6371,6206,12577,40.846465,-73.903869,2023,2025,2,12,1,12,36,lifetime_aggregate,59,469.1102806710663,1
nyc,8320.01,Fort Washington Ave & W 173 St,30551,15819,14732,30551,40.84522,-73.940493,2020,2025,3,12,8,12,65,lifetime_aggregate,39,127.65539589538804,1
nyc,8323.05,Townsend Ave & E 175 St,9698,4825,4873,9698,40.84741,-73.911359,2020,2025,3,12,7,12,66,lifetime_aggregate,91,938.3378016085791,1
nyc,8325.08,Southern Blvd & E 180 St,7254,3623,3631,7254,40.84605,-73.88426,2023,2025,2,12,10,12,27,lifetime_aggregate,87,1199.3382961124896,1
nyc,8325.12,Crotona Pkwy & Bronx Park S,5802,2904,2898,5802,40.84784,-73.883,2023,2025,2,12,10,12,27,lifetime_aggregate,55,947.9489831092726,1
nyc,8327.15,Featherbed Ln & Nelson Ave,12744,6451,6293,12744,40.846011,-73.919637,2023,2025,2,12,1,12,36,lifetime_aggregate,38,298.17953546767103,1
nyc,8330.05,Crotona Ave & E 179 St,8117,4043,4074,8117,40.84666,-73.88991,2023,2025,2,12,10,12,27,lifetime_aggregate,21,258.7162744856474,1
nyc,8335.02,Park Ave & E Tremont Ave,8509,4246,4263,8509,40.84731,-73.89981,2023,2025,2,12,12,12,25,lifetime_aggregate,97,1139.9694441179927,1
nyc,8336.02,Wadsworth Ave & W 179 St,52398,27341,25057,52398,40.848467,-73.936064,2020,2025,3,12,8,12,65,lifetime_aggregate,61,116.41665712431772,1
nyc,8340.01,Grand Concourse & E 176 St,7854,3958,3896,7854,40.84761,-73.90745,2025,2025,1,12,1,12,12,lifetime_aggregate,103,1311.4336643748409,1
nyc,8340.05,Weeks Ave & E 175 St,2828,1424,1404,2828,40.846879,-73.907342,2023,2023,1,7,1,7,7,lifetime_aggregate,70,2475.2475247524753,1
nyc,8344.04,Macombs Rd & W 175 St,11949,6129,5820,11949,40.848177,-73.916082,2023,2025,2,12,1,12,36,lifetime_aggregate,36,301.28044187798145,1
nyc,8344.09,University Ave & Macombs Rd,14465,7567,6898,14465,40.8496401,-73.9161206,2023,2025,2,12,1,12,36,lifetime_aggregate,36,248.87659868648464,1
nyc,8346.06,E 180 St & Prospect Ave,6573,3288,3285,6573,40.84696,-73.88663,2023,2025,2,12,10,12,27,lifetime_aggregate,22,334.70257112429636,1
nyc,8348.02,Popham Ave & W 174 St,19433,9808,9625,19433,40.847746,-73.922079,2023,2025,2,12,1,12,36,lifetime_aggregate,43,221.27309216281583,1
nyc,8351.06,E 178 St & Monterey Ave,4491,2294,2197,4491,40.84749,-73.89464,2023,2025,2,12,11,12,26,lifetime_aggregate,42,935.2037408149632,1
nyc,8353.02,Amsterdam Ave & W 180 St,12348,6557,5791,12348,40.847395999999996,-73.931205,2020,2025,3,12,8,12,65,lifetime_aggregate,260,2105.604146420473,1
nyc,8353.09,Amsterdam Ave & W 183 St,16709,8552,8157,16709,40.84925,-73.93022,2020,2025,3,12,8,12,65,lifetime_aggregate,46,275.3007361302292,1
nyc,8356.02,E Tremont Ave & E 176 St,17980,8937,9043,17980,40.847798,-73.901883,2023,2025,2,12,1,12,36,lifetime_aggregate,157,873.1924360400444,1
nyc,8356.04,Anthony Ave & E Tremont Ave,21405,10717,10688,21405,40.848793,-73.903178,2023,2025,2,12,1,12,36,lifetime_aggregate,63,294.3237561317449,1
nyc,8358.03,W 180 St & Fort Washington Ave,19235,9907,9328,19235,40.849972,-73.938423,2025,2025,1,12,1,12,12,lifetime_aggregate,43,223.55081881985961,1
nyc,8358.03,W 180 St & Ft Washington Ave,26708,13493,13215,26708,40.849972,-73.938423,2020,2025,3,12,8,1,54,lifetime_aggregate,43,161.00044930357944,1
nyc,8358.1,Cabrini Blvd & W 177 St,1318,1260,58,1318,40.848282,-73.941343,2023,2025,2,11,1,5,29,lifetime_aggregate,37,2807.2837632776937,1
nyc,8358.10,Cabrini Blvd & W 177 St,11447,5623,5824,11447,40.848282,-73.941343,2020,2025,3,12,8,12,65,lifetime_aggregate,37,323.22879357036777,1
nyc,8362.02,Walton Ave & E 176 St,14404,7243,7161,14404,40.84833,-73.90971,2023,2025,2,12,3,12,34,lifetime_aggregate,47,326.2982504859761,1
nyc,8362.09,Jerome Ave & W 177 St,7030,3520,3510,7030,40.850121,-73.910765,2023,2025,2,12,1,12,36,lifetime_aggregate,74,1052.6315789473683,1
nyc,8366.06,W 176 St & Montgomery Ave,13052,6606,6446,13052,40.849629,-73.919205,2023,2025,2,12,1,12,36,lifetime_aggregate,34,260.4964756359179,1
nyc,8366.07,University Ave & Brandt Pl,10649,5520,5129,10649,40.848354,-73.918389,2023,2025,2,12,1,12,36,lifetime_aggregate,30,281.716593107334,1
nyc,8369.08,Hughes Ave & Oak Tree Pl,4557,2284,2273,4557,40.85079,-73.88945,2023,2025,2,12,10,12,27,lifetime_aggregate,17,373.05244678516567,1
nyc,8374.02,Park Ave & E 179 St,5190,2597,2593,5190,40.85014,-73.89818,2023,2025,2,12,12,12,25,lifetime_aggregate,17,327.55298651252406,1
nyc,8379.06,Echo Pl & Grand Concourse,17296,8736,8560,17296,40.849955,-73.905943,2025,2025,1,12,1,12,12,lifetime_aggregate,124,716.9287696577244,1
nyc,8379.07,Creston Ave & E 178 St,7750,3978,3772,7750,40.850885,-73.906469,2023,2023,1,12,1,12,12,lifetime_aggregate,67,864.516129032258,1
nyc,8381.04,W 181 St & Riverside Dr,32315,16103,16212,32315,40.85168,-73.94186,2020,2025,3,12,9,12,64,lifetime_aggregate,42,129.97060188766827,1
nyc,8384.03,W Tremont Ave & Grand Ave,9538,4835,4703,9538,40.850036,-73.912785,2023,2025,2,12,1,12,36,lifetime_aggregate,32,335.50010484378276,1
nyc,8384.04,University Ave & Morton Pl,3805,1961,1844,3805,40.85118155499655,-73.91465058978447,2025,2025,1,12,1,12,12,lifetime_aggregate,47,1235.2168199737189,1
nyc,8387.03,Crotona Ave & E 183 St,6958,3482,3476,6958,40.85157,-73.88475,2023,2025,2,12,10,12,27,lifetime_aggregate,33,474.2742167289451,1
nyc,8392.02,E 180 St & Monterey Ave,7291,3650,3641,7291,40.85025,-73.89301,2023,2025,2,12,10,12,27,lifetime_aggregate,20,274.310794129749,1
nyc,8394.15,Amsterdam Ave & W 186 St,10400,5385,5015,10400,40.851113,-73.928808,2023,2025,2,12,1,12,36,lifetime_aggregate,18,173.0769230769231,1
nyc,8397.02,E Burnside Ave & Ryer Ave,29028,14477,14551,29028,40.850535,-73.901318,2023,2025,2,12,1,12,36,lifetime_aggregate,35,120.57323963070138,1
nyc,8399.06,Fort Washington Ave & W 183 St,32034,17257,14777,32034,40.852252,-73.937854,2020,2025,3,12,8,12,65,lifetime_aggregate,20,62.43366423175377,1
nyc,8403.02,E Tremont Ave & Jerome Ave,9299,4615,4684,9299,40.851747,-73.908964,2023,2025,2,12,1,12,36,lifetime_aggregate,80,860.307559952683,1
nyc,8407.03,W Tremont Ave & Montgomery Ave,10214,5112,5102,10214,40.851788,-73.916418,2023,2025,2,12,1,12,36,lifetime_aggregate,61,597.2195026434306,1
nyc,8410.1,E 182 St & Belmont Ave,1282,73,1209,1282,40.85089,-73.88793,2023,2025,2,12,12,12,25,lifetime_aggregate,16,1248.04992199688,1
nyc,8410.10,E 182 St & Belmont Ave,4103,2591,1512,4103,40.85089,-73.88793,2023,2025,2,12,11,12,26,lifetime_aggregate,16,389.9585669022666,1
nyc,8415.01,E 181 St & Bathgate Ave,5806,2900,2906,5806,40.85197999999999,-73.89438,2023,2025,2,12,11,12,26,lifetime_aggregate,17,292.80055115397863,1
nyc,8416.07,Broadway & W 185 St,25686,12856,12830,25686,40.852538,-73.93441,2023,2025,2,12,1,12,36,lifetime_aggregate,51,198.5517402476057,1
nyc,8416.1,W 186 St & St Nicholas Ave,1884,158,1726,1884,40.852253,-73.93130800000002,2023,2025,2,12,10,11,26,lifetime_aggregate,47,2494.6921443736733,1
nyc,8416.1,W 186 St & St. Nicholas Ave,2310,1582,728,2310,40.852253,-73.931308,2023,2023,1,10,1,10,10,lifetime_aggregate,47,2034.6320346320344,1
nyc,8416.10,W 186 St & St Nicholas Ave,7998,5132,2866,7998,40.852253,-73.931308,2023,2025,2,12,10,12,27,lifetime_aggregate,47,587.646911727932,1
nyc,8416.10,W 186 St & St. Nicholas Ave,3399,1480,1919,3399,40.852253,-73.931308,2023,2023,1,10,1,10,10,lifetime_aggregate,47,1382.7596351868197,1
nyc,8425.01,W Burnside Ave & University Ave,7818,3945,3873,7818,40.853686,-73.912498,2023,2023,1,12,1,12,12,lifetime_aggregate,2,25.581990278843694,1
nyc,8427.05,Southern Blvd & E 187 St,6940,3455,3485,6940,40.8535,-73.88177,2023,2025,2,12,11,12,26,lifetime_aggregate,42,605.1873198847262,1
nyc,8428.04,W Tremont Ave & Matthewson Rd,12137,6038,6099,12137,40.853827,-73.920765,2023,2025,2,12,1,12,36,lifetime_aggregate,0,0.0,1
nyc,8428.05,Sedgwick Ave & W Tremont Ave,14345,7150,7195,14345,40.85304455868985,-73.91830623149872,2023,2025,2,12,1,12,36,lifetime_aggregate,59,411.2931334959916,1
nyc,8430.03,Arthur Ave & E 183 St,6977,3513,3464,6977,40.85307,-73.88953,2023,2025,2,12,10,12,27,lifetime_aggregate,46,659.3091586641823,1
nyc,8432.11,Amsterdam Ave & W 189 St,11076,5613,5463,11076,40.853187588898805,-73.92715752157262,2023,2025,2,12,1,12,36,lifetime_aggregate,54,487.54062838569877,1
nyc,8435.04,Valentine Ave & E 181 St,13698,6834,6864,13698,40.85412386913068,-73.89932222661814,2023,2025,2,12,1,12,36,lifetime_aggregate,80,584.0268652358009,1
nyc,8441.01,Morris Ave & E Burnside Ave,15170,7594,7576,15170,40.85322,-73.90546,2023,2025,2,12,1,12,36,lifetime_aggregate,91,599.8681608437706,1
nyc,8441.05,Davidson Ave & W Burnside Ave,15200,7590,7610,15200,40.853646,-73.908731,2023,2025,2,12,1,12,36,lifetime_aggregate,47,309.2105263157895,1
nyc,8447.07,Crescent Ave & Belmont Ave,6766,3372,3394,6766,40.85391,-73.8866,2023,2025,2,12,12,12,25,lifetime_aggregate,39,576.4114691102571,1
nyc,8451.07,E 182 St & Park Ave,2898,1447,1451,2898,40.85455,-73.89507,2023,2025,2,12,10,12,27,lifetime_aggregate,27,931.6770186335403,1
nyc,8453.14,W 190 St & St Nicholas Ave,9163,4826,4337,9163,40.854788,-73.929513,2023,2025,2,11,10,12,27,lifetime_aggregate,58,632.980464913238,1
nyc,8453.14,W 190 St & St. Nicholas Ave,6877,3676,3201,6877,40.854788,-73.929513,2023,2023,1,10,1,10,10,lifetime_aggregate,58,843.3910135233386,1
nyc,8456.02,Creston Ave & E 181 St,5989,3053,2936,5989,40.8549,-73.90281,2023,2023,1,12,1,12,12,lifetime_aggregate,89,1486.057772583069,1
nyc,8456.05,Grand Concourse & E 181 St,7259,3634,3625,7259,40.85466,-73.9015,2025,2025,1,12,1,12,12,lifetime_aggregate,71,978.096156495385,1
nyc,8458.03,Pinehurst Ave & W 187 St,21481,10996,10485,21481,40.855331,-73.937878,2023,2025,2,12,1,12,36,lifetime_aggregate,37,172.24523997951678,1
nyc,8462.09,University Ave & W Burnside Ave,15319,7738,7581,15319,40.85501,-73.910751,2023,2025,2,12,1,12,36,lifetime_aggregate,136,887.7864090345322,1
nyc,8465.01,Sedgwick Ave & W Burnside Ave,7427,3725,3702,7427,40.854947,-73.916661,2023,2025,2,12,1,12,36,lifetime_aggregate,68,915.5782954086442,1
nyc,8467.03,E 184 St & 3 Ave,9718,4855,4863,9718,40.85472,-73.89022,2023,2025,2,12,11,12,26,lifetime_aggregate,52,535.0895245935377,1
nyc,8469.05,Audubon Ave & W 192 St,9711,4964,4747,9711,40.85589030603889,-73.92708241939545,2023,2025,2,12,1,12,36,lifetime_aggregate,11,113.27360724951087,1
nyc,8472.06,Valentine Ave & E 183 St,8770,4415,4355,8770,40.856987,-73.898237,2023,2025,2,12,1,12,36,lifetime_aggregate,52,592.9304446978335,1
nyc,8472.08,Webster Ave & Ford St,11492,5781,5711,11492,40.85556,-73.89615,2023,2025,2,12,1,12,36,lifetime_aggregate,52,452.48868778280547,1
nyc,8474.02,W 190 St & Broadway,15035,7473,7562,15035,40.85648733511748,-73.93296986822965,2023,2025,2,12,1,12,36,lifetime_aggregate,49,325.90621882274695,1
nyc,8478.11,Jerome Ave & E 181 St,6746,3350,3396,6746,40.855653,-73.905528,2023,2025,2,12,1,12,36,lifetime_aggregate,83,1230.3587310999112,1
nyc,8483.02,Andrews Ave S & W 179 St,8786,4424,4362,8786,40.855156,-73.91278,2023,2025,2,12,1,12,36,lifetime_aggregate,7,79.67220578192578,1
nyc,8485.01,E 188 St & Hughes Ave,6769,3359,3410,6769,40.8561,-73.88625,2023,2025,2,12,12,12,25,lifetime_aggregate,51,753.4347761855519,1
nyc,8489.06,E 187 St & 3 Ave,4211,2097,2114,4211,40.85724,-73.8909,2023,2025,2,12,11,12,26,lifetime_aggregate,46,1092.3771075753978,1
nyc,8491.07,Audubon Ave & Fort George Ave,6740,3494,3246,6740,40.85715781400424,-73.92717361467847,2023,2025,2,12,1,12,36,lifetime_aggregate,41,608.3086053412462,1
nyc,8494.01,E 182 St & Morris Ave,15528,7751,7777,15528,40.85670801831152,-73.90265285969568,2023,2025,2,12,1,12,36,lifetime_aggregate,57,367.0788253477589,1
nyc,8494.06,Ryer Ave & E 182 St,4625,2391,2234,4625,40.8558,-73.89956,2023,2023,1,12,1,12,12,lifetime_aggregate,21,454.054054054054,1
nyc,8494.07,E 182 St & Grand Concourse,6293,3195,3098,6293,40.85591,-73.90051,2025,2025,1,12,1,12,12,lifetime_aggregate,48,762.752264420785,1
nyc,8496.01,Fort Washington Ave & W 190 St,7868,3965,3903,7868,40.856906,-73.935662,2023,2025,2,12,10,12,27,lifetime_aggregate,30,381.29130655821047,1
nyc,8496.01,Ft. Washington Ave & W 190 St,4553,2336,2217,4553,40.856906,-73.935662,2023,2023,1,10,1,10,10,lifetime_aggregate,30,658.906215681968,1
nyc,8500.01,Grand Ave & W 181 St,13733,6871,6862,13733,40.856302,-73.907302,2023,2025,2,12,1,12,36,lifetime_aggregate,34,247.57882472875554,1
nyc,8502.04,Crotona Ave & E Fordham Rd,8223,4075,4148,8223,40.857899999999994,-73.88147,2023,2025,2,12,11,12,26,lifetime_aggregate,46,559.4065426243463,1
nyc,8505.08,E 189 St & Bathgate Ave,5210,2582,2628,5210,40.85859,-73.88821,2023,2025,2,12,11,12,26,lifetime_aggregate,10,191.93857965451056,1
nyc,8507.02,Dyckman St & 10 Ave,5848,2878,2970,5848,40.8589044743778,-73.92309397464409,2023,2025,2,12,1,12,36,lifetime_aggregate,60,1025.9917920656635,1
nyc,8510.02,Tiebout Ave & E 184 St,16924,8449,8475,16924,40.858498,-73.89637,2023,2025,2,12,1,12,36,lifetime_aggregate,59,348.61734814464666,1
nyc,8511.08,Broadway & W 192 St,17845,8879,8966,17845,40.857994,-73.932173,2023,2025,2,12,1,12,36,lifetime_aggregate,41,229.75623423928272,1
nyc,8514.05,Walton Ave & E 183 St,10636,5399,5237,10636,40.858472,-73.90266,2023,2025,2,12,1,12,36,lifetime_aggregate,82,770.9665287702144,1
nyc,8520.01,Andrew Ave N & Hall of Fame Tce,9318,4739,4579,9318,40.85834,-73.91008,2023,2025,2,12,1,12,36,lifetime_aggregate,5,53.659583601631255,1
nyc,8526.03,3 Ave & E 189 St,11812,5857,5955,11812,40.85985,-73.89135,2023,2025,2,12,11,12,26,lifetime_aggregate,46,389.4344734168642,1
nyc,8528.05,Nagle Ave & Ellwood St,15570,7716,7854,15570,40.86012,-73.928489,2023,2025,2,12,1,12,36,lifetime_aggregate,31,199.10083493898523,1
nyc,8531.05,Grand Concourse & E 184 St,8437,4287,4150,8437,40.85941,-73.8985,2025,2025,1,12,1,12,12,lifetime_aggregate,87,1031.1722176128956,1
nyc,8532.03,Margaret Corbin Plz & Ft Washington Ave,16470,8428,8042,16470,40.859166,-73.933872,2023,2025,2,12,1,12,36,lifetime_aggregate,9,54.6448087431694,1
nyc,8535.01,Buchanan Pl & Grand Ave,11670,5849,5821,11670,40.85834,-73.90626,2023,2025,2,12,1,12,36,lifetime_aggregate,32,274.20736932305056,1
nyc,8535.09,Aqueduct Ave & North St,6310,3172,3138,6310,40.8604787,-73.9057169936,2023,2025,2,12,1,12,36,lifetime_aggregate,59,935.0237717908083,1
nyc,8539.02,Sedgwick Ave & Hall of Fame Tce,692,355,337,692,40.859532,-73.913303,2023,2023,1,10,1,10,10,lifetime_aggregate,26,3757.225433526012,1
nyc,8539.02,Sedgwick Ave & Hall of Fame Terrace,1097,581,516,1097,40.859531999999994,-73.913303,2023,2025,2,12,10,12,27,lifetime_aggregate,26,2370.1002734731082,1
nyc,8541.04,E 191 St & Bathgate Ave,5516,2739,2777,5516,40.8601,-73.8866,2023,2025,2,12,12,12,25,lifetime_aggregate,65,1178.3901377810007,1
nyc,8543.01,10 Ave & W 202 St,5327,2578,2749,5327,40.86128197081825,-73.92141759488963,2023,2025,2,12,1,12,36,lifetime_aggregate,50,938.6146048432513,1
nyc,8546.06,Tiebout Ave & E Fordham Rd,17135,8546,8589,17135,40.861914999999996,-73.894831,2023,2025,2,12,10,12,27,lifetime_aggregate,137,799.533119346367,1
nyc,8546.06,Tiebout Ave & E Fordham Road,8987,4263,4724,8987,40.861915,-73.894831,2023,2023,1,10,1,10,10,lifetime_aggregate,137,1524.4241682430177,1
nyc,8547.04,Broadway & Ellwood St,13020,6463,6557,13020,40.862058,-73.929719,2023,2025,2,12,1,12,36,lifetime_aggregate,16,122.88786482334869,1
nyc,8550.01,Jerome Ave & W 184 St,6188,3115,3073,6188,40.860814,-73.902541,2023,2025,2,12,1,12,36,lifetime_aggregate,81,1308.9851325145444,1
nyc,8550.04,Morris Ave & E 184 St,4735,2389,2346,4735,40.86008,-73.90079,2023,2023,1,12,1,12,12,lifetime_aggregate,76,1605.0686378035903,1
nyc,8555.05,Loring Pl North & W 183 St,10060,5141,4919,10060,40.8604244,-73.9093359997,2023,2025,2,12,1,12,36,lifetime_aggregate,39,387.67395626242546,1
nyc,8558.01,Southern Blvd & Xavier Way,2997,1584,1413,2997,40.86149,-73.88103,2023,2025,2,12,11,12,26,lifetime_aggregate,1,33.366700033366705,1
nyc,8559.04,9 Ave & W 204 St,1729,789,940,1729,40.86169883507865,-73.91855701804161,2023,2025,2,12,1,12,36,lifetime_aggregate,65,3759.398496240601,1
nyc,8563.06,Nagle Ave & Thayer St,19798,9829,9969,19798,40.861382,-73.925591,2023,2025,2,12,1,12,36,lifetime_aggregate,141,712.1931508233155,1
nyc,8566.05,E 188 St & Creston Ave,28141,14140,14001,28141,40.861669,-73.898589,2023,2025,2,12,1,12,36,lifetime_aggregate,128,454.8523506627341,1
nyc,8571.02,Grand Ave & W Fordham Rd,9229,4798,4431,9229,40.86288,-73.90316,2023,2025,2,12,1,12,36,lifetime_aggregate,130,1408.6033156354968,1
nyc,8575.02,Cedar Ave & W Fordham Rd,6729,3369,3360,6729,40.86156,-73.91219,2023,2025,2,12,1,12,36,lifetime_aggregate,514,7638.579283697429,1
nyc,8579.03,W 204 St & Nagle Ave,8893,4298,4595,8893,40.863211,-73.920827,2023,2025,2,12,1,12,36,lifetime_aggregate,84,944.5631395479592,1
nyc,8579.05,Academy St & Nagle Ave,8521,4177,4344,8521,40.862562,-73.922661,2023,2025,2,12,1,12,36,lifetime_aggregate,36,422.48562375308063,1
nyc,8579.09,10 Ave & W 204 St,4892,2365,2527,4892,40.862638,-73.92006,2023,2025,2,12,1,12,36,lifetime_aggregate,100,2044.1537203597711,1
nyc,8582.02,Bainbridge Ave & E 193 St,3577,1752,1825,3577,40.86389,-73.89246,2023,2023,1,12,1,12,12,lifetime_aggregate,83,2320.3802068772716,1
nyc,8582.09,E Fordham Rd & Webster Ave,45336,22563,22773,45336,40.861748,-73.89105,2020,2025,3,12,6,12,67,lifetime_aggregate,191,421.2987471325216,1
nyc,8582.1,Bainbridge Ave & E 193 St,48,36,12,48,40.86415477605928,-73.892452880543,2025,2025,1,5,1,5,5,lifetime_aggregate,106,220833.33333333334,1
nyc,8582.10,Bainbridge Ave & E 193 St,4141,2068,2073,4141,40.86415477605928,-73.892452880543,2025,2025,1,12,1,12,12,lifetime_aggregate,106,2559.768171939145,1
nyc,8583.02,Sherman Ave & Thayer St,12728,6325,6403,12728,40.863124,-73.926994,2023,2025,2,12,1,12,36,lifetime_aggregate,82,644.2489000628535,1
nyc,8586.09,Jerome Ave & W Fordham Rd,27968,14059,13909,27968,40.86294,-73.90108,2023,2025,2,12,1,12,36,lifetime_aggregate,165,589.9599542334096,1
nyc,8590.01,W Fordham Rd & Loring Pl N,14284,7265,7019,14284,40.86295,-73.90741,2023,2025,2,12,1,12,36,lifetime_aggregate,65,455.05460655278637,1
nyc,8597.01,Decatur Ave & E 197 St,3796,1879,1917,3796,40.86557,-73.88807,2023,2025,2,12,1,12,36,lifetime_aggregate,31,816.6491043203371,1
nyc,8601.04,Grand Concourse & E 192 St,13554,6783,6771,13554,40.86448,-73.89522,2023,2025,2,12,1,12,36,lifetime_aggregate,47,346.7611037332153,1
nyc,8605.06,Aqueduct Ave & W 190 St,7628,3861,3767,7628,40.86492129988277,-73.90242380007815,2023,2025,2,12,1,12,36,lifetime_aggregate,52,681.6990036706869,1
nyc,8613.09,10 Ave & W 207 St,16007,7852,8155,16007,40.864632,-73.918598,2023,2025,2,12,1,12,36,lifetime_aggregate,167,1043.2935590679078,1
nyc,8615.01,Bainbridge Ave & E 196 St,12130,6040,6090,12130,40.86648,-73.89042,2023,2025,2,12,1,12,36,lifetime_aggregate,31,255.56471558120364,1
nyc,8616.06,Riverside Dr & Broadway,30972,15399,15573,30972,40.865364,-73.92791,2023,2025,2,12,1,12,36,lifetime_aggregate,118,380.9892806405786,1
nyc,8619.02,Jerome Ave & W 193 St,18158,9112,9046,18158,40.86659,-73.89794,2023,2025,2,12,1,12,36,lifetime_aggregate,32,176.23086242978303,1
nyc,8624.01,Webb Ave & W 190 St,7512,3905,3607,7512,40.8660052,-73.904254892,2023,2025,2,12,1,12,36,lifetime_aggregate,20,266.2406815761448,1
nyc,8631.03,Decatur Ave & Oliver Pl,3272,1602,1670,3272,40.867,-73.8857763993891,2023,2025,2,12,1,12,36,lifetime_aggregate,54,1650.3667481662592,1
nyc,8632.07,W 204 St & Vermilyea Ave,15673,7755,7918,15673,40.866141,-73.922648,2023,2025,2,12,1,12,36,lifetime_aggregate,24,153.1295859120781,1
nyc,8635.08,Grand Concourse & E 196 St,12693,6534,6159,12693,40.86767,-73.89286,2023,2025,2,12,1,7,31,lifetime_aggregate,70,551.4850705113055,1
nyc,8635.09,E 196 St & Valentine Ave,397,196,201,397,40.86744,-73.89198,2025,2025,1,2,11,12,2,lifetime_aggregate,80,20151.133501259446,1
nyc,8636.04,Dyckman St & Henshaw St,11495,5617,5878,11495,40.867357,-73.92936,2023,2025,2,12,1,12,36,lifetime_aggregate,33,287.08133971291863,1
nyc,8639.01,W 192 St & University Ave,11153,5648,5505,11153,40.866899,-73.901942,2023,2025,2,12,1,12,36,lifetime_aggregate,24,215.18873845602081,1
nyc,8643.01,Bailey Ave & Sedgwick Ave,4790,2403,2387,4790,40.86571,-73.90857,2023,2025,2,12,1,12,36,lifetime_aggregate,18,375.78288100208766,1
nyc,8646.02,Botanical Sq & Webster Ave,14507,7163,7344,14507,40.86814,-73.88145,2023,2025,2,12,1,12,36,lifetime_aggregate,35,241.26283862962705,1
nyc,8647.1,W 211 St & 10 Ave,1367,600,767,1367,40.86709406264494,-73.91729503867755,2023,2025,2,12,1,10,34,lifetime_aggregate,50,3657.6444769568393,1
nyc,8647.10,W 211 St & 10 Ave,3433,1765,1668,3433,40.86709406268147,-73.9172950387001,2023,2025,2,12,1,12,36,lifetime_aggregate,50,1456.4520827264785,1
nyc,8649.03,Bainbridge Ave & E 198 St,9468,4727,4741,9468,40.8684871,-73.8884559781,2023,2025,2,12,1,12,36,lifetime_aggregate,59,623.1516687790452,1
nyc,8650.11,Seaman Ave & Beak St,17960,8866,9094,17960,40.867505,-73.926363,2023,2025,2,12,1,12,36,lifetime_aggregate,28,155.902004454343,1
nyc,8653.09,Jerome Ave & W 195 St,19053,9663,9390,19053,40.86874,-73.89657,2023,2025,2,12,1,12,36,lifetime_aggregate,43,225.68624363617278,1
nyc,8655.02,Dyckman St & Staff St,18903,9391,9512,18903,40.868846,-73.931537,2023,2025,2,12,1,12,36,lifetime_aggregate,22,116.3836428080199,1
nyc,8664.06,Decatur Ave & Bedford Park Blvd,5425,2667,2758,5425,40.86813,-73.88412,2023,2025,2,12,1,12,36,lifetime_aggregate,19,350.2304147465438,1
nyc,8665.02,Seaman Ave & Isham St,14954,7419,7535,14954,40.86989866215361,-73.92076313487127,2023,2025,2,12,1,12,36,lifetime_aggregate,8,53.49739200213989,1
nyc,8665.09,Isham St & Broadway,23807,11715,12092,23807,40.86788,-73.919685,2023,2025,2,12,1,12,36,lifetime_aggregate,37,155.4164741462595,1
nyc,8667.01,Grand Concourse & E 197 St,9253,4668,4585,9253,40.86945,-73.89148,2023,2025,2,12,1,7,31,lifetime_aggregate,38,410.6776180698152,1
nyc,8667.02,Valentine Ave & E 198 St,452,224,228,452,40.86941,-73.88994,2025,2025,1,3,10,12,3,lifetime_aggregate,50,11061.946902654869,1
nyc,8672.05,Eames Pl & Claflin Ave,4558,2289,2269,4558,40.8692,-73.90121,2023,2025,2,12,11,12,26,lifetime_aggregate,32,702.0623080298377,1
nyc,8676.01,Bailey Ave & W 193 St,3959,1921,2038,3959,40.87069,-73.90678,2023,2025,2,12,1,12,36,lifetime_aggregate,42,1060.8739580702197,1
nyc,8679.03,10 Ave & W 215 St,8661,4290,4371,8661,40.86932465697213,-73.91519755199644,2023,2025,2,12,1,12,36,lifetime_aggregate,34,392.5643690105069,1
nyc,8682.06,Bainbridge Ave & Bedford Park Blvd,8144,4054,4090,8144,40.87002,-73.88565,2023,2025,2,12,1,12,36,lifetime_aggregate,34,417.48526522593323,1
nyc,8692.04,Sedgwick Ave & W 195 St,6717,3324,3393,6717,40.87049,-73.90287,2023,2025,2,12,11,12,26,lifetime_aggregate,27,401.965163019205,1
nyc,8696.05,9 Ave & W 219 St,2337,1128,1209,2337,40.871094,-73.911503,2023,2025,2,12,1,12,36,lifetime_aggregate,15,641.8485237483955,1
nyc,8699.01,Marion Ave & Mosholu Pkwy,12311,6148,6163,12311,40.870495600018835,-73.88187565821609,2023,2025,2,12,1,12,36,lifetime_aggregate,52,422.3864836325237,1
nyc,8703.05,Grand Concourse & E 199 St,9813,4903,4910,9813,40.87142,-73.88839,2023,2025,2,12,1,12,36,lifetime_aggregate,30,305.71690614490984,1
nyc,8707.01,Goulden Ave & W 197 St,14022,6985,7037,14022,40.87156,-73.89714,2023,2025,2,12,1,12,36,lifetime_aggregate,21,149.76465554129226,1
nyc,8707.04,Strong St & University Ave,5371,2705,2666,5371,40.87119,-73.89918,2023,2025,2,12,11,12,26,lifetime_aggregate,16,297.8961087320797,1
nyc,8711.02,W 225 St & Exterior St,21889,10885,11004,21889,40.873265,-73.906646,2023,2025,2,12,1,12,36,lifetime_aggregate,77,351.77486408698434,1
nyc,8715.01,Broadway & W 220 St,12350,6119,6231,12350,40.872412,-73.912807,2023,2025,2,12,1,12,36,lifetime_aggregate,52,421.05263157894734,1
nyc,8715.06,W 218 St & Broadway,11284,5512,5772,11284,40.87139,-73.914318,2023,2025,2,12,1,12,36,lifetime_aggregate,41,363.3463310882666,1
nyc,8717.07,E 201 St & Briggs Ave,7276,3618,3658,7276,40.87207,-73.88459,2023,2025,2,12,1,12,36,lifetime_aggregate,38,522.2649807586587,1
nyc,8720.02,Jerome Ave & E 198 St,6204,3116,3088,6204,40.87144520687118,-73.89289632439613,2023,2025,2,12,1,12,36,lifetime_aggregate,41,660.8639587362992,1
nyc,8732.04,W 218 St & Indian Rd,9986,4953,5033,9986,40.8730545908597,-73.91837194581674,2023,2025,2,12,1,12,36,lifetime_aggregate,5,50.07009813739235,1
nyc,8734.02,Jerome Ave & Bedford Park Blvd E,20503,10274,10229,20503,40.87307,-73.88971,2023,2025,2,12,1,12,36,lifetime_aggregate,45,219.48007608642638,1
nyc,8734.04,Grand Concourse & E 203 St,8131,4270,3861,8131,40.87382,-73.88661,2023,2025,2,12,1,12,36,lifetime_aggregate,31,381.2569179682696,1
nyc,8738.01,Goulden Ave & Bedford Park Blvd,5452,2740,2712,5452,40.87387,-73.89533,2023,2025,2,12,10,12,27,lifetime_aggregate,6,110.05135730007336,1
nyc,8738.01,Goulden Ave & Bedford Park Blvd W,2479,1243,1236,2479,40.87387,-73.89533,2023,2023,1,10,1,10,10,lifetime_aggregate,6,242.03307785397337,1
nyc,8741.01,Bailey Ave & W 229 St,2404,1162,1242,2404,40.87449,-73.90467,2023,2025,2,12,11,12,26,lifetime_aggregate,127,5282.861896838603,1
nyc,8745.01,Marble Hill Ave & W 225 St,7327,3647,3680,7327,40.87471,-73.91099,2023,2025,2,12,11,12,26,lifetime_aggregate,27,368.50006824075336,1
nyc,8748.02,E Mosholu Pkwy & E 204 St,5817,2916,2901,5817,40.874070399404765,-73.88336509296145,2023,2025,2,12,1,12,36,lifetime_aggregate,18,309.43785456420835,1
nyc,8752.01,Bedford Park Blvd & Paul Ave,9870,5012,4858,9870,40.87444,-73.89186,2023,2025,2,12,1,12,36,lifetime_aggregate,5,50.658561296859176,1
nyc,8756.03,Claflin Ave & Reservoir Ave,3783,1879,1904,3783,40.87398,-73.89943000000001,2023,2025,2,12,11,12,26,lifetime_aggregate,33,872.3235527359238,1
nyc,8756.07,Sedgwick Ave & W 231 St,6182,3072,3110,6182,40.87512,-73.90126,2023,2025,2,12,11,12,26,lifetime_aggregate,24,388.22387576835973,1
nyc,8766.03,Grand Concourse & E 205 St,10029,5029,5000,10029,40.875531,-73.8863864831,2023,2025,2,12,1,12,36,lifetime_aggregate,32,319.07468341808755,1
nyc,8772.06,Kingsbridge Terrace & W 230 St,2318,1158,1160,2318,40.87554999999999,-73.90212,2023,2025,2,12,12,12,25,lifetime_aggregate,22,949.0940465918895,1
nyc,8776.02,Marble Hill Ave & W 227 St,2078,967,1111,2078,40.87655,-73.90941,2023,2025,2,12,11,12,26,lifetime_aggregate,30,1443.6958614051973,1
nyc,8778.01,E Mosholu Pkwy & Van Cortlandt Ave E,8853,4442,4411,8853,40.87656,-73.88366,2023,2025,2,12,1,12,36,lifetime_aggregate,45,508.30227041680786,1
nyc,8782.01,Paul Ave & W 205 St,12265,6100,6165,12265,40.87704,-73.88943,2023,2025,2,12,1,12,36,lifetime_aggregate,16,130.45250713412148,1
nyc,8786.01,Giles Pl & Fort Independence St,5086,2528,2558,5086,40.87869,-73.89862000000001,2023,2025,2,12,11,12,26,lifetime_aggregate,23,452.2217852929611,1
nyc,8790.08,Verveelen Pl & Broadway,6867,3387,3480,6867,40.87826,-73.90508,2025,2025,1,12,1,12,12,lifetime_aggregate,103,1499.9271880005824,1
nyc,8795.01,Jerome Ave & E Mosholu Parkway S,10850,5364,5486,10850,40.87935,-73.88534,2023,2023,1,10,1,10,10,lifetime_aggregate,64,589.8617511520737,1
nyc,8795.01,Jerome Ave & E Mosholu Pkwy S,20445,10216,10229,20445,40.87935,-73.88534,2023,2025,2,12,10,12,27,lifetime_aggregate,64,313.03497187576426,1
nyc,8795.03,Grand Concourse & E Mosholu Pkwy S,6763,3424,3339,6763,40.877964,-73.88475502908895,2023,2025,2,12,1,12,36,lifetime_aggregate,22,325.2994233328405,1
nyc,8799.01,Goulden Ave & W 205 St,13358,6676,6682,13358,40.87812,-73.89192,2023,2025,2,12,1,12,36,lifetime_aggregate,23,172.18146429106153,1
nyc,8802.05,W 233 St & Albany Crescent,1493,710,783,1493,40.87979,-73.90164,2023,2025,2,12,11,12,26,lifetime_aggregate,53,3549.899531145345,1
nyc,8806.01,W 230 St & Marble Hill Ave,7345,3611,3734,7345,40.87807,-73.90796,2023,2025,2,12,11,12,26,lifetime_aggregate,51,694.3498978897209,1
nyc,8811.01,Paul Ave & Mosholu Pkwy,10135,5115,5020,10135,40.8802945004278,-73.88606536448788,2023,2025,2,12,1,12,36,lifetime_aggregate,13,128.26837691169217,1
nyc,8815.01,Sedgwick Ave & Giles Pl,4984,2477,2507,4984,40.88111,-73.89649999999999,2023,2025,2,12,11,12,26,lifetime_aggregate,17,341.09149277688607,1
nyc,8819.05,Naples Terrace & Godwin Terrace,2718,1271,1447,2718,40.87995,-73.90536,2023,2025,2,12,11,12,26,lifetime_aggregate,39,1434.878587196468,1
nyc,8828.02,Sedgwick Ave & Hillman Ave,5556,2776,2780,5556,40.88224,-73.89136,2023,2025,2,12,11,12,26,lifetime_aggregate,22,395.9683225341973,1
nyc,8831.03,Bailey Ave & W 234 St,1823,837,986,1823,40.88066,-73.90076,2023,2025,2,12,11,12,26,lifetime_aggregate,41,2249.040043883708,1
nyc,8835.05,Irwin Ave & W 232 St,4814,2365,2449,4814,40.88227,-73.90809,2023,2025,2,12,11,12,26,lifetime_aggregate,22,457.0004154549232,1
nyc,8841.03,W Mosholu Pkwy S & Sedgwick Ave,9236,4632,4604,9236,40.88226,-73.88702,2023,2025,2,12,1,12,36,lifetime_aggregate,35,378.95192724122995,1
nyc,8849.03,Broadway & W 234 St,4368,2091,2277,4368,40.88185,-73.90291,2023,2025,2,12,11,12,26,lifetime_aggregate,68,1556.7765567765568,1
nyc,8859.03,Van Cortlandt Park S & Dickinson Ave,3501,1792,1709,3501,40.88435,-73.88781000000002,2023,2025,2,12,11,12,26,lifetime_aggregate,52,1485.2899171665238,1
nyc,8862.02,Bailey Ave & W 238 St,1799,870,929,1799,40.88417,-73.89793,2023,2025,2,8,11,6,20,lifetime_aggregate,70,3891.0505836575876,1
nyc,8866.01,Tibbett Ave & W 234 St,1843,872,971,1843,40.88324,-73.90586999999998,2023,2025,2,12,11,12,26,lifetime_aggregate,10,542.5935973955508,1
nyc,8876.04,Van Cortlandt Park S & Gouverneur Ave,3333,1699,1634,3333,40.88492,-73.89084,2023,2025,2,12,11,12,26,lifetime_aggregate,6,180.01800180018,1
nyc,8879.02,Broadway & Van Cortlandt Park S,8481,4125,4356,8481,40.8863,-73.89970000000001,2023,2025,2,12,11,12,26,lifetime_aggregate,51,601.3441811107181,1
nyc,8879.03,Broadway & W 238 St,9081,4416,4665,9081,40.88524,-73.90077,2023,2025,2,12,11,12,26,lifetime_aggregate,98,1079.1763021693646,1
nyc,8897.05,W 238 St & Tibbett Ave,3759,1825,1934,3759,40.886019999999995,-73.90232,2023,2025,2,12,11,12,26,lifetime_aggregate,24,638.4676775738228,1
nyc,LA Metro Demo 1,LA Metro Demo 1,10,4,6,10,34.0205207273575,-118.36648878452499,2025,2025,1,2,1,2,2,lifetime_aggregate,0,0.0,1
nyc,LA Metro Demo 2,LA Metro Demo 2,34,20,14,34,34.026214022171,-118.25157758625,2025,2025,1,2,2,12,11,lifetime_aggregate,0,0.0,1
nyc,LA Metro Demo 3,LA Metro Demo 3,37,17,20,37,34.02618,-118.2515,2025,2025,1,1,12,12,1,lifetime_aggregate,0,0.0,1
nyc,Lab - NYC,Lab - NYC,94,47,47,94,40.75404028837218,-73.99646585164452,2020,2023,2,7,1,12,48,lifetime_aggregate,172,182978.72340425532,1
nyc,Lab - NYC,Prototype Lab,16,8,8,16,40.75404038449624,-73.99646580219269,2020,2020,1,1,2,2,1,lifetime_aggregate,172,1075000.0,1
nyc,Lab - NYC,Prototype Lab Motivate Headquarters,2,1,1,2,40.75404038449624,-73.99646580219269,2020,2020,1,1,1,1,1,lifetime_aggregate,172,8600000.0,1
nyc,Lab - NYC - Monolith,Lab - NYC - M,9,4,5,9,40.7541804,-73.9964658,2023,2025,2,3,7,1,19,lifetime_aggregate,148,1644444.4444444443,1
nyc,Lab - NYC - Monolith,Lab - NYC - Monolith,2,1,1,2,40.7541804,-73.9964658,2023,2023,1,1,7,7,1,lifetime_aggregate,148,7400000.0,1
nyc,MTL-ECO5-LAB,MTL-ECO5-LAB,2,1,1,2,45.505972,-73.568949,2020,2020,1,1,2,2,1,lifetime_aggregate,0,0.0,1
nyc,SYS014,NYCBS DEPOT - DELANCEY,61,0,61,61,40.716444038941944,-73.9823309260506,2020,2020,1,9,1,12,12,lifetime_aggregate,26,42622.95081967213,1
nyc,SYS015,Forrest portable kiosk,1,0,1,1,40.703048,-73.932004,2020,2020,1,1,1,1,1,lifetime_aggregate,35,3500000.0,1
nyc,SYS016,Morgan Bike Mechanics,5732,2394,3338,5732,40.70962791156301,-73.93145708768462,2020,2025,3,12,1,12,72,lifetime_aggregate,0,0.0,1
nyc,SYS018,Bronx WH station,28,4,24,28,0.0,0.0,2020,2025,2,10,5,10,66,lifetime_aggregate,0,0.0,1
nyc,SYS019,NYCBS Depot - RIS,20,3,17,20,40.725208,-73.974724,2020,2020,1,6,1,9,9,lifetime_aggregate,14,70000.0,1
nyc,SYS028,Apache,28,13,15,28,40.674886511294666,-73.99672348821886,2023,2023,1,1,4,4,1,lifetime_aggregate,21,75000.0,1
nyc,SYS030,Forrest Tech Shop parts testing,1,0,1,1,40.703249693795954,-73.93182995030656,2020,2020,1,1,12,12,1,lifetime_aggregate,30,3000000.0,1
nyc,SYS030,Morgan Tech Shop parts testing,6,0,6,6,40.70325,-73.93183,2020,2020,1,1,12,12,1,lifetime_aggregate,30,500000.0,1
nyc,SYS032,Forrest WH station,2,0,2,2,40.70327577818653,-73.93183530424722,2020,2020,1,2,10,12,3,lifetime_aggregate,30,1500000.0,1
nyc,SYS032,Morgan WH station,223,117,106,223,40.703276,-73.931835,2020,2020,1,12,1,12,12,lifetime_aggregate,30,13452.914798206279,1
nyc,SYS032,Park Ave Depot,42,11,31,42,40.69594342560201,-73.96778789156087,2023,2023,1,6,2,9,8,lifetime_aggregate,81,192857.14285714287,1
nyc,SYS033,Pier 40 X2,2051,637,1414,2051,40.72848690593826,-74.01169280571085,2020,2025,3,12,1,12,72,lifetime_aggregate,4,195.02681618722573,1
nyc,SYS034,Forrest Tech Shop ?,25,0,25,25,40.703006,-73.932077,2020,2020,1,2,4,10,7,lifetime_aggregate,35,140000.0,1
nyc,SYS035,Pier 40 Dock Station,2147,386,1761,2147,40.72865984389008,-74.01197987669192,2020,2023,2,12,1,12,48,lifetime_aggregate,4,186.3064741499767,1
nyc,SYS036,Kiosk in a box Jersey,67,12,55,67,40.728483,-74.011805,2020,2020,1,5,1,5,5,lifetime_aggregate,4,5970.149253731343,1
nyc,SYS037,NYCBS DEPOT - PITT,3,0,3,3,40.71687776149167,-73.98375488276567,2020,2020,1,1,6,6,1,lifetime_aggregate,65,2166666.666666667,1
nyc,SYS038,Morgan Loading Docks,3452,1373,2079,3452,40.709306335794274,-73.93117547035216,2020,2025,3,12,6,12,67,lifetime_aggregate,0,0.0,1
nyc,SYS039,Morgan Warehouse Monolith,4,2,2,4,40.7095,-73.9329,2023,2023,1,2,5,6,2,lifetime_aggregate,47,1175000.0,1
nyc,SYSY026,Bike Mechanics at Riis Room B 2,1,0,1,1,40.7252258,-73.9746862,2020,2020,1,1,10,10,1,lifetime_aggregate,14,1400000.0,1
nyc,Shop Morgan,Shop Morgan,2469,1166,1303,2469,40.70987333941734,-73.9315938949585,2023,2025,2,12,5,12,32,lifetime_aggregate,0,0.0,1
nyc,X-MTL-AOS-5.1,MTL-AOS-5.1,6,3,3,6,40.7903,-73.9597,2020,2020,1,2,1,3,3,lifetime_aggregate,0,0.0,1
