mode,start_station_id,start_station_name,trips,start_trips,end_trips,touchpoints,station_lat,station_lng,year_min,year_max,years_count,months_count,first_month,last_month,observation_months,data_quality,crashes_within_500m,crashes_within_500m_per_100k_trips,risk_proxy_available
nyc,116,W 17 St & 8 Ave,97725,48706,49019,97725,40.74177603,-74.00149746,2019,2019,1,7,6,12,7,lifetime_aggregate,1033,1057.0478383218212,1
nyc,119,Park Ave & St Edwards St,11074,5313,5761,11074,40.69608941,-73.97803415,2019,2019,1,12,1,12,12,lifetime_aggregate,1165,10520.137258443201,1
nyc,120,Lexington Ave & Classon Ave,23069,11779,11290,23069,40.68676793,-73.95928168,2019,2019,1,12,1,12,12,lifetime_aggregate,736,3190.4287138584245,1
nyc,1234.56,Morgan HCT Charging,2423,902,1521,2423,40.708948,-73.932777,2025,2025,1,7,6,12,7,lifetime_aggregate,561,23153.11597193562,1
nyc,127,Barrow St & Hudson St,126684,63095,63589,126684,40.73172428,-74.00674436,2019,2019,1,12,1,12,12,lifetime_aggregate,1116,880.9320829781187,1
nyc,128,MacDougal St & Prince St,136088,67558,68530,136088,40.72710258,-74.00297088,2019,2019,1,12,1,12,12,lifetime_aggregate,1378,1012.5800952324967,1
nyc,143,Clinton St & Joralemon St,49269,24630,24639,49269,40.69239502,-73.99337909,2019,2019,1,12,1,12,12,lifetime_aggregate,1231,2498.528486472224,1
nyc,144,Nassau St & Navy St,24838,12067,12771,24838,40.69839895,-73.98068914,2019,2019,1,12,1,12,12,lifetime_aggregate,1366,5499.637651984862,1
nyc,146,Hudson St & Reade St,65592,32635,32957,65592,40.71625008,-74.0091059,2019,2019,1,12,1,12,12,lifetime_aggregate,1135,1730.393950481766,1
nyc,150,E 2 St & Avenue C,72787,37322,35465,72787,40.7208736,-73.98085795,2019,2019,1,12,1,12,12,lifetime_aggregate,952,1307.9258658826438,1
nyc,151,Cleveland Pl & Spring St,170370,85076,85294,170370,40.722103786686034,-73.99724900722504,2019,2019,1,12,1,12,12,lifetime_aggregate,2072,1216.1765569055585,1
nyc,157,Henry St & Atlantic Ave,41575,20666,20909,41575,40.69089272,-73.99612349,2019,2019,1,12,1,12,12,lifetime_aggregate,1532,3684.9067949488876,1
nyc,161,LaGuardia Pl & W 3 St,113891,56287,57604,113891,40.72917025,-73.99810231,2019,2019,1,12,1,12,12,lifetime_aggregate,1111,975.4941127920556,1
nyc,164,E 47 St & 2 Ave,75835,37900,37935,75835,40.75323098,-73.97032517,2019,2019,1,12,1,12,12,lifetime_aggregate,1651,2177.0950089009034,1
nyc,167,E 39 St & 3 Ave,104276,52289,51987,104276,40.74890060311814,-73.97604884983814,2019,2019,1,12,1,12,12,lifetime_aggregate,2354,2257.4705589013774,1
nyc,168,W 18 St & 6 Ave,160608,79865,80743,160608,40.73971301,-73.99456405,2019,2019,1,12,1,12,12,lifetime_aggregate,1475,918.3851364813709,1
nyc,173,Broadway & W 49 St,139150,70197,68953,139150,40.76068327096592,-73.9845272898674,2019,2019,1,12,1,12,12,lifetime_aggregate,2097,1507.00682716493,1
nyc,174,E 25 St & 1 Ave,82336,41339,40997,82336,40.7381765,-73.97738662,2019,2019,1,12,1,12,12,lifetime_aggregate,1351,1640.83754372328,1
nyc,190 Morgan,190 Morgan,38,4,34,38,40.711071680975735,-73.9320957361997,2023,2025,2,9,3,5,27,lifetime_aggregate,737,1939473.6842105263,1
nyc,195,Liberty St & Broadway,93972,46991,46981,93972,40.70905623,-74.01043382,2019,2019,1,12,1,12,12,lifetime_aggregate,1248,1328.0551653684076,1
nyc,1964.01,101 St & Fort Hamilton Pkwy,88,40,48,88,40.61124,-74.03282,2025,2025,1,2,11,12,2,lifetime_aggregate,232,263636.36363636365,1
nyc,2000,Front St & Washington St,72470,35757,36713,72470,40.70255088,-73.98940236,2019,2019,1,12,1,12,12,lifetime_aggregate,1014,1399.1996688284808,1
nyc,2002,Wythe Ave & Metropolitan Ave,78868,39014,39854,78868,40.716887,-73.963198,2019,2019,1,12,1,12,12,lifetime_aggregate,803,1018.1569204239996,1
nyc,2003,1 Ave & E 18 St,121147,61365,59782,121147,40.73381219196632,-73.98054420948029,2019,2019,1,12,1,12,12,lifetime_aggregate,1083,893.9552774728222,1
nyc,2005,Railroad Ave & Kay Ave,2216,1054,1162,2216,40.70531194,-73.97100056,2019,2019,1,12,1,12,12,lifetime_aggregate,126,5685.9205776173285,1
nyc,2006,Central Park S & 6 Ave,149562,75587,73975,149562,40.76590939447247,-73.97634153081326,2019,2019,1,12,1,12,12,lifetime_aggregate,1165,778.941174897367,1
nyc,2008,Little West St & 1 Pl,108980,54284,54696,108980,40.70569254,-74.01677685,2019,2019,1,12,1,12,12,lifetime_aggregate,610,559.735731326849,1
nyc,2009,Catherine St & Monroe St,50720,25126,25594,50720,40.71117444,-73.99682619,2019,2019,1,12,1,12,12,lifetime_aggregate,967,1906.545741324921,1
nyc,2009.04,Shore Rd & 4 Ave,91,42,49,91,40.6115,-74.03513,2025,2025,1,2,11,12,2,lifetime_aggregate,432,474725.2747252747,1
nyc,2010,Grand St & Greene St,8629,4285,4344,8629,40.72165481,-74.00234737,2019,2019,1,3,1,3,3,lifetime_aggregate,1988,23038.590798470275,1
nyc,2012,E 27 St & 1 Ave,85174,44029,41145,85174,40.739445,-73.976806,2019,2019,1,12,1,12,12,lifetime_aggregate,1361,1597.9054641087655,1
nyc,2017,E 43 St & 2 Ave,44863,22865,21998,44863,40.75022392,-73.97121414,2019,2019,1,11,2,12,11,lifetime_aggregate,1662,3704.611818202082,1
nyc,2021,W 45 St & 8 Ave,104711,52554,52157,104711,40.75929124,-73.98859651,2019,2019,1,12,1,12,12,lifetime_aggregate,2522,2408.533964912951,1
nyc,2022,E 60 St & York Ave,25271,12637,12634,25271,40.759107,-73.959223,2019,2019,1,12,1,12,12,lifetime_aggregate,1749,6920.976613509557,1
nyc,2023,E 55 St & Lexington Ave,29722,14775,14947,29722,40.75968085,-73.97031366,2019,2019,1,7,1,7,7,lifetime_aggregate,2170,7300.989166274139,1
nyc,2042.01,4 Ave & 99 St,102,44,58,102,40.61327,-74.03315,2025,2025,1,2,11,12,2,lifetime_aggregate,295,289215.6862745098,1
nyc,2086.07,99 St & 3 Ave,131,61,70,131,40.61451,-74.03502,2025,2025,1,2,11,12,2,lifetime_aggregate,345,263358.7786259542,1
nyc,2118.13,Fort Hamilton Pkwy & 95 St,52,22,30,52,40.61466,-74.02946,2025,2025,1,2,11,12,2,lifetime_aggregate,416,800000.0,1
nyc,212,W 16 St & The High Line,111494,54982,56512,111494,40.743349343140316,-74.0068175335829,2019,2019,1,12,1,12,12,lifetime_aggregate,774,694.2077600588372,1
nyc,2127.03,Shore Rd & 97 St,101,45,56,101,40.61529,-74.03779,2025,2025,1,2,11,12,2,lifetime_aggregate,230,227722.7722772277,1
nyc,2158.08,4 Ave & 94 St,241,110,131,241,40.61689,-74.03091,2025,2025,1,2,11,12,2,lifetime_aggregate,519,215352.69709543567,1
nyc,216,Columbia Heights & Cranberry St,17478,8993,8485,17478,40.70037867,-73.99548059,2019,2019,1,12,1,12,12,lifetime_aggregate,738,4222.451081359423,1
nyc,217,Old Fulton St,77806,36373,41433,77806,40.70277159,-73.99383605,2019,2019,1,12,1,12,12,lifetime_aggregate,874,1123.3066858597024,1
nyc,2190.08,Fort Hamilton Pkwy & 92 St,138,61,77,138,40.61717,-74.02744,2025,2025,1,2,11,12,2,lifetime_aggregate,647,468840.5797101449,1
nyc,2200.07,96 St & Marine Ave,224,105,119,224,40.61699,-74.03568,2025,2025,1,2,11,12,2,lifetime_aggregate,360,160714.2857142857,1
nyc,223,W 13 St & 7 Ave,117401,58476,58925,117401,40.73781509,-73.99994661,2019,2019,1,12,1,12,12,lifetime_aggregate,1023,871.3724755325765,1
nyc,2231.10,3 Ave & 92 St,268,128,140,268,40.61946,-74.03261,2025,2025,1,2,11,12,2,lifetime_aggregate,492,183582.08955223882,1
nyc,224,Spruce St & Nassau St,51174,25635,25539,51174,40.71146364,-74.00552427,2019,2019,1,12,1,12,12,lifetime_aggregate,1332,2602.8842771720015,1
nyc,2240.06,Shore Rd & Oliver St,119,52,67,119,40.61919,-74.0402,2025,2025,1,2,11,12,2,lifetime_aggregate,119,100000.0,1
nyc,2261.04,5 Ave & 88 St,535,259,276,535,40.62021,-74.02717,2025,2025,1,3,10,12,3,lifetime_aggregate,884,165233.6448598131,1
nyc,228,E 48 St & 3 Ave,58861,29780,29081,58861,40.7546011026,-73.971878855,2019,2019,1,12,1,12,12,lifetime_aggregate,1789,3039.3639251796603,1
nyc,229,Great Jones St,156524,76523,80001,156524,40.72743423,-73.99379025,2019,2019,1,12,1,12,12,lifetime_aggregate,1352,863.765301167872,1
nyc,2303.05,4 Ave & 87 St,360,176,184,360,40.62184,-74.02863,2025,2025,1,2,11,12,2,lifetime_aggregate,730,202777.77777777778,1
nyc,2312.02,Colonial Rd & 89 St,469,230,239,469,40.62254,-74.03726,2025,2025,1,3,10,12,3,lifetime_aggregate,213,45415.77825159915,1
nyc,232,Cadman Plaza E & Tillary St,1,0,1,1,40.69597683,-73.99014892,2019,2019,1,1,1,1,1,lifetime_aggregate,1402,140200000.0,1
nyc,2335.08,Fort Hamilton Pkwy & 85 St,380,185,195,380,40.62095,-74.02387999999999,2025,2025,1,2,11,12,2,lifetime_aggregate,797,209736.84210526317,1
nyc,2345.04,Ridge Blvd & 89 St,260,126,134,260,40.62194,-74.03477,2025,2025,1,2,11,12,2,lifetime_aggregate,329,126538.46153846153,1
nyc,2345.05,89 St & 3 Ave,105,48,57,105,40.62137,-74.03209,2025,2025,1,2,11,12,2,lifetime_aggregate,594,565714.2857142858,1
nyc,236,St Marks Pl & 2 Ave,117452,58046,59406,117452,40.7284186,-73.98713956,2019,2019,1,12,1,12,12,lifetime_aggregate,1120,953.5810373599428,1
nyc,237,E 11 St & 2 Ave,114224,56688,57536,114224,40.73047309,-73.98672378,2019,2019,1,12,1,12,12,lifetime_aggregate,1258,1101.3447261521221,1
nyc,2377.01,4 Ave & 85 St,716,347,369,716,40.62354,-74.02817,2025,2025,1,2,11,12,2,lifetime_aggregate,668,93296.08938547486,1
nyc,238,Bank St & Washington St,73163,36510,36653,73163,40.7361967,-74.00859207,2019,2019,1,12,1,12,12,lifetime_aggregate,609,832.3879556606481,1
nyc,2387.07,86 St & Ridge Blvd,523,258,265,523,40.62402,-74.03396,2025,2025,1,3,10,12,3,lifetime_aggregate,308,58891.013384321224,1
nyc,239,Willoughby St & Fleet St,53996,27729,26267,53996,40.69196566,-73.9813018,2019,2019,1,12,1,12,12,lifetime_aggregate,1523,2820.5793021705313,1
nyc,241,DeKalb Ave & S Portland Ave,34075,17264,16811,34075,40.68981035,-73.97493121,2019,2019,1,12,1,12,12,lifetime_aggregate,928,2723.404255319149,1
nyc,2419.03,84 St & 3 Ave,285,140,145,285,40.62503,-74.03059,2025,2025,1,3,10,12,3,lifetime_aggregate,479,168070.1754385965,1
nyc,242,Carlton Ave & Flushing Ave,25567,12211,13356,25567,40.697787,-73.973736,2019,2019,1,12,1,12,12,lifetime_aggregate,639,2499.31552391755,1
nyc,243,Fulton St & Rockwell Pl,27766,13140,14626,27766,40.68834866666666,-73.97943266666665,2019,2019,1,12,1,12,12,lifetime_aggregate,1773,6385.507455160988,1
nyc,244,Willoughby Ave & Hall St,34591,17913,16678,34591,40.69196035,-73.96536851,2019,2019,1,12,1,12,12,lifetime_aggregate,820,2370.5588158769624,1
nyc,245,Myrtle Ave & St Edwards St,18917,9643,9274,18917,40.69327018,-73.97703874,2019,2019,1,12,1,12,12,lifetime_aggregate,1041,5502.986731511339,1
nyc,2453.05,4 Ave & 81 St,417,197,220,417,40.62643,-74.02707,2025,2025,1,3,10,12,3,lifetime_aggregate,557,133573.14148681055,1
nyc,2463.04,Ridge Blvd & 82 St,213,97,116,213,40.62711,-74.0326,2025,2025,1,3,10,12,3,lifetime_aggregate,282,132394.3661971831,1
nyc,247,Perry St & Bleecker St,73180,36524,36656,73180,40.73535398,-74.00483091,2019,2019,1,12,1,12,12,lifetime_aggregate,1019,1392.4569554523093,1
nyc,2472.02,Shore Rd & 86 St,106,51,55,106,40.625609999999995,-74.04079,2025,2025,1,2,11,12,2,lifetime_aggregate,124,116981.13207547169,1
nyc,248,Laight St & Hudson St,24321,12097,12224,24321,40.72185379,-74.00771779,2019,2019,1,12,1,12,12,lifetime_aggregate,1443,5933.144196373504,1
nyc,2488.09,6 Ave & 78 St,584,286,298,584,40.62569,-74.02119,2025,2025,1,3,10,12,3,lifetime_aggregate,630,107876.71232876713,1
nyc,249,Harrison St & Hudson St,37917,18959,18958,37917,40.71870987,-74.0090009,2019,2019,1,12,1,12,12,lifetime_aggregate,1200,3164.807342353034,1
nyc,2497.07,3 Ave & 81 St,709,340,369,709,40.627,-74.02948000000002,2025,2025,1,3,10,12,3,lifetime_aggregate,448,63187.588152327226,1
nyc,250,Lafayette St & Jersey St,47617,23898,23719,47617,40.72456089,-73.99565293,2019,2019,1,5,8,12,5,lifetime_aggregate,1802,3784.3627275972867,1
nyc,2506.10,83 St & Narrows Ave,496,244,252,496,40.62757,-74.03838,2025,2025,1,3,10,12,3,lifetime_aggregate,140,28225.806451612905,1
nyc,2506.11,Colonial Rd & 83 St,628,310,318,628,40.62691,-74.03564,2025,2025,1,3,10,12,3,lifetime_aggregate,212,33757.96178343949,1
nyc,251,Mott St & Prince St,110431,55012,55419,110431,40.72317949394324,-73.99480013458232,2019,2019,1,12,1,12,12,lifetime_aggregate,1939,1755.8475428095371,1
nyc,252,MacDougal St & Washington Sq,85618,42431,43187,85618,40.73226398,-73.99852205,2019,2019,1,12,1,12,12,lifetime_aggregate,1003,1171.4826321567896,1
nyc,2533.04,79 St & 5 Ave,719,348,371,719,40.62646,-74.02367,2025,2025,1,3,10,12,3,lifetime_aggregate,599,83310.15299026425,1
nyc,254,W 11 St & 6 Ave,97531,48875,48656,97531,40.73532427,-73.99800419,2019,2019,1,12,1,12,12,lifetime_aggregate,1100,1127.8465308466027,1
nyc,2569.07,6 Ave & 74 St,159,74,85,159,40.629233,-74.019864,2025,2025,1,2,11,12,2,lifetime_aggregate,662,416352.2012578617,1
nyc,257,Lispenard St & Broadway,97705,48550,49155,97705,40.71939226,-74.00247214,2019,2019,1,12,1,12,12,lifetime_aggregate,2034,2081.776777032905,1
nyc,2578.16,3 Ave & 77 St,1431,706,725,1431,40.62991,-74.02834,2025,2025,1,3,10,12,3,lifetime_aggregate,493,34451.43256464011,1
nyc,2578.17,4 Ave & 76 St,444,219,225,444,40.63005,-74.0255,2025,2025,1,2,11,12,2,lifetime_aggregate,582,131081.08108108107,1
nyc,258,DeKalb Ave & Vanderbilt Ave,34673,18167,16506,34673,40.68940747,-73.96885458,2019,2019,1,12,1,12,12,lifetime_aggregate,722,2082.311885328642,1
nyc,259,South St & Whitehall St,61850,30089,31761,61850,40.70122128,-74.01234218,2019,2019,1,12,1,12,12,lifetime_aggregate,385,622.4737267582861,1
nyc,260,Broad St & Bridge St,31973,15308,16665,31973,40.70365182,-74.01167797,2019,2019,1,12,1,12,12,lifetime_aggregate,778,2433.3030994901947,1
nyc,261,Johnson St & Gold St,30074,14958,15116,30074,40.69474881,-73.98362464,2019,2019,1,12,1,12,12,lifetime_aggregate,2005,6666.888342089513,1
nyc,2615.05,Bay Ridge Pkwy & 5 Ave,699,340,359,699,40.62967,-74.02275,2025,2025,1,3,10,12,3,lifetime_aggregate,652,93276.1087267525,1
nyc,262,Washington Park,26834,13838,12996,26834,40.6917823,-73.9737299,2019,2019,1,12,1,12,12,lifetime_aggregate,731,2724.15592159201,1
nyc,2625.01,78 St & Ridge Blvd,350,170,180,350,40.62994,-74.03121,2025,2025,1,3,10,12,3,lifetime_aggregate,339,96857.14285714286,1
nyc,2635.08,Shore Rd & 80 St,334,161,173,334,40.63074,-74.03962,2025,2025,1,3,10,12,3,lifetime_aggregate,107,32035.92814371258,1
nyc,264,Maiden Ln & Pearl St,49694,24452,25242,49694,40.70706456,-74.00731853,2019,2019,1,12,1,12,12,lifetime_aggregate,1050,2112.931138568036,1
nyc,265,Stanton St & Chrystie St,96879,47546,49333,96879,40.72229346,-73.99147535,2019,2019,1,12,1,12,12,lifetime_aggregate,2483,2562.990947470556,1
nyc,266,Avenue D & E 8 St,48349,25336,23013,48349,40.72368361,-73.97574813,2019,2019,1,12,1,12,12,lifetime_aggregate,566,1170.6550290595462,1
nyc,2660.09,4 Ave & 72 St,708,344,364,708,40.63283,-74.02439,2025,2025,1,3,10,12,3,lifetime_aggregate,701,99011.29943502824,1
nyc,267,Broadway & W 36 St,60523,30631,29892,60523,40.75097716525252,-73.98765435269054,2019,2019,1,11,1,12,12,lifetime_aggregate,1972,3258.265452803066,1
nyc,2671.05,77 St & Colonial Rd,134,62,72,134,40.63121,-74.03318,2025,2025,1,2,11,12,2,lifetime_aggregate,252,188059.70149253734,1
nyc,268,Howard St & Centre St,94277,46966,47311,94277,40.71910537,-73.99973337,2019,2019,1,12,1,12,12,lifetime_aggregate,2409,2555.236165766836,1
nyc,2698.07,68 St & 5 Ave,898,444,454,898,40.63416,-74.02058,2025,2025,1,4,9,12,4,lifetime_aggregate,1080,120267.26057906459,1
nyc,270,Adelphi St & Myrtle Ave,38789,19604,19185,38789,40.69308257,-73.97178913,2019,2019,1,12,1,12,12,lifetime_aggregate,860,2217.1234112763927,1
nyc,2708.07,73 St & Ridge Blvd,1000,488,512,1000,40.63349,-74.02976,2025,2025,1,3,10,12,3,lifetime_aggregate,466,46600.0,1
nyc,2717.06,Shore Rd & 74 St,1191,589,602,1191,40.63414,-74.03699,2025,2025,1,4,9,12,4,lifetime_aggregate,144,12090.680100755668,1
nyc,2733.03,67 St & Erik Pl,8494,4181,4313,8494,40.633385,-74.016562,2023,2025,2,12,1,12,36,lifetime_aggregate,1036,12196.844831645867,1
nyc,274,Lafayette Ave & Fort Greene Pl,42163,20704,21459,42163,40.68691865,-73.976682,2019,2019,1,12,1,12,12,lifetime_aggregate,1815,4304.722149752152,1
nyc,2743.04,68 St & 4 Ave,1082,538,544,1082,40.63537,-74.02342,2025,2025,1,3,10,12,3,lifetime_aggregate,867,80129.3900184843,1
nyc,275,Washington Ave & Greene Ave,22833,11603,11230,22833,40.68650065,-73.96563307,2019,2019,1,12,1,12,12,lifetime_aggregate,838,3670.1265711908204,1
nyc,2754.05,Colonial Rd & 71 St,319,155,164,319,40.63537000000001,-74.03202,2025,2025,1,2,11,12,2,lifetime_aggregate,321,100626.9592476489,1
nyc,276,Duane St & Greenwich St,43575,21723,21852,43575,40.71748752,-74.0104554,2019,2019,1,12,1,12,12,lifetime_aggregate,926,2125.0717154331614,1
nyc,278,Concord St & Bridge St,19694,9889,9805,19694,40.69766564,-73.98476437,2019,2019,1,12,1,12,12,lifetime_aggregate,2015,10231.542601807658,1
nyc,2782.02,5 Ave & 66 St,5209,2581,2628,5209,40.635679,-74.020005,2023,2023,1,10,1,10,10,lifetime_aggregate,1108,21270.877327702052,1
nyc,2782.02,5 Ave & 67 St,6503,3238,3265,6503,40.63576040134962,-74.01992595751162,2023,2025,2,12,10,12,27,lifetime_aggregate,1126,17315.08534522528,1
nyc,279,Peck Slip & Front St,75553,36728,38825,75553,40.707873,-74.00167,2019,2019,1,12,1,12,12,lifetime_aggregate,756,1000.6220798644661,1
nyc,2793.07,Ovington Ave & 3 Ave,1833,915,918,1833,40.63487,-74.02625,2025,2025,1,4,9,12,4,lifetime_aggregate,657,35842.88052373158,1
nyc,280,E 10 St & 5 Ave,80002,39838,40164,80002,40.73331967,-73.99510132,2019,2019,1,12,1,12,12,lifetime_aggregate,1084,1354.9661258468539,1
nyc,281,Grand Army Plaza & Central Park S,151520,77736,73784,151520,40.76439708999496,-73.97371465718948,2019,2019,1,12,1,12,12,lifetime_aggregate,1528,1008.4477296726504,1
nyc,2818.01,Ditmas Ave & McDonald Ave,326,159,167,326,40.63548,-73.97825,2025,2025,1,2,11,12,2,lifetime_aggregate,532,163190.18404907975,1
nyc,282,Kent Ave & S 11 St,44610,22188,22422,44610,40.707644944175705,-73.96841526031494,2019,2019,1,12,1,12,12,lifetime_aggregate,386,865.2768437570052,1
nyc,2821.05,7 Ave & 62 St,13274,6518,6756,13274,40.63556,-74.01298,2023,2025,2,12,1,12,36,lifetime_aggregate,1140,8588.217568178394,1
nyc,2832.03,4 Ave & Shore Road Dr,13580,6740,6840,13580,40.637033,-74.022141,2023,2025,2,12,1,12,36,lifetime_aggregate,1000,7363.7702503681885,1
nyc,284,Greenwich Ave & 8 Ave,120937,60000,60937,120937,40.7390169121,-74.0026376103,2019,2019,1,9,4,12,9,lifetime_aggregate,943,779.7448258184013,1
nyc,2843.01,Colonial Rd & 68 St,1267,615,652,1267,40.63841,-74.03093,2025,2025,1,4,9,12,4,lifetime_aggregate,319,25177.58484609313,1
nyc,2843.13,70 St & Ridge Blvd,881,434,447,881,40.63596,-74.02908,2025,2025,1,4,9,12,4,lifetime_aggregate,458,51986.379114642456,1
nyc,285,Broadway & E 14 St,227190,113012,114178,227190,40.73454567,-73.99074142,2019,2019,1,12,1,12,12,lifetime_aggregate,1204,529.9529028566399,1
nyc,2861.02,57 St & 7 Ave,9231,4609,4622,9231,40.638566,-74.010147,2023,2025,2,12,3,12,34,lifetime_aggregate,937,10150.579568844112,1
nyc,2868.03,15 Ave & 37 St,292,143,149,292,40.63899,-73.98074,2025,2025,1,2,11,12,2,lifetime_aggregate,626,214383.5616438356,1
nyc,2872.02,63 St & 5 Ave,4747,2337,2410,4747,40.63766,-74.01782,2023,2025,2,12,1,12,36,lifetime_aggregate,1201,25300.18959342743,1
nyc,2883.03,3 Ave & Wakeman Pl,10140,4978,5162,10140,40.638246,-74.024714,2023,2025,2,12,1,12,36,lifetime_aggregate,748,7376.7258382643,1
nyc,289,Monroe St & Classon Ave,20548,10795,9753,20548,40.6845683,-73.95881081,2019,2019,1,12,1,12,12,lifetime_aggregate,748,3640.256959314775,1
nyc,2898.01,Cortelyou Rd & Stratford Rd,24695,12281,12414,24695,40.63966,-73.96807,2023,2025,2,12,7,12,30,lifetime_aggregate,613,2482.2838631301884,1
nyc,2908.02,E 3 St & Cortelyou Rd,832,413,419,832,40.63828,-73.9765,2025,2025,1,3,10,12,3,lifetime_aggregate,560,67307.69230769231,1
nyc,291,Madison St & Montgomery St,42368,21147,21221,42368,40.713126,-73.984844,2019,2019,1,12,1,12,12,lifetime_aggregate,733,1730.0793051359515,1
nyc,2912.08,6 Ave & 60 St,5614,2783,2831,5614,40.638196,-74.013821,2023,2025,2,12,1,12,36,lifetime_aggregate,1146,20413.25258282864,1
nyc,2923.01,62 St & 4 Ave,6101,3027,3074,6101,40.639859,-74.019776,2023,2025,2,12,1,12,36,lifetime_aggregate,1045,17128.339616456316,1
nyc,293,Lafayette St & E 8 St,191422,93809,97613,191422,40.73020661924223,-73.99102629942207,2019,2019,1,12,1,12,12,lifetime_aggregate,1130,590.318772136954,1
nyc,2932.03,Wakeman Pl & Ridge Blvd,15013,7430,7583,15013,40.639421,-74.026823,2023,2025,2,12,1,12,36,lifetime_aggregate,560,3730.1005794977686,1
nyc,2942.07,Shore Pkwy Greenway & Bay Ridge Ave,1798,883,915,1798,40.63896,-74.03678,2025,2025,1,4,9,12,4,lifetime_aggregate,108,6006.6740823136815,1
nyc,2947.05,Cortelyou Rd & E 8 St,2615,1297,1318,2615,40.63874,-73.97063,2025,2025,1,3,10,12,3,lifetime_aggregate,612,23403.44168260038,1
nyc,295,Pike St & E Broadway,62258,31026,31232,62258,40.71406667,-73.99293911,2019,2019,1,12,1,12,12,lifetime_aggregate,1373,2205.339072890231,1
nyc,2951.05,55 St & 7 Ave,10240,5196,5044,10240,40.639673,-74.008957,2023,2025,2,12,1,12,36,lifetime_aggregate,915,8935.546875,1
nyc,2957.08,Ave C & McDonald Ave,116,54,62,116,40.6403436,-73.9791522,2025,2025,1,2,11,12,2,lifetime_aggregate,607,523275.8620689655,1
nyc,296,Division St & Bowery,71412,35382,36030,71412,40.71413089,-73.9970468,2019,2019,1,11,1,11,11,lifetime_aggregate,1529,2141.0967344423907,1
nyc,296,Division St & Bowery (old),4058,1958,2100,4058,40.71413089,-73.9970468,2019,2019,1,1,12,12,1,lifetime_aggregate,1529,37678.659438146875,1
nyc,2961.05,59 St & 5 Ave,7536,3730,3806,7536,40.640125,-74.015726,2023,2025,2,12,1,12,36,lifetime_aggregate,1072,14225.053078556262,1
nyc,297,E 15 St & 3 Ave,131502,65742,65760,131502,40.73423199430451,-73.9869229773408,2019,2019,1,12,1,12,12,lifetime_aggregate,1369,1041.0488053413637,1
nyc,2971.02,64 St & 3 Ave,2385,1092,1293,2385,40.639978,-74.02324,2023,2025,2,12,1,12,36,lifetime_aggregate,803,33668.76310272537,1
nyc,298,3 Ave & Schermerhorn St,34938,16923,18015,34938,40.68683208,-73.9796772,2019,2019,1,12,1,12,12,lifetime_aggregate,1988,5690.079569523155,1
nyc,2981.03,Colonial Rd & Wakeman Pl,464,224,240,464,40.64067,-74.0294,2025,2025,1,4,9,12,4,lifetime_aggregate,228,49137.93103448275,1
nyc,2984.04,Cortelyou Rd & Argyle Rd,19877,9742,10135,19877,40.64034,-73.96603,2023,2025,2,12,7,12,30,lifetime_aggregate,546,2746.8933943754087,1
nyc,2996.05,Ocean Pkwy & Ave C,2864,1424,1440,2864,40.64078,-73.97395,2025,2025,1,3,10,12,3,lifetime_aggregate,696,24301.67597765363,1
nyc,3000.08,6 Ave & 55 St,8384,4208,4176,8384,40.640831,-74.010996,2023,2025,2,12,1,12,36,lifetime_aggregate,888,10591.603053435114,1
nyc,3002,South End Ave & Liberty St,169686,84624,85062,169686,40.711512,-74.015756,2019,2019,1,12,1,12,12,lifetime_aggregate,583,343.57578114870995,1
nyc,3007.05,Church Ave & Story St,15811,7847,7964,15811,40.642031,-73.981073,2023,2025,2,12,1,12,36,lifetime_aggregate,575,3636.7086205806086,1
nyc,301,E 2 St & Avenue B,112904,55584,57320,112904,40.72217444,-73.98368779,2019,2019,1,12,1,12,12,lifetime_aggregate,1247,1104.4781407213209,1
nyc,3011.03,59 St & 4 Ave,20588,10312,10276,20588,40.641269,-74.017651,2023,2025,2,12,1,12,36,lifetime_aggregate,1101,5347.775403147464,1
nyc,3016,Kent Ave & N 7 St,96007,46017,49990,96007,40.72036775298455,-73.96165072917938,2019,2019,1,12,1,12,12,lifetime_aggregate,597,621.8296582540856,1
nyc,3019.02,65 St & 2 Ave,2115,972,1143,2115,40.640493,-74.02564,2023,2025,2,12,1,12,36,lifetime_aggregate,622,29408.983451536642,1
nyc,3019.03,Keegan Rd & 2 Ave,3160,1493,1667,3160,40.642431396605225,-74.0255355839741,2023,2025,2,12,1,12,36,lifetime_aggregate,492,15569.620253164556,1
nyc,302,Avenue D & E 3 St,53845,26977,26868,53845,40.72082834,-73.97793172,2019,2019,1,12,1,12,12,lifetime_aggregate,775,1439.3165567833598,1
nyc,3022.01,Cortelyou Rd & E 19 St,17344,8589,8755,17344,40.64269341162915,-73.96099287625455,2023,2025,2,12,7,12,30,lifetime_aggregate,889,5125.6918819188195,1
nyc,303,Mercer St & Spring St,99925,48327,51598,99925,40.72362738,-73.99949601,2019,2019,1,12,1,12,12,lifetime_aggregate,1611,1612.2091568676508,1
nyc,3034.02,Matthews Ct & Coney Island Ave,8290,4045,4245,8290,40.64235,-73.96951,2023,2025,2,12,7,12,30,lifetime_aggregate,602,7261.761158021713,1
nyc,3038.08,50 St & 7 Ave,15869,7972,7897,15869,40.642501,-74.006055,2023,2025,2,12,1,12,36,lifetime_aggregate,763,4808.116453462726,1
nyc,304,Broadway & Battery Pl,98837,45611,53226,98837,40.70463334,-74.01361706,2019,2019,1,11,1,11,11,lifetime_aggregate,827,836.7311836660359,1
nyc,3040,Handlebar @ Gowanus,39,10,29,39,40.66979964220026,-73.99497985839844,2019,2019,1,5,2,6,5,lifetime_aggregate,1172,3005128.205128205,1
nyc,3041,Kingston Ave & Herkimer St,14840,7370,7470,14840,40.67890679,-73.94142771,2019,2019,1,12,1,12,12,lifetime_aggregate,1328,8948.78706199461,1
nyc,3042,Fulton St & Utica Ave,15529,7737,7792,15529,40.6794268,-73.9298911,2019,2019,1,12,1,12,12,lifetime_aggregate,1202,7740.356751883573,1
nyc,3043,Lewis Ave & Decatur St,9823,4920,4903,9823,40.6814598,-73.934903,2019,2019,1,12,1,12,12,lifetime_aggregate,1009,10271.811055685635,1
nyc,3044,Albany Ave & Fulton St,5869,2971,2898,5869,40.6800105,-73.938475,2019,2019,1,12,1,12,12,lifetime_aggregate,1199,20429.374680524794,1
nyc,3046,Marcus Garvey Blvd & Macon St,12772,6386,6386,12772,40.682601,-73.938037,2019,2019,1,12,1,12,12,lifetime_aggregate,882,6905.731287190729,1
nyc,3046.03,E 3 St & Church Ave,14628,7218,7410,14628,40.643817,-73.977433,2023,2025,2,12,1,12,36,lifetime_aggregate,729,4983.593109105825,1
nyc,3047,Halsey St & Tompkins Ave,16213,8127,8086,16213,40.6823687,-73.944118,2019,2019,1,12,1,12,12,lifetime_aggregate,994,6130.882625053969,1
nyc,3048,Putnam Ave & Nostrand Ave,10306,5238,5068,10306,40.68402,-73.94977,2019,2019,1,12,1,12,12,lifetime_aggregate,1078,10459.926256549583,1
nyc,3049,Cambridge Pl & Gates Ave,18490,9282,9208,18490,40.68488,-73.96304,2019,2019,1,12,1,12,12,lifetime_aggregate,878,4748.512709572742,1
nyc,305,E 58 St & 3 Ave,96932,48395,48537,96932,40.76095756148444,-73.96724469641937,2019,2019,1,12,1,12,12,lifetime_aggregate,2534,2614.203771716255,1
nyc,3050,Putnam Ave & Throop Ave,14962,7584,7378,14962,40.6851532,-73.94111,2019,2019,1,12,1,12,12,lifetime_aggregate,737,4925.812057211603,1
nyc,3050.03,55 St & 5 Ave,9102,4530,4572,9102,40.642408,-74.013318,2023,2025,2,12,1,12,36,lifetime_aggregate,1020,11206.328279499012,1
nyc,3052,Lewis Ave & Madison St,19228,9615,9613,19228,40.686312,-73.935775,2019,2019,1,12,1,12,12,lifetime_aggregate,683,3552.111504056584,1
nyc,3053,Marcy Ave & Lafayette Ave,11311,5787,5524,11311,40.6900815,-73.947915,2019,2019,1,12,1,12,12,lifetime_aggregate,916,8098.311378304305,1
nyc,3054,Greene Ave & Throop Ave,13468,6835,6633,13468,40.6894932,-73.942061,2019,2019,1,12,1,12,12,lifetime_aggregate,816,6058.806058806059,1
nyc,3055,Greene Ave & Nostrand Ave,15863,8036,7827,15863,40.6883337,-73.950916,2019,2019,1,12,1,12,12,lifetime_aggregate,932,5875.307318918238,1
nyc,3056,Kosciuszko St & Nostrand Ave,15330,7644,7686,15330,40.69072549,-73.95133465,2019,2019,1,12,1,12,12,lifetime_aggregate,1017,6634.050880626223,1
nyc,3056.05,12 Ave & 36 St,16686,8310,8376,16686,40.643546,-73.986418,2023,2025,2,12,1,12,36,lifetime_aggregate,441,2642.9341963322545,1
nyc,3056.07,37 St & 13 Ave,794,396,398,794,40.64166,-73.98505,2025,2025,1,4,9,12,4,lifetime_aggregate,637,80226.70025188917,1
nyc,3057,Kosciuszko St & Tompkins Ave,18772,9453,9319,18772,40.69128258,-73.9452416,2019,2019,1,12,1,12,12,lifetime_aggregate,764,4069.891327509056,1
nyc,3058,Lewis Ave & Kosciuszko St,14341,7295,7046,14341,40.69237074,-73.93705428,2019,2019,1,12,1,12,12,lifetime_aggregate,784,5466.843316365665,1
nyc,3059,Pulaski St & Marcus Garvey Blvd,10346,5227,5119,10346,40.6933982,-73.939877,2019,2019,1,12,1,12,12,lifetime_aggregate,863,8341.387976029384,1
nyc,3060,Willoughby Ave & Tompkins Ave,13318,6657,6661,13318,40.69425403,-73.94626915,2019,2019,1,12,1,12,12,lifetime_aggregate,806,6051.959753716774,1
nyc,3061,Throop Ave & Myrtle Ave,7568,3880,3688,7568,40.69622937,-73.94371094,2019,2019,1,12,1,12,12,lifetime_aggregate,964,12737.84355179704,1
nyc,3062,Myrtle Ave & Marcy Ave,15333,7660,7673,15333,40.69539811423389,-73.94954914315406,2019,2019,1,12,1,12,12,lifetime_aggregate,977,6371.87764951412,1
nyc,3063,Nostrand Ave & Myrtle Ave,10191,5107,5084,10191,40.69527008,-73.95238108,2019,2019,1,12,1,12,12,lifetime_aggregate,1100,10793.837699931311,1
nyc,3064,Myrtle Ave & Lewis Ave,26021,13043,12978,26021,40.69681963,-73.93756926,2019,2019,1,12,1,12,12,lifetime_aggregate,1328,5103.570193305407,1
nyc,3065,Union Ave & Wallabout St,12479,6249,6230,12479,40.70029511,-73.95032283,2019,2019,1,12,1,12,12,lifetime_aggregate,929,7444.506771375911,1
nyc,3066,Tompkins Ave & Hopkins St,12313,6160,6153,12313,40.69957608,-73.94708417,2019,2019,1,12,1,12,12,lifetime_aggregate,1078,8754.974417282547,1
nyc,3067,Broadway & Whipple St,18172,9055,9117,18172,40.7016657,-73.9437303,2019,2019,1,12,1,12,12,lifetime_aggregate,1285,7071.318511996478,1
nyc,3068,Humboldt St & Varet St,11812,5853,5959,11812,40.7031724,-73.940636,2019,2019,1,12,1,12,12,lifetime_aggregate,1445,12233.322045377581,1
nyc,3069,Lorimer St & Broadway,13476,6666,6810,13476,40.70411791,-73.94818595,2019,2019,1,12,1,12,12,lifetime_aggregate,1049,7784.208964084298,1
nyc,307,Canal St & Rutgers St,125681,62951,62730,125681,40.71427487,-73.98990025,2019,2019,1,12,1,12,12,lifetime_aggregate,1210,962.7549112435453,1
nyc,3070,McKibbin St & Manhattan Ave,12738,6363,6375,12738,40.70510918,-73.94407279,2019,2019,1,12,1,12,12,lifetime_aggregate,1196,9389.22907834825,1
nyc,3070.04,E 16 St & Cortelyou Rd,19621,9691,9930,19621,40.64173,-73.96364,2023,2025,2,12,7,12,30,lifetime_aggregate,586,2986.595994087967,1
nyc,3071,Boerum St & Broadway,17484,8732,8752,17484,40.70538077,-73.94976519,2019,2019,1,12,1,12,12,lifetime_aggregate,874,4998.856097002974,1
nyc,3072,Leonard St & Boerum St,12694,6385,6309,12694,40.70583339,-73.94644578,2019,2019,1,12,1,12,12,lifetime_aggregate,1066,8397.66818969592,1
nyc,3074,Montrose Ave & Bushwick Ave,26867,13562,13305,26867,40.70767788,-73.94016171,2019,2019,1,12,1,12,12,lifetime_aggregate,950,3535.93627870622,1
nyc,3075,Division Ave & Marcy Ave,8737,4537,4200,8737,40.70708701,-73.95796783,2019,2019,1,12,1,12,12,lifetime_aggregate,1336,15291.289916447293,1
nyc,3076,Scholes St & Manhattan Ave,30264,15300,14964,30264,40.70870368,-73.9448625,2019,2019,1,12,1,12,12,lifetime_aggregate,988,3264.6048109965636,1
nyc,3077,Stagg St & Union Ave,32629,16487,16142,32629,40.70877084,-73.95095259,2019,2019,1,12,1,12,12,lifetime_aggregate,1124,3444.78837843636,1
nyc,3078,Broadway & Roebling St,44150,22335,21815,44150,40.70924826276157,-73.96063148975372,2019,2019,1,12,1,12,12,lifetime_aggregate,1305,2955.832389580974,1
nyc,308,St James Pl & Oliver St,49606,24721,24885,49606,40.71307916,-73.99851193,2019,2019,1,12,1,12,12,lifetime_aggregate,1501,3025.843647945813,1
nyc,3080,S 4 St & Rodney St,28817,14482,14335,28817,40.70934,-73.95608,2019,2019,1,12,1,12,12,lifetime_aggregate,1329,4611.861054238817,1
nyc,3080.01,E 8 St & Beverley Rd,1178,586,592,1178,40.64369,-73.97163,2025,2025,1,4,9,12,4,lifetime_aggregate,669,56791.17147707979,1
nyc,3081,Graham Ave & Grand St,29848,15028,14820,29848,40.711863,-73.944024,2019,2019,1,12,1,12,12,lifetime_aggregate,972,3256.4995979630125,1
nyc,3082,Hope St & Union Ave,38185,19128,19057,38185,40.71167351,-73.95141312,2019,2019,1,12,1,12,12,lifetime_aggregate,1471,3852.2980227838157,1
nyc,3083,Bushwick Ave & Powers St,18919,9679,9240,18919,40.71247661,-73.94100005,2019,2019,1,12,1,12,12,lifetime_aggregate,907,4794.122310904382,1
nyc,3084.05,52 St & 6 Ave,7015,3538,3477,7015,40.642703,-74.009441,2023,2025,2,12,1,12,36,lifetime_aggregate,830,11831.789023521027,1
nyc,3085,Roebling St & N 4 St,35084,17432,17652,35084,40.71469,-73.95739,2019,2019,1,12,1,12,12,lifetime_aggregate,1532,4366.662866263824,1
nyc,3086,Graham Ave & Conselyea St,49089,24586,24503,49089,40.715143,-73.944507,2019,2019,1,12,1,12,12,lifetime_aggregate,968,1971.9285379616615,1
nyc,3087,Metropolitan Ave & Meeker Ave,39083,19586,19497,39083,40.71413311,-73.95234386,2019,2019,1,12,1,12,12,lifetime_aggregate,1374,3515.5950157357415,1
nyc,3087.01,Cortelyou Rd & E 34 St,5222,2548,2674,5222,40.64454,-73.94486,2023,2025,2,12,7,12,30,lifetime_aggregate,706,13519.724243584833,1
nyc,3088,Union Ave & Jackson St,17005,8473,8532,17005,40.7160751,-73.952029,2019,2019,1,12,1,12,12,lifetime_aggregate,1229,7227.286092325787,1
nyc,309,Murray St & West St,79769,38045,41724,79769,40.7149787,-74.013012,2019,2019,1,12,1,12,12,lifetime_aggregate,786,985.3451842194336,1
nyc,3090.06,Church Ave & McDonald Ave,21492,10606,10886,21492,40.642809,-73.979239,2023,2025,2,12,1,12,36,lifetime_aggregate,585,2721.9430485762146,1
nyc,3091,Frost St & Meeker St,490,249,241,490,40.71764,-73.94882,2019,2019,1,1,1,1,1,lifetime_aggregate,1203,245510.20408163263,1
nyc,3092,Berry St & N 8 St,59154,28406,30748,59154,40.7190095,-73.95852515,2019,2019,1,12,1,12,12,lifetime_aggregate,894,1511.3094634344254,1
nyc,3093,N 6 St & Bedford Ave,93875,46822,47053,93875,40.71745169,-73.95850939,2019,2019,1,12,1,12,12,lifetime_aggregate,1035,1102.5299600532624,1
nyc,3093.07,57 St & 4 Ave,12884,6409,6475,12884,40.642622,-74.016866,2023,2025,2,12,1,12,36,lifetime_aggregate,1065,8266.066438994101,1
nyc,3094,Graham Ave & Withers St,22840,11457,11383,22840,40.7169811,-73.94485918,2019,2019,1,12,1,12,12,lifetime_aggregate,1162,5087.565674255692,1
nyc,3095,Graham Ave & Herbert St,15412,7753,7659,15412,40.71929301,-73.94500379,2019,2019,1,12,1,12,12,lifetime_aggregate,1163,7546.0679989618475,1
nyc,3096,Union Ave & N 12 St,43403,21517,21886,43403,40.71924,-73.95242,2019,2019,1,12,1,12,12,lifetime_aggregate,786,1810.9347280141924,1
nyc,3099.01,37 St & Fort Hamilton Pkwy,1468,724,744,1468,40.64417,-73.98923,2025,2025,1,4,9,12,4,lifetime_aggregate,427,29087.193460490464,1
nyc,310,State St & Smith St,37560,18598,18962,37560,40.68926942,-73.98912867,2019,2019,1,12,1,12,12,lifetime_aggregate,1527,4065.495207667732,1
nyc,3100,Nassau Ave & Newell St,32683,16398,16285,32683,40.724812564400175,-73.94752621650696,2019,2019,1,12,1,12,12,lifetime_aggregate,738,2258.0546461463146,1
nyc,3101,N 12 St & Bedford Ave,42583,21241,21342,42583,40.72079821,-73.95484712,2019,2019,1,12,1,12,12,lifetime_aggregate,667,1566.3527698846956,1
nyc,3102,Driggs Ave & Lorimer St,27124,13554,13570,27124,40.72179134,-73.9504154,2019,2019,1,12,1,12,12,lifetime_aggregate,789,2908.8629995575875,1
nyc,3105,N 15 St & Wythe Ave,16102,7996,8106,16102,40.724055,-73.955736,2019,2019,1,12,1,12,12,lifetime_aggregate,636,3949.8198981492983,1
nyc,3106,Driggs Ave & N Henry St,33172,16679,16493,33172,40.72325,-73.94308,2019,2019,1,12,1,12,12,lifetime_aggregate,1399,4217.4122754129985,1
nyc,3107,Bedford Ave & Nassau Ave,54153,26705,27448,54153,40.72311651,-73.95212324,2019,2019,1,12,1,12,12,lifetime_aggregate,720,1329.566229017783,1
nyc,3108,Nassau Ave & Russell St,45768,23340,22428,45768,40.72557,-73.94434,2019,2019,1,12,1,12,12,lifetime_aggregate,820,1791.6448173396261,1
nyc,3109,Banker St & Meserole Ave,30946,15350,15596,30946,40.72606,-73.95621,2019,2019,1,12,1,12,12,lifetime_aggregate,616,1990.5642086214696,1
nyc,311,Norfolk St & Broome St,94974,47579,47395,94974,40.7172274,-73.98802084,2019,2019,1,12,1,12,12,lifetime_aggregate,1870,1968.95992587445,1
nyc,3110,Meserole Ave & Manhattan Ave,48777,24394,24383,48777,40.72708591960293,-73.9529911707689,2019,2019,1,12,1,12,12,lifetime_aggregate,929,1904.5861779117206,1
nyc,3112,Milton St & Franklin St,65989,32688,33301,65989,40.72906,-73.95779,2019,2019,1,12,1,12,12,lifetime_aggregate,507,768.3098698267893,1
nyc,3113,Greenpoint Ave & Manhattan Ave,43591,21781,21810,43591,40.73026,-73.95394,2019,2019,1,12,1,12,12,lifetime_aggregate,862,1977.4724140304193,1
nyc,3113.06,Rugby Rd & Beverley Rd,11276,5445,5831,11276,40.64435,-73.96591,2023,2025,2,12,7,12,30,lifetime_aggregate,546,4842.142603760199,1
nyc,3113.1,Stratford Rd & Beverley Rd,102,93,9,102,40.64378,-73.96867,2023,2025,2,6,12,5,18,lifetime_aggregate,567,555882.3529411765,1
nyc,3113.10,Stratford Rd & Beverley Rd,6579,3188,3391,6579,40.64378,-73.96867,2023,2025,2,12,10,12,27,lifetime_aggregate,567,8618.331053351572,1
nyc,3115,India St & Manhattan Ave,33828,16743,17085,33828,40.73232194,-73.9550858,2019,2019,1,12,1,12,12,lifetime_aggregate,708,2092.9407591344448,1
nyc,3116,Huron St & Franklin St,38491,18958,19533,38491,40.73266,-73.95826,2019,2019,1,12,1,12,12,lifetime_aggregate,392,1018.4198903639813,1
nyc,3117,Franklin St & Dupont St,30874,15428,15446,30874,40.73564,-73.95866,2019,2019,1,12,1,12,12,lifetime_aggregate,229,741.724428321565,1
nyc,3117.05,46 St & 7 Ave,21596,10854,10742,21596,40.644743,-74.003754,2023,2025,2,12,1,12,36,lifetime_aggregate,637,2949.6203000555656,1
nyc,3118,McGuinness Blvd & Eagle St,40429,20176,20253,40429,40.73555,-73.95284,2019,2019,1,12,1,12,12,lifetime_aggregate,384,949.8132528630439,1
nyc,3119,Vernon Blvd & 50 Ave,55875,27830,28045,55875,40.74232744,-73.95411749,2019,2019,1,12,1,12,12,lifetime_aggregate,602,1077.4049217002237,1
nyc,312,Allen St & Stanton St,131549,65231,66318,131549,40.722055,-73.989111,2019,2019,1,12,1,12,12,lifetime_aggregate,2395,1820.6143718310286,1
nyc,3121,Jackson Ave & 46 Rd,13638,6811,6827,13638,40.74524768,-73.94733276,2019,2019,1,12,1,12,12,lifetime_aggregate,746,5470.010265434815,1
nyc,3121.01,Cortelyou Rd & Albany Ave,4313,2088,2225,4313,40.64483,-73.93853,2023,2025,2,12,7,12,30,lifetime_aggregate,322,7465.801066543009,1
nyc,3122,48 Ave & 5 St,9063,4498,4565,9063,40.74436328706688,-73.9558732509613,2019,2019,1,12,1,12,12,lifetime_aggregate,550,6068.630696237449,1
nyc,3123,31 St & Thomson Ave,10796,5361,5435,10796,40.74469738,-73.93540375,2019,2019,1,12,1,12,12,lifetime_aggregate,1105,10235.272323082623,1
nyc,3124,46 Ave & 5 St,36508,18177,18331,36508,40.74731,-73.95451,2019,2019,1,12,1,12,12,lifetime_aggregate,360,986.0852415908842,1
nyc,3125,45 Rd & 11 St,24712,12328,12384,24712,40.74708586,-73.94977234,2019,2019,1,12,1,12,12,lifetime_aggregate,645,2610.067983166073,1
nyc,3125.09,Ocean Pkwy & Church Ave,32041,15902,16139,32041,40.64471895786774,-73.97451460578539,2023,2025,2,12,1,12,36,lifetime_aggregate,826,2577.9470053993323,1
nyc,3126,44 Dr & Jackson Ave,31219,15633,15586,31219,40.74718234,-73.9432635,2019,2019,1,12,1,12,12,lifetime_aggregate,736,2357.538678368942,1
nyc,3127,9 St & 44 Rd,10926,5426,5500,10926,40.74966,-73.9521,2019,2019,1,12,1,12,12,lifetime_aggregate,355,3249.1305143693944,1
nyc,3128,21 St & 43 Ave,8251,4121,4130,8251,40.75052534,-73.94594845,2019,2019,1,12,1,12,12,lifetime_aggregate,760,9211.004726699794,1
nyc,3129,Queens Plaza North & Crescent St,52842,26452,26390,52842,40.75110165,-73.94073717,2019,2019,1,12,1,12,12,lifetime_aggregate,1280,2422.315582301957,1
nyc,3129.08,53 St & 5 Ave,9058,4587,4471,9058,40.643371,-74.011884,2023,2025,2,12,1,12,36,lifetime_aggregate,949,10476.926473835283,1
nyc,313,Washington Ave & Park Ave,33549,16526,17023,33549,40.69610226,-73.96751037,2019,2019,1,12,1,12,12,lifetime_aggregate,829,2471.0125488092044,1
nyc,3130,21 St & Queens Plaza North,20012,10034,9978,20012,40.75325964,-73.94335788,2019,2019,1,12,1,12,12,lifetime_aggregate,831,4152.508494903058,1
nyc,3131,E 68 St & 3 Ave,24446,12257,12189,24446,40.76712840349542,-73.96224617958069,2019,2019,1,12,1,12,12,lifetime_aggregate,1286,5260.574327088277,1
nyc,3132,E 59 St & Madison Ave,61483,30712,30771,61483,40.76350532,-73.97109243,2019,2019,1,12,1,12,12,lifetime_aggregate,1864,3031.7323487793374,1
nyc,3132.09,Beverley Rd & Nostrand Ave,12885,6321,6564,12885,40.64507,-73.9488,2023,2025,2,12,7,12,30,lifetime_aggregate,974,7559.177337989911,1
nyc,3134,3 Ave & E 62 St,49877,25245,24632,49877,40.76312584,-73.96526895,2019,2019,1,12,1,12,12,lifetime_aggregate,2442,4896.044268901498,1
nyc,3135,E 75 St & 3 Ave,35810,17911,17899,35810,40.77112927,-73.95772297,2019,2019,1,12,1,12,12,lifetime_aggregate,1076,3004.7472772968445,1
nyc,3135.04,Chester Ave & 12 Ave,9593,4729,4864,9593,40.644367,-73.984276,2023,2025,2,12,1,12,36,lifetime_aggregate,524,5462.316272281872,1
nyc,3136,5 Ave & E 63 St,43452,21963,21489,43452,40.766368,-73.971518,2019,2019,1,12,1,12,12,lifetime_aggregate,1155,2658.1054957194146,1
nyc,3137,5 Ave & E 73 St,106423,53139,53284,106423,40.77282817,-73.96685276,2019,2019,1,12,1,12,12,lifetime_aggregate,442,415.32375520329254,1
nyc,3138.03,56 St & 2 Ave,6968,3460,3508,6968,40.645705,-74.020292,2025,2025,1,12,1,12,12,lifetime_aggregate,845,12126.865671641792,1
nyc,3138.09,58 St & 2 Ave,4200,2063,2137,4200,40.644512,-74.021506,2023,2025,2,12,1,1,25,lifetime_aggregate,789,18785.714285714286,1
nyc,3139,E 72 St & Park Ave,40231,20181,20050,40231,40.77118287540658,-73.96409422159195,2019,2019,1,12,1,12,12,lifetime_aggregate,775,1926.3751833163483,1
nyc,314,Cadman Plaza West & Montague St,39513,20316,19197,39513,40.69383,-73.990539,2019,2019,1,11,1,11,11,lifetime_aggregate,1281,3241.9709968871002,1
nyc,3140,1 Ave & E 78 St,95796,47886,47910,95796,40.77140426,-73.9535166,2019,2019,1,12,1,12,12,lifetime_aggregate,1040,1085.6403190112321,1
nyc,3140.09,Bedford Ave & Beverley Rd,13398,6610,6788,13398,40.64491,-73.95487,2023,2025,2,12,7,12,30,lifetime_aggregate,1135,8471.413643827436,1
nyc,3141,1 Ave & E 68 St,128860,64430,64430,128860,40.76500525,-73.95818491,2019,2019,1,12,1,12,12,lifetime_aggregate,1856,1440.3228309793576,1
nyc,3142,1 Ave & E 62 St,95165,47471,47694,95165,40.76122739206283,-73.96094025699057,2019,2019,1,12,1,12,12,lifetime_aggregate,2329,2447.3283244890454,1
nyc,3143,5 Ave & E 78 St,79268,40205,39063,79268,40.77632142182271,-73.96427392959595,2019,2019,1,12,1,12,12,lifetime_aggregate,553,697.6333451077359,1
nyc,3144,E 81 St & Park Ave,7975,4017,3958,7975,40.77677702,-73.9590097,2019,2019,1,8,1,12,12,lifetime_aggregate,1028,12890.282131661443,1
nyc,3145,E 84 St & Park Ave,36315,18622,17693,36315,40.77862688,-73.95772073,2019,2019,1,12,1,12,12,lifetime_aggregate,973,2679.3336087016382,1
nyc,3146,E 81 St & 3 Ave,32586,16287,16299,32586,40.77573034,-73.9567526,2019,2019,1,12,1,12,12,lifetime_aggregate,1156,3547.535751549746,1
nyc,3147,E 85 St & 3 Ave,17979,8959,9020,17979,40.77801203,-73.95407149,2019,2019,1,5,1,12,12,lifetime_aggregate,1031,5734.467990433283,1
nyc,3148,E 84 St & 1 Ave,49710,24764,24946,49710,40.77565541,-73.95068615,2019,2019,1,12,1,12,12,lifetime_aggregate,997,2005.6326694830016,1
nyc,3148.08,E 17 St & Beverley Rd,12415,6054,6361,12415,40.64466281529018,-73.96322096453373,2023,2025,2,12,7,12,30,lifetime_aggregate,767,6178.010471204188,1
nyc,3148.09,E 19 St & Beverley Rd,8405,4136,4269,8405,40.64483,-73.9613,2023,2025,2,12,9,12,28,lifetime_aggregate,860,10232.00475907198,1
nyc,315,South St & Gouverneur Ln,101770,50513,51257,101770,40.70355377,-74.00670227,2019,2019,1,12,1,12,12,lifetime_aggregate,576,565.98211653729,1
nyc,3150,E 85 St & York Ave,28277,14216,14061,28277,40.77536905,-73.94803392,2019,2019,1,12,1,12,12,lifetime_aggregate,866,3062.559677476394,1
nyc,3151,E 81 St & York Ave,42072,21278,20794,42072,40.7728384,-73.94989233,2019,2019,1,12,1,12,12,lifetime_aggregate,1035,2460.068454078722,1
nyc,3152,3 Ave & E 71 St,20133,10102,10031,20133,40.76873687,-73.96119945,2019,2019,1,12,1,12,12,lifetime_aggregate,1125,5587.840858292356,1
nyc,3153,E 71 St & 2 Ave,669,332,337,669,40.76817546742245,-73.95910263061523,2019,2019,1,1,1,1,1,lifetime_aggregate,1249,186696.5620328849,1
nyc,3154,E 77 St & 3 Ave,37528,18804,18724,37528,40.77314236,-73.95856158,2019,2019,1,12,1,12,12,lifetime_aggregate,1152,3069.707951396291,1
nyc,3155,Lexington Ave & E 63 St,34947,17497,17450,34947,40.76440023,-73.96648977,2019,2019,1,9,1,9,9,lifetime_aggregate,2118,6060.606060606061,1
nyc,3155.01,Schenectady Ave & Cortelyou Rd,3801,1832,1969,3801,40.64535,-73.93268,2023,2025,2,12,7,12,30,lifetime_aggregate,551,14496.185214417259,1
nyc,3156,E 72 St & York Ave,70337,35124,35213,70337,40.76663814,-73.95348296,2019,2019,1,12,1,12,12,lifetime_aggregate,1385,1969.091658728692,1
nyc,3157,East End Ave & E 86 St,20184,10083,10101,20184,40.77518615,-73.94446054,2019,2019,1,12,1,12,12,lifetime_aggregate,528,2615.9334126040426,1
nyc,3157.08,Turner Pl & Coney Island Ave,14706,7303,7403,14706,40.64521,-73.97073,2023,2025,2,12,7,12,30,lifetime_aggregate,688,4678.362573099415,1
nyc,3158,W 63 St & Broadway,93740,48802,44938,93740,40.77163851,-73.98261428,2019,2019,1,12,1,12,12,lifetime_aggregate,1069,1140.3883080861958,1
nyc,3159,W 67 St & Broadway,78441,40005,38436,78441,40.77492513,-73.98266566,2019,2019,1,12,1,12,12,lifetime_aggregate,993,1265.9196083680729,1
nyc,316,Fulton St & William St,60873,30313,30560,60873,40.709559607920625,-74.00653611940979,2019,2019,1,12,1,12,12,lifetime_aggregate,1302,2138.879306096299,1
nyc,3160,Central Park West & W 76 St,67826,35325,32501,67826,40.77896784,-73.97374737,2019,2019,1,12,1,12,12,lifetime_aggregate,422,622.180284846519,1
nyc,3161,W 76 St & Columbus Ave,53970,29947,24023,53970,40.7801839724239,-73.97728532552719,2019,2019,1,12,1,12,12,lifetime_aggregate,934,1730.59106911247,1
nyc,3161.02,46 St & 6 Ave,15258,7796,7462,15258,40.645921,-74.005708,2023,2025,2,12,1,12,36,lifetime_aggregate,672,4404.246952418403,1
nyc,3162,W 78 St & Broadway,41052,21131,19921,41052,40.78339981,-73.98093133,2019,2019,1,12,1,12,12,lifetime_aggregate,944,2299.5225567572834,1
nyc,3163,Central Park West & W 68 St,100509,53926,46583,100509,40.7734066,-73.97782542,2019,2019,1,12,1,12,12,lifetime_aggregate,656,652.6778696435146,1
nyc,3164,Columbus Ave & W 72 St,115773,63951,51822,115773,40.7770575,-73.97898475,2019,2019,1,12,1,12,12,lifetime_aggregate,896,773.9282907068142,1
nyc,3164.04,Brooklyn Ave & Beverley Rd,1908,868,1040,1908,40.64574999999999,-73.94331,2023,2025,2,12,7,12,30,lifetime_aggregate,614,32180.293501048218,1
nyc,3165,Central Park West & W 72 St,116225,60369,55856,116225,40.77579376683666,-73.9762057363987,2019,2019,1,12,1,12,12,lifetime_aggregate,438,376.8552376855238,1
nyc,3166,Riverside Dr & W 72 St,56973,28671,28302,56973,40.78057799010334,-73.98562431335449,2019,2019,1,12,1,12,12,lifetime_aggregate,695,1219.8760816527126,1
nyc,3166.03,Albemarle Rd & McDonald Ave,20885,10247,10638,20885,40.645074,-73.979681,2023,2025,2,12,1,12,36,lifetime_aggregate,620,2968.6377783097914,1
nyc,3167,Amsterdam Ave & W 73 St,109139,55401,53738,109139,40.77966809007312,-73.98093044757842,2019,2019,1,12,1,12,12,lifetime_aggregate,936,857.6219316651243,1
nyc,3168,Central Park West & W 85 St,84389,43151,41238,84389,40.78472675,-73.96961715,2019,2019,1,12,1,12,12,lifetime_aggregate,479,567.6095225681072,1
nyc,3169,Riverside Dr & W 82 St,39304,19775,19529,39304,40.78720869,-73.98128127,2019,2019,1,12,1,12,12,lifetime_aggregate,689,1753.0022389578667,1
nyc,3169.07,53 St & 4 Ave,24728,12353,12375,24728,40.644862,-74.014531,2023,2025,2,12,1,12,36,lifetime_aggregate,1080,4367.518602394047,1
nyc,317,E 6 St & Avenue B,109296,54739,54557,109296,40.72453734,-73.98185424,2019,2019,1,12,1,12,12,lifetime_aggregate,967,884.7533304055042,1
nyc,3170,W 84 St & Columbus Ave,52584,27411,25173,52584,40.78499979,-73.97283406,2019,2019,1,12,1,12,12,lifetime_aggregate,776,1475.7340635934886,1
nyc,3171,Amsterdam Ave & W 82 St,63249,32186,31063,63249,40.78524672,-73.97667321,2019,2019,1,12,1,12,12,lifetime_aggregate,878,1388.164239750826,1
nyc,3172,W 74 St & Columbus Ave,39720,20471,19249,39720,40.7785669,-73.97754961,2019,2019,1,12,1,12,12,lifetime_aggregate,793,1996.4753272910373,1
nyc,3172.01,Tilden Ave & Nostrand Ave,6878,3386,3492,6878,40.64683,-73.94933,2023,2025,2,12,7,10,28,lifetime_aggregate,1077,15658.621692352428,1
nyc,3173,Riverside Blvd & W 67 St,58262,29327,28935,58262,40.777507027547976,-73.98888587951659,2019,2019,1,12,1,12,12,lifetime_aggregate,431,739.7617658164842,1
nyc,3175,W 70 St & Amsterdam Ave,71421,36561,34860,71421,40.77748039530589,-73.98288594498428,2019,2019,1,12,1,12,12,lifetime_aggregate,1026,1436.5522745411013,1
nyc,3177,W 84 St & Broadway,48052,25792,22260,48052,40.7867947,-73.977112,2019,2019,1,12,1,12,12,lifetime_aggregate,895,1862.5655539831848,1
nyc,3178,Riverside Dr & W 78 St,35009,17723,17286,35009,40.78414472,-73.98362492,2019,2019,1,12,1,12,12,lifetime_aggregate,765,2185.1523893855865,1
nyc,3178.02,57 St & 1 Ave,8776,4347,4429,8776,40.646377,-74.023087,2023,2025,2,12,1,12,36,lifetime_aggregate,414,4717.411121239745,1
nyc,3179,Park Ave & Marcus Garvey Blvd,11138,5599,5539,11138,40.698617,-73.941342,2019,2019,1,12,1,12,12,lifetime_aggregate,1503,13494.343688274377,1
nyc,3180.02,Beverley Rd & Flatbush Ave,20599,10117,10482,20599,40.64499478133334,-73.95817800412121,2023,2025,2,12,7,12,30,lifetime_aggregate,980,4757.512500606826,1
nyc,3180.09,Albemarle Rd & E 21 St,14867,7381,7486,14867,40.64741,-73.95933,2023,2025,2,12,7,12,30,lifetime_aggregate,1164,7829.420865003027,1
nyc,3182,Yankee Ferry Terminal,22088,11064,11024,22088,40.686931,-74.016966,2019,2019,1,7,4,10,7,lifetime_aggregate,0,0.0,1
nyc,3184.07,New Utrecht Ave & 9 Ave,1068,526,542,1068,40.646249287052434,-73.99452600971485,2025,2025,1,2,11,12,2,lifetime_aggregate,330,30898.87640449438,1
nyc,3187.01,Beverley Rd & E 49 St,4223,2033,2190,4223,40.64621,-73.93067,2023,2025,2,12,7,12,30,lifetime_aggregate,678,16054.93724840161,1
nyc,3188.04,Rugby Rd & Albemarle Rd,8649,4225,4424,8649,40.64672,-73.96637,2023,2025,2,12,7,12,30,lifetime_aggregate,610,7052.838478436814,1
nyc,319,Fulton St & Broadway,96328,48077,48251,96328,40.711066,-74.009447,2019,2019,1,12,1,12,12,lifetime_aggregate,1244,1291.4209783240594,1
nyc,3191,Union St,1,0,1,1,40.7182113,-74.0836394,2019,2019,1,1,9,9,1,lifetime_aggregate,0,0.0,1
nyc,3192.05,7 Ave & 41 St,42579,21610,20969,42579,40.647379,-74.000911,2023,2025,2,12,1,12,36,lifetime_aggregate,414,972.3102938068062,1
nyc,3199.01,Caton Ave & E 7 St,23875,11817,12058,23875,40.647718,-73.973663,2023,2025,2,12,1,12,36,lifetime_aggregate,763,3195.8115183246073,1
nyc,320,Leonard St & Church St,53830,26892,26938,53830,40.717571,-74.005549,2019,2019,1,12,1,12,12,lifetime_aggregate,1622,3013.1896711870704,1
nyc,3202.06,48 St & 5 Ave,23227,11661,11566,23227,40.646351,-74.009271,2023,2025,2,12,1,12,36,lifetime_aggregate,901,3879.106212597408,1
nyc,3205.06,Brooklyn Ave & Tilden Ave,1929,875,1054,1929,40.64725,-73.94352,2023,2025,2,12,7,12,30,lifetime_aggregate,733,37998.96319336444,1
nyc,3208.07,Dahill Rd & 12 Ave,14221,7054,7167,14221,40.646037,-73.980963,2023,2025,2,12,1,12,36,lifetime_aggregate,509,3579.2138386892625,1
nyc,321,Cadman Plaza E & Red Cross Pl,50799,25482,25317,50799,40.69991755,-73.98971773,2019,2019,1,12,1,12,12,lifetime_aggregate,1610,3169.3537274355795,1
nyc,3211.06,53 St & 2 Ave,15048,7360,7688,15048,40.64744,-74.018846,2023,2025,2,12,1,12,36,lifetime_aggregate,759,5043.859649122806,1
nyc,3214.04,Tilden Ave & Lott St,6493,3233,3260,6493,40.64661,-73.95401,2023,2025,2,12,7,12,30,lifetime_aggregate,1172,18050.207916217463,1
nyc,3220.01,58 St & Pier 4,12569,6255,6314,12569,40.646475,-74.026081,2023,2025,2,12,1,12,36,lifetime_aggregate,161,1280.9292704272416,1
nyc,3221,47 Ave & 31 St,9650,4807,4843,9650,40.743,-73.93561,2019,2019,1,12,1,12,12,lifetime_aggregate,966,10010.362694300518,1
nyc,3223,E 55 St & 3 Ave,25898,12921,12977,25898,40.75899655960512,-73.96865397691727,2019,2019,1,6,1,6,6,lifetime_aggregate,2312,8927.330295775735,1
nyc,3223.07,Ocean Ave & Tennis Ct,13403,6604,6799,13403,40.64873,-73.96084000000002,2023,2025,2,12,7,12,30,lifetime_aggregate,1270,9475.490561814519,1
nyc,3226,W 82 St & Central Park West,35754,20197,15557,35754,40.78275,-73.97137,2019,2019,1,8,1,8,8,lifetime_aggregate,498,1392.8511495217317,1
nyc,3229.07,E 48 St & Tilden Ave,2184,1037,1147,2184,40.64795,-73.93182,2023,2025,2,12,7,12,30,lifetime_aggregate,804,36813.18681318682,1
nyc,323,Lawrence St & Willoughby St,53405,26836,26569,53405,40.69236178,-73.98631746,2019,2019,1,12,1,12,12,lifetime_aggregate,2276,4261.773242205786,1
nyc,3230.01,Caton Ave & E 10 St,25800,12637,13163,25800,40.648481,-73.97058,2023,2025,2,12,1,12,36,lifetime_aggregate,611,2368.217054263566,1
nyc,3231,E 67 St & Park Ave,25202,12724,12478,25202,40.76780080148132,-73.96592080593109,2019,2019,1,12,1,12,12,lifetime_aggregate,991,3932.2276009840484,1
nyc,3232,Bond St & Fulton St,59018,27632,31386,59018,40.68962188790333,-73.98304268717766,2019,2019,1,12,1,12,12,lifetime_aggregate,1797,3044.833779524891,1
nyc,3233,E 48 St & 5 Ave,129335,64397,64938,129335,40.75724570198795,-73.97805911071524,2019,2019,1,12,1,12,12,lifetime_aggregate,1602,1238.6438319093825,1
nyc,3233.02,5 Ave & 44 St,8486,4255,4231,8486,40.64865,-74.00646,2025,2025,1,12,1,12,12,lifetime_aggregate,792,9333.019090266322,1
nyc,3233.06,44 St & 6 Ave,9163,4813,4350,9163,40.647105,-74.004483,2023,2023,1,12,1,12,12,lifetime_aggregate,597,6515.333406089709,1
nyc,3235,E 41 St & Madison Ave,83433,41758,41675,83433,40.752165280621966,-73.97992193698882,2019,2019,1,12,1,12,12,lifetime_aggregate,1885,2259.297879735836,1
nyc,3236,W 42 St & Dyer Ave,86272,43526,42746,86272,40.75898481399634,-73.99379968643188,2019,2019,1,12,1,12,12,lifetime_aggregate,2673,3098.3401335311573,1
nyc,324,DeKalb Ave & Hudson Ave,53341,23164,30177,53341,40.689888,-73.981013,2019,2019,1,12,1,12,12,lifetime_aggregate,1706,3198.2902457771697,1
nyc,3240,NYCBS Depot BAL - DYR,6,0,6,6,40.759030082196055,-73.99385869503021,2019,2019,1,4,1,8,8,lifetime_aggregate,2701,45016666.66666667,1
nyc,3240.15,Fort Hamilton Pkwy & E 5 St,25232,12671,12561,25232,40.649037,-73.97673,2023,2025,2,12,10,12,27,lifetime_aggregate,661,2619.689283449588,1
nyc,3240.15,Ft. Hamilton Pkwy & E 5 St,7696,3842,3854,7696,40.649037,-73.97673,2023,2023,1,10,1,10,10,lifetime_aggregate,661,8588.877338877339,1
nyc,3241,Monroe St & Tompkins Ave,18468,9322,9146,18468,40.686203,-73.944694,2019,2019,1,12,1,12,12,lifetime_aggregate,652,3530.431015811133,1
nyc,3242,Schermerhorn St & Court St,35962,18051,17911,35962,40.69102925677968,-73.99183362722397,2019,2019,1,12,1,12,12,lifetime_aggregate,1320,3670.541126744897,1
nyc,3243,E 58 St & 1 Ave,5254,2621,2633,5254,40.75892386377695,-73.96226227283478,2019,2019,1,2,1,2,2,lifetime_aggregate,2371,45127.52188808527,1
nyc,3243,E 58 St & 1 Ave (NE Corner),24977,12585,12392,24977,40.75892386377695,-73.96226227283478,2019,2019,1,10,3,12,10,lifetime_aggregate,2371,9492.733314649478,1
nyc,3243.02,47 St & 3 Ave,6427,3172,3255,6427,40.649143,-74.012384,2023,2025,2,12,1,12,36,lifetime_aggregate,976,15185.934339505215,1
nyc,3244,University Pl & E 8 St,95836,47853,47983,95836,40.73143724085228,-73.99490341544151,2019,2019,1,12,1,12,12,lifetime_aggregate,979,1021.5367920197003,1
nyc,3245,NYCBS DEPOT - DELANCEY,343,6,337,343,40.71644423134479,-73.9823305606842,2019,2019,1,11,1,11,11,lifetime_aggregate,960,279883.38192419824,1
nyc,3246,Montague St & Clinton St,3274,1661,1613,3274,40.694281141397326,-73.99230033159256,2019,2019,1,2,11,12,2,lifetime_aggregate,1044,31887.59926695174,1
nyc,3246.06,New York Ave & Snyder Ave,3736,1758,1978,3736,40.64868,-73.94635,2023,2025,2,12,7,12,30,lifetime_aggregate,1043,27917.558886509636,1
nyc,3249,Verona Pl & Fulton St,15712,7831,7881,15712,40.6803560840434,-73.9476791024208,2019,2019,1,12,1,12,12,lifetime_aggregate,1584,10081.466395112016,1
nyc,325,E 19 St & 3 Ave,87109,43709,43400,87109,40.73624527,-73.98473765,2019,2019,1,12,1,12,12,lifetime_aggregate,1524,1749.5321952955494,1
nyc,3250,58th St Depot,10,6,4,10,40.71690978045965,-73.98383796215057,2019,2019,1,2,1,3,3,lifetime_aggregate,1301,13010000.0,1
nyc,3253.01,52 St & 1 Ave,6011,2952,3059,6011,40.649292,-74.020105,2023,2025,2,12,1,12,36,lifetime_aggregate,455,7569.455997338213,1
nyc,3254,Soissons Landing,26724,13328,13396,26724,40.69231660719192,-74.01486575603485,2019,2019,1,7,4,10,7,lifetime_aggregate,0,0.0,1
nyc,3255,8 Ave & W 31 St,241589,119958,121631,241589,40.7505853470215,-73.9946848154068,2019,2019,1,12,1,12,12,lifetime_aggregate,1814,750.8620011672717,1
nyc,3256,Pier 40 - Hudson River Park,129726,64713,65013,129726,40.7277140777778,-74.01129573583603,2019,2019,1,12,1,12,12,lifetime_aggregate,561,432.4499329355719,1
nyc,3256.04,Bedford Ave & Albemarle Rd,9492,4680,4812,9492,40.64796,-73.9556,2023,2025,2,12,7,12,30,lifetime_aggregate,1227,12926.675094816686,1
nyc,3258,W 27 St & 10 Ave,55846,27847,27999,55846,40.75018156325683,-74.00218427181244,2019,2019,1,6,1,6,6,lifetime_aggregate,1022,1830.0325896214592,1
nyc,3259,9 Ave & W 28 St,89473,44598,44875,89473,40.74937024193277,-73.99923384189606,2019,2019,1,12,1,12,12,lifetime_aggregate,1226,1370.2457724676717,1
nyc,326,E 11 St & 1 Ave,122700,61120,61580,122700,40.72953837,-73.98426726,2019,2019,1,12,1,12,12,lifetime_aggregate,1091,889.160554197229,1
nyc,3260,Mercer St & Bleecker St,113289,55970,57319,113289,40.72706363348306,-73.99662137031554,2019,2019,1,12,1,12,12,lifetime_aggregate,1309,1155.4519856296727,1
nyc,3263,Cooper Square & Astor Pl,165900,80536,85364,165900,40.72951496224949,-73.99075269699097,2019,2019,1,12,1,12,12,lifetime_aggregate,1066,642.5557564798071,1
nyc,3263.01,E 18 St & Church Ave,25078,12378,12700,25078,40.64958,-73.96316,2023,2025,2,12,7,12,30,lifetime_aggregate,1103,4398.2773745912755,1
nyc,3266.01,7 Ave & 40 St,20269,10417,9852,20269,40.648169,-74.000057,2023,2025,2,12,1,12,36,lifetime_aggregate,415,2047.4616409294981,1
nyc,327,Vesey Pl & River Terrace,143644,71695,71949,143644,40.71533794638504,-74.01658349911868,2019,2019,1,12,1,12,12,lifetime_aggregate,373,259.66973907716294,1
nyc,3272.01,E 8 St & Caton Ave,20958,10145,10813,20958,40.648055,-73.972432,2023,2025,2,12,1,12,36,lifetime_aggregate,692,3301.841778795687,1
nyc,3275.03,45 St & 4 Ave,24722,12370,12352,24722,40.649145,-74.009486,2023,2025,2,12,1,12,36,lifetime_aggregate,955,3862.9560715152493,1
nyc,3278.07,Brooklyn Ave & Snyder Ave,3584,1707,1877,3584,40.64915,-73.94368,2023,2025,2,12,7,12,30,lifetime_aggregate,835,23297.991071428572,1
nyc,328,Watts St & Greenwich St,83008,41412,41596,83008,40.72405549,-74.00965965,2019,2019,1,12,1,12,12,lifetime_aggregate,1124,1354.0863531225905,1
nyc,3280.04,Fort Hamilton Pkwy & E 2 St,21137,10473,10664,21137,40.648005,-73.979342,2023,2025,2,12,10,12,27,lifetime_aggregate,476,2251.975209348536,1
nyc,3280.04,Ft. Hamilton Pkwy & E 2 St,9870,4911,4959,9870,40.648005,-73.979342,2023,2023,1,10,1,10,10,lifetime_aggregate,476,4822.695035460993,1
nyc,3282,5 Ave & E 88 St,110469,55140,55329,110469,40.78307,-73.95939,2019,2019,1,12,1,12,12,lifetime_aggregate,386,349.4192941006074,1
nyc,3283,W 89 St & Columbus Ave,50700,27392,23308,50700,40.7882213,-73.97041561,2019,2019,1,12,1,12,12,lifetime_aggregate,728,1435.8974358974358,1
nyc,3283.05,48 St & 2 Ave,3646,1778,1868,3646,40.650176,-74.015606,2023,2025,2,12,1,12,36,lifetime_aggregate,707,19391.1135490949,1
nyc,3284,E 88 St & Park Ave,21742,10849,10893,21742,40.781410700190015,-73.95595908164978,2019,2019,1,12,1,12,12,lifetime_aggregate,744,3421.9483028240275,1
nyc,3285,W 87 St & Amsterdam Ave,36993,19056,17937,36993,40.78839,-73.9747,2019,2019,1,12,1,12,12,lifetime_aggregate,816,2205.822723217906,1
nyc,3286,E 89 St & 3 Ave,35985,17967,18018,35985,40.7806284,-73.9521667,2019,2019,1,12,1,12,12,lifetime_aggregate,1055,2931.7771293594556,1
nyc,3286.07,Rogers Ave & Snyder Ave,7563,3748,3815,7563,40.64871065908449,-73.95216456310389,2023,2025,2,12,7,12,30,lifetime_aggregate,1172,15496.496099431442,1
nyc,3287,W 87 St & West End Ave,14042,7402,6640,14042,40.789622,-73.97757,2019,2019,1,5,8,12,5,lifetime_aggregate,643,4579.119783506623,1
nyc,3288,E 88 St & 1 Ave,38739,19272,19467,38739,40.778301,-73.9488134,2019,2019,1,12,1,12,12,lifetime_aggregate,1053,2718.1909703399674,1
nyc,3289,W 90 St & Amsterdam Ave,28159,14424,13735,28159,40.79017948095081,-73.97288918495178,2019,2019,1,12,1,12,12,lifetime_aggregate,909,3228.0975886927804,1
nyc,3290,E 89 St & York Ave,29093,14501,14592,29093,40.7779453,-73.946041,2019,2019,1,12,1,12,12,lifetime_aggregate,797,2739.490599113189,1
nyc,3292,5 Ave & E 93 St,38446,19247,19199,38446,40.7857851,-73.957481,2019,2019,1,12,1,12,12,lifetime_aggregate,586,1524.2157831764032,1
nyc,3293,W 92 St & Broadway,34808,17461,17347,34808,40.7921,-73.9739,2019,2019,1,12,1,12,12,lifetime_aggregate,1072,3079.7517811997245,1
nyc,3294,E 91 St & Park Ave,30218,15196,15022,30218,40.7835016,-73.955327,2019,2019,1,12,1,12,12,lifetime_aggregate,830,2746.7072605731682,1
nyc,3294.03,E 21 St & Church Ave,22479,11136,11343,22479,40.65007,-73.96001,2023,2025,2,12,6,12,31,lifetime_aggregate,1331,5921.081898660972,1
nyc,3295,Central Park W & W 96 St,77641,41962,35679,77641,40.79127,-73.964839,2019,2019,1,12,1,12,12,lifetime_aggregate,450,579.5906801818627,1
nyc,3296,E 93 St & 2 Ave,26374,12979,13395,26374,40.782454175279874,-73.9489196240902,2019,2019,1,12,1,12,12,lifetime_aggregate,1484,5626.753620990369,1
nyc,3297,6 St & 7 Ave,16453,8362,8091,16453,40.6686627,-73.97988067,2019,2019,1,12,1,12,12,lifetime_aggregate,526,3196.9853522154012,1
nyc,3298,Warren St & Court St,25755,12826,12929,25755,40.686371,-73.99383324,2019,2019,1,12,1,12,12,lifetime_aggregate,968,3758.4934964084646,1
nyc,3299,E 98 St & Park Ave,11598,5781,5817,11598,40.78813,-73.95206,2019,2019,1,12,1,12,12,lifetime_aggregate,1323,11407.13916192447,1
nyc,330,Reade St & Broadway,51629,25825,25804,51629,40.71450451,-74.00562789,2019,2019,1,12,1,12,12,lifetime_aggregate,1269,2457.9209359081137,1
nyc,3300,Prospect Park West & 8 St,25554,13128,12426,25554,40.66514681533792,-73.97637605667114,2019,2019,1,12,1,12,12,lifetime_aggregate,309,1209.2040385066919,1
nyc,3300.04,E 49 St & Church Ave,4207,2057,2150,4207,40.65182,-73.93135,2023,2025,2,12,11,12,26,lifetime_aggregate,1100,26146.898027097694,1
nyc,3300.06,Snyder Ave & Schenectady Ave,2087,1004,1083,2087,40.65,-73.93295999999998,2023,2025,2,12,8,12,29,lifetime_aggregate,893,42788.69190225204,1
nyc,3301,Columbus Ave & W 95 St,68569,35312,33257,68569,40.7919557,-73.968087,2019,2019,1,12,1,12,12,lifetime_aggregate,938,1367.9651154311716,1
nyc,3302,Columbus Ave & W 103 St,9184,4705,4479,9184,40.7969347,-73.9643412291,2019,2019,1,12,1,12,12,lifetime_aggregate,586,6380.662020905924,1
nyc,3303,Butler St & Court St,19824,9878,9946,19824,40.6849894,-73.99440329,2019,2019,1,12,1,12,12,lifetime_aggregate,637,3213.2768361581925,1
nyc,3303.01,Caton Ave & Argyle Rd,2631,1311,1320,2631,40.64968118764706,-73.96783027705882,2023,2023,1,4,1,4,4,lifetime_aggregate,634,24097.301406309387,1
nyc,3303.03,Caton Ave & Argyle Rd,24220,12029,12191,24220,40.64969490682349,-73.96792364487084,2023,2025,2,12,4,12,33,lifetime_aggregate,626,2584.640792733278,1
nyc,3304,6 Ave & 9 St,26779,13441,13338,26779,40.668127,-73.98377641,2019,2019,1,12,1,12,12,lifetime_aggregate,651,2431.0093730161693,1
nyc,3305,E 91 St & 2 Ave,47995,23866,24129,47995,40.78112237204715,-73.94965591896955,2019,2019,1,12,1,12,12,lifetime_aggregate,1348,2808.625898531097,1
nyc,3306,10 St & 7 Ave,21091,10787,10304,21091,40.6662078,-73.98199886,2019,2019,1,12,1,12,12,lifetime_aggregate,567,2688.3504812479255,1
nyc,3306.03,5 Ave & 41 St,31024,15470,15554,31024,40.649983,-74.005144,2023,2025,2,12,1,12,36,lifetime_aggregate,814,2623.775141825683,1
nyc,3307,West End Ave & W 94 St,32398,16167,16231,32398,40.7941654,-73.974124,2019,2019,1,12,1,12,12,lifetime_aggregate,1037,3200.8148651151305,1
nyc,3308,Kane St & Clinton St,28223,14133,14090,28223,40.6861758,-73.99645295,2019,2019,1,12,1,12,12,lifetime_aggregate,936,3316.4440350069094,1
nyc,3309,E 97 St & 3 Ave,13537,6799,6738,13537,40.7859201,-73.94860294,2019,2019,1,12,1,12,12,lifetime_aggregate,1556,11494.422693358942,1
nyc,3309.04,Church Ave & E 42 St,4303,2047,2256,4303,40.65127,-73.93818,2023,2025,2,12,7,12,30,lifetime_aggregate,652,15152.219381826631,1
nyc,331,Pike St & Monroe St,48881,24380,24501,48881,40.71173107,-73.99193043,2019,2019,1,12,1,12,12,lifetime_aggregate,736,1505.697510280068,1
nyc,3310,14 St & 7 Ave,22796,11698,11098,22796,40.663779,-73.98396846,2019,2019,1,12,1,12,12,lifetime_aggregate,475,2083.6988945429025,1
nyc,3311,Columbia St & Kane St,19951,9896,10055,19951,40.68763155,-74.0016256,2019,2019,1,12,1,12,12,lifetime_aggregate,1116,5593.704576211719,1
nyc,3312,1 Ave & E 94 St,31523,15564,15959,31523,40.7817212,-73.94594,2019,2019,1,12,1,12,12,lifetime_aggregate,1339,4247.692161279066,1
nyc,3312.07,Prospect Ave & Greenwood Ave,24674,12309,12365,24674,40.651745,-73.975988,2023,2025,2,12,1,12,36,lifetime_aggregate,505,2046.6888222420362,1
nyc,3313,6 Ave & 12 St,15596,7878,7718,15596,40.6663181,-73.9854617,2019,2019,1,12,1,12,12,lifetime_aggregate,628,4026.6735060271862,1
nyc,3314,W 95 St & Broadway,56434,28465,27969,56434,40.7937704,-73.971888,2019,2019,1,12,1,12,12,lifetime_aggregate,1191,2110.4298826948293,1
nyc,3315,Henry St & Degraw St,32614,16305,16309,32614,40.6847514,-73.99917254,2019,2019,1,12,1,12,12,lifetime_aggregate,896,2747.2864414055316,1
nyc,3315.05,44 St & 3 Ave,5934,2889,3045,5934,40.651173,-74.011405,2023,2025,2,12,1,12,36,lifetime_aggregate,924,15571.28412537917,1
nyc,3317,10 St & 5 Ave,14437,7194,7243,14437,40.6686273,-73.98700053,2019,2019,1,12,1,12,12,lifetime_aggregate,745,5160.351873657963,1
nyc,3318,2 Ave & E 96 St,52987,26174,26813,52987,40.7839636,-73.9471673,2019,2019,1,12,1,12,12,lifetime_aggregate,1508,2845.981089701247,1
nyc,3318.05,E 34 St & Church Ave,3880,1919,1961,3880,40.65116,-73.94577,2023,2025,2,12,8,12,29,lifetime_aggregate,1079,27809.278350515466,1
nyc,3319,14 St & 5 Ave,24316,12140,12176,24316,40.666287,-73.98895053,2019,2019,1,12,1,12,12,lifetime_aggregate,889,3656.0289521302843,1
nyc,332,Cherry St,50303,25352,24951,50303,40.71219906,-73.97948148,2019,2019,1,12,1,12,12,lifetime_aggregate,484,962.1692543188278,1
nyc,3320,Central Park West & W 100 St,43848,22374,21474,43848,40.79406660818552,-73.96286845207214,2019,2019,1,12,1,12,12,lifetime_aggregate,416,948.7319832147418,1
nyc,3321,Clinton St & Union St,24890,12600,12290,24890,40.6831164,-73.99785267,2019,2019,1,12,1,12,12,lifetime_aggregate,736,2957.0108477300123,1
nyc,3322,12 St & 4 Ave,7191,3577,3614,7191,40.668603,-73.9904394,2019,2019,1,9,1,9,9,lifetime_aggregate,1128,15686.274509803921,1
nyc,3323,W 106 St & Central Park West,41496,21822,19674,41496,40.7981856,-73.9605909006,2019,2019,1,12,1,12,12,lifetime_aggregate,483,1163.9676113360324,1
nyc,3324,3 Ave & 14 St,11610,5761,5849,11610,40.6685455,-73.99333264,2019,2019,1,12,1,12,12,lifetime_aggregate,1364,11748.492678725237,1
nyc,3325,E 95 St & 3 Ave,5434,2711,2723,5434,40.7849032,-73.950503,2019,2019,1,4,9,12,4,lifetime_aggregate,1248,22966.507177033494,1
nyc,3326,Clinton St & Centre St,5757,2807,2950,5757,40.67434,-74.00194698,2019,2019,1,12,1,12,12,lifetime_aggregate,1028,17856.5224943547,1
nyc,3327,3 Ave & E 100 St,9912,4917,4995,9912,40.7877214,-73.94728331,2019,2019,1,12,1,12,12,lifetime_aggregate,1592,16061.33979015335,1
nyc,3327.01,Lott St & Erasmus St,4943,2385,2558,4943,40.64949,-73.95408,2023,2025,2,12,7,12,30,lifetime_aggregate,1203,24337.446894598423,1
nyc,3328,W 100 St & Manhattan Ave,36320,18504,17816,36320,40.795,-73.9645,2019,2019,1,12,1,12,12,lifetime_aggregate,618,1701.5418502202642,1
nyc,3329,Degraw St & Smith St,25670,12755,12915,25670,40.6829151,-73.99318208,2019,2019,1,12,1,12,12,lifetime_aggregate,501,1951.694585118816,1
nyc,3330,Henry St & Bay St,5695,2808,2887,5695,40.6725058,-74.00494695,2019,2019,1,12,1,12,12,lifetime_aggregate,535,9394.205443371378,1
nyc,3331,Riverside Dr & W 104 St,28660,14553,14107,28660,40.8013434,-73.9711457439,2019,2019,1,12,1,12,12,lifetime_aggregate,475,1657.3621772505232,1
nyc,3332,Degraw St & Hoyt St,16703,8302,8401,16703,40.68199044270703,-73.99079024791718,2019,2019,1,12,1,12,12,lifetime_aggregate,475,2843.800514877567,1
nyc,3333,Columbia St & Lorraine St,3359,1484,1875,3359,40.6747055,-74.0075572,2019,2019,1,12,1,12,12,lifetime_aggregate,299,8901.458767490325,1
nyc,3335,Union St & 4 Ave,32697,16081,16616,32697,40.6772744,-73.98282002,2019,2019,1,12,1,12,12,lifetime_aggregate,717,2192.861730433985,1
nyc,3335.09,Caton Ave & St. Pauls Pl,15169,7554,7615,15169,40.651529999999994,-73.96277,2023,2025,2,12,12,12,25,lifetime_aggregate,1164,7673.544729382293,1
nyc,3336,E 97 St & Madison Ave,36049,17990,18059,36049,40.787801,-73.953559,2019,2019,1,12,1,12,12,lifetime_aggregate,1105,3065.2722683014786,1
nyc,3337,Dwight St & Van Dyke St,5373,2386,2987,5373,40.67363551341504,-74.01195555925369,2019,2019,1,12,1,12,12,lifetime_aggregate,185,3443.1416340964083,1
nyc,3338,2 Ave & E 99 St,16835,8397,8438,16835,40.7862586,-73.94552579,2019,2019,1,12,1,12,12,lifetime_aggregate,1762,10466.290466290466,1
nyc,3339,Berkeley Pl & 6 Ave,19329,9622,9707,19329,40.6765304,-73.97846879,2019,2019,1,12,1,12,12,lifetime_aggregate,862,4459.620259713383,1
nyc,334,W 20 St & 7 Ave,117635,58720,58915,117635,40.74238787,-73.99726235,2019,2019,1,12,1,12,12,lifetime_aggregate,1381,1173.9703319590258,1
nyc,3340,Wolcott St & Dwight St,5966,2854,3112,5966,40.6753274,-74.0100698,2019,2019,1,12,1,12,12,lifetime_aggregate,309,5179.349648005364,1
nyc,3341,Central Park West & W 102 St,20232,10638,9594,20232,40.795346,-73.96186,2019,2019,1,12,1,12,12,lifetime_aggregate,393,1942.4673784104389,1
nyc,3341.06,Church Ave & E 45 St,2775,1308,1467,2775,40.65159,-73.93535,2023,2025,2,12,11,12,26,lifetime_aggregate,918,33081.08108108108,1
nyc,3342,Pioneer St & Richards St,6175,2809,3366,6175,40.6777748,-74.0094613,2019,2019,1,12,1,12,12,lifetime_aggregate,368,5959.514170040486,1
nyc,3343,W 107 St & Columbus Ave,17546,8825,8721,17546,40.7997568,-73.9621128676,2019,2019,1,12,1,12,12,lifetime_aggregate,604,3442.3800296363843,1
nyc,3344,Pioneer St & Van Brunt St,16226,7836,8390,16226,40.679043,-74.011169,2019,2019,1,12,1,12,12,lifetime_aggregate,293,1805.7438678663873,1
nyc,3344.02,Park Cir & East Dr,29163,14441,14722,29163,40.651566,-73.972212,2023,2023,1,10,1,10,10,lifetime_aggregate,456,1563.6251414463534,1
nyc,3344.02,Park Circle & East Dr,53516,26545,26971,53516,40.651566,-73.972212,2023,2025,2,12,10,12,27,lifetime_aggregate,456,852.081620449959,1
nyc,3345,Madison Ave & E 99 St,25604,12815,12789,25604,40.78948541553215,-73.95242929458618,2019,2019,1,12,1,12,12,lifetime_aggregate,1205,4706.295891266989,1
nyc,3346,Berkeley Pl & 7 Ave,43698,21858,21840,43698,40.675146838709786,-73.97523209452629,2019,2019,1,12,1,12,12,lifetime_aggregate,956,2187.7431461394112,1
nyc,3347,Van Brunt St & Wolcott St,16531,7820,8711,16531,40.6773429,-74.01275056,2019,2019,1,12,1,12,12,lifetime_aggregate,223,1348.9807029217832,1
nyc,3347.03,41 St & 4 Ave,22027,10993,11034,22027,40.651354,-74.007168,2023,2025,2,12,1,12,36,lifetime_aggregate,1172,5320.7427248377,1
nyc,3348,Coffey St & Conover St,12470,6099,6371,12470,40.677236,-74.015665,2019,2019,1,12,1,12,12,lifetime_aggregate,166,1331.194867682438,1
nyc,3349,Grand Army Plaza & Plaza St West,48153,25241,22912,48153,40.6729679,-73.97087984,2019,2019,1,12,1,12,12,lifetime_aggregate,705,1464.0832346894274,1
nyc,335,Washington Pl & Broadway,87573,43385,44188,87573,40.729039130921706,-73.99404652585703,2019,2019,1,12,1,12,12,lifetime_aggregate,1082,1235.5406346705033,1
nyc,3350,W 100 St & Broadway,47666,24313,23353,47666,40.79737207561279,-73.97041195854241,2019,2019,1,12,1,12,12,lifetime_aggregate,1085,2276.255611966601,1
nyc,3350.04,E 38 St & Church Ave,3135,1584,1551,3135,40.651059999999994,-73.94193,2023,2025,2,12,11,12,26,lifetime_aggregate,827,26379.585326953747,1
nyc,3351,E 102 St & 1 Ave,40202,20010,20192,40202,40.7869946,-73.94164802,2019,2019,1,12,1,12,12,lifetime_aggregate,1611,4007.2633202328243,1
nyc,3352,Sigourney St & Columbia St,8050,3822,4228,8050,40.67267243410948,-74.0087952464819,2019,2019,1,12,1,12,12,lifetime_aggregate,149,1850.9316770186335,1
nyc,3353.04,Greenwood Ave & E 4 St,19886,9835,10051,19886,40.650739,-73.977739,2023,2025,2,12,1,12,36,lifetime_aggregate,553,2780.8508498441115,1
nyc,3354,3 St & Prospect Park West,35872,18895,16977,35872,40.668132,-73.97363831,2019,2019,1,12,1,12,12,lifetime_aggregate,302,841.8822479928634,1
nyc,3355,E 66 St & Madison Ave,22621,11319,11302,22621,40.76800889305947,-73.96845281124115,2019,2019,1,12,1,12,12,lifetime_aggregate,799,3532.116175235401,1
nyc,3356,Amsterdam Ave & W 66 St,37846,18936,18910,37846,40.7746671,-73.98470567,2019,2019,1,12,1,12,12,lifetime_aggregate,795,2100.618295196322,1
nyc,3356.05,44 St & 2 Ave,2884,1414,1470,2884,40.652502,-74.013587,2025,2025,1,12,1,12,12,lifetime_aggregate,621,21532.59361997226,1
nyc,3356.07,2 Ave & 44 St,2171,1060,1111,2171,40.65230357675891,-74.0134495536072,2023,2023,1,12,1,12,12,lifetime_aggregate,678,31229.847996315064,1
nyc,3357,W 106 St & Amsterdam Ave,28453,14438,14015,28453,40.8008363,-73.9664492472,2019,2019,1,12,1,12,12,lifetime_aggregate,714,2509.4014690893755,1
nyc,3358,Garfield Pl & 8 Ave,22007,11179,10828,22007,40.6711978,-73.97484126,2019,2019,1,12,1,12,12,lifetime_aggregate,533,2421.9566501567683,1
nyc,3359,E 68 St & Madison Ave,19568,9789,9779,19568,40.7691572,-73.96703464,2019,2019,1,12,1,12,12,lifetime_aggregate,764,3904.333605887163,1
nyc,3359.01,Church Ave & Nostrand Ave,12993,6385,6608,12993,40.65074,-73.94986,2023,2025,2,12,7,12,30,lifetime_aggregate,1176,9051.027476333411,1
nyc,3359.03,Linden Blvd & Nostrand Ave,14516,7214,7302,14516,40.65272,-73.94994,2023,2025,2,12,6,12,31,lifetime_aggregate,1250,8611.187655001377,1
nyc,336,Sullivan St & Washington Sq,104312,51534,52778,104312,40.73047747,-73.99906065,2019,2019,1,12,1,12,12,lifetime_aggregate,1115,1068.9086586394662,1
nyc,3360,Amsterdam Ave & W 79 St,65177,32680,32497,65177,40.7829391,-73.9786517,2019,2019,1,12,1,12,12,lifetime_aggregate,930,1426.883716648511,1
nyc,3361,Carroll St & 6 Ave,25507,12728,12779,25507,40.6740886,-73.9787282,2019,2019,1,12,1,12,12,lifetime_aggregate,666,2611.0479476222213,1
nyc,3362,Madison Ave & E 82 St,45523,22801,22722,45523,40.7781314,-73.96069399,2019,2019,1,12,1,12,12,lifetime_aggregate,774,1700.2394394042574,1
nyc,3363,E 102 St & Park Ave,17779,8844,8935,17779,40.7904828,-73.95033068,2019,2019,1,12,1,12,12,lifetime_aggregate,1435,8071.3200967433495,1
nyc,3364,Carroll St & 5 Ave,30386,15084,15302,30386,40.6751622,-73.9814832,2019,2019,1,12,1,12,12,lifetime_aggregate,674,2218.126768906733,1
nyc,3365,3 St & 7 Ave,27237,13717,13520,27237,40.6703837,-73.97839676,2019,2019,1,12,1,12,12,lifetime_aggregate,517,1898.153247420788,1
nyc,3366,West End Ave & W 107 St,25363,13072,12291,25363,40.8021174,-73.9681805305,2019,2019,1,12,1,12,12,lifetime_aggregate,583,2298.6239798131137,1
nyc,3367,5 Ave & E 103 St,50071,24915,25156,50071,40.792255184090486,-73.95249937622991,2019,2019,1,12,1,12,12,lifetime_aggregate,890,1777.4759841025743,1
nyc,3368,5 Ave & 3 St,35677,17710,17967,35677,40.6728155,-73.98352355,2019,2019,1,12,1,12,12,lifetime_aggregate,666,1866.7488858368135,1
nyc,3368.04,Caton Ave & Bedford Ave,37819,18897,18922,37819,40.65237,-73.95623,2023,2025,2,12,6,12,31,lifetime_aggregate,1388,3670.1129062111636,1
nyc,3369,E 82 St & East End Ave,28580,14283,14297,28580,40.7724607,-73.9468208,2019,2019,1,12,1,12,12,lifetime_aggregate,695,2431.770468859342,1
nyc,337,Old Slip & Front St,56137,26438,29699,56137,40.7037992,-74.00838676,2019,2019,1,12,1,12,12,lifetime_aggregate,691,1230.917220371591,1
nyc,3370,E 78 St & 2 Ave,26127,13028,13099,26127,40.7727966,-73.95577801,2019,2019,1,12,1,12,12,lifetime_aggregate,1117,4275.270792666591,1
nyc,3371,4 Ave & 2 St,2690,1291,1399,2690,40.674613422475815,-73.98501142859459,2019,2019,1,4,1,4,4,lifetime_aggregate,676,25130.111524163567,1
nyc,3372,E 74 St & 1 Ave,57587,28731,28856,57587,40.7689738,-73.95482273,2019,2019,1,12,1,12,12,lifetime_aggregate,1467,2547.449945300155,1
nyc,3373,3 St & 3 Ave,26770,13191,13579,26770,40.6750705,-73.98775226,2019,2019,1,12,1,12,12,lifetime_aggregate,609,2274.934628315278,1
nyc,3373.01,E 51 St & Linden Blvd,3277,1587,1690,3277,40.65399,-73.92967,2025,2025,1,12,1,12,12,lifetime_aggregate,1308,39914.55599633812,1
nyc,3374,Central Park North & Adam Clayton Powell Blvd,74715,36863,37852,74715,40.79948403568465,-73.95561302676349,2019,2019,1,12,1,12,12,lifetime_aggregate,671,898.0793682660777,1
nyc,3375,3 Ave & E 72 St,23369,11706,11663,23369,40.7699426,-73.96060712,2019,2019,1,12,1,12,12,lifetime_aggregate,1083,4634.34464461466,1
nyc,3376,E 65 St & 2 Ave,36731,18473,18258,36731,40.76471851944339,-73.96222069859505,2019,2019,1,12,1,12,12,lifetime_aggregate,1810,4927.717731616346,1
nyc,3376.02,Parade Pl & Crooke Ave,51301,25530,25771,51301,40.651847,-73.965248,2023,2025,2,12,1,12,36,lifetime_aggregate,811,1580.8658700610126,1
nyc,3376.04,Parkside Ave & Parade Pl,27982,13832,14150,27982,40.6532,-73.96639,2023,2025,2,12,6,12,31,lifetime_aggregate,531,1897.648488313916,1
nyc,3377,Carroll St & Bond St,25635,12767,12868,25635,40.6786115,-73.99037292,2019,2019,1,12,1,12,12,lifetime_aggregate,428,1669.5923542032378,1
nyc,3378,E 76 St & Park Ave,34549,17250,17299,34549,40.773763,-73.96222088,2019,2019,1,12,1,12,12,lifetime_aggregate,847,2451.590494659759,1
nyc,3379,E 103 St & Lexington Ave,25023,12389,12634,25023,40.7903051,-73.94755757,2019,2019,1,12,1,12,12,lifetime_aggregate,1431,5718.738760340487,1
nyc,3379.03,5 Ave & 37 St,19824,9745,10079,19824,40.652657,-74.002356,2023,2025,2,12,1,12,36,lifetime_aggregate,816,4116.222760290557,1
nyc,3381,3 St & Hoyt St,13657,6797,6860,13657,40.6777287,-73.99364123,2019,2019,1,12,1,12,12,lifetime_aggregate,413,3024.0902101486417,1
nyc,3382,Carroll St & Smith St,39116,19563,19553,39116,40.68061097191579,-73.99475826111188,2019,2019,1,12,1,12,12,lifetime_aggregate,507,1296.144800081808,1
nyc,3382.04,Troy Ave & Linden Blvd,4562,2229,2333,4562,40.6533,-73.93644,2023,2025,2,12,6,12,31,lifetime_aggregate,891,19530.90749671197,1
nyc,3383,Cathedral Pkwy & Broadway,36242,18947,17295,36242,40.804213,-73.96699104,2019,2019,1,12,1,12,12,lifetime_aggregate,595,1641.741625738094,1
nyc,3384,Smith St & 3 St,22769,11486,11283,22769,40.6787242,-73.99599099,2019,2019,1,12,1,12,12,lifetime_aggregate,574,2520.9714963327333,1
nyc,3385.06,Prospect Park SW & Greenwood Ave,50497,25282,25215,50497,40.652563,-73.972573,2023,2025,2,12,1,12,36,lifetime_aggregate,356,704.9923757847001,1
nyc,3386,1 Pl & Clinton St,20264,10288,9976,20264,40.6809591,-73.99905709,2019,2019,1,12,1,12,12,lifetime_aggregate,890,4392.025266482432,1
nyc,3387,E 106 St & Madison Ave,17952,8933,9019,17952,40.7934337,-73.94945003,2019,2019,1,12,1,12,12,lifetime_aggregate,1189,6623.217468805705,1
nyc,3388,President St & Henry St,19513,9692,9821,19513,40.6828003,-73.99990419,2019,2019,1,12,1,12,12,lifetime_aggregate,816,4181.827499615641,1
nyc,3388.02,41 St & 3 Ave,4864,2408,2456,4864,40.652512,-74.008906,2023,2025,2,12,1,12,36,lifetime_aggregate,1196,24588.815789473683,1
nyc,3388.03,40 St & 3 Ave,2561,1193,1368,2561,40.6535,-74.00902,2025,2025,1,12,1,12,12,lifetime_aggregate,1096,42795.78289730574,1
nyc,3389,Carroll St & Columbia St,22911,11417,11494,22911,40.6830456,-74.00348559,2019,2019,1,12,1,12,12,lifetime_aggregate,755,3295.360307275981,1
nyc,339,Avenue D & E 12 St,35546,18496,17050,35546,40.72580614,-73.97422494,2019,2019,1,12,1,12,12,lifetime_aggregate,428,1204.0735947785968,1
nyc,3390,E 109 St & 3 Ave,18104,9013,9091,18104,40.79329668,-73.9432083,2019,2019,1,12,1,12,12,lifetime_aggregate,1453,8025.8506407423765,1
nyc,3391,E 106 St & 1 Ave,14578,7242,7336,14578,40.7892529,-73.93956237,2019,2019,1,12,1,12,12,lifetime_aggregate,1276,8752.915351900123,1
nyc,3391.1,E 34 St & Linden Blvd,926,179,747,926,40.65302,-73.94599,2023,2025,2,12,7,10,28,lifetime_aggregate,1098,118574.51403887689,1
nyc,3391.10,E 34 St & Linden Blvd,4281,2363,1918,4281,40.65302,-73.94599,2023,2025,2,12,7,12,30,lifetime_aggregate,1098,25648.21303433777,1
nyc,3392,Commerce St & Van Brunt St,8059,3810,4249,8059,40.6812117,-74.00860912,2019,2019,1,12,1,12,12,lifetime_aggregate,438,5434.917483558755,1
nyc,3393,Richards St & Delavan St,6256,2984,3272,6256,40.6794327,-74.00785041,2019,2019,1,12,1,12,12,lifetime_aggregate,605,9670.71611253197,1
nyc,3394,Columbia St & W 9 St,6363,3082,3281,6363,40.6769993,-74.00647134,2019,2019,1,12,1,12,12,lifetime_aggregate,754,11849.75640421185,1
nyc,3394.03,McDonald Ave & Vanderbilt St,13324,6633,6691,13324,40.651654,-73.981231,2023,2025,2,12,1,12,36,lifetime_aggregate,347,2604.323026118283,1
nyc,3395,Henry St & W 9 St,4713,2361,2352,4713,40.6763744,-74.00324957,2019,2019,1,12,1,12,12,lifetime_aggregate,1071,22724.37937619351,1
nyc,3396,Clinton St & 4 Place,19709,9831,9878,19709,40.6783563,-74.00014502,2019,2019,1,12,1,12,12,lifetime_aggregate,1049,5322.441524176772,1
nyc,3397,Court St & Nelson St,17436,8672,8764,17436,40.6763947,-73.99869893,2019,2019,1,12,1,12,12,lifetime_aggregate,1035,5935.994494150034,1
nyc,3398,Smith St & 9 St,27810,13932,13878,27810,40.6746957,-73.99785768,2019,2019,1,12,1,12,12,lifetime_aggregate,991,3563.466379000359,1
nyc,3399,7 St & 3 Ave,13371,6596,6775,13371,40.67260298150126,-73.98983001708984,2019,2019,1,12,1,12,12,lifetime_aggregate,629,4704.21060504076,1
nyc,340,Madison St & Clinton St,46714,23377,23337,46714,40.71269042,-73.98776323,2019,2019,1,12,1,12,12,lifetime_aggregate,768,1644.0467525795266,1
nyc,3400,E 110 St & Madison Ave,33920,16905,17015,33920,40.7961535,-73.94782145,2019,2019,1,12,1,12,12,lifetime_aggregate,1112,3278.301886792453,1
nyc,3400.04,Rogers Ave & Lenox Rd,19619,9799,9820,19619,40.65378041132865,-73.95272595831584,2023,2025,2,12,6,12,31,lifetime_aggregate,1287,6559.967378561599,1
nyc,3401,2 Ave & 9 St,2677,1331,1346,2677,40.6724811,-73.99331394,2019,2019,1,5,1,5,5,lifetime_aggregate,736,27493.46283152783,1
nyc,3402,Court St & State St,54906,27340,27566,54906,40.6902375,-73.99203074,2019,2019,1,12,1,12,12,lifetime_aggregate,1419,2584.4170036061632,1
nyc,3403,4 Ave & 9 St,20132,9917,10215,20132,40.6705135,-73.98876585,2019,2019,1,12,1,12,12,lifetime_aggregate,776,3854.5599046294456,1
nyc,3404,7 St & 5 Ave,16058,7986,8072,16058,40.6704922,-73.98541675,2019,2019,1,12,1,12,12,lifetime_aggregate,721,4489.9738448125545,1
nyc,3405,5 St & 6 Ave,13001,6526,6475,13001,40.6704836,-73.98208968,2019,2019,1,12,1,12,12,lifetime_aggregate,667,5130.374586570264,1
nyc,3407,Union St & Nevins St,19617,9668,9949,19617,40.67909799721684,-73.98765474557877,2019,2019,1,12,1,12,12,lifetime_aggregate,562,2864.8621093949127,1
nyc,3408,Congress St & Clinton St,34092,16914,17178,34092,40.6881529,-73.99520919,2019,2019,1,12,1,12,12,lifetime_aggregate,1328,3895.3420157221635,1
nyc,3408.05,Ocean Ave & Crooke Ave,22975,11392,11583,22975,40.65326,-73.96172,2023,2025,2,12,7,12,30,lifetime_aggregate,1341,5836.779107725789,1
nyc,3409,Bergen St & Smith St,73270,36011,37259,73270,40.6867443,-73.99063168,2019,2019,1,12,1,12,12,lifetime_aggregate,1187,1620.0354851917564,1
nyc,341,Stanton St & Mangin St,38953,19435,19518,38953,40.71782143,-73.97628939,2019,2019,1,12,1,12,12,lifetime_aggregate,554,1422.2267861268708,1
nyc,3410,Dean St & Hoyt St,19874,9739,10135,19874,40.6864442,-73.98759104,2019,2019,1,12,1,12,12,lifetime_aggregate,1183,5952.500754754956,1
nyc,3411,Bond St & Bergen St,24981,12439,12542,24981,40.6849668,-73.98620772,2019,2019,1,12,1,12,12,lifetime_aggregate,1017,4071.094031463913,1
nyc,3412,Pacific St & Nevins St,22379,11176,11203,22379,40.6853761,-73.98302136,2019,2019,1,12,1,12,12,lifetime_aggregate,1711,7645.560570177398,1
nyc,3413,Wyckoff St & 3 Ave,20745,10336,10409,20745,40.6827549,-73.98258555,2019,2019,1,12,1,12,12,lifetime_aggregate,1217,5866.47384912027,1
nyc,3414,Bergen St & Flatbush Ave,31650,15741,15909,31650,40.680944723477296,-73.97567331790923,2019,2019,1,12,1,12,12,lifetime_aggregate,1597,5045.813586097946,1
nyc,3415,Prospect Pl & 6 Ave,19672,9812,9860,19672,40.6793307,-73.97519523,2019,2019,1,12,1,12,12,lifetime_aggregate,1303,6623.627490849938,1
nyc,3416,7 Ave & Park Pl,41328,20732,20596,41328,40.6776147,-73.97324283,2019,2019,1,11,2,12,11,lifetime_aggregate,1148,2777.777777777778,1
nyc,3417,Baltic St & 5 Ave,30379,15038,15341,30379,40.6795766,-73.97854971,2019,2019,1,12,1,12,12,lifetime_aggregate,1320,4345.106817209256,1
nyc,3418,Plaza St West & Flatbush Ave,37077,20467,16610,37077,40.6750207,-73.97111473,2019,2019,1,12,1,12,12,lifetime_aggregate,883,2381.5303287752517,1
nyc,3419,Douglass St & 4 Ave,23935,11806,12129,23935,40.6792788,-73.98154004,2019,2019,1,12,1,12,12,lifetime_aggregate,819,3421.767286400668,1
nyc,342,Columbia St & Rivington St,46193,23175,23018,46193,40.71739973,-73.98016555,2019,2019,1,12,1,12,12,lifetime_aggregate,1017,2201.6322819474813,1
nyc,3420,Douglass St & 3 Ave,31654,15668,15986,31654,40.6802133,-73.98432695,2019,2019,1,12,1,12,12,lifetime_aggregate,689,2176.6601377393063,1
nyc,3420.01,36 St & 4 Ave,48507,24080,24427,48507,40.654144,-74.00422,2023,2025,2,12,1,12,36,lifetime_aggregate,1080,2226.4827756818604,1
nyc,3422,Columbia St & Degraw St,22718,11253,11465,22718,40.6859296,-74.00242364,2019,2019,1,12,1,12,12,lifetime_aggregate,775,3411.3918478739324,1
nyc,3423,West Drive & Prospect Park West,64540,32256,32284,64540,40.6610633719006,-73.97945255041122,2019,2019,1,12,1,12,12,lifetime_aggregate,276,427.64177254415864,1
nyc,3423.1,Clarkson Ave & E 40 St,673,36,637,673,40.65592,-73.94068,2025,2025,1,9,1,9,9,lifetime_aggregate,727,108023.77414561664,1
nyc,3423.10,Clarkson Ave & E 40 St,4462,2373,2089,4462,40.65592,-73.94068,2025,2025,1,12,1,12,12,lifetime_aggregate,727,16293.14208874944,1
nyc,3424,E 106 St & Lexington Ave,15684,7692,7992,15684,40.791976,-73.945993,2019,2019,1,12,1,12,12,lifetime_aggregate,1484,9461.871971435858,1
nyc,3425,2 Ave & E 104 St,26227,13063,13164,26227,40.7892105,-73.94370784,2019,2019,1,12,1,12,12,lifetime_aggregate,1353,5158.805810805658,1
nyc,3426.02,Prospect Ave & Vanderbilt St,20945,10409,10536,20945,40.653368,-73.976291,2023,2025,2,12,1,12,36,lifetime_aggregate,453,2162.8073525901173,1
nyc,3427,Lafayette St & Jersey St,69695,34756,34939,69695,40.72430527250332,-73.99600982666016,2019,2019,1,7,1,7,7,lifetime_aggregate,1794,2574.072745534113,1
nyc,3427,Lafayette St & Jersey St S,10244,5192,5052,10244,40.72430527250332,-73.99600982666016,2019,2019,1,1,8,8,1,lifetime_aggregate,1794,17512.69035532995,1
nyc,3428.02,42 St & 1 Ave,3020,1490,1530,3020,40.654798,-74.014372,2025,2025,1,12,1,12,12,lifetime_aggregate,297,9834.437086092716,1
nyc,3428.04,2 Ave & 43 St,2544,1237,1307,2544,40.652928282817754,-74.01286483444377,2023,2023,1,12,1,12,12,lifetime_aggregate,666,26179.24528301887,1
nyc,3429,Hanson Pl & Ashland Pl,83023,41397,41626,83023,40.68506807308177,-73.97790759801863,2019,2019,1,12,1,12,12,lifetime_aggregate,2036,2452.3324861785286,1
nyc,343,Clinton Ave & Flushing Ave,18309,8605,9704,18309,40.69794,-73.96986848,2019,2019,1,12,1,12,12,lifetime_aggregate,612,3342.6183844011143,1
nyc,3430,Richardson St & N Henry St,28104,14191,13913,28104,40.71907891179564,-73.94223690032959,2019,2019,1,12,1,12,12,lifetime_aggregate,1277,4543.837176202676,1
nyc,3431,E 35 St & 3 Ave,5394,2704,2690,5394,40.746524,-73.977885,2019,2019,1,2,1,2,2,lifetime_aggregate,2186,40526.510938079344,1
nyc,3431.02,New York Ave & Lenox Rd,21018,10499,10519,21018,40.65458,-73.94716,2023,2025,2,12,7,12,30,lifetime_aggregate,1116,5309.734513274336,1
nyc,3432,NYCBS Depot - GOW,1345,215,1130,1345,40.66906013501107,-73.99463653564453,2019,2019,1,6,1,6,6,lifetime_aggregate,1293,96133.82899628254,1
nyc,3434,W 88 St & West End Ave,20022,10208,9814,20022,40.79025417330419,-73.97718340158461,2019,2019,1,8,1,8,8,lifetime_aggregate,633,3161.5223254420134,1
nyc,3435,Grand St & Elizabeth St,163864,81812,82052,163864,40.718822,-73.99596,2019,2019,1,12,1,12,12,lifetime_aggregate,2566,1565.9327246985304,1
nyc,3437,Riverside Dr & W 91 St,27641,14155,13486,27641,40.79313480986663,-73.97700369358063,2019,2019,1,12,1,12,12,lifetime_aggregate,773,2796.570312217358,1
nyc,3439.03,Bedford Ave & Clarkson Ave,38800,19322,19478,38800,40.65519,-73.9564,2023,2025,2,12,2,12,35,lifetime_aggregate,1223,3152.0618556701033,1
nyc,344,Monroe St & Bedford Ave,26364,13451,12913,26364,40.6851443,-73.95380904,2019,2019,1,12,1,12,12,lifetime_aggregate,897,3402.3668639053253,1
nyc,3440,Fulton St & Adams St,63452,32118,31334,63452,40.69241829257847,-73.98949474096298,2019,2019,1,12,1,12,12,lifetime_aggregate,1639,2583.054907646725,1
nyc,3441,10 Hudson Yards,8281,4131,4150,8281,40.752957,-74.00264,2019,2019,1,12,1,12,12,lifetime_aggregate,1095,13223.040695568166,1
nyc,3443,W 52 St & 6 Ave,121034,58167,62867,121034,40.76132983124814,-73.97982001304626,2019,2019,1,12,1,12,12,lifetime_aggregate,1743,1440.0912140390303,1
nyc,3448.02,Parkside Ave & Ocean Ave,90728,45168,45560,90728,40.65485,-73.96217,2023,2025,2,12,6,12,31,lifetime_aggregate,1045,1151.7943743937924,1
nyc,3449,Eckford St & Engert Ave,12136,6068,6068,12136,40.72146256229816,-73.94800901412964,2019,2019,1,11,1,11,11,lifetime_aggregate,1049,8643.704680290046,1
nyc,3451.01,34 St & 5 Ave,9060,4456,4604,9060,40.654098,-74.001131,2023,2025,2,12,1,12,36,lifetime_aggregate,631,6964.67991169978,1
nyc,3452,Bayard St & Leonard St,23474,11767,11707,23474,40.71915571696044,-73.94885390996933,2019,2019,1,12,1,12,12,lifetime_aggregate,1027,4375.053250404703,1
nyc,3453,Devoe St & Lorimer St,33028,16476,16552,33028,40.71335226222875,-73.9491033554077,2019,2019,1,12,1,12,12,lifetime_aggregate,1388,4202.494852852125,1
nyc,3454,Leonard St & Maujer St,21144,10691,10453,21144,40.7103685423523,-73.94705951213837,2019,2019,1,12,1,12,12,lifetime_aggregate,943,4459.894059780552,1
nyc,3454.01,Clarkson Ave & Troy Ave,5367,2633,2734,5367,40.65632593001374,-73.93647934687726,2023,2025,2,12,6,12,31,lifetime_aggregate,910,16955.468604434507,1
nyc,3456,Jackson St & Leonard St,8374,4222,4152,8374,40.71638031973561,-73.94821286201477,2019,2019,1,12,1,12,12,lifetime_aggregate,1307,15607.833771196561,1
nyc,3457,E 58 St & Madison Ave,38244,19124,19120,38244,40.76302594280519,-73.97209525108337,2019,2019,1,10,1,12,12,lifetime_aggregate,1891,4944.5664679426845,1
nyc,3457.03,Prospect Park SW & Vanderbilt St,50912,25379,25533,50912,40.65482,-73.973217,2023,2025,2,12,1,12,36,lifetime_aggregate,264,518.541797611565,1
nyc,3458,W 55 St & 6 Ave,26342,13152,13190,26342,40.76309387270797,-73.9783501625061,2019,2019,1,5,1,5,5,lifetime_aggregate,1666,6324.500797205983,1
nyc,3459,E 53 St & 3 Ave,87250,43347,43903,87250,40.75763227739443,-73.96930575370789,2019,2019,1,11,1,11,11,lifetime_aggregate,1985,2275.0716332378224,1
nyc,346,Bank St & Hudson St,81842,40922,40920,81842,40.736528910904774,-74.00618029637468,2019,2019,1,12,1,12,12,lifetime_aggregate,873,1066.6894748417683,1
nyc,3460.01,2 Ave & 36 St,36417,17231,19186,36417,40.65708876291131,-74.00870202715981,2020,2025,3,12,1,12,72,lifetime_aggregate,736,2021.0341324106873,1
nyc,3460.01,2 Ave & 36 St - Citi Bike HQ at Industry City,11,6,5,11,40.65708866668485,-74.00870203971863,2020,2020,1,1,1,1,1,lifetime_aggregate,736,6690909.090909091,1
nyc,3460.02,36 St & 3 Ave,35768,17732,18036,35768,40.655716,-74.006664,2023,2025,2,12,1,12,36,lifetime_aggregate,1000,2795.7951241333035,1
nyc,3460.04,2 Av & 37 St,1459,638,821,1459,40.656326,-74.009627,2023,2023,1,10,1,10,10,lifetime_aggregate,755,51747.77244688143,1
nyc,3460.04,2 Ave & 37 St,328,145,183,328,40.656326,-74.009627,2023,2023,1,2,10,11,2,lifetime_aggregate,755,230182.92682926828,1
nyc,3460.05,2 Ave & 39 St,4646,2199,2447,4646,40.65572216754553,-74.0100082748101,2023,2023,1,12,1,12,12,lifetime_aggregate,840,18080.06887645286,1
nyc,3460.06,2 Ave & 37 St,2577,1165,1412,2577,40.65624,-74.00933,2025,2025,1,8,1,8,8,lifetime_aggregate,808,31354.287931703533,1
nyc,3461,Murray St & Greenwich St,86047,41803,44244,86047,40.71485150526252,-74.01122331619263,2019,2019,1,12,1,12,12,lifetime_aggregate,1042,1210.9660999221355,1
nyc,3462,E 44 St & 2 Ave,3930,1970,1960,3930,40.75118387463277,-73.97138714790344,2019,2019,1,2,1,2,2,lifetime_aggregate,1685,42875.31806615776,1
nyc,3463,E 16 St & Irving Pl,85876,42807,43069,85876,40.735367055605394,-73.98797392845154,2019,2019,1,12,1,12,12,lifetime_aggregate,1418,1651.2180353067213,1
nyc,3463.01,Clarkson Ave & E 37 St,15514,7691,7823,15514,40.65577,-73.9432,2023,2025,2,12,6,12,31,lifetime_aggregate,786,5066.391646254995,1
nyc,3466,W 45 St & 6 Ave,5097,2533,2564,5097,40.75668720603179,-73.98257732391357,2019,2019,1,2,2,3,2,lifetime_aggregate,2086,40926.03492250344,1
nyc,3466,W 45 St & 6 Ave -,6369,3166,3203,6369,40.75668720603179,-73.98257732391357,2019,2019,1,1,4,4,1,lifetime_aggregate,2086,32752.3944104255,1
nyc,3467,W Broadway & Spring St,22935,10243,12692,22935,40.72494672359416,-74.00165855884552,2019,2019,1,3,10,12,3,lifetime_aggregate,1682,7333.769348157837,1
nyc,3467,W Broadway & Spring Street,84627,40046,44581,84627,40.72494672359416,-74.00165855884552,2019,2019,1,9,1,9,9,lifetime_aggregate,1682,1987.5453460479516,1
nyc,3469,India St & West St,23881,11856,12025,23881,40.73181401720966,-73.95995020866394,2019,2019,1,12,1,12,12,lifetime_aggregate,300,1256.2288011389808,1
nyc,347,Greenwich St & W Houston St,121059,59378,61681,121059,40.728846,-74.008591,2019,2019,1,12,1,12,12,lifetime_aggregate,948,783.0892374792456,1
nyc,3472,W 15 St & 10 Ave,89733,43891,45842,89733,40.74275382865903,-74.00747358798981,2019,2019,1,12,1,12,12,lifetime_aggregate,758,844.7282493619962,1
nyc,3472.03,Clarkson Ave & Nostrand Ave,25553,12683,12870,25553,40.65550224542915,-73.94975152120034,2023,2025,2,12,4,12,33,lifetime_aggregate,1031,4034.751301217078,1
nyc,3474,6 Ave & Spring St,10617,5287,5330,10617,40.7252556952547,-74.00412082672119,2019,2019,1,3,1,3,3,lifetime_aggregate,1609,15154.940190260902,1
nyc,3477,39 St & 2 Ave - Citi Bike HQ at Industry City,6025,2843,3182,6025,40.65539977447831,-74.01062786579132,2019,2019,1,12,1,12,12,lifetime_aggregate,794,13178.423236514522,1
nyc,3478,2 Ave & 36 St - Citi Bike HQ at Industry City,11704,5349,6355,11704,40.65708866668485,-74.00870203971863,2019,2019,1,12,1,12,12,lifetime_aggregate,736,6288.448393711552,1
nyc,3479,Picnic Point,17007,8544,8463,17007,40.68512559515415,-74.02535319328308,2019,2019,1,6,5,10,6,lifetime_aggregate,0,0.0,1
nyc,3480.04,Parkside Ave & Flatbush Ave,43877,21916,21961,43877,40.65563,-73.95968,2023,2025,2,12,2,12,35,lifetime_aggregate,1141,2600.4512614809582,1
nyc,3486,Schermerhorn St & Bond St,50697,25249,25448,50697,40.688417427540834,-73.98451656103134,2019,2019,1,12,1,12,12,lifetime_aggregate,1873,3694.4986882853027,1
nyc,3486.02,Clarkson Ave & Utica Ave,8796,4351,4445,8796,40.65666,-73.93109,2023,2025,2,12,2,12,35,lifetime_aggregate,1181,13426.55752614825,1
nyc,3489,Gold St & Frankfort St,1115,559,556,1115,40.71069994631387,-74.00354146957397,2019,2019,1,1,1,1,1,lifetime_aggregate,1188,106547.08520179373,1
nyc,349,Rivington St & Ridge St,63399,32649,30750,63399,40.71850211,-73.98329859,2019,2019,1,12,1,12,12,lifetime_aggregate,1545,2436.9469549992905,1
nyc,3490,E 116 St & 2 Ave,10861,5357,5504,10861,40.796879,-73.937261,2019,2019,1,12,1,12,12,lifetime_aggregate,1502,13829.297486419298,1
nyc,3491,E 118 St & 1 Ave,16850,8393,8457,16850,40.79747,-73.93504,2019,2019,1,12,1,12,12,lifetime_aggregate,1483,8801.186943620178,1
nyc,3492,E 118 St & Park Ave,8602,4261,4341,8602,40.8005385,-73.9419949,2019,2019,1,12,1,12,12,lifetime_aggregate,1326,15415.01976284585,1
nyc,3492.04,34 St & 4 Ave,16154,7916,8238,16154,40.655278,-74.003101,2023,2025,2,12,1,7,31,lifetime_aggregate,1032,6388.5105856134705,1
nyc,3493,E 118 St & 3 Ave,16601,8255,8346,16601,40.799139,-73.9389152,2019,2019,1,12,1,12,12,lifetime_aggregate,1690,10180.109631949883,1
nyc,3494,E 115 St & Lexington Ave,18890,9376,9514,18890,40.797911,-73.9423,2019,2019,1,12,1,12,12,lifetime_aggregate,1622,8586.553732133403,1
nyc,3495,E 114 St & 1 Ave,14045,6957,7088,14045,40.7945663,-73.9362541,2019,2019,1,12,1,12,12,lifetime_aggregate,1320,9398.362406550374,1
nyc,3495.08,Lenox Rd & E 43 St,5246,2546,2700,5246,40.65496,-73.93765,2023,2025,2,12,6,12,31,lifetime_aggregate,832,15859.702630575675,1
nyc,3496,1 Ave & E 110 St,27508,13667,13841,27508,40.7923272,-73.9383,2019,2019,1,12,1,12,12,lifetime_aggregate,1210,4398.720372255344,1
nyc,3497,Pleasant Ave & E 116 St,34221,17044,17177,34221,40.7949879,-73.9333349,2019,2019,1,12,1,12,12,lifetime_aggregate,1100,3214.4005143040827,1
nyc,3498,Pleasant Ave & E 120 St,13137,6543,6594,13137,40.7974772,-73.9311847,2019,2019,1,12,1,12,12,lifetime_aggregate,1186,9027.936362944356,1
nyc,3498.09,Prospect Park SW & 16 St,56083,27986,28097,56083,40.657265,-73.974165,2023,2025,2,12,1,12,36,lifetime_aggregate,131,233.58236898882015,1
nyc,3499,2 Ave & E 122 St,10659,5282,5377,10659,40.8006721,-73.9349,2019,2019,1,12,1,12,12,lifetime_aggregate,1992,18688.432310723332,1
nyc,350,Clinton St & Grand St,111795,55693,56102,111795,40.71559509,-73.9870295,2019,2019,1,12,1,12,12,lifetime_aggregate,1635,1462.4983228230244,1
nyc,3500,E 115 St & Madison Ave,12707,6281,6426,12707,40.7989445,-73.944846,2019,2019,1,12,1,12,12,lifetime_aggregate,1377,10836.546785236484,1
nyc,3501,E 118 St & Madison Ave,14542,7243,7299,14542,40.8014866,-73.9442507,2019,2019,1,12,1,12,12,lifetime_aggregate,1160,7976.894512446705,1
nyc,3501.01,39 St & 2 Ave,16483,8035,8448,16483,40.65539990543221,-74.01062793558297,2020,2025,2,12,1,12,72,lifetime_aggregate,794,4817.084268640418,1
nyc,3501.01,39 St & 2 Ave - Citi Bike HQ at Industry City,4,4,0,4,40.65539977447831,-74.01062786579132,2020,2020,1,1,1,1,1,lifetime_aggregate,794,19850000.0,1
nyc,3502,Lexington Ave & E 111 St,22483,11116,11367,22483,40.7954121,-73.9441232,2019,2019,1,12,1,12,12,lifetime_aggregate,1526,6787.350442556599,1
nyc,3503,Madison Ave & E 120 St,10422,5141,5281,10422,40.80295,-73.942954,2019,2019,1,12,1,12,12,lifetime_aggregate,1494,14335.060449050085,1
nyc,3504,E 123 St & Lexington Ave,14335,7132,7203,14335,40.8029263,-73.9379,2019,2019,1,12,1,12,12,lifetime_aggregate,1851,12912.452040460412,1
nyc,3504.02,New York Ave & Hawthorne St,12465,6187,6278,12465,40.65794,-73.94735,2023,2025,2,12,2,9,32,lifetime_aggregate,802,6434.015242679503,1
nyc,3505,Lexington Ave & E 127 St,10112,4991,5121,10112,40.805726,-73.936322,2019,2019,1,12,1,12,12,lifetime_aggregate,1967,19452.136075949365,1
nyc,3506,Lexington Ave & E 120 St,10567,5268,5299,10567,40.8013066,-73.9398167,2019,2019,1,12,1,12,12,lifetime_aggregate,1836,17374.846219362164,1
nyc,3507,Park Ave & E 124 St,57947,28916,29031,57947,40.8045555,-73.9396861,2019,2019,1,12,1,12,12,lifetime_aggregate,1682,2902.6524237665453,1
nyc,3507.04,Prospect Park W & 20 St,25320,13163,12157,25320,40.656633,-73.983864,2023,2025,2,12,1,11,35,lifetime_aggregate,279,1101.8957345971564,1
nyc,3508,St Nicholas Ave & Manhattan Ave,35271,17550,17721,35271,40.809725,-73.953149,2019,2019,1,12,1,12,12,lifetime_aggregate,1447,4102.520484250517,1
nyc,3509,Lenox Ave & W 115 St,20049,9682,10367,20049,40.8011939,-73.9500739,2019,2019,1,12,1,12,12,lifetime_aggregate,1047,5222.205596289092,1
nyc,351,Front St & Maiden Ln,60922,29209,31713,60922,40.70530954,-74.00612572,2019,2019,1,12,1,12,12,lifetime_aggregate,720,1181.839072912905,1
nyc,3510,Adam Clayton Powell Blvd & W 123 St,18174,9069,9105,18174,40.8078316,-73.949373,2019,2019,1,12,1,12,12,lifetime_aggregate,1575,8666.226477385277,1
nyc,3511,Adam Clayton Powell Blvd & W 115 St,10027,4971,5056,10027,40.802535,-73.9532423,2019,2019,1,10,1,12,12,lifetime_aggregate,1140,11369.302882218011,1
nyc,3512,27 Ave & 4 St,2332,1165,1167,2332,40.7747175,-73.9337894,2019,2019,1,8,1,8,8,lifetime_aggregate,232,9948.542024013723,1
nyc,3512.03,Winthrop St & Rogers Ave,22593,11277,11316,22593,40.65686,-73.95331,2023,2025,2,12,2,12,35,lifetime_aggregate,887,3925.994777143363,1
nyc,3513,21 St & Hoyt Ave S,7756,3875,3881,7756,40.774645,-73.923706,2019,2019,1,12,1,12,12,lifetime_aggregate,634,8174.31665807117,1
nyc,3514,Astoria Park S & Shore Blvd,12276,6137,6139,12276,40.7767,-73.927631,2019,2019,1,12,1,12,12,lifetime_aggregate,299,2435.6467904855003,1
nyc,3515,24 Ave & 26 St,11016,5496,5520,11016,40.774591,-73.918544,2019,2019,1,12,1,12,12,lifetime_aggregate,928,8424.110384894699,1
nyc,3515.01,7 Ave & 22 St,22515,11399,11116,22515,40.658029,-73.989605,2023,2025,2,12,1,12,36,lifetime_aggregate,248,1101.4878969575839,1
nyc,3516,31 St & Astoria Blvd,13549,6810,6739,13549,40.7699176,-73.9184057,2019,2019,1,12,1,12,12,lifetime_aggregate,1399,10325.4852756661,1
nyc,3517,31 St & Hoyt Ave N,7168,3601,3567,7168,40.7711528,-73.9170074,2019,2019,1,12,1,12,12,lifetime_aggregate,1289,17982.70089285714,1
nyc,3518,Lenox Ave & W 126 St,32784,16138,16646,32784,40.808442,-73.9452087,2019,2019,1,12,1,12,12,lifetime_aggregate,1451,4425.939482674476,1
nyc,3520,Adam Clayton Powell Blvd & W 118 St,14667,7226,7441,14667,40.804372,-73.951475,2019,2019,1,12,1,12,12,lifetime_aggregate,1213,8270.266584850344,1
nyc,3520.01,Flatbush Ave & Fenimore St,31212,15575,15637,31212,40.65798,-73.96051,2023,2025,2,12,2,12,35,lifetime_aggregate,871,2790.5933615276176,1
nyc,3521,Lenox Ave & W 111 St,63618,31436,32182,63618,40.7987859,-73.9523,2019,2019,1,12,1,12,12,lifetime_aggregate,797,1252.7900908547895,1
nyc,3522,37 St & 24 Ave,7244,3621,3623,7244,40.7701477,-73.9120938,2019,2019,1,12,1,12,12,lifetime_aggregate,1366,18856.985091109884,1
nyc,3523,24 Ave & 29 St,9224,4618,4606,9224,40.7729,-73.916142,2019,2019,1,12,1,12,12,lifetime_aggregate,1204,13052.905464006939,1
nyc,3523.06,29 St & 5 Ave,16063,7976,8087,16063,40.656986,-73.998194,2023,2025,2,12,1,12,36,lifetime_aggregate,485,3019.3612650189875,1
nyc,3524,19 St & 24 Ave,12829,6399,6430,12829,40.7774552,-73.9225403,2019,2019,1,12,1,12,12,lifetime_aggregate,341,2658.040377270247,1
nyc,3525,23 Ave & 27 St,6318,3148,3170,6318,40.776165,-73.9153175,2019,2019,1,12,1,12,12,lifetime_aggregate,431,6821.779044001267,1
nyc,3526,31 St & 23 Ave,35962,17989,17973,35962,40.7747878,-73.9125551,2019,2019,1,12,1,12,12,lifetime_aggregate,465,1293.0315332851344,1
nyc,3526.04,Winthrop St & Schenectady Ave,3493,1686,1807,3493,40.6582,-73.9338,2023,2025,2,12,8,12,29,lifetime_aggregate,1018,29144.002290294873,1
nyc,3526.06,Winthrop St & Schenectady Ave,524,259,265,524,40.65808,-73.93415,2023,2023,1,6,2,7,6,lifetime_aggregate,992,189312.97709923665,1
nyc,3527,5 Ave & E 126 St,12856,6396,6460,12856,40.80698,-73.941747,2019,2019,1,12,1,12,12,lifetime_aggregate,1606,12492.221530802739,1
nyc,3528,Steinway St & 23 Ave,10072,5031,5041,10072,40.7713937,-73.9077436,2019,2019,1,12,1,12,12,lifetime_aggregate,869,8627.879269261319,1
nyc,3529,Lenox Ave & W 130 St,29839,14860,14979,29839,40.8107922,-73.9430681,2019,2019,1,12,1,12,12,lifetime_aggregate,1522,5100.707128254969,1
nyc,353,S Portland Ave & Hanson Pl,25877,12896,12981,25877,40.68539567,-73.97431458,2019,2019,1,12,1,12,12,lifetime_aggregate,1643,6349.267689453955,1
nyc,3530,Crescent St & Ditmars Blvd,7920,3956,3964,7920,40.7787185,-73.9145645,2019,2019,1,12,1,12,12,lifetime_aggregate,304,3838.3838383838383,1
nyc,3531,Frederick Douglass Blvd & W 129 St,13864,6904,6960,13864,40.8125511,-73.9492286,2019,2019,1,12,1,12,12,lifetime_aggregate,1399,10090.882862088863,1
nyc,3532,Ditmars Blvd & 19 St,14226,7114,7112,14226,40.78145,-73.9183302,2019,2019,1,12,1,12,12,lifetime_aggregate,152,1068.466188668635,1
nyc,3532.02,2 Ave & 32 St,7511,3650,3861,7511,40.659176,-74.006584,2023,2025,2,12,1,12,36,lifetime_aggregate,536,7136.200239648516,1
nyc,3533,St. Nicholas Ave & W 126 St,25582,12699,12883,25582,40.8114323,-73.9518776,2019,2019,1,12,1,12,12,lifetime_aggregate,1476,5769.681807520913,1
nyc,3534,Frederick Douglass Blvd & W 117 St,39525,19547,19978,39525,40.805159,-73.954692,2019,2019,1,12,1,12,12,lifetime_aggregate,962,2433.9025932953828,1
nyc,3535,Mt Morris Park W & W 120 St,18774,9366,9408,18774,40.804038,-73.945925,2019,2019,1,12,1,12,12,lifetime_aggregate,1359,7238.734419942473,1
nyc,3535.02,Albany Ave & Winthrop St,1830,937,893,1830,40.65791,-73.93967,2023,2023,1,6,2,7,6,lifetime_aggregate,740,40437.15846994535,1
nyc,3535.03,Winthrop St & Albany Ave,7710,3799,3911,7710,40.6577,-73.9398,2023,2025,2,12,8,12,29,lifetime_aggregate,726,9416.342412451362,1
nyc,3536,W 116 St & Broadway,22775,12240,10535,22775,40.8082,-73.9641,2019,2019,1,12,1,12,12,lifetime_aggregate,569,2498.3534577387486,1
nyc,3537,Carlton Ave & Dean St,27093,13632,13461,27093,40.6809741,-73.9710097,2019,2019,1,12,1,12,12,lifetime_aggregate,1433,5289.189089432695,1
nyc,3538,W 110 St & Amsterdam Ave,30014,16572,13442,30014,40.802692,-73.96295,2019,2019,1,12,1,12,12,lifetime_aggregate,749,2495.502099020457,1
nyc,3538.09,11 Ave & Prospect Ave,55494,27668,27826,55494,40.65629,-73.977335,2023,2025,2,12,1,12,36,lifetime_aggregate,307,553.2129599596353,1
nyc,3539,W 116 St & Amsterdam Ave,23815,12915,10900,23815,40.8067581,-73.9607082,2019,2019,1,12,1,12,12,lifetime_aggregate,541,2271.6775141717408,1
nyc,354,Emerson Pl & Myrtle Ave,31267,15544,15723,31267,40.69363137,-73.96223558,2019,2019,1,12,1,12,12,lifetime_aggregate,822,2628.9698404068185,1
nyc,3540,Morningside Ave & W 123 St,15820,7789,8031,15820,40.81,-73.9551508,2019,2019,1,12,1,12,12,lifetime_aggregate,1213,7667.509481668773,1
nyc,3541,Amsterdam Ave & W 125 St,15702,7725,7977,15702,40.813358,-73.956461,2019,2019,1,12,1,12,12,lifetime_aggregate,1105,7037.32008661317,1
nyc,3542,Amsterdam Ave & W 119 St,16118,8245,7873,16118,40.8086249,-73.9596214,2019,2019,1,12,1,12,12,lifetime_aggregate,527,3269.6364313190224,1
nyc,3543,Morningside Dr & Amsterdam Ave,7712,3890,3822,7712,40.81028506306003,-73.95736455917358,2019,2019,1,12,1,12,12,lifetime_aggregate,1015,13161.30705394191,1
nyc,3544,Underhill Ave & Pacific St,19302,9831,9471,19302,40.6804836,-73.9646795,2019,2019,1,12,1,12,12,lifetime_aggregate,1110,5750.699409387628,1
nyc,3544.02,Winthrop St & Nostrand Ave,23075,11341,11734,23075,40.65707,-73.95005,2023,2025,2,12,2,12,35,lifetime_aggregate,939,4069.3391115926324,1
nyc,3545,Broadway & W 122 St,12085,6032,6053,12085,40.8120562,-73.9612547,2019,2019,1,12,1,12,12,lifetime_aggregate,678,5610.260653702938,1
nyc,3546,Pacific St & Classon Ave,8395,4277,4118,8395,40.6791944,-73.9587903,2019,2019,1,12,1,12,12,lifetime_aggregate,1106,13174.508636092913,1
nyc,3547,Broadway & Moylan Pl,32252,16021,16231,32252,40.8143256,-73.9590255,2019,2019,1,12,1,12,12,lifetime_aggregate,1004,3112.9852412253504,1
nyc,3547.04,19 St & 8 Ave,13526,7747,5779,13526,40.658489,-73.985543,2023,2025,2,12,1,12,36,lifetime_aggregate,337,2491.4978559810734,1
nyc,3549,Grand Ave & Bergen St,23776,12158,11618,23776,40.678045,-73.962408,2019,2019,1,12,1,12,12,lifetime_aggregate,804,3381.5612382234185,1
nyc,355,Bayard St & Baxter St,79276,39229,40047,79276,40.71602118,-73.99974372,2019,2019,1,12,1,12,12,lifetime_aggregate,2047,2582.1181694333723,1
nyc,3551,3 Ave & E 112 St,9346,4622,4724,9346,40.795508,-73.941606,2019,2019,1,12,1,12,12,lifetime_aggregate,1515,16210.14337684571,1
nyc,3552,W 113 St & Broadway,22679,11959,10720,22679,40.805973,-73.964928,2019,2019,1,12,1,12,12,lifetime_aggregate,575,2535.3851580757528,1
nyc,3552.09,Bedford Ave & Fenimore St,27538,13684,13854,27538,40.65815,-73.95674,2023,2025,2,12,2,12,35,lifetime_aggregate,920,3340.8381146052725,1
nyc,3553,Frederick Douglass Blvd & W 112 St,37916,18744,19172,37916,40.801694,-73.957145,2019,2019,1,12,1,12,12,lifetime_aggregate,862,2273.4465660934698,1
nyc,3554,Vernon Blvd & 41 Rd,8789,4345,4444,8789,40.7552433,-73.9485678,2019,2019,1,12,1,12,12,lifetime_aggregate,292,3322.334736602572,1
nyc,3555,28 St & 41 Ave,21529,10803,10726,21529,40.751047,-73.93797,2019,2019,1,12,1,12,12,lifetime_aggregate,1175,5457.754656509824,1
nyc,3555.04,24 St & 5 Ave,31778,15846,15932,31778,40.659555,-73.995068,2023,2025,2,12,1,12,36,lifetime_aggregate,491,1545.0940902511172,1
nyc,3556,24 St & 41 Ave,12429,6230,6199,12429,40.7527085,-73.9397405,2019,2019,1,12,1,12,12,lifetime_aggregate,1350,10861.694424330195,1
nyc,3557,40 Ave & 9 St,7254,3624,3630,7254,40.75742,-73.945133,2019,2019,1,12,1,12,12,lifetime_aggregate,390,5376.344086021505,1
nyc,3558,Bergen St & Vanderbilt Ave,32581,16365,16216,32581,40.6794388,-73.9680438,2019,2019,1,12,1,12,12,lifetime_aggregate,1244,3818.1762376845404,1
nyc,3559,21 St & 38 Ave,3508,1761,1747,3508,40.7576314,-73.9391224,2019,2019,1,12,1,12,12,lifetime_aggregate,698,19897.377423033067,1
nyc,356,Bialystoker Pl & Delancey St,37783,19522,18261,37783,40.71622644,-73.98261206,2019,2019,1,12,1,12,12,lifetime_aggregate,871,2305.2695656776855,1
nyc,3560,28 St & 38 Ave,9015,4531,4484,9015,40.754876,-73.934326,2019,2019,1,10,1,10,10,lifetime_aggregate,904,10027.73155851359,1
nyc,3561,37 Ave & 35 St,8718,4354,4364,8718,40.7531106,-73.9279917,2019,2019,1,12,1,12,12,lifetime_aggregate,681,7811.424638678596,1
nyc,3562,Classon Ave & St Marks Ave,26004,13216,12788,26004,40.6765198,-73.9596082,2019,2019,1,12,1,12,12,lifetime_aggregate,829,3187.9710813720963,1
nyc,3563,28 St & 36 Ave,8406,4245,4161,8406,40.757186,-73.932719,2019,2019,1,12,1,12,12,lifetime_aggregate,718,8541.517963359505,1
nyc,3564,21 St & 36 Ave,3625,1822,1803,3625,40.7601853,-73.9362726,2019,2019,1,12,1,12,12,lifetime_aggregate,588,16220.689655172413,1
nyc,3564.04,30 St & 4 Ave,21366,10627,10739,21366,40.657743,-74.001141,2023,2025,2,12,1,12,36,lifetime_aggregate,690,3229.4299354114014,1
nyc,3565,36 Ave & 10 St,9274,4627,4647,9274,40.7614376,-73.9411265,2019,2019,1,12,1,12,12,lifetime_aggregate,424,4571.921500970455,1
nyc,3566,Crescent St & 35 Ave,7169,3616,3553,7169,40.7596276,-73.9321455,2019,2019,1,12,1,12,12,lifetime_aggregate,597,8327.521272143953,1
nyc,3567,11 St & 35 Ave,2753,1398,1355,2753,40.7627442,-73.9391141,2019,2019,1,12,1,12,12,lifetime_aggregate,413,15001.816200508536,1
nyc,3567.05,Rutland Rd & E 45 St,6929,3287,3642,6929,40.66034,-73.93618,2023,2025,2,12,2,12,35,lifetime_aggregate,945,13638.331649588687,1
nyc,3568,34 St & 35 Ave,9448,4720,4728,9448,40.7569332,-73.9262231,2019,2019,1,12,1,12,12,lifetime_aggregate,617,6530.482641828958,1
nyc,3569,Franklin Ave & St Marks Ave,18185,9232,8953,18185,40.6758324,-73.9561677,2019,2019,1,12,1,12,12,lifetime_aggregate,984,5411.0530657135005,1
nyc,357,E 11 St & Broadway,13909,6945,6964,13909,40.73261787,-73.99158043,2019,2019,1,4,1,4,4,lifetime_aggregate,1064,7649.723200805233,1
nyc,3570,35 Ave & 37 St,12283,6163,6120,12283,40.7557327,-73.9236611,2019,2019,1,12,1,12,12,lifetime_aggregate,735,5983.880159570137,1
nyc,3571,Bedford Ave & Bergen St,26057,13088,12969,26057,40.676368,-73.952918,2019,2019,1,12,1,12,12,lifetime_aggregate,1282,4919.983113942511,1
nyc,3572,34 Ave & 38 St,27898,13973,13925,27898,40.756913,-73.921631,2019,2019,1,12,1,12,12,lifetime_aggregate,818,2932.1098286615525,1
nyc,3573,35 St & 34 Ave,8551,4268,4283,8551,40.7580583,-73.9242751,2019,2019,1,12,1,12,12,lifetime_aggregate,796,9308.85276575839,1
nyc,3574,Prospect Pl & Underhill Ave,18659,9497,9162,18659,40.6769694,-73.96579,2019,2019,1,12,1,12,12,lifetime_aggregate,836,4480.411597620451,1
nyc,3575,Crescent St & 34 Ave,9826,4912,4914,9826,40.76108,-73.930562,2019,2019,1,12,1,12,12,lifetime_aggregate,690,7022.186037044576,1
nyc,3576,Park Pl & Vanderbilt Ave,31193,16134,15059,31193,40.6767,-73.969024,2019,2019,1,12,1,12,12,lifetime_aggregate,965,3093.642804475363,1
nyc,3576.1,Rutland Rd & Brooklyn Ave,9919,4898,5021,9919,40.65969,-73.94517,2023,2025,2,12,10,12,27,lifetime_aggregate,735,7410.021171489062,1
nyc,3577,34 Ave & 21 St,6953,3477,3476,6953,40.7628138,-73.9342862,2019,2019,1,12,1,12,12,lifetime_aggregate,553,7953.401409463541,1
nyc,3578,Park Pl & Franklin Ave,15917,7986,7931,15917,40.6741806,-73.9564947,2019,2019,1,12,1,12,12,lifetime_aggregate,926,5817.679210906578,1
nyc,3579,Sterling Pl & Bedford Ave,18828,9448,9380,18828,40.672695,-73.954131,2019,2019,1,12,1,12,12,lifetime_aggregate,1165,6187.592946675165,1
nyc,3579.04,Windsor Pl & Howard Pl,76391,38477,37914,76391,40.65949055910776,-73.98013919584406,2023,2025,2,12,1,12,36,lifetime_aggregate,355,464.71442971030615,1
nyc,358,Christopher St & Greenwich St,203236,101413,101823,203236,40.73291555152239,-74.00711383774073,2019,2019,1,12,1,12,12,lifetime_aggregate,907,446.2792025034934,1
nyc,3580,St Johns Pl & Washington Ave,21300,11151,10149,21300,40.6737236,-73.9631611,2019,2019,1,12,1,12,12,lifetime_aggregate,586,2751.1737089201874,1
nyc,3581,Underhill Ave & Lincoln Pl,24499,12655,11844,24499,40.6740123,-73.9671457,2019,2019,1,12,1,12,12,lifetime_aggregate,773,3155.23082574799,1
nyc,3582,Lincoln Pl & Classon Ave,8891,4700,4191,8891,40.6721683,-73.9609,2019,2019,1,12,1,12,12,lifetime_aggregate,695,7816.8934877966485,1
nyc,3583,Eastern Pkwy & Washington Ave,19660,10688,8972,19660,40.6716493,-73.9631145,2019,2019,1,12,1,12,12,lifetime_aggregate,636,3234.99491353001,1
nyc,3584,Eastern Pkwy & Franklin Ave,32029,17654,14375,32029,40.6707767,-73.9576801,2019,2019,1,12,1,12,12,lifetime_aggregate,1081,3375.0663461238255,1
nyc,3585,Union St & Bedford Ave,7698,3843,3855,7698,40.6691783,-73.9554162,2019,2019,1,12,1,12,12,lifetime_aggregate,1134,14731.098986749805,1
nyc,3585.06,Nostrand Ave & Rutland Rd,23170,11531,11639,23170,40.6595,-73.95041,2023,2025,2,12,2,12,35,lifetime_aggregate,883,3810.962451445835,1
nyc,3586,34 Ave & 13 St,4271,2122,2149,4271,40.7638753,-73.9364848,2019,2019,1,12,1,12,12,lifetime_aggregate,544,12737.063919456801,1
nyc,3587,Carroll St & Washington Ave,7686,3817,3869,7686,40.6686744,-73.9618148,2019,2019,1,12,1,12,12,lifetime_aggregate,563,7325.006505334373,1
nyc,3588,Vernon Blvd & 10 St,12423,6174,6249,12423,40.7671863,-73.9373554,2019,2019,1,12,1,12,12,lifetime_aggregate,272,2189.487241407068,1
nyc,3588.01,7 Ave & 20 St,35184,17796,17388,35184,40.659053,-73.98854,2023,2025,2,12,1,12,36,lifetime_aggregate,318,903.8199181446112,1
nyc,3589,Broadway & 12 St,9527,4750,4777,9527,40.7668,-73.9347774,2019,2019,1,12,1,12,12,lifetime_aggregate,533,5594.62580035688,1
nyc,359,E 47 St & Park Ave,166888,82895,83993,166888,40.75510267,-73.97498696,2019,2019,1,12,1,12,12,lifetime_aggregate,1761,1055.1986961315374,1
nyc,3590,Carroll St & Franklin Ave,4831,2408,2423,4831,40.6679411,-73.9588,2019,2019,1,12,1,12,12,lifetime_aggregate,827,17118.60898364728,1
nyc,3591,21 St & 31 Dr,13396,6652,6744,13396,40.7659,-73.930819,2019,2019,1,12,1,12,12,lifetime_aggregate,571,4262.46640788295,1
nyc,3592,Crescent St & Broadway,16113,8061,8052,16113,40.7633589,-73.9286471,2019,2019,1,12,1,12,12,lifetime_aggregate,739,4586.358840687643,1
nyc,3593,31 St & Broadway,31594,15900,15694,31594,40.761584,-73.925921,2019,2019,1,12,1,12,12,lifetime_aggregate,723,2288.4091916186617,1
nyc,3593.01,Maple St & Flatbush Ave,37307,18761,18546,37307,40.66026,-73.96045,2023,2025,2,12,2,12,35,lifetime_aggregate,820,2197.978931567802,1
nyc,3593.1,Flatbush Ave & Lincoln Rd,60980,30059,30921,60980,40.66131,-73.96091,2023,2025,2,12,4,12,33,lifetime_aggregate,738,1210.2328632338472,1
nyc,3595,35 St & Broadway,10936,5495,5441,10936,40.760339,-73.9222427,2019,2019,1,12,1,12,12,lifetime_aggregate,890,8138.2589612289685,1
nyc,3596,Sullivan Pl & Bedford Ave,4442,2133,2309,4442,40.6642406,-73.9574686,2019,2019,1,12,1,12,12,lifetime_aggregate,1014,22827.555155335434,1
nyc,3596.04,4 Ave & 26 St,24800,12157,12643,24800,40.660079,-73.998633,2023,2025,2,12,1,12,36,lifetime_aggregate,656,2645.1612903225805,1
nyc,3597,43 St & Broadway,15438,7704,7734,15438,40.7577284,-73.9166368,2019,2019,1,12,1,12,12,lifetime_aggregate,828,5363.389040031092,1
nyc,3598,Newton Rd & 44 St,8980,4487,4493,8980,40.7595701,-73.9142678,2019,2019,1,12,1,12,12,lifetime_aggregate,757,8429.844097995545,1
nyc,3599,Franklin Ave & Empire Blvd,27916,13871,14045,27916,40.66314,-73.9605695,2019,2019,1,12,1,12,12,lifetime_aggregate,804,2880.068777761857,1
nyc,3599.01,Midwood St & Utica Ave,2309,1144,1165,2309,40.66124,-73.93164,2023,2023,1,11,2,12,11,lifetime_aggregate,1262,54655.69510610654,1
nyc,360,William St & Pine St,51406,25654,25752,51406,40.70717936,-74.00887308,2019,2019,1,12,1,12,12,lifetime_aggregate,1122,2182.624596350621,1
nyc,3601,Sterling St & Bedford Ave,6575,3261,3314,6575,40.6627059,-73.9569115,2019,2019,1,12,1,12,12,lifetime_aggregate,985,14980.988593155895,1
nyc,3602,31 Ave & 34 St,17804,8909,8895,17804,40.763154,-73.920827,2019,2019,1,12,1,12,12,lifetime_aggregate,1083,6082.902718490227,1
nyc,3603,31 Ave & 30 St,10666,5355,5311,10666,40.7647,-73.9240312,2019,2019,1,12,1,12,12,lifetime_aggregate,886,8306.769173073317,1
nyc,3604,Rogers Ave & Sterling St,11024,5483,5541,11024,40.6630619,-73.9538746,2019,2019,1,12,1,12,12,lifetime_aggregate,916,8309.143686502177,1
nyc,3605,31 Ave & Crescent St,10947,5485,5462,10947,40.7658346,-73.9265474,2019,2019,1,12,1,12,12,lifetime_aggregate,806,7362.747784781219,1
nyc,3606,49 Ave & 21 St,11599,5806,5793,11599,40.74252,-73.948852,2019,2019,1,12,1,12,12,lifetime_aggregate,699,6026.381584619364,1
nyc,3607,31 Ave & 14 St,7064,3518,3546,7064,40.7682,-73.9322662,2019,2019,1,12,1,12,12,lifetime_aggregate,576,8154.020385050962,1
nyc,3608,5 St & 51 Ave,8792,4386,4406,8792,40.7423737,-73.9566,2019,2019,1,12,1,12,12,lifetime_aggregate,459,5220.655141037307,1
nyc,3608.06,Maple St & Albany Ave,17741,8840,8901,17741,40.66155,-73.93974,2023,2025,2,12,2,12,35,lifetime_aggregate,815,4593.878586325461,1
nyc,3609,Vernon Blvd & 31 Ave,12492,6177,6315,12492,40.7692475,-73.9354504,2019,2019,1,12,1,12,12,lifetime_aggregate,301,2409.542106948447,1
nyc,361,Allen St & Hester St,102006,50747,51259,102006,40.71605865805594,-73.99190759306256,2019,2019,1,12,1,12,12,lifetime_aggregate,2159,2116.5421641864205,1
nyc,3610,Vernon Blvd & 30 Rd,12668,6395,6273,12668,40.770845,-73.934171,2019,2019,1,12,1,12,12,lifetime_aggregate,322,2541.8377012946003,1
nyc,3611,Vernon Blvd & 47 Rd,20132,10007,10125,20132,40.7449067,-73.9534573,2019,2019,1,12,1,12,12,lifetime_aggregate,706,3506.8547585932843,1
nyc,3611.02,Prospect Park SW & 10 Ave,54467,27666,26801,54467,40.659945,-73.977504,2023,2025,2,12,1,12,36,lifetime_aggregate,231,424.1100115666367,1
nyc,3612,30 Ave & 21 St,7667,3824,3843,7667,40.7703743,-73.9286078,2019,2019,1,12,1,12,12,lifetime_aggregate,632,8243.119864353723,1
nyc,3613,Center Blvd & 48 Ave,17285,8623,8662,17285,40.745038,-73.957539,2019,2019,1,12,1,12,12,lifetime_aggregate,336,1943.8819785941569,1
nyc,3614,Crescent St & 30 Ave,10456,5222,5234,10456,40.768692,-73.9249574,2019,2019,1,12,1,12,12,lifetime_aggregate,809,7737.184391736802,1
nyc,3615,44 Dr & 21 St,23556,11742,11814,23556,40.748,-73.9460927,2019,2019,1,12,1,12,12,lifetime_aggregate,689,2924.944812362031,1
nyc,3616,Steinway St & 28 Ave,16038,8083,7955,16038,40.7656251,-73.9136695,2019,2019,1,12,1,12,12,lifetime_aggregate,1115,6952.238433719915,1
nyc,3617,28 Ave & 35 St,12503,6283,6220,12503,40.7671,-73.9169858,2019,2019,1,12,1,12,12,lifetime_aggregate,1646,13164.840438294808,1
nyc,3617.02,Maple St & New York Ave,24592,12242,12350,24592,40.66104,-73.94795,2023,2025,2,12,2,12,35,lifetime_aggregate,881,3582.465842550423,1
nyc,3618,27 St & Hunter St,15737,7879,7858,15737,40.7485,-73.941275,2019,2019,1,12,1,12,12,lifetime_aggregate,1242,7892.228506068501,1
nyc,3619,Newtown Ave & 23 St,14579,7282,7297,14579,40.7713615,-73.9246145,2019,2019,1,12,1,12,12,lifetime_aggregate,811,5562.795802181219,1
nyc,362,Broadway & W 37 St,74428,37394,37034,74428,40.75172633652058,-73.98753531842026,2019,2019,1,12,1,12,12,lifetime_aggregate,2143,2879.2927392916645,1
nyc,3620,11 St & 43 Ave,5474,2738,2736,5474,40.7519071,-73.9479119,2019,2019,1,12,1,12,12,lifetime_aggregate,520,9499.451954694921,1
nyc,3620.02,Windsor Pl & 8 Ave,36620,18461,18159,36620,40.660906,-73.983074,2023,2025,2,12,1,12,36,lifetime_aggregate,412,1125.0682687056253,1
nyc,3621,27 Ave & 9 St,7598,3791,3807,7598,40.7739825,-73.9309134,2019,2019,1,12,1,12,12,lifetime_aggregate,418,5501.447749407739,1
nyc,3622,E 128 St & Madison Ave,11892,5912,5980,11892,40.80756,-73.939182,2019,2019,1,12,1,12,12,lifetime_aggregate,1537,12924.655230406996,1
nyc,3623,W 120 St & Claremont Ave,17097,8843,8254,17097,40.8109494,-73.9634,2019,2019,1,12,1,12,12,lifetime_aggregate,463,2708.077440486635,1
nyc,3625.04,Bedford Ave & Maple St,22813,11344,11469,22813,40.66035,-73.95679,2023,2025,2,12,2,12,35,lifetime_aggregate,892,3910.051286547144,1
nyc,3625.07,Rogers Ave & Lincoln Rd,38674,19293,19381,38674,40.66127,-73.95352,2023,2025,2,12,2,12,35,lifetime_aggregate,882,2280.601954801675,1
nyc,3628,Lenox Ave & W 117 St,33213,16434,16779,33213,40.8025566,-73.9490782,2019,2019,1,12,1,12,12,lifetime_aggregate,1063,3200.553999939783,1
nyc,3628.11,6 Ave & 21 St,71787,35879,35908,71787,40.66016,-73.990974,2023,2025,2,12,1,11,35,lifetime_aggregate,409,569.7410394639697,1
nyc,3629,Adam Clayton Powell Blvd & W 126 St,16310,7959,8351,16310,40.80949534777948,-73.94776493310928,2019,2019,1,12,1,12,12,lifetime_aggregate,1716,10521.152667075414,1
nyc,363,West Thames St,78359,38994,39365,78359,40.70834698,-74.01713445,2019,2019,1,12,1,12,12,lifetime_aggregate,612,781.0206868387804,1
nyc,3630,Frederick Douglass Blvd & W 115 St,28525,14087,14438,28525,40.80386527990563,-73.95593080960312,2019,2019,1,12,1,12,12,lifetime_aggregate,1001,3509.20245398773,1
nyc,3631,Crown St & Bedford Ave,2878,1413,1465,2878,40.666563,-73.956741,2019,2019,1,7,1,7,7,lifetime_aggregate,1084,37665.04517025712,1
nyc,3633.08,Lincoln Rd & Ocean Ave,103260,51635,51625,103260,40.6605,-73.9626,2023,2025,2,12,2,12,35,lifetime_aggregate,659,638.1948479566144,1
nyc,3637,Fulton St & Waverly Ave,33071,16723,16348,33071,40.68323865460341,-73.96599590778351,2019,2019,1,12,1,12,12,lifetime_aggregate,1210,3658.794714402346,1
nyc,3639.04,Schenectady Ave & Maple St,7565,3625,3940,7565,40.66178,-73.93445,2023,2025,2,12,2,12,35,lifetime_aggregate,1230,16259.087904824852,1
nyc,364,Lafayette Ave & Classon Ave,31627,16234,15393,31627,40.68900443,-73.96023854,2019,2019,1,12,1,12,12,lifetime_aggregate,741,2342.9348341606856,1
nyc,3641,Broadway & W 25 St,178016,89806,88210,178016,40.74286877312112,-73.98918628692627,2019,2019,1,12,1,12,12,lifetime_aggregate,1697,953.285097968722,1
nyc,3646,35 Ave & 10 St,8383,4205,4178,8383,40.76315481910373,-73.93985509872437,2019,2019,1,12,1,12,12,lifetime_aggregate,405,4831.206012167482,1
nyc,3647,48 Ave & 30 Pl,4766,2368,2398,4766,40.74128309355993,-73.93725872039794,2019,2019,1,12,1,12,12,lifetime_aggregate,1061,22261.854804867813,1
nyc,3648,Flushing Ave & Vanderbilt Ave,34739,17098,17641,34739,40.69795031569544,-73.97077560424805,2019,2019,1,12,1,12,12,lifetime_aggregate,614,1767.4659604479116,1
nyc,3648.06,Midwood St & Kingston Ave,3213,1599,1614,3213,40.66067,-73.94243,2023,2023,1,6,2,7,6,lifetime_aggregate,754,23467.16464363523,1
nyc,3648.08,Kingston Ave & E New York Ave,20188,10054,10134,20188,40.66219,-73.94293,2023,2025,2,12,9,12,28,lifetime_aggregate,756,3744.798890429958,1
nyc,3649,W 129 St & Convent Ave,11548,5762,5786,11548,40.814394437915816,-73.95324736833572,2019,2019,1,12,1,12,12,lifetime_aggregate,1304,11291.998614478698,1
nyc,365,Fulton St & Grand Ave,13126,6835,6291,13126,40.68223166,-73.9614583,2019,2019,1,7,1,7,7,lifetime_aggregate,946,7207.069937528569,1
nyc,3651.04,West Drive & Prospect Park West,324815,162383,162432,324815,40.66106325222562,-73.97945268649799,2020,2025,3,12,1,12,72,lifetime_aggregate,276,84.97144528423871,1
nyc,3653,31 St & 35 Ave,688,344,344,688,40.75820464696758,-73.92832159996033,2019,2019,1,2,1,2,2,lifetime_aggregate,630,91569.76744186046,1
nyc,3654,31 St & Northern Blvd,8717,4470,4247,8717,40.75186951421875,-73.93349289894103,2019,2019,1,12,1,12,12,lifetime_aggregate,1035,11873.350923482849,1
nyc,3656,E 2 St & Avenue A,112997,56137,56860,112997,40.7230774626446,-73.98583621212943,2019,2019,1,12,1,12,12,lifetime_aggregate,1464,1295.609617954459,1
nyc,3657.06,Sterling St & Nostrand Ave,49613,24788,24825,49613,40.66318,-73.95076,2023,2025,2,12,2,12,35,lifetime_aggregate,942,1898.6959063148772,1
nyc,3658,W 18 St & 9 Ave,46227,23057,23170,46227,40.7435337324616,-74.00367558002472,2019,2019,1,11,1,12,12,lifetime_aggregate,1156,2500.703052328726,1
nyc,3659,W 17 St & 9 Ave,7052,3480,3572,7052,40.74294891660091,-74.00413691997528,2019,2019,1,3,1,3,3,lifetime_aggregate,1113,15782.756664775949,1
nyc,366,Clinton Ave & Myrtle Ave,43829,22225,21604,43829,40.693261,-73.968896,2019,2019,1,12,1,12,12,lifetime_aggregate,840,1916.53927764722,1
nyc,3660,W 16 St & 8 Ave,65697,32785,32912,65697,40.74102150900266,-74.001384973526,2019,2019,1,6,1,6,6,lifetime_aggregate,1044,1589.1136581579067,1
nyc,3660.07,7 Ave & 17 St,43321,21680,21641,43321,40.66093779494677,-73.98680448528532,2023,2025,2,12,1,12,36,lifetime_aggregate,427,985.6651508506268,1
nyc,3661,Montgomery St & Franklin Ave,4841,2381,2460,4841,40.666439306870814,-73.9605563879013,2019,2019,1,12,1,12,12,lifetime_aggregate,704,14542.449907044,1
nyc,3662,31 Ave & Steinway St,15306,7667,7639,15306,40.761293897289086,-73.916916847229,2019,2019,1,12,1,12,12,lifetime_aggregate,886,5788.579641970469,1
nyc,3663,Sterling Pl & 7 Ave,2433,1210,1223,2433,40.67716489469059,-73.973827958107,2019,2019,1,2,1,2,2,lifetime_aggregate,1166,47924.37320180847,1
nyc,3664,North Moore St & Greenwich St,148658,70402,78256,148658,40.72019521437465,-74.0103006362915,2019,2019,1,12,1,12,12,lifetime_aggregate,1040,699.5923529174346,1
nyc,3665.06,Sterling St & Bedford Ave,45363,22610,22753,45363,40.66270591954844,-73.95691164607553,2020,2025,3,12,1,12,72,lifetime_aggregate,985,2171.3731455150673,1
nyc,3668,Leonard St & Nassau Ave,37104,18509,18595,37104,40.7239567849954,-73.94984364509583,2019,2019,1,12,1,12,12,lifetime_aggregate,744,2005.1746442432084,1
nyc,3668.04,21 St & 4 Ave,41617,20700,20917,41617,40.662584,-73.995554,2023,2025,2,12,1,12,36,lifetime_aggregate,1101,2645.553499771728,1
nyc,367,E 53 St & Lexington Ave,8710,4146,4564,8710,40.75828065,-73.97069431,2019,2019,1,2,11,12,2,lifetime_aggregate,1894,21745.1205510907,1
nyc,3671,E 81 St & 2 Ave,39632,19883,19749,39632,40.77477944895728,-73.95427465438843,2019,2019,1,12,1,12,12,lifetime_aggregate,1123,2833.5688332660475,1
nyc,3671.01,E New York Ave & Utica Ave,5439,2709,2730,5439,40.662686,-73.931755,2025,2025,1,10,3,12,10,lifetime_aggregate,1292,23754.36661150947,1
nyc,3673,Dean St & Franklin Ave,22556,11306,11250,22556,40.67759206937376,-73.955637216568,2019,2019,1,12,1,12,12,lifetime_aggregate,1152,5107.288526334457,1
nyc,3674,Jay St & York St,86716,40212,46504,86716,40.70140317257725,-73.98672670125961,2019,2019,1,12,1,12,12,lifetime_aggregate,1065,1228.147054753448,1
nyc,3675,3 Ave & E 95 St,15159,7556,7603,15159,40.78459679884892,-73.94968539476395,2019,2019,1,9,1,9,9,lifetime_aggregate,1394,9195.857246520218,1
nyc,3676,Van Brunt St & Van Dyke St,22273,10161,12112,22273,40.6758329439129,-74.01472628116608,2019,2019,1,12,1,12,12,lifetime_aggregate,194,871.009742737844,1
nyc,368,Carmine St & 6 Ave,154457,76525,77932,154457,40.73038599,-74.00214988,2019,2019,1,12,1,12,12,lifetime_aggregate,1285,831.9467554076539,1
nyc,3680,E 43 St & 5 Ave,78944,40066,38878,78944,40.754120810779256,-73.98025184869766,2019,2019,1,12,1,12,12,lifetime_aggregate,1768,2239.562221321443,1
nyc,3680.04,E New York Ave & Troy Ave,10838,5374,5464,10838,40.66227,-73.93762,2023,2025,2,12,2,12,35,lifetime_aggregate,822,7584.425170695701,1
nyc,3684,W 12 St & W 4 St,18671,9272,9399,18671,40.73756121181137,-74.00398269295692,2019,2019,1,4,1,4,4,lifetime_aggregate,946,5066.680949065396,1
nyc,3686,Gansevoort St & Hudson St,127421,63188,64233,127421,40.73944820130404,-74.00507032871246,2019,2019,1,12,1,12,12,lifetime_aggregate,989,776.1671937906624,1
nyc,3687,E 33 St & 1 Ave,129433,65495,63938,129433,40.74322681432173,-73.97449783980846,2019,2019,1,12,1,12,12,lifetime_aggregate,1686,1302.6044362720481,1
nyc,3688.06,Brooklyn Ave & Lefferts Ave,18098,9012,9086,18098,40.662564,-73.945565,2023,2025,2,12,9,12,28,lifetime_aggregate,839,4635.871367001879,1
nyc,3689,W 104 St & Amsterdam Ave,23603,12629,10974,23603,40.79904139288298,-73.96649479866028,2019,2019,1,12,1,12,12,lifetime_aggregate,711,3012.3289412362838,1
nyc,369,Washington Pl & 6 Ave,66132,32952,33180,66132,40.73224119,-74.00026394,2019,2019,1,12,1,12,12,lifetime_aggregate,1087,1643.6823323050867,1
nyc,3690,Park Pl & Church St,46374,23208,23166,46374,40.71334181536782,-74.00935520928381,2019,2019,1,12,1,12,12,lifetime_aggregate,1293,2788.2002846422565,1
nyc,3691,28 Ave & 44 St,11179,5595,5584,11179,40.76408932350688,-73.91065120697021,2019,2019,1,12,1,12,12,lifetime_aggregate,749,6700.06261740764,1
nyc,3692,5 St & Market St,8965,4483,4482,8965,40.6999974843885,-73.97440128028393,2019,2019,1,12,1,12,12,lifetime_aggregate,444,4952.593418851087,1
nyc,3693,N 11 St & Kent Ave,25524,12664,12860,25524,40.72248188638219,-73.95921930670738,2019,2019,1,12,1,12,12,lifetime_aggregate,468,1833.5684062059238,1
nyc,3696.05,Rogers Ave & Sterling St,54153,26995,27158,54153,40.66306191810591,-73.95387471245324,2020,2025,3,12,1,12,72,lifetime_aggregate,916,1691.503702472624,1
nyc,3697,W 64 St & Thelonious Monk Circle,67075,34071,33004,67075,40.77515953434235,-73.98918695747852,2019,2019,1,12,1,12,12,lifetime_aggregate,491,732.0163995527395,1
nyc,3699,W 50 St & 9 Ave,61987,31306,30681,61987,40.76360467795863,-73.98917958140373,2019,2019,1,12,1,12,12,lifetime_aggregate,1430,2306.9353251488214,1
nyc,3699.07,17 St & 5 Ave,70770,35322,35448,70770,40.663493,-73.991007,2023,2025,2,12,1,12,36,lifetime_aggregate,845,1194.0087607743394,1
nyc,3701,Cliff St & Fulton St,24410,12110,12300,24410,40.70831794366396,-74.00504082441329,2019,2019,1,5,1,5,5,lifetime_aggregate,1120,4588.283490372798,1
nyc,3701,Cliff St & Fulton St (Old),3237,1608,1629,3237,40.70831794366396,-74.00504082441329,2019,2019,1,1,6,6,1,lifetime_aggregate,1120,34599.93821439605,1
nyc,3704,47 Ave & Skillman Ave,3881,1934,1947,3881,40.7437524099784,-73.94176483154297,2019,2019,1,12,1,12,12,lifetime_aggregate,613,15794.898222107704,1
nyc,3704.01,Franklin Ave & Empire Blvd,43043,21213,21830,43043,40.66314,-73.96056994568693,2020,2020,1,9,1,9,9,lifetime_aggregate,804,1867.899542318147,1
nyc,3704.01,Washington Ave & Empire Blvd,31972,15969,16003,31972,40.66314,-73.96056950058619,2023,2025,2,12,4,12,33,lifetime_aggregate,804,2514.7003628174652,1
nyc,3704.04,Flatbush Ave & Ocean Ave,78263,39148,39115,78263,40.663657,-73.963014,2023,2025,2,12,1,12,36,lifetime_aggregate,627,801.1448577233175,1
nyc,3704.08,Sullivan Pl & Franklin Ave,13065,6498,6567,13065,40.66407987841683,-73.96025115302581,2020,2023,2,8,9,4,32,lifetime_aggregate,835,6391.121316494451,1
nyc,3707,Lexington Ave & E 26 St,121192,61260,59932,121192,40.741459,-73.983293,2019,2019,1,10,3,12,10,lifetime_aggregate,1590,1311.9677866525844,1
nyc,3707.01,23 St & 3 Ave,7550,3683,3867,7550,40.662611,-73.998623,2023,2025,2,12,1,12,36,lifetime_aggregate,870,11523.178807947019,1
nyc,3708,W 13 St & 5 Ave,101228,50535,50693,101228,40.735445,-73.99431,2019,2019,1,10,3,12,10,lifetime_aggregate,1173,1158.7703007073142,1
nyc,3709,W 15 St & 6 Ave,58030,29084,28946,58030,40.738046142482766,-73.99642959237099,2019,2019,1,9,1,12,12,lifetime_aggregate,1183,2038.6007237635708,1
nyc,3710.07,Lefferts Ave & Schenectady Ave,21076,10489,10587,21076,40.66343,-73.93472,2023,2025,2,12,6,12,31,lifetime_aggregate,1227,5821.787815524767,1
nyc,3711,E 13 St & Avenue A,164357,85203,79154,164357,40.72966731728846,-73.98067964912295,2019,2019,1,12,1,12,12,lifetime_aggregate,799,486.1368849516601,1
nyc,3712,W 35 St & Dyer Ave,66277,33291,32986,66277,40.754691750226016,-73.99740189313889,2019,2019,1,12,1,12,12,lifetime_aggregate,2068,3120.2377898818595,1
nyc,3714,Division Av & Hooper St,17437,9125,8312,17437,40.70684203101325,-73.9544353965357,2019,2019,1,11,1,11,11,lifetime_aggregate,1229,7048.230773642255,1
nyc,3714,Division Ave & Hooper St,756,420,336,756,40.70684203101325,-73.9544353965357,2019,2019,1,1,12,12,1,lifetime_aggregate,1229,162566.13756613756,1
nyc,3715,Driggs Ave & N 9 St,62997,31132,31865,62997,40.71816969454208,-73.95520135760307,2019,2019,1,12,1,12,12,lifetime_aggregate,1200,1904.8526120291442,1
nyc,3716,40 Ave & Crescent St,4669,2338,2331,4669,40.7535992020056,-73.93795609474182,2019,2019,1,12,1,12,12,lifetime_aggregate,1111,23795.245234525595,1
nyc,3718,E 11 St & Avenue B,93362,47677,45685,93362,40.72746420692392,-73.97950418293476,2019,2019,1,12,1,12,12,lifetime_aggregate,648,694.0725348642917,1
nyc,3719,S Portland Ave & Atlantic Ave,50,26,24,50,40.68322254161595,-73.9738118648529,2019,2019,1,1,1,1,1,lifetime_aggregate,1776,3552000.0000000005,1
nyc,3719.02,Lefferts Ave & Albany Ave,16922,8447,8475,16922,40.66288,-73.94019,2023,2025,2,12,9,12,28,lifetime_aggregate,810,4786.668242524524,1
nyc,372,Franklin Ave & Myrtle Ave,13817,6911,6906,13817,40.694546087246025,-73.95801365375519,2019,2019,1,12,1,12,12,lifetime_aggregate,1215,8793.515234855613,1
nyc,3720,Wyckoff St & Bond St,7121,3414,3707,7121,40.68461653897949,-73.98721285164356,2019,2019,1,12,1,12,12,lifetime_aggregate,899,12624.631371998315,1
nyc,3721,31 St & Newtown Ave,34982,17565,17417,34982,40.7675487799971,-73.9209334552288,2019,2019,1,12,1,12,12,lifetime_aggregate,1267,3621.862672231433,1
nyc,3722.04,Prospect Park West & 8 St,165193,83094,82099,165193,40.665146867738656,-73.97637603836512,2020,2025,3,12,1,12,72,lifetime_aggregate,309,187.05393085663437,1
nyc,3723,Cadman Plaza E & Johnson St,25860,12873,12987,25860,40.69531727766904,-73.99015724658966,2019,2019,1,12,1,12,12,lifetime_aggregate,1407,5440.835266821346,1
nyc,3724,7 Ave & Central Park South,105554,53314,52240,105554,40.7667405590595,-73.9790689945221,2019,2019,1,12,1,12,12,lifetime_aggregate,1286,1218.333743865699,1
nyc,3725,2 Ave & E 72 St,58781,29412,29369,58781,40.7687620293096,-73.95840793848038,2019,2019,1,12,1,12,12,lifetime_aggregate,1236,2102.7202667528622,1
nyc,3726,Center Blvd & 51 Ave,17861,8905,8956,17861,40.74336608027021,-73.95960688591003,2019,2019,1,11,1,12,12,lifetime_aggregate,220,1231.733945467779,1
nyc,3727,Frost St & Meeker Ave,12757,6472,6285,12757,40.71767747195138,-73.94869359210134,2019,2019,1,12,1,12,12,lifetime_aggregate,1205,9445.79446578349,1
nyc,3728,Pierrepont St & Monroe Pl,19298,9784,9514,19298,40.69535693320225,-73.99344027042389,2019,2019,1,12,1,12,12,lifetime_aggregate,724,3751.684112343248,1
nyc,3728.04,Empire Blvd & New York Ave,14350,7155,7195,14350,40.66403,-73.94769,2023,2025,2,12,2,12,35,lifetime_aggregate,848,5909.407665505227,1
nyc,3728.05,New York Ave & Montgomery St,13139,6579,6560,13139,40.66509,-73.94824,2023,2025,2,12,7,12,30,lifetime_aggregate,945,7192.328183271178,1
nyc,373,Willoughby Ave & Walworth St,15151,7533,7618,15151,40.69331716,-73.95381995,2019,2019,1,12,1,12,12,lifetime_aggregate,1220,8052.273777308429,1
nyc,3731,W 47 St & 6 Ave,1205,589,616,1205,40.758397,-73.98255,2019,2019,1,1,12,12,1,lifetime_aggregate,2095,173858.92116182574,1
nyc,3731.11,14 St & 7 Ave,128344,64328,64016,128344,40.663779,-73.98396831269795,2020,2025,3,12,1,12,72,lifetime_aggregate,475,370.0991086455152,1
nyc,3733,Avenue C & E 18 St,53787,28405,25382,53787,40.730563,-73.973984,2019,2019,1,11,2,12,11,lifetime_aggregate,363,674.8842657147638,1
nyc,3734,E 58 St &  1 Ave (NW Corner),40503,20434,20069,40503,40.759125,-73.962658,2019,2019,1,10,3,12,10,lifetime_aggregate,2374,5861.294225119127,1
nyc,3736.03,Bedford Ave & Montgomery St,38476,19278,19198,38476,40.665816,-73.956934,2020,2025,3,12,1,12,72,lifetime_aggregate,997,2591.225699137124,1
nyc,3736.04,Sullivan Pl & Bedford Ave,14075,6988,7087,14075,40.66424077122891,-73.95746877122892,2020,2023,2,12,1,12,48,lifetime_aggregate,1014,7204.262877442273,1
nyc,3737,Stanton St & Norfolk St,61471,30657,30814,61471,40.720747,-73.986274,2019,2019,1,11,2,12,11,lifetime_aggregate,1995,3245.432805713263,1
nyc,3739,Perry St & Greenwich Ave,594,289,305,594,40.735918,-74.000939,2019,2019,1,1,12,12,1,lifetime_aggregate,1080,181818.18181818182,1
nyc,3739.06,4 Ave & 17 St,29539,14664,14875,29539,40.665507,-73.993037,2023,2025,2,12,1,12,36,lifetime_aggregate,1290,4367.107891262399,1
nyc,3740,W Broadway & W Houston St,742,374,368,742,40.726378,-74.000472,2019,2019,1,1,12,12,1,lifetime_aggregate,1479,199326.14555256066,1
nyc,3742.11,Carroll St & Rochester Ave,14825,7389,7436,14825,40.66598,-73.9284,2023,2025,2,12,1,12,36,lifetime_aggregate,1730,11669.477234401349,1
nyc,3744,1 Ave & E 5 St,1254,654,600,1254,40.725864,-73.986389,2019,2019,1,1,12,12,1,lifetime_aggregate,1324,105582.13716108454,1
nyc,3745,36 Ave & 31 St,12916,6526,6390,12916,40.75651272984955,-73.92957486212252,2019,2019,1,11,2,12,11,lifetime_aggregate,668,5171.87983895943,1
nyc,3746,6 Ave & Broome St,93679,45792,47887,93679,40.724308321602166,-74.00473035871983,2019,2019,1,10,3,12,10,lifetime_aggregate,1736,1853.1367755847093,1
nyc,3747,E 84 St & 3 Ave,48003,23983,24020,48003,40.77755374298887,-73.95512759685516,2019,2019,1,8,3,10,8,lifetime_aggregate,1058,2204.028914859488,1
nyc,3749,Lexington Ave & E 36 St,51576,25829,25747,51576,40.7475739589548,-73.9788007736206,2019,2019,1,10,3,12,10,lifetime_aggregate,2242,4346.983092911431,1
nyc,3751.05,Crown St & Troy Ave,18468,9254,9214,18468,40.66559,-73.93712,2023,2025,2,12,9,12,28,lifetime_aggregate,1186,6421.918995018411,1
nyc,3755,DeKalb Ave & Franklin Ave,15410,7722,7688,15410,40.69064807082944,-73.95746178925037,2019,2019,1,9,4,12,9,lifetime_aggregate,1017,6599.610642439974,1
nyc,3756,White St & Moore St,9151,4547,4604,9151,40.704508,-73.9351,2019,2019,1,9,4,12,9,lifetime_aggregate,878,9594.579827341273,1
nyc,3757,Stagg St & Morgan Ave,4996,2493,2503,4996,40.710681,-73.93372,2019,2019,1,9,4,12,9,lifetime_aggregate,672,13450.76060848679,1
nyc,3758,George St & Wilson Ave,6833,3412,3421,6833,40.702997,-73.92997,2019,2019,1,9,4,12,9,lifetime_aggregate,926,13551.880579540466,1
nyc,3759,Irving Ave & Jefferson St,7613,3783,3830,7613,40.70537905641025,-73.92535044444443,2019,2019,1,9,4,12,9,lifetime_aggregate,1059,13910.416393011954,1
nyc,3759.07,Kingston Ave & Montgomery St,32909,16356,16553,32909,40.66481,-73.94269,2023,2025,2,12,2,12,35,lifetime_aggregate,823,2500.8356376675074,1
nyc,376,John St & William St,41909,20914,20995,41909,40.70862144,-74.00722156,2019,2019,1,12,1,12,12,lifetime_aggregate,1196,2853.8022859051757,1
nyc,3760,Willoughby Ave & Wyckoff Ave,8705,4328,4377,8705,40.705614,-73.92153,2019,2019,1,9,4,12,9,lifetime_aggregate,1060,12176.909821941414,1
nyc,3761,Cedar St & Myrtle Ave,12103,6043,6060,12103,40.697842,-73.926241,2019,2019,1,9,4,12,9,lifetime_aggregate,1191,9840.53540444518,1
nyc,3762,3 Ave & Carroll St,9715,4710,5005,9715,40.677027,-73.9865,2019,2019,1,9,4,12,9,lifetime_aggregate,570,5867.215645908389,1
nyc,3762.08,10 St & 7 Ave,152303,76198,76105,152303,40.666207857638895,-73.9819988982046,2020,2025,3,12,1,12,72,lifetime_aggregate,567,372.28419663434073,1
nyc,3763,Wyckoff Av & Jefferson St,14100,7013,7087,14100,40.707165,-73.923711,2019,2019,1,9,4,12,9,lifetime_aggregate,963,6829.787234042553,1
nyc,3764,Bushwick Ave & McKibbin St,4954,2470,2484,4954,40.705517,-73.93936,2019,2019,1,9,4,12,9,lifetime_aggregate,1052,21235.36536132418,1
nyc,3765,Bushwick Ave & Stagg St,2932,1487,1445,2932,40.709897,-73.94008,2019,2019,1,8,5,12,8,lifetime_aggregate,935,31889.49522510232,1
nyc,3766,Sharon St & Olive St,10884,5474,5410,10884,40.715353,-73.93856,2019,2019,1,9,4,12,9,lifetime_aggregate,772,7092.980521866961,1
nyc,3767,Powers St & Olive St,7522,3786,3736,7522,40.71323,-73.93894,2019,2019,1,9,4,12,9,lifetime_aggregate,934,12416.910396171232,1
nyc,3768,Waterbury St & Stagg St,5406,2708,2698,5406,40.71019,-73.93734,2019,2019,1,8,5,12,8,lifetime_aggregate,874,16167.221605623381,1
nyc,3768.02,Crown St & Rogers Ave,29888,14948,14940,29888,40.66639,-73.95346,2023,2025,2,12,2,12,35,lifetime_aggregate,1191,3984.8768736616703,1
nyc,3769,White St & Johnson Ave,3024,1493,1531,3024,40.707174,-73.93581,2019,2019,1,9,4,12,9,lifetime_aggregate,872,28835.978835978836,1
nyc,377,6 Ave & Canal St,109041,51176,57865,109041,40.72243797,-74.00566443,2019,2019,1,12,1,12,12,lifetime_aggregate,1682,1542.5390449463964,1
nyc,3770,Central Ave & Flushing Ave,7342,3701,3641,7342,40.702831,-73.9333,2019,2019,1,8,5,12,8,lifetime_aggregate,956,13020.975211114139,1
nyc,3771,McKibbin St & Bogart St,11712,5804,5908,11712,40.706237,-73.933871,2019,2019,1,9,4,12,9,lifetime_aggregate,912,7786.88524590164,1
nyc,3771.06,14 St & 5 Ave,128450,64084,64366,128450,40.666287,-73.98895067292644,2020,2025,3,12,1,12,72,lifetime_aggregate,889,692.0980926430517,1
nyc,3772,Devoe St & Morgan Ave,5130,2589,2541,5130,40.713811,-73.93515,2019,2019,1,9,4,12,9,lifetime_aggregate,598,11656.92007797271,1
nyc,3773,Knickerbocker Ave & Thames St,5977,2994,2983,5977,40.70539,-73.92976,2019,2019,1,8,5,12,8,lifetime_aggregate,893,14940.605655010875,1
nyc,3774,Knickerbocker Ave & George St,6182,3078,3104,6182,40.704425,-73.92836,2019,2019,1,8,5,12,8,lifetime_aggregate,958,15496.603041087026,1
nyc,3775,Suydam St & Knickerbocker Ave,9195,4562,4633,9195,40.702013,-73.923769,2019,2019,1,9,4,12,9,lifetime_aggregate,1340,14573.137574768896,1
nyc,3776,Central Ave & Starr Street,9307,4671,4636,9307,40.700003,-73.92834,2019,2019,1,9,4,12,9,lifetime_aggregate,1149,12345.546362952617,1
nyc,3776.05,Montgomery St & Franklin Ave,36889,18425,18464,36889,40.66643920922602,-73.96055626447301,2020,2025,3,12,1,12,72,lifetime_aggregate,704,1908.4279866626907,1
nyc,3776.1,McKeever Pl & Sullivan Pl,1239,76,1163,1239,40.66432331577469,-73.95921791486467,2025,2025,1,11,1,12,12,lifetime_aggregate,927,74818.40193704602,1
nyc,3776.10,McKeever Pl & Sullivan Pl,7256,4187,3069,7256,40.66432331577469,-73.95921791486467,2025,2025,1,12,1,12,12,lifetime_aggregate,927,12775.633958103639,1
nyc,3777,Stockholm St & Wilson Ave,5638,2805,2833,5638,40.699304,-73.923044,2019,2019,1,8,5,12,8,lifetime_aggregate,1221,21656.615821213196,1
nyc,3778,Irving Ave & DeKalb Ave,5143,2538,2605,5143,40.7027,-73.92095,2019,2019,1,8,5,12,8,lifetime_aggregate,1261,24518.76336768423,1
nyc,3779,Hart St & Wyckoff Ave,6099,3064,3035,6099,40.704876,-73.919911,2019,2019,1,8,5,12,8,lifetime_aggregate,1104,18101.328086571568,1
nyc,3779.02,3 Ave & 17 St,10886,5401,5485,10886,40.666168,-73.995549,2020,2025,3,12,9,12,64,lifetime_aggregate,1295,11896.013227999265,1
nyc,3780,Wyckoff Av & Stanhope St,1183,579,604,1183,40.703545,-73.917775,2019,2019,1,3,10,12,3,lifetime_aggregate,1101,93068.46999154691,1
nyc,3781,Greene Av & Myrtle Av,11175,5544,5631,11175,40.698568,-73.918877,2019,2019,1,8,5,12,8,lifetime_aggregate,1364,12205.816554809844,1
nyc,3782,Brooklyn Bridge Park - Pier 2,14732,7313,7419,14732,40.698458,-73.997178,2019,2019,1,7,6,12,7,lifetime_aggregate,460,3122.4545207711103,1
nyc,3782.03,Carroll St & Utica Ave,15998,8063,7935,15998,40.66619,-73.93162,2023,2025,2,12,2,12,35,lifetime_aggregate,1577,9857.482185273158,1
nyc,3783,Cliff St & Fulton St,37685,18581,19104,37685,40.70838,-74.00495,2019,2019,1,7,6,12,7,lifetime_aggregate,1111,2948.122595197028,1
nyc,3785,W 42 St & 6 Ave,940,458,482,940,40.75492,-73.98455,2019,2019,1,1,12,12,1,lifetime_aggregate,2040,217021.27659574465,1
nyc,3787,Dock 72 Way & Market St,8297,4118,4179,8297,40.69985,-73.97141,2019,2019,1,8,5,12,8,lifetime_aggregate,367,4423.2855248885135,1
nyc,3788,E 12 St & 4 Av,63596,31655,31941,63596,40.73269,-73.98974,2019,2019,1,8,5,12,8,lifetime_aggregate,1252,1968.6772753003336,1
nyc,3789,Fulton St & Irving Pl,9216,4644,4572,9216,40.68186,-73.959432,2019,2019,1,6,7,12,6,lifetime_aggregate,1006,10915.798611111111,1
nyc,379,W 31 St & 7 Ave,172657,86406,86251,172657,40.749156,-73.9916,2019,2019,1,12,1,12,12,lifetime_aggregate,2068,1197.750453210701,1
nyc,3790,Henry St & Middagh St,20387,10233,10154,20387,40.7003,-73.991581,2019,2019,1,8,5,12,8,lifetime_aggregate,1287,6312.846421739343,1
nyc,3791.02,Albany Ave & Carroll St,28232,14262,13970,28232,40.6667,-73.93972,2023,2025,2,12,2,12,35,lifetime_aggregate,1038,3676.678945877019,1
nyc,3793,Stuyvesant Walk & 1 Av Loop,7088,3523,3565,7088,40.73233977715105,-73.97898383438587,2019,2019,1,7,6,12,7,lifetime_aggregate,862,12161.39954853273,1
nyc,3795,10 St & 2 Ave,3912,1940,1972,3912,40.671907,-73.993612,2019,2019,1,7,6,12,7,lifetime_aggregate,806,20603.271983640083,1
nyc,3798,W 40 St & 5 Ave,39022,19697,19325,39022,40.752269,-73.982079,2019,2019,1,6,7,12,6,lifetime_aggregate,1836,4705.038183588745,1
nyc,3799,6 Ave & W 34 St,40259,20269,19990,40259,40.74964,-73.98805,2019,2019,1,6,7,12,6,lifetime_aggregate,2007,4985.220695993443,1
nyc,380,W 4 St & 7 Ave S,129136,64229,64907,129136,40.73401143,-74.00293877,2019,2019,1,12,1,12,12,lifetime_aggregate,1068,827.0350638086978,1
nyc,3800.07,New York Ave & Montgomery St,1067,533,534,1067,40.66509,-73.94824,2023,2023,1,3,5,7,3,lifetime_aggregate,945,88566.07310215557,1
nyc,3803,Bedford Ave & Montgomery St,2509,1244,1265,2509,40.665816,-73.956934,2019,2019,1,5,8,12,5,lifetime_aggregate,997,39736.946990833,1
nyc,3803.05,6 Ave & 12 St,89432,44600,44832,89432,40.666318067924855,-73.98546178762594,2020,2025,3,12,1,12,72,lifetime_aggregate,628,702.2094999552733,1
nyc,3803.09,6 Ave & 9 St,158052,78895,79157,158052,40.668127,-73.98377627779936,2020,2025,3,12,1,12,72,lifetime_aggregate,651,411.8897578012299,1
nyc,3804,Front St & Jay St,16443,8246,8197,16443,40.702461,-73.986842,2019,2019,1,5,8,12,5,lifetime_aggregate,1032,6276.226965882138,1
nyc,3805,E 80 St & Park Ave,3970,2016,1954,3970,40.776173,-73.959757,2019,2019,1,3,9,11,3,lifetime_aggregate,923,23249.370277078084,1
nyc,3809,W 55 St & 6 Ave,30542,15390,15152,30542,40.7631914,-73.97843879999999,2019,2019,1,5,8,12,5,lifetime_aggregate,1637,5359.832361993321,1
nyc,3810,Central Park West & W 82 St,21544,11495,10049,21544,40.782593,-73.971211,2019,2019,1,5,8,12,5,lifetime_aggregate,472,2190.8652060898626,1
nyc,3811,27 Ave & 3 St,1363,677,686,1363,40.77485,-73.9342,2019,2019,1,4,9,12,4,lifetime_aggregate,203,14893.617021276596,1
nyc,3811.05,16 St & 4 Ave,23499,11541,11958,23499,40.666197,-73.992466,2023,2025,2,12,10,12,27,lifetime_aggregate,1355,5766.202817141155,1
nyc,3811.05,16th St & 4th Ave,10430,5105,5325,10430,40.666197,-73.992466,2023,2023,1,10,1,10,10,lifetime_aggregate,1355,12991.371045062318,1
nyc,3812,University Pl & E 14 St,49993,24471,25522,49993,40.734814,-73.992085,2019,2019,1,4,9,12,4,lifetime_aggregate,1205,2410.337447242614,1
nyc,3814,E 56 St & Madison Ave,3109,1554,1555,3109,40.761573,-73.972628,2019,2019,1,2,11,12,2,lifetime_aggregate,1960,63042.77902862657,1
nyc,3814.01,Buffalo Ave & E New York Ave,18660,9348,9312,18660,40.66591,-73.92602,2023,2025,2,12,1,12,36,lifetime_aggregate,1508,8081.457663451233,1
nyc,3815,E 51 St & 2 Ave,8548,4261,4287,8548,40.755293,-73.967641,2019,2019,1,3,10,12,3,lifetime_aggregate,1583,18518.951801591014,1
nyc,3816,Metropolitan Ave & Vandervoort Ave,257,139,118,257,40.71429,-73.93323,2019,2019,1,4,9,12,4,lifetime_aggregate,587,228404.66926070038,1
nyc,3817,Withers St & Kingsland Ave,1538,769,769,1538,40.71773,-73.94051,2019,2019,1,4,9,12,4,lifetime_aggregate,1046,68010.40312093629,1
nyc,3818,Calyer St & Jewel St,1675,814,861,1675,40.72984,-73.94839,2019,2019,1,4,9,12,4,lifetime_aggregate,730,43582.08955223881,1
nyc,3819,Green St & McGuinness Blvd,1055,529,526,1055,40.73396,-73.95204,2019,2019,1,4,9,12,4,lifetime_aggregate,539,51090.04739336493,1
nyc,382,University Pl & E 14 St,94582,47009,47573,94582,40.73492695,-73.99200509,2019,2019,1,8,1,8,8,lifetime_aggregate,1206,1275.084054048339,1
nyc,382,University Pl & E 14 St (old),2,0,2,2,40.73492695,-73.99200509,2019,2019,1,1,9,9,1,lifetime_aggregate,1206,60300000.0,1
nyc,3820,Willoughby Ave & Myrtle Ave,1802,905,897,1802,40.69757,-73.93098,2019,2019,1,4,9,12,4,lifetime_aggregate,1298,72031.07658157602,1
nyc,3821,Evergreen Ave & Noll St,883,445,438,883,40.70106,-73.93318,2019,2019,1,4,9,12,4,lifetime_aggregate,1196,135447.33861834655,1
nyc,3822,Bushwick Ave & Forrest St,829,415,414,829,40.70076,-73.93641,2019,2019,1,4,9,12,4,lifetime_aggregate,1441,173823.8841978287,1
nyc,3822.08,Schenectady Ave & President St,22175,11489,10686,22175,40.66732,-73.93398,2023,2025,2,12,2,12,35,lifetime_aggregate,1713,7724.915445321308,1
nyc,3823,Beaver St & Fayette St,1804,898,906,1804,40.70099,-73.93921,2019,2019,1,4,9,12,4,lifetime_aggregate,1517,84090.90909090909,1
nyc,3824,Van Sinderen Ave & Truxton St,126,63,63,126,40.6786,-73.90369,2019,2019,1,2,11,12,2,lifetime_aggregate,1397,1108730.1587301588,1
nyc,3825,Broadway & Furman Ave,54,26,28,54,40.68139,-73.90756,2019,2019,1,2,11,12,2,lifetime_aggregate,1106,2048148.148148148,1
nyc,3826,Moffat St & Bushwick,241,124,117,241,40.68458,-73.90925,2019,2019,1,3,10,12,3,lifetime_aggregate,888,368464.7302904564,1
nyc,3827,Halsey St & Broadway,583,293,290,583,40.68565,-73.91564,2019,2019,1,3,10,12,3,lifetime_aggregate,1005,172384.21955403086,1
nyc,3828,Eldert St & Bushwick Ave,364,179,185,364,40.68652,-73.91321,2019,2019,1,3,10,12,3,lifetime_aggregate,1073,294780.2197802198,1
nyc,3829,Central Ave & Decatur St,203,102,101,203,40.6882,-73.90798,2019,2019,1,3,10,12,3,lifetime_aggregate,775,381773.3990147783,1
nyc,383,Greenwich Ave & Charles St,94265,46870,47395,94265,40.735238,-74.000271,2019,2019,1,12,1,12,12,lifetime_aggregate,1093,1159.497162255344,1
nyc,3830,Halsey St & Evergreen Ave,143,67,76,143,40.68858,-73.91227,2019,2019,1,2,11,12,2,lifetime_aggregate,1050,734265.7342657342,1
nyc,3831,Broadway & Hancock St,210,111,99,210,40.68663,-73.9168,2019,2019,1,2,11,12,2,lifetime_aggregate,926,440952.380952381,1
nyc,3831.03,Kingston Ave & Carroll St,36909,18818,18091,36909,40.66688,-73.9425,2023,2025,2,12,2,12,35,lifetime_aggregate,988,2676.853883876561,1
nyc,3832,Central Ave & Weirfield St,317,157,160,317,40.69055,-73.91181,2019,2019,1,2,11,12,2,lifetime_aggregate,999,315141.95583596214,1
nyc,3833,Madison St & Evergreen Ave,266,134,132,266,40.69122,-73.91693,2019,2019,1,3,10,12,3,lifetime_aggregate,1044,392481.2030075188,1
nyc,3834,Irving Ave & Halsey St,582,290,292,582,40.69467,-73.90663,2019,2019,1,3,10,12,3,lifetime_aggregate,801,137628.86597938143,1
nyc,3834.1,6 St & 7 Ave,27550,11543,16007,27550,40.66866270005958,-73.97988067006554,2023,2025,2,12,1,11,35,lifetime_aggregate,526,1909.255898366606,1
nyc,3834.10,6 St & 7 Ave,105603,54958,50645,105603,40.66866279265577,-73.97988077244617,2020,2025,3,12,1,12,72,lifetime_aggregate,526,498.0919102677007,1
nyc,3835,Knickerbocker Ave & Hancock St,255,126,129,255,40.69385,-73.90974,2019,2019,1,2,11,12,2,lifetime_aggregate,889,348627.45098039217,1
nyc,3836,Bushwick Ave & Linden St,425,213,212,425,40.69146,-73.92146,2019,2019,1,3,10,12,3,lifetime_aggregate,1069,251529.41176470587,1
nyc,3837,Broadway & Kosciuszko St,813,404,409,813,40.69329,-73.92852,2019,2019,1,3,10,12,3,lifetime_aggregate,1048,128905.28905289054,1
nyc,3838,Bushwick Ave & Harman St,583,291,292,583,40.69356,-73.92524,2019,2019,1,3,10,12,3,lifetime_aggregate,1105,189536.8782161235,1
nyc,3839,Putnam Ave & Knickerbocker Ave,605,306,299,605,40.69545,-73.91164,2019,2019,1,3,10,12,3,lifetime_aggregate,1068,176528.9256198347,1
nyc,3839.02,President St & Nostrand Ave,38178,20598,17580,38178,40.66811,-73.9505,2023,2025,2,12,4,12,33,lifetime_aggregate,1319,3454.869296453455,1
nyc,3840,Putnam Ave & Wyckoff Ave,885,459,426,885,40.69811000000001,-73.90904,2019,2019,1,3,10,12,3,lifetime_aggregate,1056,119322.03389830509,1
nyc,3841,Menahan St & Central Ave,351,172,179,351,40.695429999999995,-73.9196,2019,2019,1,3,10,12,3,lifetime_aggregate,1155,329059.82905982906,1
nyc,3842,Bushwick Ave & Dekalb Ave,1517,756,761,1517,40.69502,-73.92825,2019,2019,1,4,9,12,4,lifetime_aggregate,1208,79630.85036255769,1
nyc,3842.08,10 St & 5 Ave,84955,42343,42612,84955,40.668627202959925,-73.98700067550985,2020,2025,3,12,1,12,72,lifetime_aggregate,745,876.9348478606321,1
nyc,3843,Myrtle Ave & Grove St,652,325,327,652,40.69905,-73.91516,2019,2019,1,3,10,12,3,lifetime_aggregate,1205,184815.9509202454,1
nyc,3844,Myrtle Ave & Linden St,940,477,463,940,40.69943,-73.91337,2019,2019,1,3,10,12,3,lifetime_aggregate,1171,124574.46808510639,1
nyc,3845,Irving Ave & Harman St,725,360,365,725,40.70108,-73.9179,2019,2019,1,3,10,12,3,lifetime_aggregate,1408,194206.89655172414,1
nyc,3845.05,Eastern Pkwy & Ralph Ave,8045,4033,4012,8045,40.66852,-73.92284,2023,2025,2,12,1,12,36,lifetime_aggregate,1661,20646.36420136731,1
nyc,3846,Central Ave & Himrod St,418,206,212,418,40.69676,-73.92302,2019,2019,1,3,10,12,3,lifetime_aggregate,1281,306459.3301435407,1
nyc,3847,Cedar St & Evergreen Ave,315,159,156,315,40.69671,-73.92807,2019,2019,1,3,10,12,3,lifetime_aggregate,1280,406349.20634920633,1
nyc,3847.04,Carroll St & Franklin Ave,41701,20869,20832,41701,40.66794106843729,-73.9588,2020,2025,3,12,1,12,72,lifetime_aggregate,827,1983.1658713220309,1
nyc,3848,Suydam St & Broadway,1134,567,567,1134,40.69544,-73.93223,2019,2019,1,3,10,12,3,lifetime_aggregate,1413,124603.1746031746,1
nyc,3849,Suydam St & St. Nicholas Ave,403,198,205,403,40.70636,-73.91945,2019,2019,1,3,10,12,3,lifetime_aggregate,948,235235.73200992556,1
nyc,385,E 55 St & 2 Ave,61679,30803,30876,61679,40.75797322,-73.96603308,2019,2019,1,11,1,12,12,lifetime_aggregate,2105,3412.8309473240483,1
nyc,3850,Jefferson St & Cypress Ave,1072,534,538,1072,40.70907,-73.92157,2019,2019,1,3,10,12,3,lifetime_aggregate,740,69029.85074626867,1
nyc,3850.03,3 Ave & 14 St,44500,21902,22598,44500,40.668545651367005,-73.99333274663694,2020,2025,3,12,1,12,72,lifetime_aggregate,1364,3065.1685393258426,1
nyc,3851,Metropolitan Ave & Stewart Ave,317,158,159,317,40.71401,-73.92793,2019,2019,1,3,10,12,3,lifetime_aggregate,384,121135.64668769717,1
nyc,3852,Stewart Ave & Johnson Ave,553,272,281,553,40.70869,-73.92587,2019,2019,1,3,10,12,3,lifetime_aggregate,716,129475.58770343581,1
nyc,3853,Harrison Pl & Porter Ave,754,369,385,754,40.70686,-73.92851,2019,2019,1,4,9,12,4,lifetime_aggregate,884,117241.37931034481,1
nyc,3853.02,Eastern Pkwy & Rochester Ave,19071,9718,9353,19071,40.66846,-73.9282,2023,2025,2,12,1,12,36,lifetime_aggregate,1716,8997.955010224949,1
nyc,3854,Morgan Ave & Maspeth Ave,554,281,273,554,40.71665414347826,-73.93636404347825,2019,2019,1,4,9,12,4,lifetime_aggregate,558,100722.02166064983,1
nyc,3855,Frost St & Debevoise Ave,599,299,300,599,40.71882,-73.93948,2019,2019,1,3,10,12,3,lifetime_aggregate,1064,177629.38230383972,1
nyc,3856,Kingsland Ave & Nassau Ave,3888,1942,1946,3888,40.72577,-73.94173,2019,2019,1,3,10,12,3,lifetime_aggregate,864,22222.222222222223,1
nyc,3856.03,Flatbush Ave & Eastern Pkwy,19809,10510,9299,19809,40.668757,-73.966438,2023,2025,2,12,1,12,36,lifetime_aggregate,246,1241.8597607148265,1
nyc,3857,Engert Ave & McGuinness Blvd,1525,766,759,1525,40.72158000000001,-73.94546,2019,2019,1,3,10,12,3,lifetime_aggregate,1276,83672.13114754099,1
nyc,3858,Kent St & McGuinness Blvd,1345,666,679,1345,40.73124,-73.95161,2019,2019,1,4,9,12,4,lifetime_aggregate,708,52639.40520446096,1
nyc,3859,Lorimer St & Calyer St,388,203,185,388,40.72795,-73.95414,2019,2019,1,1,12,12,1,lifetime_aggregate,837,215721.64948453606,1
nyc,386,Centre St & Worth St,49451,24496,24955,49451,40.71494807,-74.00234482,2019,2019,1,12,1,12,12,lifetime_aggregate,1773,3585.367333319852,1
nyc,3860,Wilson Ave & Troutman St,929,468,461,929,40.70166,-73.92754,2019,2019,1,3,10,12,3,lifetime_aggregate,1105,118945.10226049514,1
nyc,3861,Menahan St & Wyckoff Ave,571,283,288,571,40.70113,-73.91422,2019,2019,1,3,10,12,3,lifetime_aggregate,1255,219789.84238178635,1
nyc,3862,Linden St & Knickerbocker Ave,305,151,154,305,40.69714,-73.91566,2019,2019,1,3,10,12,3,lifetime_aggregate,1222,400655.737704918,1
nyc,3862.07,Eastern Pkwy & Troy Ave,29317,15987,13330,29317,40.66929,-73.93679,2023,2025,2,12,1,12,36,lifetime_aggregate,1362,4645.768666643927,1
nyc,3863,Central Ave & Woodbine St,565,275,290,565,40.69296,-73.91605,2019,2019,1,3,10,12,3,lifetime_aggregate,945,167256.63716814158,1
nyc,3864,Central Ave & Covert St,316,153,163,316,40.68929,-73.90951,2019,2019,1,3,10,12,3,lifetime_aggregate,935,295886.0759493671,1
nyc,3865,Knickerbocker Ave & Cooper St,422,205,217,422,40.69081,-73.90448,2019,2019,1,3,10,12,3,lifetime_aggregate,535,126777.25118483412,1
nyc,3865.05,3 St & Prospect Park West,210813,106395,104418,210813,40.668132,-73.97363820918267,2020,2025,3,12,1,12,72,lifetime_aggregate,302,143.254922609137,1
nyc,3866,Wilson Ave & Moffat St,391,191,200,391,40.68906,-73.90506,2019,2019,1,2,11,12,2,lifetime_aggregate,464,118670.07672634271,1
nyc,3867,Somers St & Broadway,16,8,8,16,40.67945,-73.90474,2019,2019,1,2,11,12,2,lifetime_aggregate,1258,7862500.0,1
nyc,3868,Knickerbocker Ave & Halsey St,340,168,172,340,40.693,-73.90824,2019,2019,1,3,10,12,3,lifetime_aggregate,900,264705.88235294115,1
nyc,3869,Van Buren St & Broadway,527,261,266,527,40.692,-73.92617,2019,2019,1,3,10,12,3,lifetime_aggregate,1126,213662.23908918406,1
nyc,387,Centre St & Chambers St,123079,61517,61562,123079,40.71273266,-74.0046073,2019,2019,1,12,1,12,12,lifetime_aggregate,1365,1109.04378488613,1
nyc,3870,Melrose St & Broadway,1179,605,574,1179,40.697481,-73.935877,2019,2019,1,3,10,12,3,lifetime_aggregate,1375,116624.25784563189,1
nyc,3871,Bushwick Ave & Furman Ave,90,45,45,90,40.68281,-73.90623,2019,2019,1,2,11,12,2,lifetime_aggregate,890,988888.8888888889,1
nyc,3871.02,Eastern Pkwy & Brooklyn Ave,40910,20531,20379,40910,40.66939,-73.94514,2023,2025,2,12,2,12,35,lifetime_aggregate,1012,2473.7228061598635,1
nyc,3872,Hancock St & Wyckoff Ave,49,29,20,49,40.6972,-73.90674,2019,2019,1,2,11,12,2,lifetime_aggregate,918,1873469.387755102,1
nyc,3873,Madison St & Cypress Ave,94,46,48,94,40.70067999999999,-73.90742,2019,2019,1,2,11,12,2,lifetime_aggregate,994,1057446.8085106383,1
nyc,3874,Menahan St & Seneca Ave,81,40,41,81,40.70461,-73.91054,2019,2019,1,2,11,12,2,lifetime_aggregate,824,1017283.950617284,1
nyc,3874.01,5 St & 6 Ave,70880,35388,35492,70880,40.67048372470833,-73.98208977864739,2020,2025,3,12,1,12,72,lifetime_aggregate,667,941.0270880361174,1
nyc,3875,Stephen St & Seneca Ave,58,26,32,58,40.6988,-73.9007,2019,2019,1,2,11,12,2,lifetime_aggregate,745,1284482.7586206896,1
nyc,3876,Forest Ave & Summerfield St,145,71,74,145,40.69922,-73.89795,2019,2019,1,2,11,12,2,lifetime_aggregate,648,446896.5517241379,1
nyc,3877,Madison St & Forest Ave,85,41,44,85,40.70555,-73.90245,2019,2019,1,1,12,12,1,lifetime_aggregate,573,674117.6470588235,1
nyc,3877.04,Pitkin Ave & Grafton St,6536,3281,3255,6536,40.66852000000001,-73.91908,2023,2025,2,12,12,12,25,lifetime_aggregate,1326,20287.63769889841,1
nyc,3878,Cypress Ave & George St,83,38,45,83,40.69812,-73.90271,2019,2019,1,2,11,12,2,lifetime_aggregate,777,936144.5783132529,1
nyc,3879,Broadway & Madison St,410,199,211,410,40.68822,-73.91966,2019,2019,1,3,10,12,3,lifetime_aggregate,1067,260243.9024390244,1
nyc,3879.04,Union St & Bedford Ave,81825,41169,40656,81825,40.66917820626964,-73.9554161375131,2020,2025,3,12,1,12,72,lifetime_aggregate,1134,1385.884509624198,1
nyc,388,W 26 St & 10 Ave,106567,52747,53820,106567,40.749717753,-74.002950346,2019,2019,1,12,1,12,12,lifetime_aggregate,1017,954.3292013475091,1
nyc,3880,Willoughby Ave & Onderdonk Ave,75,37,38,75,40.7098,-73.91727,2019,2019,1,2,11,12,2,lifetime_aggregate,620,826666.6666666667,1
nyc,3881,12 Ave & W 125 St,1717,827,890,1717,40.818299,-73.960405,2019,2019,1,3,10,12,3,lifetime_aggregate,795,46301.68899242865,1
nyc,3882,Norman St & Wyckoff Ave,224,109,115,224,40.69517,-73.90311,2019,2019,1,2,11,12,2,lifetime_aggregate,754,336607.14285714284,1
nyc,3882.01,12 St & 4 Ave,58787,29303,29484,58787,40.668603,-73.9904392715339,2020,2025,3,12,1,12,72,lifetime_aggregate,1128,1918.7915695646998,1
nyc,3882.05,10 St & 4 Ave,23133,11476,11657,23133,40.6696922181266,-73.98904685144049,2023,2023,1,8,5,12,8,lifetime_aggregate,810,3501.491375956426,1
nyc,3883,Harman St & Seneca Ave,183,97,86,183,40.70577,-73.91292,2019,2019,1,2,11,12,2,lifetime_aggregate,802,438251.3661202186,1
nyc,3884,Centre St & Seneca Ave,20,10,10,20,40.69969,-73.9022,2019,2019,1,1,12,12,1,lifetime_aggregate,785,3925000.0,1
nyc,3885,Onderdonk Ave & Gates Ave,116,57,59,116,40.70413,-73.90737,2019,2019,1,2,11,12,2,lifetime_aggregate,861,742241.3793103448,1
nyc,3885.06,Buffalo Ave & St John's Pl,5611,2941,2670,5611,40.67015,-73.92538,2023,2025,2,12,10,12,27,lifetime_aggregate,1589,28319.372660844772,1
nyc,3885.06,Buffalo Ave & St Johns Pl,2199,1102,1097,2199,40.67015,-73.92538,2023,2023,1,10,1,10,10,lifetime_aggregate,1589,72260.11823556162,1
nyc,3886,Menahan St & Onderdonk Ave,70,40,30,70,40.70553,-73.9096,2019,2019,1,2,11,12,2,lifetime_aggregate,770,1100000.0,1
nyc,3887,Flushing Ave & Woodward Ave,86,45,41,86,40.71246,-73.91873,2019,2019,1,2,11,12,2,lifetime_aggregate,494,574418.6046511629,1
nyc,3887.03,Carroll St & Washington Ave,45709,23384,22325,45709,40.6686742740055,-73.9618148516651,2020,2025,3,12,1,12,72,lifetime_aggregate,563,1231.7049158808986,1
nyc,3888,Woodward Ave & Harman St,121,59,62,121,40.70793,-73.91092,2019,2019,1,1,12,12,1,lifetime_aggregate,535,442148.7603305785,1
nyc,389,Broadway & Berry St,53248,26842,26406,53248,40.71044554,-73.96525063,2019,2019,1,12,1,12,12,lifetime_aggregate,822,1543.719951923077,1
nyc,3890,Grove St & Broadway,767,405,362,767,40.69047,-73.923511,2019,2019,1,3,10,12,3,lifetime_aggregate,1027,133898.30508474575,1
nyc,3891,Irving Ave & Palmetto St,431,213,218,431,40.698,-73.9127,2019,2019,1,3,10,12,3,lifetime_aggregate,1184,274709.9767981438,1
nyc,3892,38 Ave & 29 St,574,284,290,574,40.75473,-73.93367,2019,2019,1,2,11,12,2,lifetime_aggregate,864,150522.6480836237,1
nyc,3893,Rockaway Ave & Bainbridge St,225,109,116,225,40.68319988172761,-73.91166642308235,2019,2019,1,2,11,12,2,lifetime_aggregate,998,443555.5555555555,1
nyc,3893.03,Eastern Pkwy & Schenectady Ave,33232,16998,16234,33232,40.66876,-73.93376,2023,2025,2,12,2,12,35,lifetime_aggregate,1553,4673.206547905634,1
nyc,3895,Cypress Ave & Palmetto St,108,53,55,108,40.70157340873793,-73.90876293182373,2019,2019,1,2,11,12,2,lifetime_aggregate,1010,935185.1851851852,1
nyc,3896,Madison St & Seneca Ave,108,64,44,108,40.70183,-73.90625,2019,2019,1,2,11,12,2,lifetime_aggregate,938,868518.5185185185,1
nyc,3897,Onderdonk Ave & Dekalb Ave,29,16,13,29,40.70863,-73.91497,2019,2019,1,1,12,12,1,lifetime_aggregate,520,1793103.448275862,1
nyc,3898,E 63 St & 3 Ave,2407,1264,1143,2407,40.763954,-73.9646,2019,2019,1,2,11,12,2,lifetime_aggregate,2206,91649.35604486913,1
nyc,3899,Manhattan Av & Leonard St,456,227,229,456,40.72084,-73.94844,2019,2019,1,2,11,12,2,lifetime_aggregate,1064,233333.33333333334,1
nyc,390,Duffield St & Willoughby St,40211,20018,20193,40211,40.69221589,-73.9842844,2019,2019,1,12,1,12,12,lifetime_aggregate,2141,5324.413717639452,1
nyc,3900,Morgan Ave & Lombardy St,321,166,155,321,40.72226,-73.93889,2019,2019,1,2,11,12,2,lifetime_aggregate,934,290965.7320872274,1
nyc,3901,Stanhope St & Fairview Ave,109,65,44,109,40.70998,-73.91116,2019,2019,1,2,11,12,2,lifetime_aggregate,514,471559.6330275229,1
nyc,3902,Fairview Ave & Linden St,19,8,11,19,40.70694,-73.90632,2019,2019,1,1,12,12,1,lifetime_aggregate,641,3373684.210526316,1
nyc,3902.06,Eastern Pkwy & Kingston Ave,103846,53972,49874,103846,40.66959,-73.94237,2023,2025,2,12,1,12,36,lifetime_aggregate,998,961.0384607977197,1
nyc,3903,Jefferson Ave & Evergreen Ave,90,42,48,90,40.68989,-73.91458,2019,2019,1,2,11,12,2,lifetime_aggregate,984,1093333.3333333333,1
nyc,3905.15,3 St & 7 Ave,173509,87042,86467,173509,40.670383789848756,-73.97839683047988,2020,2025,3,12,1,12,72,lifetime_aggregate,517,297.9672524191829,1
nyc,3907,Central Ave & Melrose St,84,49,35,84,40.70112,-73.93039,2019,2019,1,1,12,12,1,lifetime_aggregate,1093,1301190.4761904762,1
nyc,3908,Battery Pl & Greenwich St,3262,1592,1670,3262,40.70463,-74.01507,2019,2019,1,2,11,12,2,lifetime_aggregate,681,20876.762722256284,1
nyc,3909,Madison St & Woodward Ave,12,6,6,12,40.70408,-73.90408,2019,2019,1,1,12,12,1,lifetime_aggregate,758,6316666.666666666,1
nyc,391,Clark St & Henry St,57294,30485,26809,57294,40.69760129420947,-73.9934455022289,2019,2019,1,12,1,12,12,lifetime_aggregate,988,1724.4388592173702,1
nyc,3910,Greene Ave & Grandview Ave,64,30,34,64,40.709697,-73.907856,2019,2019,1,1,12,12,1,lifetime_aggregate,651,1017187.5,1
nyc,3911,Wyckoff St & Nevins St,82,30,52,82,40.683426,-73.984275,2019,2019,1,1,12,12,1,lifetime_aggregate,913,1113414.6341463416,1
nyc,3911.05,Eastern Pkwy & Nostrand Ave,44931,24177,20754,44931,40.66967,-73.9503,2023,2025,2,12,2,12,35,lifetime_aggregate,1243,2766.4641338941933,1
nyc,3914.02,7 St & 5 Ave,91949,45861,46088,91949,40.67049213560378,-73.9854168231886,2020,2025,3,12,1,12,72,lifetime_aggregate,721,784.1303331194467,1
nyc,3917.03,St Johns Pl & Howard Ave,7329,3688,3641,7329,40.66992,-73.92002,2023,2025,2,12,1,12,36,lifetime_aggregate,1462,19948.151180242872,1
nyc,3919.07,Eastern Pkwy & Franklin Ave,98717,50563,48154,98717,40.670776823254776,-73.95768005242174,2020,2023,2,12,1,12,48,lifetime_aggregate,1081,1095.0494848911535,1
nyc,3919.07,Eastern Pkwy & Franklin Ave (NE Corner),74294,38756,35538,74294,40.6707767,-73.9576801,2023,2025,2,12,12,12,25,lifetime_aggregate,1081,1455.0300158828438,1
nyc,3919.12,Eastern Pkwy & Franklin Ave (SW Corner),34684,17663,17021,34684,40.670529,-73.958222,2023,2025,2,12,12,12,25,lifetime_aggregate,1065,3070.5800945681003,1
nyc,392,Jay St & Tech Pl,50465,25008,25457,50465,40.695065,-73.987167,2019,2019,1,12,1,12,12,lifetime_aggregate,1847,3659.962350143664,1
nyc,3922.02,10 St & 2 Ave,49187,24517,24670,49187,40.671907,-73.993612,2020,2025,3,12,1,12,72,lifetime_aggregate,806,1638.6443572488665,1
nyc,3925.03,Sterling Pl & Rochester Ave,9091,4913,4178,9091,40.67128,-73.92825,2023,2025,2,12,1,12,36,lifetime_aggregate,1486,16345.836541634584,1
nyc,3928.08,Eastern Pkwy & Washington Ave,114782,60315,54467,114782,40.6716492048913,-73.963114646984,2020,2025,3,12,1,12,72,lifetime_aggregate,636,554.0938474673729,1
nyc,393,E 5 St & Avenue C,57098,29072,28026,57098,40.72299208,-73.97995466,2019,2019,1,12,1,12,12,lifetime_aggregate,890,1558.723598024449,1
nyc,3931.09,Bay St & Court St,15623,7432,8191,15623,40.671409,-74.001328,2023,2025,2,12,1,12,36,lifetime_aggregate,760,4864.622671701978,1
nyc,3934.06,Sterling Pl & Schenectady Ave,14415,7622,6793,14415,40.6716,-73.93378,2023,2025,2,12,1,12,36,lifetime_aggregate,1399,9705.168227540757,1
nyc,3934.07,Troy Ave & Park Pl,19277,10007,9270,19277,40.67251,-73.93642,2023,2025,2,12,1,12,36,lifetime_aggregate,1134,5882.658089951756,1
nyc,394,E 9 St & Avenue C,91853,47620,44233,91853,40.72521311,-73.97768752,2019,2019,1,12,1,12,12,lifetime_aggregate,612,666.2819940557195,1
nyc,3940.04,Sigourney St & Columbia St,38928,18859,20069,38928,40.672672294243945,-74.00879516706802,2020,2025,3,12,1,12,72,lifetime_aggregate,149,382.7579120427456,1
nyc,3943.03,St Johns Pl & Kingston Ave,28196,14322,13874,28196,40.67113,-73.94222,2023,2025,2,12,10,12,27,lifetime_aggregate,958,3397.645056036317,1
nyc,3943.03,St. Johns Pl & Kingston Ave,11501,5825,5676,11501,40.67113,-73.94222,2023,2023,1,10,1,10,10,lifetime_aggregate,958,8329.710459960002,1
nyc,3946.07,1 St & 6 Ave,76493,38346,38147,76493,40.672784,-73.979826,2023,2025,2,12,1,12,36,lifetime_aggregate,606,792.2293543200033,1
nyc,3950.03,Park Pl & Thomas S. Boyland St,11520,5833,5687,11520,40.67154,-73.91433,2023,2025,2,12,1,12,36,lifetime_aggregate,1276,11076.388888888889,1
nyc,3952.07,Lincoln Pl & Nostrand Ave,51295,26855,24440,51295,40.67077,-73.9507,2023,2025,2,12,1,12,36,lifetime_aggregate,1131,2204.893264450726,1
nyc,3955.05,4 Ave & 9 St,75495,37243,38252,75495,40.670513705344135,-73.98876590502901,2020,2025,3,12,1,12,72,lifetime_aggregate,776,1027.8826412345188,1
nyc,3958.02,Sterling Pl & Ralph Ave,6771,3417,3354,6771,40.67095,-73.92222,2023,2025,2,12,1,12,36,lifetime_aggregate,1417,20927.484861911093,1
nyc,396,Lefferts Pl & Franklin Ave,16393,8408,7985,16393,40.680342423,-73.9557689392,2019,2019,1,12,1,12,12,lifetime_aggregate,1168,7124.992374794118,1
nyc,3960.01,Lincoln Pl & Classon Ave,74167,38624,35543,74167,40.672168205815396,-73.9609,2020,2025,3,12,1,12,72,lifetime_aggregate,695,937.0744401148759,1
nyc,3966.01,St Johns Pl & Utica Ave,24330,12464,11866,24330,40.6705,-73.9308,2023,2025,2,12,1,12,36,lifetime_aggregate,1715,7048.910809699958,1
nyc,3966.03,Park Pl & Utica Ave,14970,7662,7308,14970,40.67242,-73.93094,2023,2025,2,12,1,12,36,lifetime_aggregate,1405,9385.437541750167,1
nyc,397,Fulton St & Clermont Ave,16626,8676,7950,16626,40.68415748,-73.96922273,2019,2019,1,12,1,12,12,lifetime_aggregate,1144,6880.789125466137,1
nyc,3972.08,Henry St & Bay St,23966,11678,12288,23966,40.67250585675245,-74.00494695840901,2020,2025,3,12,1,12,72,lifetime_aggregate,535,2232.329132938329,1
nyc,3975.02,Albany Ave & Park Pl,22553,11549,11004,22553,40.67297,-73.93896,2023,2025,2,12,1,12,36,lifetime_aggregate,946,4194.563916108722,1
nyc,3978.13,Garfield Pl & 8 Ave,126931,63595,63336,126931,40.671197858733244,-73.97484117337679,2020,2025,3,12,1,11,71,lifetime_aggregate,533,419.913181177175,1
nyc,398,Atlantic Ave & Furman St,52843,25858,26985,52843,40.69165183,-73.9999786,2019,2019,1,12,1,12,12,lifetime_aggregate,1037,1962.416971027383,1
nyc,3981.1,Dwight St & Van Dyke St,2246,1999,247,2246,40.67363551895477,-74.01195556427155,2023,2025,2,11,1,8,32,lifetime_aggregate,185,8236.86553873553,1
nyc,3981.10,Dwight St & Van Dyke St,27140,11913,15227,27140,40.673635662991316,-74.01195569408837,2020,2025,3,12,1,12,72,lifetime_aggregate,185,681.650700073692,1
nyc,3982.01,Eastern Pkwy & St Marks Ave,4284,2129,2155,4284,40.67319,-73.91083,2025,2025,1,12,1,12,12,lifetime_aggregate,1565,36531.279178338,1
nyc,3982.01,Eastern Pkwy\t& St Marks Ave,342,172,170,342,40.67319,-73.91083,2023,2023,1,3,10,12,3,lifetime_aggregate,1565,457602.3391812866,1
nyc,3984.02,Sterling Pl & New York Ave,56897,30204,26693,56897,40.67234,-73.94763,2023,2025,2,12,1,12,36,lifetime_aggregate,1006,1768.1072815789935,1
nyc,3987.06,5 Ave & 3 St,163272,81357,81915,163272,40.672815654965895,-73.98352368879415,2020,2025,3,12,1,12,72,lifetime_aggregate,666,407.90827576069387,1
nyc,399,Lafayette Ave & St James Pl,36561,19479,17082,36561,40.68851534,-73.9647628,2019,2019,1,12,1,12,12,lifetime_aggregate,678,1854.4350537457947,1
nyc,3991.04,Prospect Pl & Howard Ave,6880,3527,3353,6880,40.67261,-73.91977,2023,2025,2,12,1,12,36,lifetime_aggregate,1258,18284.883720930233,1
nyc,3993.03,Sterling Pl & Bedford Ave,102601,52114,50487,102601,40.672695,-73.954131,2020,2025,3,12,1,12,72,lifetime_aggregate,1165,1135.4665159208973,1
nyc,3996.01,7 St & 3 Ave,73459,36448,37011,73459,40.672602981993364,-73.98983001155672,2020,2025,3,12,1,12,72,lifetime_aggregate,629,856.2599545324603,1
nyc,3999.06,Park Pl & Buffalo Ave,9640,4910,4730,9640,40.67202,-73.92539,2023,2025,2,12,1,12,36,lifetime_aggregate,1291,13392.116182572614,1
nyc,400,Pitt St & Stanton St,18614,9299,9315,18614,40.71926081,-73.98178024,2019,2019,1,12,1,12,12,lifetime_aggregate,1077,5785.967551305469,1
nyc,4001.09,St Johns Pl & Washington Ave,128510,65413,63097,128510,40.673723716623016,-73.96316106815542,2020,2025,3,12,1,12,72,lifetime_aggregate,592,460.6645397245351,1
nyc,4007.01,Schenectady Ave & Prospect Pl,20982,10589,10393,20982,40.67351,-73.93363,2023,2025,2,12,1,12,36,lifetime_aggregate,1095,5218.758936231055,1
nyc,401,Allen St & Rivington St,108155,54165,53990,108155,40.72019571967355,-73.98997821700897,2019,2019,1,12,1,12,12,lifetime_aggregate,2665,2464.0562156164765,1
nyc,4010.01,Plaza St East & Flatbush Ave,178030,92750,85280,178030,40.673134,-73.969106,2023,2025,2,12,1,12,36,lifetime_aggregate,588,330.28141324495874,1
nyc,4010.13,Plaza St West & Flatbush Ave,189026,96068,92958,189026,40.67502078814425,-73.97111480850106,2020,2025,3,12,1,12,72,lifetime_aggregate,883,467.13150571879,1
nyc,4010.15,Grand Army Plaza & Plaza St West,225539,112938,112601,225539,40.67296792263098,-73.97087988173494,2020,2025,3,12,1,12,72,lifetime_aggregate,705,312.58451975046444,1
nyc,4013.08,Columbia St & Lorraine St,17528,7576,9952,17528,40.674705652187015,-74.00755713366846,2020,2025,3,12,1,12,72,lifetime_aggregate,299,1705.8420812414422,1
nyc,4014.01,Pacific St & Sackman St,3480,1766,1714,3480,40.67522,-73.9061,2023,2025,2,12,4,12,33,lifetime_aggregate,1420,40804.597701149425,1
nyc,4016.03,Kingston Ave & Park Pl,39061,20171,18890,39061,40.67308,-73.94191,2023,2025,2,12,1,12,36,lifetime_aggregate,918,2350.170246537467,1
nyc,4019.06,Carroll St & 6 Ave,126051,62782,63269,126051,40.67408872352612,-73.97872813509562,2020,2025,3,12,1,12,72,lifetime_aggregate,666,528.35756955518,1
nyc,402,Broadway & E 22 St,236284,113138,123146,236284,40.7403432,-73.98955109,2019,2019,1,12,1,12,12,lifetime_aggregate,1557,658.9527856308509,1
nyc,4023.01,St Marks Ave & Thomas S. Boyland St,3930,2027,1903,3930,40.67313,-73.91387,2023,2025,2,12,1,12,36,lifetime_aggregate,1439,36615.77608142494,1
nyc,4023.05,Pacific St & Thomas S. Boyland St,5954,3137,2817,5954,40.67568,-73.91396,2023,2025,2,12,1,12,36,lifetime_aggregate,1553,26083.30534094726,1
nyc,4025.02,Prospect Pl & Nostrand Ave,66813,34091,32722,66813,40.67428,-73.9503,2023,2025,2,12,1,12,36,lifetime_aggregate,1066,1595.4978821486834,1
nyc,4028.03,3 St & 3 Ave,90793,44370,46423,90793,40.67507065550619,-73.9877521758542,2020,2025,3,12,1,12,72,lifetime_aggregate,609,670.7565561221679,1
nyc,4028.04,4 Ave & 3 St,83575,41662,41913,83575,40.673746,-73.985649,2023,2025,2,12,1,12,36,lifetime_aggregate,672,804.0682022135805,1
nyc,403,E 2 St & 2 Ave,107696,53619,54077,107696,40.72502876,-73.99069656,2019,2019,1,12,1,12,12,lifetime_aggregate,1612,1496.8058238003268,1
nyc,4031.05,St Marks Ave & Ralph Ave,7187,3721,3466,7187,40.67372,-73.92199,2023,2025,2,12,1,12,36,lifetime_aggregate,1013,14094.893557812718,1
nyc,4033.06,Park Pl & Franklin Ave,39835,19896,19939,39835,40.674180803940956,-73.95649484701777,2020,2023,2,12,1,8,44,lifetime_aggregate,926,2324.588929333501,1
nyc,4033.16,Sterling Pl & Franklin Ave,86899,43470,43429,86899,40.67324786833812,-73.95689516212666,2023,2025,2,12,8,12,29,lifetime_aggregate,981,1128.8967652101867,1
nyc,4033.18,Sterling Pl & Classon Ave,34860,18212,16648,34860,40.6739411,-73.96026,2025,2025,1,12,1,12,12,lifetime_aggregate,789,2263.3390705679863,1
nyc,4039.04,St Marks Ave & Rochester Ave,11800,5994,5806,11800,40.67404,-73.92772,2023,2025,2,12,1,12,36,lifetime_aggregate,1217,10313.559322033898,1
nyc,4042.08,Underhill Ave & Lincoln Pl,131485,66498,64987,131485,40.67401220406171,-73.96714578554835,2020,2025,3,12,1,12,72,lifetime_aggregate,773,587.8997604289463,1
nyc,4045.01,Clinton St & Centre St,24085,11775,12310,24085,40.67434,-74.00194697710988,2020,2025,3,12,1,12,72,lifetime_aggregate,1028,4268.216732406062,1
nyc,4048.03,Bergen St & Troy Ave,13254,7146,6108,13254,40.67524,-73.93596,2023,2025,2,12,1,12,36,lifetime_aggregate,1110,8374.830239927569,1
nyc,405,Washington St & Gansevoort St,141537,70408,71129,141537,40.739323,-74.008119,2019,2019,1,12,1,12,12,lifetime_aggregate,704,497.3964405067226,1
nyc,4051.01,Berkeley Pl & 7 Ave,233482,116562,116920,233482,40.6751468824796,-73.97523206411596,2020,2025,3,12,1,12,72,lifetime_aggregate,956,409.45340540170116,1
nyc,4054.02,Wolcott St & Dwight St,7650,3644,4006,7650,40.67532719339443,-74.01006988541866,2020,2023,2,12,1,12,48,lifetime_aggregate,309,4039.2156862745096,1
nyc,4054.06,Dwight St & Dikeman St,10097,4640,5457,10097,40.67487503856169,-74.01048018571481,2023,2025,2,12,9,12,28,lifetime_aggregate,280,2773.100921065663,1
nyc,4055.04,Bergen St & Mother Gaston Blvd,7320,3751,3569,7320,40.67374,-73.90852,2023,2025,2,12,1,12,36,lifetime_aggregate,1575,21516.39344262295,1
nyc,4057.04,Brooklyn Ave & Prospect Pl,48588,25238,23350,48588,40.67412,-73.94447,2023,2025,2,12,1,12,36,lifetime_aggregate,789,1623.8577426525069,1
nyc,406,Hicks St & Montague St,46250,23568,22682,46250,40.69512845,-73.99595065,2019,2019,1,12,1,12,12,lifetime_aggregate,915,1978.3783783783783,1
nyc,4060.09,Carroll St & 5 Ave,136525,67971,68554,136525,40.67516213507232,-73.98148313507232,2020,2025,3,12,1,12,72,lifetime_aggregate,674,493.6824757370445,1
nyc,4064.03,Bergen St & Saratoga Ave,7916,4010,3906,7916,40.67423,-73.91656,2023,2025,2,12,1,12,36,lifetime_aggregate,1228,15512.885295603839,1
nyc,4066.15,Bedford Ave & Bergen St,117191,59021,58170,117191,40.676368,-73.952918,2020,2025,3,12,1,12,72,lifetime_aggregate,1282,1093.940660972259,1
nyc,407,Henry St & Poplar St,7659,4012,3647,7659,40.700469,-73.991454,2019,2019,1,5,1,5,5,lifetime_aggregate,1283,16751.53414283849,1
nyc,4072.02,Bergen St & Buffalo Ave,9306,4950,4356,9306,40.6747,-73.92512,2023,2025,2,12,1,12,36,lifetime_aggregate,1172,12594.025359982808,1
nyc,4074.03,Classon Ave & St Marks Ave,24299,12640,11659,24299,40.6765199604211,-73.9596080077889,2020,2020,1,12,1,12,12,lifetime_aggregate,829,3411.663031400469,1
nyc,4074.14,Classon Ave & St Marks Ave,99862,50370,49492,99862,40.676513,-73.959431,2023,2025,2,12,1,12,36,lifetime_aggregate,794,795.0972341831729,1
nyc,4077.04,Smith St & 9 St,102652,51284,51368,102652,40.674695785448165,-73.99785777178745,2020,2025,3,12,1,12,72,lifetime_aggregate,991,965.3976542103418,1
nyc,4077.07,Court St & Huntington St,4954,2449,2505,4954,40.67595768953126,-73.99894942833194,2025,2025,1,2,11,12,2,lifetime_aggregate,1060,21396.851029471134,1
nyc,4077.07,Court St & Nelson St,80441,39842,40599,80441,40.676381937622445,-73.9987063111592,2020,2025,3,12,1,11,71,lifetime_aggregate,1030,1280.4415658681519,1
nyc,408,Market St & Cherry St,39543,19611,19932,39543,40.71076228,-73.99400398,2019,2019,1,12,1,12,12,lifetime_aggregate,775,1959.8917633968088,1
nyc,4080.01,Schenectady Ave & Pacific St,18646,9447,9199,18646,40.67686,-73.93327,2023,2025,2,12,1,12,36,lifetime_aggregate,1363,7309.878794379491,1
nyc,4083.13,Park Pl & Vanderbilt Ave,48141,24442,23699,48141,40.6767,-73.969024,2020,2025,2,12,1,12,72,lifetime_aggregate,965,2004.528364595667,1
nyc,4086.05,Columbia St & W 9 St,19707,9437,10270,19707,40.67699920483118,-74.00647123214202,2020,2025,3,12,1,12,72,lifetime_aggregate,754,3826.0516567717054,1
nyc,4086.06,Henry St & W 9 St,18116,8892,9224,18116,40.67637427619539,-74.00324969015567,2020,2025,3,12,1,12,72,lifetime_aggregate,1071,5911.901081916538,1
nyc,4087.01,Van Sinderen Ave & Atlantic Ave,9943,5047,4896,9943,40.67621,-73.90351,2023,2025,2,12,1,12,36,lifetime_aggregate,1510,15186.563411445239,1
nyc,4089.01,Bergen St & Kingston Ave,42453,21881,20572,42453,40.6756,-73.9415,2023,2025,2,12,1,12,36,lifetime_aggregate,1005,2367.3238640378772,1
nyc,409,DeKalb Ave & Skillman St,2653,1325,1328,2653,40.6906495,-73.95643107,2019,2019,1,3,1,3,3,lifetime_aggregate,1134,42744.063324538256,1
nyc,4095.03,Van Brunt St & Wolcott St,78415,37826,40589,78415,40.677342924629606,-74.0127506939567,2020,2025,3,12,1,12,72,lifetime_aggregate,223,284.38436523624307,1
nyc,4095.1,Van Brunt St & Van Dyke St,6596,5580,1016,6596,40.675832944017685,-74.0147262806408,2023,2025,2,12,1,5,29,lifetime_aggregate,194,2941.176470588235,1
nyc,4095.10,Van Brunt St & Van Dyke St,72545,32697,39848,72545,40.675832954989374,-74.01472619123321,2020,2025,3,12,1,12,72,lifetime_aggregate,194,267.4202219312151,1
nyc,4096.08,Dean St & Rockaway Ave,5222,2710,2512,5222,40.67486,-73.91123,2023,2025,2,12,1,12,36,lifetime_aggregate,1545,29586.365377250095,1
nyc,4098.06,New York Ave & St Marks Ave,54338,27683,26655,54338,40.67514,-73.94716,2023,2025,2,12,1,12,36,lifetime_aggregate,1040,1913.946041444293,1
nyc,410,Suffolk St & Stanton St,83345,41877,41468,83345,40.72066442,-73.98517977,2019,2019,1,12,1,12,12,lifetime_aggregate,1869,2242.4860519527265,1
nyc,4101.17,President St & 4 Ave,95947,47642,48305,95947,40.676757,-73.983262,2023,2025,2,12,1,12,36,lifetime_aggregate,717,747.2875650098492,1
nyc,4105.01,Pacific St & Ralph Ave,10110,5157,4953,10110,40.67607,-73.92171,2023,2025,2,12,1,12,36,lifetime_aggregate,1044,10326.409495548962,1
nyc,4107.05,Franklin Ave & St Marks Ave,128777,65711,63066,128777,40.67583227566838,-73.95616777904193,2020,2025,3,12,1,12,72,lifetime_aggregate,984,764.1116037801781,1
nyc,4107.13,Dean St & Franklin Ave,151207,75439,75768,151207,40.67759204730127,-73.95563714766305,2020,2025,3,12,1,12,72,lifetime_aggregate,1152,761.8694901691059,1
nyc,411,E 6 St & Avenue D,62690,31567,31123,62690,40.72228087,-73.97668709,2019,2019,1,12,1,12,12,lifetime_aggregate,750,1196.3630563088213,1
nyc,4110.1,3 St & Hoyt St,5352,5175,177,5352,40.67772870014416,-73.99364122988948,2023,2025,2,11,1,5,29,lifetime_aggregate,413,7716.741405082213,1
nyc,4110.10,3 St & Hoyt St,58541,26517,32024,58541,40.67772879288671,-73.99364115491869,2020,2025,3,12,1,12,72,lifetime_aggregate,413,705.4884610785604,1
nyc,4113.01,Pacific St & Rochester Ave,7835,3964,3871,7835,40.67639,-73.92748,2023,2025,2,12,1,12,36,lifetime_aggregate,1300,16592.214422463305,1
nyc,4116.08,Prospect Pl & Underhill Ave,104311,52356,51955,104311,40.67696927175132,-73.96579,2020,2025,3,12,1,12,72,lifetime_aggregate,836,801.449511556787,1
nyc,4116.09,Washington Ave & Park Pl,62607,31924,30683,62607,40.675832,-73.963308,2023,2025,2,12,12,12,25,lifetime_aggregate,668,1066.9733416391136,1
nyc,4119.04,Clinton St & 4 Place,89762,44757,45005,89762,40.678356203905,-74.00014501359368,2020,2025,3,12,1,12,72,lifetime_aggregate,1049,1168.6459749114324,1
nyc,412,Forsyth St & Canal St,99023,49415,49608,99023,40.7158155,-73.99422366,2019,2019,1,12,1,12,12,lifetime_aggregate,2059,2079.314906637852,1
nyc,4120.02,Fulton St & Williams Ave,10196,5013,5183,10196,40.67709,-73.9008,2023,2025,2,12,2,12,35,lifetime_aggregate,1844,18085.52373479796,1
nyc,4122.03,Pacific St & Troy Ave,23952,11994,11958,23952,40.67686,-73.93607,2023,2025,2,12,1,12,36,lifetime_aggregate,1310,5469.271877087508,1
nyc,4124.04,Verona Pl & Fulton St,28166,14260,13906,28166,40.680356044536815,-73.94767905427548,2020,2023,2,12,1,12,48,lifetime_aggregate,1584,5623.801746786907,1
nyc,4125.07,7 Ave & Park Pl,225467,112767,112700,225467,40.6776147888053,-73.97324287685912,2020,2025,3,12,1,12,72,lifetime_aggregate,1148,509.16542110375354,1
nyc,4125.13,Park Pl & Carlton Ave,23186,12005,11181,23186,40.677358,-73.97211,2025,2025,1,6,7,12,6,lifetime_aggregate,1078,4649.357370827223,1
nyc,4128.08,Pioneer St & Richards St,22205,10294,11911,22205,40.67777484969029,-74.00946120534061,2020,2025,3,12,1,12,72,lifetime_aggregate,368,1657.2843954064401,1
nyc,4129.1,Herkimer St & Eastern Pkwy,1707,676,1031,1707,40.67738,-73.90829,2023,2025,2,12,1,12,36,lifetime_aggregate,1398,81898.06678383128,1
nyc,4129.10,Herkimer St & Eastern Pkwy,5372,2891,2481,5372,40.67738,-73.90829,2023,2025,2,12,1,12,36,lifetime_aggregate,1398,26023.827252419956,1
nyc,4131.03,Brooklyn Ave & Dean St,48159,24100,24059,48159,40.67669,-73.94437,2023,2025,2,12,1,12,36,lifetime_aggregate,1269,2635.021491310036,1
nyc,4134.06,Berkeley Pl & 6 Ave,102212,50969,51243,102212,40.67653027217807,-73.97846884826187,2020,2025,3,12,1,12,72,lifetime_aggregate,862,843.345204085626,1
nyc,4137.1,Coffey St & Conover St,3126,3028,98,3126,40.677236,-74.015665,2023,2025,2,11,1,5,29,lifetime_aggregate,166,5310.300703774792,1
nyc,4137.10,Coffey St & Conover St,47713,21506,26207,47713,40.677236,-74.015665,2020,2025,3,12,1,12,72,lifetime_aggregate,166,347.9135665332299,1
nyc,4137.14,Coffey St & Ferris St,33149,16298,16851,33149,40.67818388014691,-74.01701688801093,2023,2025,2,12,1,12,36,lifetime_aggregate,139,419.3188331473046,1
nyc,4138.04,Thomas S. Boyland St & Fulton St,13748,7741,6007,13748,40.67854,-73.91367,2023,2025,2,12,1,12,36,lifetime_aggregate,1160,8437.590922315972,1
nyc,414,Pearl St & Anchorage Pl,18523,9084,9439,18523,40.70281858,-73.98765762,2019,2019,1,6,1,6,6,lifetime_aggregate,995,5371.700048588242,1
nyc,4140.03,Pacific St & Nostrand Ave,75121,37801,37320,75121,40.6776,-73.94963,2023,2025,2,12,1,12,36,lifetime_aggregate,1617,2152.527256026943,1
nyc,4143.03,Union St & Nevins St,14433,7046,7387,14433,40.67909798198572,-73.98765493876036,2020,2023,2,12,1,2,38,lifetime_aggregate,562,3893.854361532599,1
nyc,4143.04,3 Ave & Carroll St,72191,35560,36631,72191,40.677027,-73.9865,2020,2025,3,12,1,12,72,lifetime_aggregate,570,789.5721073263979,1
nyc,4146.02,Columbus Pl & Atlantic Ave,11647,6083,5564,11647,40.67717,-73.92285,2023,2025,2,12,1,12,36,lifetime_aggregate,1071,9195.500987378724,1
nyc,4148.07,Pacific St & Classon Ave,65062,32635,32427,65062,40.6791942722375,-73.95879020417813,2020,2025,3,12,1,12,72,lifetime_aggregate,1106,1699.9170022440135,1
nyc,415,Pearl St & Hanover Square,52607,25746,26861,52607,40.7047177,-74.00926027,2019,2019,1,12,1,12,12,lifetime_aggregate,852,1619.556332807421,1
nyc,4151.01,Smith St & 3 St,96888,48391,48497,96888,40.678724135693685,-73.99599098498028,2020,2025,3,12,1,12,72,lifetime_aggregate,574,592.4366278589712,1
nyc,4154.02,Pacific St & Utica Ave,13599,6885,6714,13599,40.6767,-73.93051,2023,2025,2,12,1,12,36,lifetime_aggregate,1354,9956.614456945363,1
nyc,4157.1,Bergen St & Vanderbilt Ave,24868,24545,323,24868,40.67943880010303,-73.96804380010303,2023,2025,2,12,1,11,35,lifetime_aggregate,1244,5002.41273926331,1
nyc,4157.10,Bergen St & Vanderbilt Ave,242074,108786,133288,242074,40.67943885275909,-73.9680438527591,2020,2025,3,12,1,12,72,lifetime_aggregate,1244,513.8924461115196,1
nyc,4157.15,Prospect Pl & Vanderbilt Ave,68039,33968,34071,68039,40.67767534,-73.96902144,2023,2025,2,12,12,12,25,lifetime_aggregate,1044,1534.4140860388895,1
nyc,416,Cumberland St & Lafayette Ave,30585,16061,14524,30585,40.68753406,-73.97265183,2019,2019,1,12,1,12,12,lifetime_aggregate,817,2671.2440738924306,1
nyc,4161.01,Van Sinderen Ave & Truxton St,30613,15469,15144,30613,40.6786,-73.90369,2020,2025,3,12,1,12,72,lifetime_aggregate,1397,4563.420768954366,1
nyc,4166.08,Prospect Pl & 6 Ave,109983,54898,55085,109983,40.679330786033624,-73.97519515633832,2020,2025,3,12,1,12,72,lifetime_aggregate,1303,1184.7285489575663,1
nyc,4169.04,Pioneer St & Van Brunt St,71126,34357,36769,71126,40.679043,-74.011169,2020,2025,3,12,1,12,72,lifetime_aggregate,293,411.944999015831,1
nyc,417,Barclay St & Church St,86214,42959,43255,86214,40.71291224,-74.01020234,2019,2019,1,12,1,12,12,lifetime_aggregate,1254,1454.5201475398428,1
nyc,4170.08,Somers St & Rockaway Ave,14038,7218,6820,14038,40.67872,-73.91105,2023,2025,2,12,1,12,36,lifetime_aggregate,1317,9381.678301752387,1
nyc,4172.04,Herkimer St & New York Ave,31367,16309,15058,31367,40.67955,-73.94709,2023,2025,2,12,1,12,36,lifetime_aggregate,1409,4491.982019319667,1
nyc,4175.14,Douglass St & 4 Ave,124542,61934,62608,124542,40.67927885776785,-73.98154002710822,2020,2025,3,12,1,12,72,lifetime_aggregate,819,657.609481138893,1
nyc,4175.15,Union St & 4 Ave,118431,58122,60309,118431,40.67727427072254,-73.98282001353613,2020,2025,3,12,1,12,72,lifetime_aggregate,717,605.4158117384807,1
nyc,4179.03,Fulton St & Saratoga Ave,10853,5505,5348,10853,40.67853,-73.91642,2023,2025,2,12,1,12,36,lifetime_aggregate,1092,10061.7340827421,1
nyc,418,Front St & Gold St,29675,14742,14933,29675,40.70224,-73.982578,2019,2019,1,12,1,12,12,lifetime_aggregate,572,1927.5484414490313,1
nyc,4181.1,Brevoort Pl & Bedford Ave,7002,3824,3178,7002,40.68012,-73.95362,2023,2025,2,11,1,10,34,lifetime_aggregate,1530,21850.89974293059,1
nyc,4181.10,Brevoort Pl & Bedford Ave,43024,21385,21639,43024,40.68012,-73.95362,2023,2025,2,12,1,12,36,lifetime_aggregate,1530,3556.1547043510595,1
nyc,4184.07,Carroll St & Bond St,45845,22792,23053,45845,40.67861173350486,-73.99037295003625,2020,2023,2,12,1,12,48,lifetime_aggregate,428,933.5805431344749,1
nyc,4184.08,President St & Hoyt St,29171,14557,14614,29171,40.680057,-73.991753,2025,2025,1,12,1,12,12,lifetime_aggregate,455,1559.7682630009256,1
nyc,4187.04,Sumpter St & Fulton St,9135,4651,4484,9135,40.67923,-73.92588,2023,2025,2,12,1,12,36,lifetime_aggregate,1216,13311.439518336072,1
nyc,419,Carlton Ave & Park Ave,21835,10699,11136,21835,40.69580705,-73.97355569,2019,2019,1,12,1,12,12,lifetime_aggregate,886,4057.705518662697,1
nyc,4190.06,Grand Ave & Bergen St,112671,56865,55806,112671,40.678045,-73.962408,2020,2025,3,12,1,12,72,lifetime_aggregate,804,713.5820219932369,1
nyc,4193.14,1 Pl & Clinton St,93426,46899,46527,93426,40.680959067828624,-73.99905706104576,2020,2025,3,12,1,12,72,lifetime_aggregate,890,952.6256074326205,1
nyc,4196.01,Lewis Ave & Fulton St,13036,6641,6395,13036,40.67972,-73.93467,2023,2025,2,12,2,12,35,lifetime_aggregate,1222,9374.041116907027,1
nyc,4196.05,Chauncey St & Stuyvesant Ave,50877,25477,25400,50877,40.68012,-73.93168,2023,2025,2,12,1,12,36,lifetime_aggregate,1222,2401.8711795113704,1
nyc,4199.07,Bergen St & Carlton Ave,8642,4308,4334,8642,40.680085964484455,-73.97109900042594,2023,2023,1,3,5,7,3,lifetime_aggregate,1305,15100.671140939598,1
nyc,4199.12,Carlton Ave & Dean St,173214,86539,86675,173214,40.680974064966684,-73.97100979557453,2020,2025,3,12,1,12,72,lifetime_aggregate,1433,827.300333691272,1
nyc,4199.13,Carlton Ave & St Marks Ave,51945,26028,25917,51945,40.679118561086646,-73.9717626573724,2023,2025,2,12,1,7,31,lifetime_aggregate,1293,2489.17123881028,1
nyc,420,Clermont Ave & Lafayette Ave,20837,10913,9924,20837,40.68764484,-73.96968902,2019,2019,1,12,1,12,12,lifetime_aggregate,814,3906.5124538081295,1
nyc,4202.04,Richards St & Delavan St,28639,13937,14702,28639,40.679432789988766,-74.00785027880625,2020,2025,3,12,1,12,72,lifetime_aggregate,605,2112.503928209784,1
nyc,4203.04,Somers St & Broadway,7526,4063,3463,7526,40.67945,-73.90474,2020,2025,3,12,1,12,72,lifetime_aggregate,1258,16715.386659580123,1
nyc,4205.06,Kingston Ave & Herkimer St,69235,35077,34158,69235,40.67890683892389,-73.9414277838111,2020,2025,3,12,1,12,72,lifetime_aggregate,1328,1918.1050046941577,1
nyc,4208.01,Sterling Pl & 5 Ave,76380,38132,38248,76380,40.678970070423794,-73.97855266953044,2023,2025,2,12,1,12,36,lifetime_aggregate,1209,1582.8750981932444,1
nyc,4208.11,Baltic St & 5 Ave,28650,14109,14541,28650,40.67957696118828,-73.9785499649358,2020,2020,1,12,1,12,12,lifetime_aggregate,1320,4607.329842931937,1
nyc,421,Clermont Ave & Park Ave,18162,9083,9079,18162,40.69573398,-73.97129668,2019,2019,1,12,1,12,12,lifetime_aggregate,978,5384.869507763462,1
nyc,4212.01,MacDougal St & Rockaway Ave,9959,5112,4847,9959,40.68018,-73.91136,2023,2025,2,12,1,12,36,lifetime_aggregate,1176,11808.414499447736,1
nyc,4214.03,Macon St & Nostrand Ave,129601,64770,64831,129601,40.68098326291038,-73.95004797233607,2020,2025,3,12,1,12,72,lifetime_aggregate,1574,1214.4968017222088,1
nyc,4214.04,Verona Pl & Fulton St,20837,10411,10426,20837,40.6803560840434,-73.9476791024208,2023,2025,2,12,12,12,25,lifetime_aggregate,1584,7601.862072275279,1
nyc,4217.02,Douglass St & 3 Ave,122536,60377,62159,122536,40.68021320305811,-73.9843269598673,2020,2025,3,12,1,12,72,lifetime_aggregate,689,562.2837370242215,1
nyc,4217.06,Degraw St & 3 Ave,60797,29830,30967,60797,40.67977,-73.9847,2023,2025,2,12,2,12,35,lifetime_aggregate,645,1060.9076105728902,1
nyc,422,W 59 St & 10 Ave,76130,39767,36363,76130,40.770512977511835,-73.98803804217079,2019,2019,1,12,1,12,12,lifetime_aggregate,926,1216.3404702482596,1
nyc,4220.02,Ralph Ave & Fulton St,24143,12581,11562,24143,40.67922,-73.92192,2023,2025,2,12,1,12,36,lifetime_aggregate,1027,4253.820983307791,1
nyc,4222.02,Lefferts Pl & Franklin Ave,94955,47905,47050,94955,40.68034228841586,-73.9557689470647,2020,2025,3,12,1,12,72,lifetime_aggregate,1168,1230.056342478016,1
nyc,4225.14,Carroll St & Smith St,159049,79348,79701,159049,40.680611,-73.9947581692385,2020,2025,3,12,1,12,72,lifetime_aggregate,507,318.7696873290621,1
nyc,4228.02,Fulton St & Utica Ave,75704,37831,37873,75704,40.67942684409084,-73.92989106928822,2020,2025,3,12,1,12,72,lifetime_aggregate,1202,1587.7628658987637,1
nyc,4228.06,Chauncey St & Malcolm X Blvd,33732,17041,16691,33732,40.68044,-73.92842,2023,2025,2,12,1,12,36,lifetime_aggregate,1057,3133.523064152733,1
nyc,423,W 54 St & 9 Ave,59125,29201,29924,59125,40.76584941,-73.98690506,2019,2019,1,10,1,10,10,lifetime_aggregate,1437,2430.443974630021,1
nyc,4231.04,Underhill Ave & Pacific St,126862,63528,63334,126862,40.68048372005414,-73.96467965209078,2020,2025,3,12,1,12,72,lifetime_aggregate,1110,874.9664990304426,1
nyc,4237.01,Lewis Ave & Decatur St,44923,22385,22538,44923,40.68145984580674,-73.934903,2020,2025,3,12,1,12,72,lifetime_aggregate,1009,2246.0654898381677,1
nyc,4237.02,Albany Ave & Fulton St,45272,23062,22210,45272,40.680010638153604,-73.938475,2020,2025,3,12,1,12,72,lifetime_aggregate,1199,2648.4361194557346,1
nyc,4243.01,Commerce St & Van Brunt St,41266,20415,20851,41266,40.681211791728416,-74.00860908105012,2020,2025,3,12,1,12,72,lifetime_aggregate,438,1061.4064847574275,1
nyc,4244.06,Broadway & Furman Ave,16414,8455,7959,16414,40.68139,-73.90756,2020,2025,3,12,1,12,72,lifetime_aggregate,1106,6738.150359449251,1
nyc,4246.02,MacDonough St & Marcy Ave,53252,26688,26564,53252,40.68078,-73.94613,2023,2025,2,12,1,12,36,lifetime_aggregate,1426,2677.83369638699,1
nyc,4249.01,St Marks Pl & 4 Ave,41414,20611,20803,41414,40.68197,-73.98034,2025,2025,1,12,1,12,12,lifetime_aggregate,1523,3677.5003621963583,1
nyc,4249.1,St Marks Pl & 4 Ave,7950,7008,942,7950,40.68177810917621,-73.97988975073503,2023,2023,1,11,1,12,12,lifetime_aggregate,1593,20037.735849056604,1
nyc,4249.10,St Marks Pl & 4 Ave,19416,6614,12802,19416,40.68177810923904,-73.97988975059157,2023,2023,1,12,1,12,12,lifetime_aggregate,1593,8204.573547589616,1
nyc,4253.02,Thomas S. Boyland St & Marion St,19929,10040,9889,19929,40.68146588495416,-73.91415685433242,2023,2025,2,12,1,12,36,lifetime_aggregate,824,4134.678107280846,1
nyc,4255.05,Hancock St & Bedford Ave,104438,52390,52048,104438,40.68216573987924,-73.95399017849275,2020,2025,3,12,1,12,72,lifetime_aggregate,1309,1253.3752082575309,1
nyc,4258.07,Degraw St & Hoyt St,81659,40590,41069,81659,40.68199030105498,-73.99079016859163,2020,2025,3,12,1,12,72,lifetime_aggregate,475,581.687260436694,1
nyc,426,West St & Chambers St,221639,105636,116003,221639,40.71754834,-74.01322069,2019,2019,1,12,1,12,12,lifetime_aggregate,619,279.2829781762235,1
nyc,4261.03,Patchen Ave & Bainbridge St,17215,8568,8647,17215,40.68143,-73.92565,2023,2025,2,12,1,12,36,lifetime_aggregate,905,5257.043276212605,1
nyc,4263.12,Fulton St & Irving Pl,127092,64364,62728,127092,40.68186,-73.959432,2020,2025,3,12,1,12,72,lifetime_aggregate,1006,791.5525760866144,1
nyc,4266.03,Clinton St & Union St,109008,54481,54527,109008,40.68311627031112,-73.99785277080309,2020,2025,3,12,1,12,72,lifetime_aggregate,736,675.1798033171877,1
nyc,427,Bus Slip & State St,56995,27484,29511,56995,40.701907,-74.013942,2019,2019,1,12,1,12,12,lifetime_aggregate,427,749.1885253092377,1
nyc,4278.03,Marcus Garvey Blvd & Macon St,76580,38254,38326,76580,40.682601,-73.938037,2020,2025,3,12,1,12,72,lifetime_aggregate,882,1151.7367458866545,1
nyc,4281.08,Bergen St & Flatbush Ave,184132,91791,92341,184132,40.680944800312744,-73.97567321714276,2020,2025,3,12,1,12,72,lifetime_aggregate,1597,867.3125801055763,1
nyc,4285.09,Rockaway Ave & Bainbridge St,45474,22793,22681,45474,40.683199900033806,-73.91166629499698,2020,2025,3,12,1,12,72,lifetime_aggregate,998,2194.6606852267228,1
nyc,4290.06,Wyckoff St & 3 Ave,57370,28565,28805,57370,40.68275490007032,-73.98258555031644,2023,2025,2,12,1,12,36,lifetime_aggregate,1217,2121.3177618964614,1
nyc,4290.08,Wyckoff St & Nevins St,16766,8350,8416,16766,40.683426,-73.984275,2020,2020,1,12,1,12,12,lifetime_aggregate,913,5445.544554455446,1
nyc,4293.05,Chauncey St & Howard Ave,24014,12065,11949,24014,40.68158,-73.91959,2023,2025,2,12,1,12,36,lifetime_aggregate,733,3052.386108103606,1
nyc,4298.05,Degraw St & Smith St,113902,56738,57164,113902,40.68291506766854,-73.99318205413482,2020,2025,3,12,1,12,72,lifetime_aggregate,501,439.8518024266475,1
nyc,4301.04,Macon St & Patchen Ave,32284,16126,16158,32284,40.68374,-73.9261,2023,2025,2,12,1,12,36,lifetime_aggregate,635,1966.9185974476522,1
nyc,4301.07,MacDonough St & Malcolm X Blvd,30710,15383,15327,30710,40.68273,-73.92926,2023,2025,2,12,1,12,36,lifetime_aggregate,760,2474.763920547053,1
nyc,4307.13,President St & Henry St,84468,42129,42339,84468,40.68280020294646,-73.99990412853276,2020,2025,3,12,1,12,72,lifetime_aggregate,816,966.0463133967893,1
nyc,4310.06,Macon St & Lewis Ave,46110,23110,23000,46110,40.68282,-73.93488,2023,2025,2,12,1,12,36,lifetime_aggregate,823,1784.862285838213,1
nyc,4317.05,Bushwick Ave & Furman Ave,21346,11343,10003,21346,40.68281,-73.90623,2020,2025,3,12,1,12,72,lifetime_aggregate,890,4169.399419094912,1
nyc,4319.07,Halsey St & Tompkins Ave,131409,65653,65756,131409,40.68236878035823,-73.944118,2020,2025,3,12,1,12,72,lifetime_aggregate,994,756.4169881819358,1
nyc,432,E 7 St & Avenue A,138183,70956,67227,138183,40.72621788,-73.98379855,2019,2019,1,12,1,12,12,lifetime_aggregate,1019,737.4279035771405,1
nyc,4322.02,Dean St & 4 Ave,37347,18210,19137,37347,40.68312497134199,-73.97895101496421,2020,2020,1,12,1,12,12,lifetime_aggregate,1959,5245.401237047152,1
nyc,4322.06,Bergen St & 4 Ave,105522,52639,52883,105522,40.682564257379084,-73.97989779727929,2023,2025,2,12,1,12,36,lifetime_aggregate,1705,1615.7768048369062,1
nyc,4325.03,Thomas S. Boyland St & Macon St,13714,6940,6774,13714,40.68491,-73.91493,2023,2025,2,12,1,12,36,lifetime_aggregate,992,7233.4840309173105,1
nyc,4327.09,Putnam Ave & Nostrand Ave,77692,38863,38829,77692,40.68402,-73.94977,2020,2025,3,12,1,12,72,lifetime_aggregate,1078,1387.5302476445452,1
nyc,4330.08,Wyckoff St & Bond St,666,324,342,666,40.68461699595317,-73.98721299869773,2020,2020,1,3,1,3,3,lifetime_aggregate,899,134984.984984985,1
nyc,4330.09,Hoyt St & Warren St,31540,15622,15918,31540,40.6843549199244,-73.98901620856438,2020,2025,3,12,3,12,70,lifetime_aggregate,721,2285.986049461002,1
nyc,4334.02,Halsey St & Ralph Ave,23961,12068,11893,23961,40.68494,-73.92299,2023,2025,2,12,1,12,36,lifetime_aggregate,735,3067.4846625766872,1
nyc,4336.01,Monroe St & Classon Ave,68888,34484,34404,68888,40.68456820500752,-73.95881085710522,2020,2025,3,12,1,12,72,lifetime_aggregate,748,1085.8204621995121,1
nyc,4339.01,Butler St & Court St,88432,44081,44351,88432,40.684989270280575,-73.99440319595341,2020,2025,3,12,1,12,72,lifetime_aggregate,637,720.3274832639769,1
nyc,434,9 Ave & W 18 St,59041,28627,30414,59041,40.74317447646367,-74.00366445603234,2019,2019,1,7,6,12,7,lifetime_aggregate,1131,1915.6179604003999,1
nyc,4342.04,Hancock St & Malcolm X Blvd,42553,21325,21228,42553,40.68487,-73.9293,2023,2025,2,12,1,12,36,lifetime_aggregate,581,1365.3561441026484,1
nyc,4345.11,Fulton St & Waverly Ave,181977,91752,90225,181977,40.68323875472891,-73.96599592689023,2020,2025,3,12,1,12,72,lifetime_aggregate,1210,664.9191930848405,1
nyc,4348.07,Carroll St & Columbia St,90824,45221,45603,90824,40.6830457199458,-74.00348571303034,2020,2025,3,12,1,12,72,lifetime_aggregate,755,831.2780762793974,1
nyc,435,W 21 St & 6 Ave,220828,110305,110523,220828,40.74173969,-73.99415556,2019,2019,1,12,1,12,12,lifetime_aggregate,1446,654.8082670675819,1
nyc,4354.05,S Portland Ave & Hanson Pl,131085,65328,65757,131085,40.68539576504186,-73.97431470380664,2020,2025,3,12,1,12,72,lifetime_aggregate,1643,1253.385208071099,1
nyc,4354.07,Atlantic Ave & Fort Greene Pl,194755,97158,97597,194755,40.683826027217805,-73.97632319052461,2020,2025,3,12,1,12,72,lifetime_aggregate,1965,1008.9599753536495,1
nyc,4357.01,Moffat St & Bushwick,24759,12408,12351,24759,40.68458,-73.90925,2020,2025,3,12,1,12,72,lifetime_aggregate,888,3586.574578940991,1
nyc,436,Hancock St & Bedford Ave,13993,7210,6783,13993,40.68216564,-73.95399026,2019,2019,1,12,1,12,12,lifetime_aggregate,1309,9354.677338669335,1
nyc,4362.04,Pacific St & Nevins St,95762,47829,47933,95762,40.685376067636994,-73.98302124349317,2020,2025,3,12,1,12,72,lifetime_aggregate,1711,1786.7212464234249,1
nyc,4366.01,Halsey St & Broadway,37626,18976,18650,37626,40.68565,-73.91564,2020,2025,3,12,1,12,72,lifetime_aggregate,1005,2671.025354807846,1
nyc,4366.1,Decatur St & Saratoga Ave,3215,1911,1304,3215,40.68332,-73.91711,2023,2025,2,11,1,12,36,lifetime_aggregate,797,24790.0466562986,1
nyc,4366.10,Decatur St & Saratoga Ave,16364,7839,8525,16364,40.68332,-73.91711,2023,2025,2,12,1,12,36,lifetime_aggregate,797,4870.447323392813,1
nyc,4368.05,Monroe St & Bedford Ave,158907,79503,79404,158907,40.68514420535479,-73.95380902738063,2020,2025,3,12,1,12,72,lifetime_aggregate,897,564.4811115935736,1
nyc,437,Macon St & Nostrand Ave,33884,17063,16821,33884,40.6809833854,-73.9500479759,2019,2019,1,12,1,12,12,lifetime_aggregate,1574,4645.260299846535,1
nyc,4371.01,Warren St & Smith St,93489,46310,47179,93489,40.6854240099616,-73.99127773962978,2023,2025,2,12,1,12,36,lifetime_aggregate,918,981.93370343035,1
nyc,4374.01,Picnic Point,31103,15583,15520,31103,40.68512566432366,-74.02535315744568,2020,2025,3,12,7,12,66,lifetime_aggregate,0,0.0,1
nyc,4375.02,Jefferson Ave & Patchen Ave,24704,12429,12275,24704,40.68609,-73.92628,2023,2025,2,12,4,12,33,lifetime_aggregate,700,2833.5492227979275,1
nyc,4377.04,Cambridge Pl & Gates Ave,115071,57494,57577,115071,40.68488,-73.96304,2020,2025,3,12,1,12,72,lifetime_aggregate,878,763.0071868672385,1
nyc,438,St Marks Pl & 1 Ave,133381,66029,67352,133381,40.72779126,-73.98564945,2019,2019,1,12,1,12,12,lifetime_aggregate,1087,814.9586522818093,1
nyc,4380.08,Henry St & Degraw St,110380,55073,55307,110380,40.684751266741465,-73.99917268774759,2020,2025,3,12,1,12,72,lifetime_aggregate,896,811.74125747418,1
nyc,4383.06,Hancock St & Stuyvesant Ave,42440,21223,21217,42440,40.68454,-73.9322,2023,2025,2,12,1,12,36,lifetime_aggregate,660,1555.1366635249765,1
nyc,4386.05,Fulton St & Clermont Ave,112335,56497,55838,112335,40.68415732597224,-73.96922280710572,2020,2025,3,12,1,12,72,lifetime_aggregate,1144,1018.3825165798728,1
nyc,4386.07,Carlton Ave & Greene Ave,48345,24140,24205,48345,40.685957,-73.971468,2025,2025,1,12,1,12,12,lifetime_aggregate,1088,2250.4912607301685,1
nyc,439,E 4 St & 2 Ave,119743,59441,60302,119743,40.7262807,-73.98978041,2019,2019,1,12,1,12,12,lifetime_aggregate,1523,1271.8906324378045,1
nyc,4392.04,Putnam Ave & Throop Ave,101683,50967,50716,101683,40.68515313678026,-73.94111,2020,2025,3,12,1,12,72,lifetime_aggregate,737,724.8015892528741,1
nyc,4395.04,Lafayette Ave & Fort Greene Pl,42844,21345,21499,42844,40.68691895887553,-73.976682,2020,2020,1,12,1,12,12,lifetime_aggregate,1815,4236.299131733732,1
nyc,4395.07,Hanson Pl & Ashland Pl,347988,173418,174570,347988,40.68506804969375,-73.97790771711078,2020,2025,3,12,1,12,72,lifetime_aggregate,2036,585.0776463556215,1
nyc,4399.03,Eldert St & Bushwick Ave,28683,14372,14311,28683,40.68652,-73.91321,2020,2025,3,12,1,12,72,lifetime_aggregate,1073,3740.8918174528467,1
nyc,440,E 45 St & 3 Ave,75013,37555,37458,75013,40.75255434,-73.97282625,2019,2019,1,12,1,12,12,lifetime_aggregate,1779,2371.588924586405,1
nyc,4401.04,Marcy Ave & Gates Ave,29471,14813,14658,29471,40.686679,-73.947417,2025,2025,1,12,1,12,12,lifetime_aggregate,771,2616.131111940552,1
nyc,4404.1,Bond St & Bergen St,10721,7798,2923,10721,40.6849668001106,-73.98620772015484,2023,2025,2,11,1,9,33,lifetime_aggregate,1017,9486.05540527936,1
nyc,4404.10,Bond St & Bergen St,90000,42299,47701,90000,40.68496685771905,-73.98620780359784,2020,2025,3,12,1,12,72,lifetime_aggregate,1017,1130.0,1
nyc,4408.07,Macon St & Howard Ave,27016,13643,13373,27016,40.68452,-73.92011,2023,2025,2,12,1,12,36,lifetime_aggregate,707,2616.967722830915,1
nyc,441,E 52 St & 2 Ave,35364,17661,17703,35364,40.756014,-73.967416,2019,2019,1,7,1,7,7,lifetime_aggregate,1710,4835.425856803529,1
nyc,4410.02,Franklin Ave & Quincy St,54150,27098,27052,54150,40.68636,-73.95678,2025,2025,1,12,1,12,12,lifetime_aggregate,693,1279.7783933518006,1
nyc,4413.08,Warren St & Court St,97008,48232,48776,97008,40.686371,-73.99383316194974,2020,2025,3,12,1,12,72,lifetime_aggregate,968,997.8558469404585,1
nyc,4416.1,Madison St & Malcolm X Blvd,10778,2968,7810,10778,40.68713,-73.93008,2023,2025,2,12,1,11,35,lifetime_aggregate,606,5622.564483206532,1
nyc,4416.10,Madison St & Malcolm X Blvd,32271,18787,13484,32271,40.68713,-73.93008,2023,2025,2,12,1,12,36,lifetime_aggregate,606,1877.8469833596728,1
nyc,4419.03,Washington Ave & Greene Ave,81122,40524,40598,81122,40.68650077839901,-73.96563304217503,2020,2025,3,12,1,12,72,lifetime_aggregate,838,1033.0120066073323,1
nyc,442,W 27 St & 7 Ave,135592,67953,67639,135592,40.746647,-73.993915,2019,2019,1,12,1,12,12,lifetime_aggregate,1795,1323.8244144197297,1
nyc,4422.04,Columbia St & Degraw St,86939,43205,43734,86939,40.68592972235361,-74.00242374948944,2020,2025,3,12,1,12,72,lifetime_aggregate,775,891.4296230690485,1
nyc,4422.05,Columbia St & Kane St,61755,30744,31011,61755,40.68763169047265,-74.00162572423581,2020,2025,3,12,1,12,72,lifetime_aggregate,1116,1807.141122176342,1
nyc,4425.02,Lewis Ave & Madison St,87912,44128,43784,87912,40.686312,-73.935775,2020,2025,3,12,1,12,72,lifetime_aggregate,683,776.913276913277,1
nyc,4428.02,Cumberland St & Lafayette Ave,132231,65965,66266,132231,40.687534040717935,-73.97265187529675,2020,2025,3,12,1,12,72,lifetime_aggregate,817,617.8581421905604,1
nyc,443,Bedford Ave & S 9 St,13743,7096,6647,13743,40.70853074,-73.96408963,2019,2019,1,12,1,12,12,lifetime_aggregate,891,6483.300589390962,1
nyc,4432.1,Central Ave & Decatur St,2277,2148,129,2277,40.6882,-73.90798,2023,2025,2,11,1,5,29,lifetime_aggregate,775,34036.01229688186,1
nyc,4432.10,Central Ave & Decatur St,24705,11406,13299,24705,40.6882,-73.90798,2020,2025,3,12,1,12,72,lifetime_aggregate,775,3137.016798218984,1
nyc,4434.06,Monroe St & Tompkins Ave,122418,61000,61418,122418,40.686203,-73.944694,2020,2025,3,12,1,12,72,lifetime_aggregate,652,532.6014148246172,1
nyc,4437.01,3 Ave & Schermerhorn St,148603,74060,74543,148603,40.68683205444818,-73.97967713612044,2020,2025,3,12,1,12,72,lifetime_aggregate,1988,1337.7926421404682,1
nyc,4437.09,Nevins St & Schermerhorn St,99591,49692,49899,99591,40.68737247611069,-73.98176059160865,2023,2025,2,12,1,12,36,lifetime_aggregate,1831,1838.5195449387995,1
nyc,4440.01,Yankee Ferry Terminal,1538,776,762,1538,40.686931,-74.016966,2020,2020,1,4,7,10,4,lifetime_aggregate,0,0.0,1
nyc,4440.01,Yankee Ferry Terminal (old),13818,6903,6915,13818,40.686931,-74.016966,2020,2020,1,5,7,11,5,lifetime_aggregate,0,0.0,1
nyc,4440.02,Yankee Ferry Terminal,38561,19341,19220,38561,40.68706580457102,-74.01675585551357,2023,2025,2,12,1,12,36,lifetime_aggregate,0,0.0,1
nyc,4441.06,Broadway & Hancock St,40499,20701,19798,40499,40.686628531980745,-73.91680244205807,2020,2025,3,12,1,12,72,lifetime_aggregate,926,2286.4762092891183,1
nyc,4446.01,Bergen St & Smith St,215383,105583,109800,215383,40.686744203369386,-73.9906317759144,2020,2025,3,12,1,12,72,lifetime_aggregate,1187,551.1112761917143,1
nyc,4446.03,Pacific St & Smith St,95173,47030,48143,95173,40.68788093964634,-73.98939281712214,2023,2025,2,12,1,12,36,lifetime_aggregate,1359,1427.9259874123964,1
nyc,4446.05,Dean St & Hoyt St,83411,41156,42255,83411,40.6864441338283,-73.98759102676566,2020,2025,3,12,1,12,72,lifetime_aggregate,1183,1418.2781647504526,1
nyc,445,E 10 St & Avenue A,143687,70646,73041,143687,40.72740794,-73.98142006,2019,2019,1,12,1,12,12,lifetime_aggregate,761,529.6234175673512,1
nyc,4450.06,Putnam Ave & Ralph Ave,42885,21494,21391,42885,40.68705,-73.92338,2023,2025,2,12,1,12,36,lifetime_aggregate,847,1975.049551125102,1
nyc,4452.01,Lafayette Ave & Classon Ave,74356,37284,37072,74356,40.68900422431415,-73.96023874576777,2020,2023,2,12,1,12,48,lifetime_aggregate,741,996.5571036634568,1
nyc,4452.03,Lexington Ave & Classon Ave,129629,64849,64780,129629,40.68676794061337,-73.95928176987603,2020,2025,3,12,1,12,72,lifetime_aggregate,736,567.7741863317622,1
nyc,4455.07,Congress St & Clinton St,30995,15418,15577,30995,40.68815298062862,-73.99520900475916,2020,2020,1,12,1,12,12,lifetime_aggregate,1328,4284.562026133247,1
nyc,4455.1,Congress St & Clinton St,25192,11143,14049,25192,40.68825516584315,-73.99545192724511,2023,2025,2,12,1,9,33,lifetime_aggregate,1432,5684.344236265481,1
nyc,4455.10,Congress St & Clinton St,79894,41179,38715,79894,40.688255165882694,-73.99545192722776,2023,2025,2,12,1,11,35,lifetime_aggregate,1432,1792.3748967381782,1
nyc,4455.11,Kane St & Clinton St,103696,51503,52193,103696,40.68617585920959,-73.99645296043664,2020,2025,3,12,1,12,72,lifetime_aggregate,936,902.6384817157847,1
nyc,4458.06,Stuyvesant Ave & Gates Ave,29331,15448,13883,29331,40.68834,-73.93306,2023,2025,2,12,1,12,36,lifetime_aggregate,609,2076.3015239848623,1
nyc,446,W 24 St & 7 Ave,145087,72422,72665,145087,40.74487634,-73.99529885,2019,2019,1,12,1,12,12,lifetime_aggregate,1555,1071.7707306650493,1
nyc,4461.01,Clermont Ave & Lafayette Ave,124810,63070,61740,124810,40.68764488251897,-73.9696890135327,2020,2025,3,12,1,12,72,lifetime_aggregate,814,652.1913308228508,1
nyc,4461.04,DeKalb Ave & Vanderbilt Ave,179929,90261,89668,179929,40.68940731994684,-73.96885470444205,2020,2025,3,12,1,12,72,lifetime_aggregate,722,401.26938959256154,1
nyc,4461.07,Waverly Ave & Lafayette Ave,29811,14889,14922,29811,40.688231,-73.966804,2025,2025,1,8,1,8,8,lifetime_aggregate,685,2297.809533393714,1
nyc,4467.03,Monroe St & Marcus Garvey Blvd,45918,23112,22806,45918,40.686722,-73.938988,2023,2025,2,12,1,12,36,lifetime_aggregate,735,1600.6794721024437,1
nyc,447,8 Ave & W 52 St,112863,56314,56549,112863,40.76370739,-73.9851615,2019,2019,1,12,1,12,12,lifetime_aggregate,1655,1466.379592957834,1
nyc,4470.09,Lafayette Ave & Ft Greene Pl,201671,100663,101008,201671,40.68700231269605,-73.97664964225395,2023,2025,2,12,1,12,36,lifetime_aggregate,1728,856.8410926707361,1
nyc,4474.01,Halsey St & Evergreen Ave,25672,12946,12726,25672,40.68858,-73.91227,2020,2025,3,12,1,12,72,lifetime_aggregate,1050,4090.0592084761606,1
nyc,4476.03,Marcy Ave & Lafayette Ave,100089,50254,49835,100089,40.69008163885848,-73.947915,2020,2025,3,12,1,12,72,lifetime_aggregate,916,915.1854849184226,1
nyc,4479.06,Bond St & Fulton St,200992,99876,101116,200992,40.68962212559154,-73.98304287404302,2020,2025,3,12,1,12,72,lifetime_aggregate,1797,894.0654354402164,1
nyc,4479.08,Schermerhorn St & Bond St,39273,19537,19736,39273,40.688417016306246,-73.98451695417327,2020,2020,1,12,1,12,12,lifetime_aggregate,1873,4769.179843658493,1
nyc,4479.1,Schermerhorn St & Hoyt St,32825,19759,13066,32825,40.68862629982387,-73.98519109994129,2023,2025,2,12,1,12,36,lifetime_aggregate,1823,5553.693830921554,1
nyc,4479.10,Schermerhorn St & Hoyt St,170164,81523,88641,170164,40.68862629984101,-73.98519109994699,2023,2025,2,12,1,12,36,lifetime_aggregate,1823,1071.3194330175595,1
nyc,448,W 37 St & 10 Ave,87486,43767,43719,87486,40.75660370587503,-73.99790090822339,2019,2019,1,12,1,12,12,lifetime_aggregate,2171,2481.5399035274218,1
nyc,4483.1,Broadway & Madison St,5693,4860,833,5693,40.68822,-73.91966,2023,2025,2,11,1,12,36,lifetime_aggregate,1067,18742.315123836288,1
nyc,4483.10,Broadway & Madison St,61026,28693,32333,61026,40.68822,-73.91966,2020,2025,3,12,1,12,72,lifetime_aggregate,1067,1748.4350932389473,1
nyc,4485.1,Clifton Pl & Bedford Ave,1973,444,1529,1973,40.688655,-73.955156,2025,2025,1,6,1,8,8,lifetime_aggregate,1045,52965.02787633046,1
nyc,4485.10,Clifton Pl & Bedford Ave,52432,26742,25690,52432,40.688655,-73.955156,2025,2025,1,12,1,12,12,lifetime_aggregate,1045,1993.0576747024718,1
nyc,4488.08,Court St & State St,190935,95250,95685,190935,40.690237668517156,-73.99203082383346,2020,2025,3,12,1,9,69,lifetime_aggregate,1419,743.18485348417,1
nyc,4488.1,Amity St & Court St,568,0,568,568,40.68841885589487,-73.9931417101234,2025,2025,1,2,10,12,3,lifetime_aggregate,1327,233626.7605633803,1
nyc,4488.10,Amity St & Court St,3731,2138,1593,3731,40.68841885589487,-73.9931417101234,2025,2025,1,3,10,12,3,lifetime_aggregate,1327,35566.87215223801,1
nyc,4491.09,Monroe St & Patchen Ave,35150,17684,17466,35150,40.68814,-73.92693,2023,2025,2,12,1,12,36,lifetime_aggregate,828,2355.6187766714083,1
nyc,4494.04,Lafayette Ave & St James Pl,159688,80427,79261,159688,40.68851523085815,-73.96476285440023,2020,2025,3,12,1,12,72,lifetime_aggregate,678,424.57792695756723,1
nyc,4497.09,Congress St & Hicks St,54041,26742,27299,54041,40.68939519975431,-73.99951260049139,2023,2025,2,12,1,12,36,lifetime_aggregate,1192,2205.7326844432932,1
nyc,450,W 49 St & 8 Ave,108105,55597,52508,108105,40.76227201272053,-73.9878820827633,2019,2019,1,12,1,12,12,lifetime_aggregate,1858,1718.6994126081124,1
nyc,4500.07,Lexington Ave & Stuyvesant Ave,39075,20052,19023,39075,40.68973,-73.93353,2023,2025,2,12,1,12,36,lifetime_aggregate,658,1683.9411388355725,1
nyc,4507.07,Wilson Ave & Moffat St,38027,19320,18707,38027,40.68906,-73.90506,2020,2025,3,12,1,12,72,lifetime_aggregate,464,1220.1856575591028,1
nyc,4510.04,Greene Ave & Throop Ave,102858,51369,51489,102858,40.6894931384482,-73.942061,2020,2025,3,12,1,12,72,lifetime_aggregate,816,793.3267222773143,1
nyc,4513.03,Fulton St & Rockwell Pl,1091,542,549,1091,40.68841,-73.979458,2020,2020,1,1,1,1,1,lifetime_aggregate,1774,162603.1164069661,1
nyc,4513.06,DeKalb Ave & Hudson Ave,164409,79685,84724,164409,40.689888,-73.981013,2020,2025,3,12,1,12,72,lifetime_aggregate,1706,1037.656089386834,1
nyc,4513.09,Ashland Pl & Dekalb Ave,75562,37502,38060,75562,40.690065,-73.978776,2023,2025,2,12,1,12,36,lifetime_aggregate,1350,1786.6123183610807,1
nyc,4517.03,Jefferson Ave & Evergreen Ave,43656,21841,21815,43656,40.68989,-73.91458,2020,2025,3,12,1,12,72,lifetime_aggregate,984,2253.9857064321054,1
nyc,4519.02,Greene Ave & Nostrand Ave,101225,50977,50248,101225,40.68833377929392,-73.950916,2020,2025,3,12,1,12,72,lifetime_aggregate,932,920.7211657199309,1
nyc,4519.04,Kosciuszko St & Nostrand Ave,92179,46167,46012,92179,40.69072533586553,-73.95133474697788,2020,2025,3,12,1,12,72,lifetime_aggregate,1017,1103.2881675869776,1
nyc,4522.07,State St & Smith St,102175,50830,51345,102175,40.68917,-73.9886,2023,2025,2,12,1,12,36,lifetime_aggregate,1496,1464.1546366528016,1
nyc,4526.01,Grove St & Broadway,86247,44142,42105,86247,40.69047,-73.923511,2020,2025,3,12,1,12,72,lifetime_aggregate,1027,1190.7660556309206,1
nyc,4528.01,DeKalb Ave & Franklin Ave,113596,56739,56857,113596,40.69064804843133,-73.9574618442634,2020,2025,3,12,1,12,72,lifetime_aggregate,1017,895.2780027465756,1
nyc,4528.03,Lafayette Ave & Franklin Ave,33078,16624,16454,33078,40.689271,-73.957324,2025,2025,1,12,1,12,12,lifetime_aggregate,839,2536.4290464961605,1
nyc,453,W 22 St & 8 Ave,133347,66802,66545,133347,40.74475151283159,-73.99915358966393,2019,2019,1,12,1,12,12,lifetime_aggregate,1076,806.9172909776748,1
nyc,4531.05,Henry St & Atlantic Ave,157063,78408,78655,157063,40.69089280922332,-73.99612332186898,2020,2025,3,12,1,10,70,lifetime_aggregate,1532,975.4047738805448,1
nyc,4534.06,Lexington Ave & Patchen Ave,27050,13585,13465,27050,40.6904,-73.9277,2023,2025,2,12,10,12,27,lifetime_aggregate,967,3574.8613678373385,1
nyc,454,E 51 St & 1 Ave,63891,32010,31881,63891,40.75455731,-73.96592976,2019,2019,1,12,1,12,12,lifetime_aggregate,1284,2009.6727238578203,1
nyc,4543.07,Lewis Ave & Greene Ave,55478,27874,27604,55478,40.68995,-73.9365,2023,2025,2,12,1,12,36,lifetime_aggregate,753,1357.2947835177908,1
nyc,4546.04,DeKalb Ave & S Portland Ave,103978,51818,52160,103978,40.689810183263496,-73.97493110995809,2020,2023,2,12,1,12,48,lifetime_aggregate,928,892.4964896420397,1
nyc,4546.05,Washington Park,135294,67735,67559,135294,40.69178220406478,-73.97372992184938,2020,2025,3,12,1,12,72,lifetime_aggregate,731,540.3048176563632,1
nyc,4546.06,DeKalb Ave & S Portland Ave,60370,30134,30236,60370,40.68967018552252,-73.97527355121376,2025,2025,1,12,1,12,12,lifetime_aggregate,1095,1813.8148086798078,1
nyc,455,1 Ave & E 44 St,73217,37028,36189,73217,40.75001986,-73.96905301,2019,2019,1,12,1,12,12,lifetime_aggregate,1221,1667.6454921671198,1
nyc,4550.05,Central Ave & Covert St,32822,16600,16222,32822,40.68929,-73.90951,2020,2025,3,12,1,12,72,lifetime_aggregate,935,2848.6990433245996,1
nyc,4553.04,Kosciuszko St & Tompkins Ave,108939,54473,54466,108939,40.691282698223276,-73.94524171195138,2020,2025,3,12,1,12,72,lifetime_aggregate,764,701.3099073793591,1
nyc,4556.08,Albee Square W & Fulton St,16389,8175,8214,16389,40.690687586859,-73.98347854692776,2023,2023,1,5,1,5,5,lifetime_aggregate,1782,10873.146622734761,1
nyc,456,E 53 St & Madison Ave,73926,37063,36863,73926,40.7597108,-73.97402311,2019,2019,1,12,1,12,12,lifetime_aggregate,1840,2488.9754619484347,1
nyc,4560.01,Madison St & Evergreen Ave,41268,20787,20481,41268,40.69122,-73.91693,2020,2025,3,12,1,12,72,lifetime_aggregate,1044,2529.8051759232335,1
nyc,4562.02,DeKalb Ave & Bedford Ave,39744,19812,19932,39744,40.690894,-73.955195,2025,2025,1,12,1,12,12,lifetime_aggregate,1122,2823.067632850242,1
nyc,4565.04,85,33,17,16,33,40.69102912449924,-73.99183330410858,2020,2020,1,1,7,7,1,lifetime_aggregate,1320,4000000.0,1
nyc,4565.04,Schermerhorn St & Court St,28486,14216,14270,28486,40.69102900781808,-73.99183396894912,2020,2020,1,12,1,12,12,lifetime_aggregate,1320,4633.855227129116,1
nyc,4565.06,State St & Smith St,31640,15733,15907,31640,40.689269015047394,-73.98912896090377,2020,2020,1,12,1,12,12,lifetime_aggregate,1527,4826.1694058154235,1
nyc,4565.07,Schermerhorn St & Court St,135748,67715,68033,135748,40.69103637476267,-73.99201065314541,2023,2025,2,12,1,12,36,lifetime_aggregate,1410,1038.6893361228158,1
nyc,4568.01,Van Buren St & Broadway,40658,20600,20058,40658,40.692,-73.92617,2020,2025,3,12,1,12,72,lifetime_aggregate,1126,2769.4426681095974,1
nyc,4576.11,Lafayette Ave & Stuyvesant Ave,33544,16974,16570,33544,40.691992516039456,-73.93255010241388,2023,2025,2,12,1,12,36,lifetime_aggregate,903,2691.9866444073455,1
nyc,458,11 Ave & W 27 St,139055,69098,69957,139055,40.751396,-74.005226,2019,2019,1,12,1,12,12,lifetime_aggregate,725,521.3764337851928,1
nyc,4582.05,Knickerbocker Ave & Cooper St,5809,2920,2889,5809,40.69081,-73.90448,2020,2020,1,12,1,12,12,lifetime_aggregate,535,9209.846789464624,1
nyc,4582.08,Knickerbocker Ave & Moffat St,17178,8633,8545,17178,40.690434,-73.903737,2023,2025,2,12,1,12,36,lifetime_aggregate,444,2584.7013622074746,1
nyc,4587.02,Willoughby St & Ashland Pl,58280,28982,29298,58280,40.69178,-73.97877,2020,2025,3,12,1,12,72,lifetime_aggregate,1202,2062.4571036376115,1
nyc,459,W 20 St & 11 Ave,196745,96991,99754,196745,40.746745,-74.007756,2019,2019,1,12,1,12,12,lifetime_aggregate,651,330.88515591247557,1
nyc,4590.01,Soissons Landing,45043,22259,22784,45043,40.69231668803878,-74.01486580268197,2020,2025,3,12,7,6,60,lifetime_aggregate,0,0.0,1
nyc,4591.04,Central Ave & Weirfield St,40852,20519,20333,40852,40.69055,-73.91181,2020,2025,3,12,1,12,72,lifetime_aggregate,999,2445.412709292079,1
nyc,4593.05,Marcy Ave & Hart St,39224,19619,19605,39224,40.693022,-73.94868,2025,2025,1,12,1,12,12,lifetime_aggregate,970,2472.975729145421,1
nyc,4596.05,Duffield St & Willoughby St,166653,83038,83615,166653,40.69221591393958,-73.98428427206551,2020,2025,3,12,1,12,72,lifetime_aggregate,2141,1284.7053458383587,1
nyc,4596.09,Lawrence St & Willoughby St,206361,102952,103409,206361,40.69236184250281,-73.98631731157698,2020,2025,3,12,1,12,72,lifetime_aggregate,2276,1102.9215791743595,1
nyc,460,S 4 St & Wythe Ave,76480,38243,38237,76480,40.71285887,-73.96590294,2019,2019,1,12,1,12,12,lifetime_aggregate,706,923.1171548117155,1
nyc,4600.09,Bushwick Ave & Linden St,58895,29970,28925,58895,40.69146,-73.92146,2020,2025,3,12,1,12,72,lifetime_aggregate,1069,1815.0946599881147,1
nyc,4605.04,Clinton St & Joralemon St,190361,94805,95556,190361,40.69239501350822,-73.99337906078696,2020,2025,3,12,1,12,72,lifetime_aggregate,1231,646.6660713066227,1
nyc,4608.01,Broadway & Kosciuszko St,57885,30391,27494,57885,40.69329,-73.92852,2020,2025,3,12,1,12,72,lifetime_aggregate,1048,1810.4863090610695,1
nyc,461,E 20 St & 2 Ave,126730,65081,61649,126730,40.73587678,-73.98205027,2019,2019,1,12,1,12,12,lifetime_aggregate,1326,1046.318945790263,1
nyc,4611.03,Willoughby Ave & Hall St,186545,94284,92261,186545,40.69196023718597,-73.96536865844132,2020,2025,3,12,1,12,72,lifetime_aggregate,820,439.5722211798762,1
nyc,4614.04,Atlantic Ave & Furman St,226757,112884,113873,226757,40.691651876812756,-73.99997872122145,2020,2025,3,12,1,12,72,lifetime_aggregate,1037,457.3177454279251,1
nyc,4615.01,Wyckoff Ave & Cooper Ave,18364,9166,9198,18364,40.69338,-73.90061,2023,2025,2,12,1,12,36,lifetime_aggregate,491,2673.709431496406,1
nyc,4617.01,Lewis Ave & Kosciuszko St,66430,33604,32826,66430,40.6923708021629,-73.93705419386907,2020,2025,3,12,1,12,72,lifetime_aggregate,784,1180.1896733403582,1
nyc,462,W 22 St & 10 Ave,143225,71282,71943,143225,40.74691959,-74.00451887,2019,2019,1,12,1,12,12,lifetime_aggregate,880,614.4178739745156,1
nyc,4620.02,Adelphi St & Myrtle Ave,177970,89211,88759,177970,40.69308269768807,-73.97178908845365,2020,2025,3,12,1,12,72,lifetime_aggregate,860,483.22751025453726,1
nyc,4623.02,Knickerbocker Ave & Halsey St,33135,16667,16468,33135,40.693,-73.90824,2020,2025,3,12,1,12,72,lifetime_aggregate,900,2716.1611588954274,1
nyc,4625.01,Pulaski St & Throop Ave,43309,21667,21642,43309,40.693115,-73.943149,2025,2025,1,12,1,12,12,lifetime_aggregate,867,2001.893370892886,1
nyc,4628.05,Willoughby St & Fleet St,181693,90410,91283,181693,40.69196576087279,-73.98130185568785,2020,2025,3,12,1,12,72,lifetime_aggregate,1523,838.2271193716874,1
nyc,4628.07,Myrtle Ave & Fleet Pl,93727,46861,46866,93727,40.693534,-73.981909,2023,2025,2,12,1,12,36,lifetime_aggregate,1816,1937.5420103065287,1
nyc,4631.02,Soissons Landing,19224,9571,9653,19224,40.692566,-74.015936,2025,2025,1,7,6,12,7,lifetime_aggregate,0,0.0,1
nyc,4632.1,Central Ave & Woodbine St,9160,4669,4491,9160,40.69296,-73.91605,2023,2025,2,11,1,9,33,lifetime_aggregate,945,10316.593886462882,1
nyc,4632.10,Central Ave & Woodbine St,50930,25356,25574,50930,40.69296,-73.91605,2020,2025,3,12,1,12,72,lifetime_aggregate,945,1855.4879246023954,1
nyc,4634.02,Willoughby Ave & Walworth St,82017,40938,41079,82017,40.693317109599576,-73.95381995272021,2020,2025,3,12,1,12,72,lifetime_aggregate,1220,1487.4964946291623,1
nyc,4637.06,Fulton St & Adams St,242711,121289,121422,242711,40.69241819834505,-73.98949481455458,2020,2025,3,12,1,12,72,lifetime_aggregate,1639,675.2887178578638,1
nyc,4637.07,Johnson St & Brooklyn Bridge Blvd,21455,10588,10867,21455,40.69517436149312,-73.98919894400785,2023,2023,1,8,5,12,8,lifetime_aggregate,1478,6888.837100908879,1
nyc,464,E 56 St & 3 Ave,21858,10816,11042,21858,40.75934501,-73.96759673,2019,2019,1,5,8,12,5,lifetime_aggregate,2282,10440.113459602891,1
nyc,4640.01,Bushwick Ave & Harman St,63698,31905,31793,63698,40.69356,-73.92524,2020,2025,3,12,1,12,72,lifetime_aggregate,1105,1734.7483437470564,1
nyc,4645.04,Henry St & Remsen St,69751,34890,34861,69751,40.69400964906876,-73.99465128745923,2023,2025,2,12,1,12,36,lifetime_aggregate,1048,1502.4874195352038,1
nyc,4645.09,Hicks St & Montague St,87963,44025,43938,87963,40.695128240530764,-73.99595080452984,2020,2025,3,12,1,1,61,lifetime_aggregate,915,1040.2100883325945,1
nyc,4648.03,Malcolm X Blvd & DeKalb Ave,34799,17538,17261,34799,40.6938,-73.93114,2023,2025,2,12,1,12,36,lifetime_aggregate,1177,3382.28110003161,1
nyc,465,Broadway & W 41 St,168072,84659,83413,168072,40.75513557,-73.98658032,2019,2019,1,12,1,12,12,lifetime_aggregate,2454,1460.0885334856491,1
nyc,4651.02,Clinton Ave & Myrtle Ave,218462,110021,108441,218462,40.693261,-73.968896,2020,2025,3,12,1,12,72,lifetime_aggregate,840,384.5062299164157,1
nyc,4654.01,Norman St & Wyckoff Ave,53721,26818,26903,53721,40.69517,-73.90311,2020,2025,3,12,1,12,72,lifetime_aggregate,754,1403.5479607602242,1
nyc,4656.03,Pulaski St & Marcus Garvey Blvd,70436,35328,35108,70436,40.69339813745248,-73.939877,2020,2025,3,12,1,12,72,lifetime_aggregate,863,1225.2257368391163,1
nyc,4659.02,Myrtle Ave & St Edwards St,85555,42868,42687,85555,40.69327012241145,-73.97703881309774,2020,2025,3,12,1,12,72,lifetime_aggregate,1041,1216.761147799661,1
nyc,466,W 25 St & 6 Ave,125309,62665,62644,125309,40.74395411,-73.99144871,2019,2019,1,12,1,12,12,lifetime_aggregate,1763,1406.9220885969883,1
nyc,4663.02,Knickerbocker Ave & Hancock St,39299,20399,18900,39299,40.69385,-73.90974,2020,2025,3,12,1,12,72,lifetime_aggregate,889,2262.144074912848,1
nyc,4663.06,Putnam Ave & Knickerbocker Ave,38026,19732,18294,38026,40.69545,-73.91164,2020,2025,3,12,1,12,72,lifetime_aggregate,1068,2808.6046389312573,1
nyc,4665.02,Willoughby Ave & Tompkins Ave,90773,45384,45389,90773,40.69425402063541,-73.94626910317707,2020,2025,3,12,1,12,72,lifetime_aggregate,806,887.9292300573959,1
nyc,4668.08,Johnson St & Gold St,107164,53579,53585,107164,40.69474885908446,-73.98362474341735,2020,2025,3,12,1,12,72,lifetime_aggregate,2005,1870.9641297450637,1
nyc,467,Dean St & 4 Ave,51362,25434,25928,51362,40.68312489,-73.97895137,2019,2019,1,12,1,12,12,lifetime_aggregate,1959,3814.103812156847,1
nyc,4672.01,Menahan St & Central Ave,40042,20186,19856,40042,40.69543,-73.9196,2020,2025,3,12,1,12,72,lifetime_aggregate,1155,2884.471305129614,1
nyc,4677.01,Cadman Plaza E & Tillary St,80820,40329,40491,80820,40.69597683579143,-73.99014892188606,2020,2025,3,12,12,12,61,lifetime_aggregate,1402,1734.719128928483,1
nyc,4677.06,Montague St & Clinton St,168766,84261,84505,168766,40.69427182412077,-73.99232666907363,2020,2025,3,12,1,12,72,lifetime_aggregate,1044,618.6080134624273,1
nyc,4677.1,Cadman Plaza E & Johnson St,23458,11696,11762,23458,40.69531700797627,-73.99015700708348,2020,2020,1,12,1,12,12,lifetime_aggregate,1407,5997.953789751897,1
nyc,468,Broadway & W 56 St,138318,71237,67081,138318,40.7652653863389,-73.98192339162306,2019,2019,1,12,1,12,12,lifetime_aggregate,1729,1250.0180742925722,1
nyc,4680.05,Bushwick Ave & Dekalb Ave,51369,26629,24740,51369,40.69502,-73.92825,2020,2025,3,12,1,12,72,lifetime_aggregate,1208,2351.6128404290525,1
nyc,4683.02,Emerson Pl & Myrtle Ave,181743,92481,89262,181743,40.69363125268515,-73.96223570120388,2020,2025,3,12,1,12,72,lifetime_aggregate,822,452.2870206830524,1
nyc,4687.03,Cypress Ave & St Felix Ave,6292,3224,3068,6292,40.69559,-73.89927,2023,2025,2,12,2,12,35,lifetime_aggregate,580,9218.054672600127,1
nyc,4689.03,Suydam St & Broadway,80704,40817,39887,80704,40.69544,-73.93223,2020,2025,3,12,1,12,72,lifetime_aggregate,1413,1750.8425852498017,1
nyc,4689.08,Stuyvesant Ave & Hart St,39028,20765,18263,39028,40.69465,-73.9343,2023,2025,2,12,1,12,36,lifetime_aggregate,1289,3302.7569949779645,1
nyc,469,Broadway & W 53 St,85281,43028,42253,85281,40.76344058,-73.98268129,2019,2019,1,12,1,12,12,lifetime_aggregate,1921,2252.5533237180616,1
nyc,4692.01,Clermont Ave & Park Ave,77254,38675,38579,77254,40.69573398104128,-73.97129677861585,2020,2025,3,12,1,12,72,lifetime_aggregate,978,1265.9538664664612,1
nyc,4695.04,Irving Ave & Halsey St,43971,22003,21968,43971,40.69467,-73.90663,2020,2025,3,12,1,12,72,lifetime_aggregate,801,1821.6551818243843,1
nyc,4697.01,Throop Ave & Myrtle Ave,55531,27913,27618,55531,40.69622925477339,-73.94371094275608,2020,2025,3,12,1,12,72,lifetime_aggregate,964,1735.967297545515,1
nyc,470,W 20 St & 8 Ave,103143,52124,51019,103143,40.74345335,-74.00004031,2019,2019,1,12,1,12,12,lifetime_aggregate,1131,1096.5358773741311,1
nyc,4700.06,Park Ave & St Edwards St,42882,21396,21486,42882,40.696089278731364,-73.97803410197488,2020,2025,3,12,1,12,72,lifetime_aggregate,1165,2716.7576139172616,1
nyc,4707.03,Myrtle Ave & Marcy Ave,74585,37374,37211,74585,40.69539811713143,-73.94954905512067,2020,2025,3,12,1,12,72,lifetime_aggregate,977,1309.9148622377154,1
nyc,4707.04,Nostrand Ave & Myrtle Ave,57299,28706,28593,57299,40.695270054658046,-73.95238105465805,2020,2025,3,12,1,12,72,lifetime_aggregate,1100,1919.754271453254,1
nyc,471,Grand St & Havemeyer St,44184,22015,22169,44184,40.71286844,-73.95698119,2019,2019,1,12,1,12,12,lifetime_aggregate,1725,3904.1281912004342,1
nyc,4710.06,Jay St & Tech Pl,123682,61660,62022,123682,40.69506500000001,-73.987167,2020,2025,3,12,1,12,72,lifetime_aggregate,1847,1493.3458385213692,1
nyc,4713.01,Central Ave & Himrod St,49865,25092,24773,49865,40.69676,-73.92302,2020,2025,3,12,1,12,72,lifetime_aggregate,1281,2568.93612754437,1
nyc,4715.01,Franklin Ave & Myrtle Ave,61891,30911,30980,61891,40.69454605943245,-73.95801375233953,2020,2025,3,12,1,12,72,lifetime_aggregate,1215,1963.1287263091563,1
nyc,4718.08,Pierrepont St & Monroe Pl,87792,43853,43939,87792,40.69535694712831,-73.99344018308312,2020,2025,3,12,1,12,72,lifetime_aggregate,724,824.6765081100783,1
nyc,4718.11,Montague St & Hicks St,70261,35135,35126,70261,40.69522407512035,-73.99598850939152,2025,2025,1,12,1,12,12,lifetime_aggregate,896,1275.245157341911,1
nyc,4719.04,St Felix Ave & 61 St,20485,10266,10219,20485,40.69715,-73.8936,2023,2025,2,12,1,12,36,lifetime_aggregate,516,2518.916280205028,1
nyc,472,E 32 St & Park Ave,136913,69227,67686,136913,40.7457121,-73.98194829,2019,2019,1,12,1,12,12,lifetime_aggregate,1796,1311.7819345131581,1
nyc,4721.01,Cedar St & Evergreen Ave,41505,20926,20579,41505,40.69671,-73.92807,2020,2025,3,12,1,12,72,lifetime_aggregate,1280,3083.9657872545476,1
nyc,4724.03,Washington Ave & Park Ave,139556,70526,69030,139556,40.69610217629273,-73.9675102508781,2020,2025,3,12,1,12,72,lifetime_aggregate,829,594.0267706153802,1
nyc,4727.06,Summerfield St & Cypress Ave,11816,5980,5836,11816,40.69662,-73.90056,2023,2025,2,12,1,12,36,lifetime_aggregate,691,5848.002708192282,1
nyc,4729.01,Myrtle Ave & Lewis Ave,101812,51111,50701,101812,40.69681972770911,-73.93756917956698,2020,2025,3,12,1,12,72,lifetime_aggregate,1328,1304.3649078694064,1
nyc,473,Rivington St & Chrystie St,71686,35178,36508,71686,40.72110063,-73.9919254,2019,2019,1,12,1,12,12,lifetime_aggregate,2658,3707.8369556119746,1
nyc,4732.04,Carlton Ave & Park Ave,76182,37853,38329,76182,40.69580703390265,-73.97355578183125,2020,2025,3,12,1,12,72,lifetime_aggregate,886,1163.0043842377465,1
nyc,4732.08,Carlton Ave & Flushing Ave,88745,44025,44720,88745,40.697787,-73.973736,2020,2025,3,12,1,12,72,lifetime_aggregate,639,720.0405656656714,1
nyc,4735.03,Putnam Ave & Wyckoff Ave,37256,19646,17610,37256,40.69811,-73.90904,2020,2025,3,12,1,12,72,lifetime_aggregate,1056,2834.4427743182305,1
nyc,4735.16,Hancock St & Wyckoff Ave,31895,15959,15936,31895,40.6972,-73.90674,2020,2025,3,12,1,12,72,lifetime_aggregate,918,2878.1940743063174,1
nyc,474,5 Ave & E 29 St,117811,59094,58717,117811,40.74516772238449,-73.98683074765665,2019,2019,1,12,1,12,12,lifetime_aggregate,1707,1448.9309147702677,1
nyc,4743.04,Linden St & Knickerbocker Ave,26655,13302,13353,26655,40.69714,-73.91566,2020,2025,3,12,1,12,72,lifetime_aggregate,1222,4584.505721253048,1
nyc,4748.07,Clinton St & Tillary St,116375,58163,58212,116375,40.69623297070767,-73.99142061098566,2020,2025,3,12,10,12,63,lifetime_aggregate,903,775.9398496240601,1
nyc,4751.01,Cedar St & Myrtle Ave,55529,28123,27406,55529,40.697842,-73.926241,2020,2025,3,12,1,12,72,lifetime_aggregate,1191,2144.825226458247,1
nyc,4756.04,Brooklyn Bridge Park - Pier 2,123226,61409,61817,123226,40.698458,-73.997178,2020,2025,3,12,1,12,72,lifetime_aggregate,460,373.2978429876812,1
nyc,4757.06,Seneca Ave & Decatur St,4643,2349,2294,4643,40.69723,-73.89811,2023,2025,2,12,2,12,35,lifetime_aggregate,695,14968.77019168641,1
nyc,4759.02,Willoughby Ave & Myrtle Ave,102043,50961,51082,102043,40.69757,-73.93098,2020,2025,3,12,1,12,72,lifetime_aggregate,1298,1272.0127789265312,1
nyc,476,E 31 St & 3 Ave,113098,56925,56173,113098,40.74394314,-73.97966069,2019,2019,1,12,1,12,12,lifetime_aggregate,1929,1705.600452704734,1
nyc,4762.04,Clinton Ave & Flushing Ave,69510,34383,35127,69510,40.69794,-73.96986832468161,2020,2025,3,12,1,12,72,lifetime_aggregate,612,880.448856279672,1
nyc,4762.05,Flushing Ave & Vanderbilt Ave,170036,84166,85870,170036,40.69795021369187,-73.97077572555767,2020,2025,3,12,1,12,72,lifetime_aggregate,614,361.100002352443,1
nyc,4765.07,Cypress Ave & George St,13672,6830,6842,13672,40.69812,-73.90271,2020,2025,3,12,1,12,72,lifetime_aggregate,777,5683.148039789351,1
nyc,4768.02,Park Ave & Marcus Garvey Blvd,64811,32511,32300,64811,40.698617,-73.941342,2020,2025,3,12,1,12,72,lifetime_aggregate,1503,2319.050778417244,1
nyc,477,W 41 St & 8 Ave,179906,90092,89814,179906,40.75640545474157,-73.99002618155777,2019,2019,1,12,1,12,12,lifetime_aggregate,2713,1508.009738418952,1
nyc,4771.07,N Portland Ave & Flushing Ave,25828,12686,13142,25828,40.697926,-73.97662999999999,2023,2025,2,12,10,12,27,lifetime_aggregate,758,2934.7994424655412,1
nyc,4775.01,Irving Ave & Palmetto St,39706,19869,19837,39706,40.698,-73.9127,2020,2025,3,12,1,12,72,lifetime_aggregate,1184,2981.917090616028,1
nyc,4778.03,Park Ave & Marcy Ave,8631,4365,4266,8631,40.697576,-73.948881,2025,2025,1,12,1,12,12,lifetime_aggregate,993,11505.039972193257,1
nyc,478,11 Ave & W 41 St,117512,58984,58528,117512,40.760300978800494,-73.99884219734872,2019,2019,1,12,1,12,12,lifetime_aggregate,1609,1369.221866702975,1
nyc,4781.03,Concord St & Bridge St,83761,41794,41967,83761,40.69766574755041,-73.9847642507598,2020,2025,3,12,1,12,72,lifetime_aggregate,2015,2405.654182734208,1
nyc,4781.05,Nassau St & Duffield St,68334,33504,34830,68334,40.698477,-73.98384,2023,2025,2,12,1,12,36,lifetime_aggregate,1855,2714.6076623642693,1
nyc,4784.02,Greene Av & Myrtle Av,27791,13945,13846,27791,40.698568,-73.918877,2020,2023,2,12,1,10,46,lifetime_aggregate,1364,4908.063761649455,1
nyc,4784.02,Greene Ave & Myrtle Ave,29590,14816,14774,29590,40.698568,-73.918877,2023,2025,2,12,10,12,27,lifetime_aggregate,1364,4609.665427509293,1
nyc,4789.03,Clark St & Henry St,229637,115371,114266,229637,40.69760118239983,-73.99344571634923,2020,2025,3,12,1,12,72,lifetime_aggregate,988,430.24425506342624,1
nyc,479,9 Ave & W 45 St,127266,63324,63942,127266,40.76019252,-73.9912551,2019,2019,1,12,1,12,12,lifetime_aggregate,2383,1872.4561155375357,1
nyc,4792.03,Central Ave & Starr St,44774,22398,22376,44774,40.700003,-73.92834,2023,2025,2,12,10,12,27,lifetime_aggregate,1149,2566.221467816143,1
nyc,4792.03,Central Ave & Starr Street,30458,15395,15063,30458,40.700003,-73.92834,2020,2023,2,12,1,10,46,lifetime_aggregate,1149,3772.4079059688756,1
nyc,4798.02,Forest Ave & Summerfield St,26465,13248,13217,26465,40.69922,-73.89795,2020,2025,3,12,1,12,72,lifetime_aggregate,648,2448.5169091252596,1
nyc,4798.1,Stephen St & Seneca Ave,1356,782,574,1356,40.6988,-73.9007,2023,2025,2,12,1,11,35,lifetime_aggregate,745,54941.002949852504,1
nyc,4798.10,Stephen St & Seneca Ave,8530,4195,4335,8530,40.6988,-73.9007,2020,2025,3,12,1,12,72,lifetime_aggregate,745,8733.88042203986,1
nyc,480,W 53 St & 10 Ave,71260,35622,35638,71260,40.76669671,-73.99061728,2019,2019,1,10,1,10,10,lifetime_aggregate,1122,1574.5158574235197,1
nyc,4801.04,Melrose St & Broadway,107328,53681,53647,107328,40.697481,-73.935877,2020,2025,3,12,1,10,70,lifetime_aggregate,1375,1281.1195587358377,1
nyc,4801.10,Arion Pl & Broadway,3226,1605,1621,3226,40.697891,-73.936642,2025,2025,1,2,11,12,2,lifetime_aggregate,1482,45939.24364538128,1
nyc,4804.02,Dock 72 Way & Market St,105762,52046,53716,105762,40.69985,-73.97141,2020,2025,3,12,1,12,72,lifetime_aggregate,367,347.00554074242166,1
nyc,4807.02,Madison St & Cypress Ave,35875,18126,17749,35875,40.70068,-73.90742,2020,2025,3,12,1,12,72,lifetime_aggregate,994,2770.7317073170734,1
nyc,481,S 3 St & Bedford Ave,57372,29180,28192,57372,40.71260486,-73.96264403,2019,2019,1,12,1,12,12,lifetime_aggregate,1089,1898.138464756327,1
nyc,4812.02,Nassau St & Navy St,86779,41838,44941,86779,40.6983989577743,-73.98068909514501,2020,2025,3,12,1,12,72,lifetime_aggregate,1366,1574.113552818078,1
nyc,4812.04,Sands St Gate,104093,51826,52267,104093,40.699569,-73.979827,2020,2025,3,12,2,12,71,lifetime_aggregate,803,771.4255521504808,1
nyc,4816.02,Myrtle Ave & Linden St,26559,13696,12863,26559,40.69943,-73.91337,2020,2025,3,12,1,12,72,lifetime_aggregate,1171,4409.051545615423,1
nyc,4816.05,Myrtle Ave & Grove St,26426,13202,13224,26426,40.69905,-73.91516,2020,2025,3,12,1,12,72,lifetime_aggregate,1205,4559.9031257095285,1
nyc,4818.02,Nostrand Ave & Flushing Ave,15001,7602,7399,15001,40.69928,-73.953259,2023,2025,2,12,11,12,26,lifetime_aggregate,1088,7252.849810012665,1
nyc,4818.03,Union Ave & Wallabout St,48470,24211,24259,48470,40.700295074558106,-73.95032287514594,2020,2025,3,12,1,12,72,lifetime_aggregate,929,1916.6494739013822,1
nyc,482,W 15 St & 7 Ave,129021,64064,64957,129021,40.73935542,-73.99931783,2019,2019,1,12,1,12,12,lifetime_aggregate,1046,810.7207353841623,1
nyc,4821.03,Sands St & Jay St,113625,55760,57865,113625,40.700119,-73.9862,2020,2025,3,12,5,12,68,lifetime_aggregate,1744,1534.873487348735,1
nyc,4821.06,Cadman Plaza E & Red Cross Pl,105774,52640,53134,105774,40.69991768735687,-73.9897178089932,2020,2025,3,12,1,12,72,lifetime_aggregate,1610,1522.1131847145803,1
nyc,4821.1,Adams St & Prospect St,16208,7695,8513,16208,40.70076308311522,-73.98869812466613,2023,2025,2,12,1,11,35,lifetime_aggregate,1156,7132.2803553800595,1
nyc,4821.10,Adams St & Prospect St,52232,25621,26611,52232,40.70076308300173,-73.98869812449591,2023,2025,2,12,1,12,36,lifetime_aggregate,1156,2213.2026344003675,1
nyc,4824.03,Stockholm St & Wilson Ave,84188,42062,42126,84188,40.699304,-73.923044,2020,2025,3,12,1,12,72,lifetime_aggregate,1221,1450.3254620611015,1
nyc,4826.04,Wallabout St & Kent Ave,21316,10749,10567,21316,40.6991049,-73.96063340600001,2023,2025,2,12,11,12,26,lifetime_aggregate,1829,8580.409082379434,1
nyc,4829.01,Columbia Heights & Cranberry St,77391,38727,38664,77391,40.70037878059361,-73.99548072968341,2020,2025,3,12,1,8,68,lifetime_aggregate,738,953.5992557274102,1
nyc,483,E 12 St & 3 Ave,85696,42705,42991,85696,40.73223272,-73.98889957,2019,2019,1,11,1,12,12,lifetime_aggregate,1156,1348.954443614638,1
nyc,4830.02,61 St & 60 Ln,12538,6264,6274,12538,40.70055,-73.8943,2023,2025,2,12,1,12,36,lifetime_aggregate,617,4921.040038283618,1
nyc,4832.07,Central Ave & Melrose St,49826,24969,24857,49826,40.70112,-73.93039,2020,2025,3,12,1,12,72,lifetime_aggregate,1093,2193.6338457833263,1
nyc,4837.03,Centre St & Seneca Ave,23359,11679,11680,23359,40.69969,-73.9022,2020,2025,3,12,1,12,72,lifetime_aggregate,785,3360.5890663127707,1
nyc,484,W 44 St & 5 Ave,89882,44337,45545,89882,40.75500254,-73.98014437,2019,2019,1,12,1,12,12,lifetime_aggregate,1667,1854.6538795309407,1
nyc,4840.06,Beaver St & Fayette St,82881,41572,41309,82881,40.70099,-73.93921,2020,2025,3,12,1,12,72,lifetime_aggregate,1517,1830.335058698616,1
nyc,4843.01,5 St & Market St,45205,22729,22476,45205,40.699997447342945,-73.97440125884809,2020,2025,3,12,1,12,72,lifetime_aggregate,444,982.1922353721934,1
nyc,4846.01,South St & Whitehall St,185391,91834,93557,185391,40.70122118829105,-74.01234212104424,2020,2025,3,12,1,12,72,lifetime_aggregate,385,207.66919645505985,1
nyc,4847.03,Wyckoff Ave & Gates Ave,107997,54585,53412,107997,40.69987140877433,-73.91171872619536,2023,2025,2,12,1,12,36,lifetime_aggregate,1124,1040.7696510088244,1
nyc,485,W 37 St & 5 Ave,79944,40517,39427,79944,40.750379966733654,-73.98338984517686,2019,2019,1,12,1,12,12,lifetime_aggregate,1956,2446.7126988892223,1
nyc,4850.04,Tompkins Ave & Hopkins St,55093,27504,27589,55093,40.6995760547472,-73.94708411633778,2020,2025,3,12,1,12,72,lifetime_aggregate,1078,1956.6914127021582,1
nyc,4853.06,Bridge St & York St,44016,21039,22977,44016,40.701334479982926,-73.98471236177163,2023,2025,2,12,1,12,36,lifetime_aggregate,990,2249.1821155943294,1
nyc,4856.05,Irving Ave & Harman St,61344,30664,30680,61344,40.70108,-73.9179,2020,2025,3,12,1,12,72,lifetime_aggregate,1408,2295.2529994783517,1
nyc,486,Broadway & W 29 St,143780,72016,71764,143780,40.7462009,-73.98855723,2019,2019,1,12,1,12,12,lifetime_aggregate,1817,1263.7362637362637,1
nyc,4861.05,Henry St & Middagh St,87237,43554,43683,87237,40.7003,-73.991581,2020,2025,3,12,1,10,70,lifetime_aggregate,1287,1475.2914474362942,1
nyc,4862.04,Myrtle Ave & 65 St,17492,8729,8763,17492,40.70117,-73.8904,2023,2025,2,12,1,12,36,lifetime_aggregate,544,3109.9931397210153,1
nyc,4862.07,Cooper Ave & 65 Pl,9675,4821,4854,9675,40.69953,-73.88873,2023,2025,2,12,1,12,36,lifetime_aggregate,426,4403.100775193798,1
nyc,4864.09,Wilson Ave & Troutman St,88304,44215,44089,88304,40.70166,-73.92754,2020,2025,3,12,1,12,72,lifetime_aggregate,1105,1251.3589418372894,1
nyc,487,E 20 St & FDR Drive,110483,55020,55463,110483,40.733142616846074,-73.97573884948869,2019,2019,1,12,1,12,12,lifetime_aggregate,634,573.8439397916421,1
nyc,4871.02,71 Ave & Myrtle Ave,26404,13188,13216,26404,40.70067,-73.89907,2023,2025,2,12,1,12,36,lifetime_aggregate,717,2715.4976518709286,1
nyc,4873.08,Evergreen Ave & Noll St,72899,36564,36335,72899,40.70106,-73.93318,2020,2025,3,12,1,12,72,lifetime_aggregate,1196,1640.6260716882261,1
nyc,488,W 39 St & 9 Ave,6,3,3,6,40.75645824,-73.99372222,2019,2019,1,1,9,9,1,lifetime_aggregate,2643,44050000.0,1
nyc,4880.11,Madison St & Seneca Ave,29573,14937,14636,29573,40.70183,-73.90625,2020,2025,3,12,1,12,72,lifetime_aggregate,938,3171.812125925676,1
nyc,4883.03,Broadway & Whipple St,99966,49873,50093,99966,40.70166578331479,-73.94373020516967,2020,2025,3,12,1,12,72,lifetime_aggregate,1285,1285.4370485965228,1
nyc,4889.06,Bus Slip & State St,123733,61332,62401,123733,40.701907,-74.013942,2020,2025,3,12,1,12,72,lifetime_aggregate,427,345.0979124404969,1
nyc,489,10 Ave & W 28 St,81044,40407,40637,81044,40.750663859999996,-74.00176802,2019,2019,1,7,6,12,7,lifetime_aggregate,1110,1369.626375795864,1
nyc,4890.11,Menahan St & Wyckoff Ave,35891,17945,17946,35891,40.70113,-73.91422,2020,2025,3,12,1,12,72,lifetime_aggregate,1255,3496.698336630353,1
nyc,4892.02,Lorimer St & Harrison Ave,3895,1941,1954,3895,40.702726,-73.94984,2025,2025,1,12,1,12,12,lifetime_aggregate,986,25314.505776636714,1
nyc,4895.03,Front St & Jay St,157912,78248,79664,157912,40.702461,-73.986842,2020,2025,3,12,1,12,72,lifetime_aggregate,1032,653.5285475454683,1
nyc,4895.09,Jay St & York St,219907,108373,111534,219907,40.70140311709009,-73.98672679027521,2020,2025,3,12,1,12,72,lifetime_aggregate,1065,484.29563406349047,1
nyc,4895.15,Pearl St & York St,49506,23159,26347,49506,40.70140463561845,-73.98768022562815,2023,2025,2,12,1,12,36,lifetime_aggregate,1121,2264.3719953136992,1
nyc,4898.02,Irving Ave & DeKalb Ave,65818,32905,32913,65818,40.7027,-73.92095,2020,2025,3,12,1,12,72,lifetime_aggregate,1261,1915.8892704123493,1
nyc,490,8 Ave & W 33 St,189705,95138,94567,189705,40.751551022649316,-73.9939340537732,2019,2019,1,12,1,12,12,lifetime_aggregate,2090,1101.7105505917082,1
nyc,4903.08,Old Fulton St,181537,90277,91260,181537,40.702771712786486,-73.99383603384415,2020,2025,3,12,1,12,72,lifetime_aggregate,874,481.44455400276524,1
nyc,4903.09,Dock St & Front St,75106,37009,38097,75106,40.702709,-73.99253,2023,2025,2,12,1,12,36,lifetime_aggregate,991,1319.4684845418474,1
nyc,4904.03,Cypress Hills St & Otto Rd,6786,3406,3380,6786,40.70204,-73.89288,2023,2025,2,12,1,12,36,lifetime_aggregate,614,9048.04008252284,1
nyc,4906.07,George St & Wilson Ave,59934,29882,30052,59934,40.702997,-73.92997,2020,2025,3,12,1,12,72,lifetime_aggregate,926,1545.032869489772,1
nyc,491,E 24 St & Park Ave S,169392,84313,85079,169392,40.7409637187928,-73.98602212951302,2019,2019,1,12,1,12,12,lifetime_aggregate,1501,886.1103239822424,1
nyc,4912.1,Catalpa Ave & Woodward Ave,8052,2684,5368,8052,40.70229,-73.90145,2023,2025,2,12,2,9,32,lifetime_aggregate,739,9177.844013909587,1
nyc,4912.10,Catalpa Ave & Woodward Ave,31682,17141,14541,31682,40.70229,-73.90145,2023,2025,2,12,2,12,35,lifetime_aggregate,739,2332.554762956884,1
nyc,4914.03,Bushwick Ave & Forrest St,63045,31530,31515,63045,40.70076,-73.93641,2020,2025,3,12,1,12,72,lifetime_aggregate,1441,2285.668966611151,1
nyc,492,W 33 St & 7 Ave,163435,82200,81235,163435,40.75019995,-73.99093085,2019,2019,1,12,1,12,12,lifetime_aggregate,2148,1314.283966102732,1
nyc,4920.13,South St & Broad St,15029,7274,7755,15029,40.701888590124184,-74.01089876945896,2023,2025,2,12,1,12,36,lifetime_aggregate,506,3366.824139996008,1
nyc,4921.04,Cypress Ave & Palmetto St,19892,10459,9433,19892,40.70157328522058,-73.90876293518603,2020,2025,3,12,1,12,72,lifetime_aggregate,1010,5077.4180575105565,1
nyc,4927.04,Front St & Gold St,101193,50329,50864,101193,40.70224,-73.982578,2020,2025,3,12,1,12,72,lifetime_aggregate,572,565.2564900734241,1
nyc,493,W 45 St & 6 Ave,80448,40026,40422,80448,40.7568001,-73.98291153,2019,2019,1,10,1,12,12,lifetime_aggregate,2047,2544.5007955449482,1
nyc,4931.05,Wyckoff Av & Stanhope St,44425,22199,22226,44425,40.703545,-73.917775,2020,2023,2,12,1,10,46,lifetime_aggregate,1101,2478.334271243669,1
nyc,4931.05,Wyckoff Ave & Stanhope St,68126,34099,34027,68126,40.703545,-73.91777500000002,2023,2025,2,12,10,12,27,lifetime_aggregate,1101,1616.1230660834337,1
nyc,4933.03,Marcy Ave & Lynch St,4074,2029,2045,4074,40.702752999999994,-73.953168,2023,2025,2,12,11,12,26,lifetime_aggregate,928,22778.595974472264,1
nyc,4933.04,Marcy Ave & Rutledge St,4192,2080,2112,4192,40.703681,-73.95427,2025,2025,1,12,1,12,12,lifetime_aggregate,1056,25190.839694656486,1
nyc,4936.01,Front St & Washington St,149607,73362,76245,149607,40.70255092357794,-73.98940218808629,2020,2025,2,12,1,12,72,lifetime_aggregate,1014,677.775772524013,1
nyc,4936.21,Main St & Plymouth St,130298,64964,65334,130298,40.70378214771965,-73.99073386857752,2023,2025,2,12,1,12,36,lifetime_aggregate,984,755.1919446192574,1
nyc,4937.03,65 Pl & Central Ave,343,167,176,343,40.70264,-73.88981,2025,2025,1,2,11,12,2,lifetime_aggregate,520,151603.49854227406,1
nyc,4939.07,Suydam St & Knickerbocker Ave,111779,55769,56010,111779,40.702013,-73.923769,2020,2025,3,12,1,12,72,lifetime_aggregate,1340,1198.7940489716316,1
nyc,494,W 26 St & 8 Ave,133954,67829,66125,133954,40.74734825,-73.99723551,2019,2019,1,12,1,12,12,lifetime_aggregate,1343,1002.5829762455769,1
nyc,4945.06,Fresh Pond Rd & 69 Ave,19696,9883,9813,19696,40.70311,-73.89547,2023,2025,2,12,2,12,35,lifetime_aggregate,625,3173.23314378554,1
nyc,4947.04,Central Ave & Flushing Ave,45956,23106,22850,45956,40.702831,-73.9333,2020,2025,3,12,1,12,72,lifetime_aggregate,956,2080.250674558273,1
nyc,495,W 47 St & 10 Ave,84512,42468,42044,84512,40.76269882,-73.99301222,2019,2019,1,11,1,12,12,lifetime_aggregate,1813,2145.257478227944,1
nyc,4953.01,Wall St & South St,57860,28005,29855,57860,40.70437,-74.00637,2020,2020,1,10,3,12,10,lifetime_aggregate,668,1154.5108883511925,1
nyc,4953.04,South St & Gouverneur Ln,201081,102076,99005,201081,40.70355383784395,-74.00670218184578,2020,2025,3,12,1,12,72,lifetime_aggregate,576,286.451728407955,1
nyc,4953.08,Front St & Pine St,32294,15960,16334,32294,40.70531,-74.00613,2025,2025,1,12,1,12,12,lifetime_aggregate,720,2229.516318820834,1
nyc,4954.07,Madison St & Woodward Ave,34549,17455,17094,34549,40.70408,-73.90408,2020,2025,3,12,1,12,72,lifetime_aggregate,758,2193.9853541347074,1
nyc,4956.02,Humboldt St & Varet St,38014,18899,19115,38014,40.70317224505905,-73.940636,2020,2025,3,12,1,5,65,lifetime_aggregate,1446,3803.861735150208,1
nyc,4956.09,Seigel St & Humboldt St,11201,5565,5636,11201,40.704613,-73.940865,2025,2025,1,6,7,12,6,lifetime_aggregate,1362,12159.628604588876,1
nyc,496,E 16 St & 5 Ave,135035,67434,67601,135035,40.73726186,-73.99238967,2019,2019,1,12,1,12,12,lifetime_aggregate,1338,990.8542229792276,1
nyc,4962.01,Broadway & Battery Pl,168271,82096,86175,168271,40.70463322586219,-74.01361703985803,2020,2025,3,12,1,12,72,lifetime_aggregate,827,491.46911826755655,1
nyc,4962.02,Whitehall St & Bridge St,24927,12417,12510,24927,40.703661707651264,-74.01318132608549,2023,2023,1,12,1,12,12,lifetime_aggregate,747,2996.750511493561,1
nyc,4962.04,Water - Whitehall Plaza,30227,14762,15465,30227,40.70255096317087,-74.01272301411362,2020,2020,1,12,1,12,12,lifetime_aggregate,541,1789.7905845767027,1
nyc,4962.08,Broad St & Bridge St,115585,57472,58113,115585,40.70365187028004,-74.01167797164183,2020,2025,3,12,1,12,72,lifetime_aggregate,778,673.0977202924255,1
nyc,4962.09,Pearl St & Whitehall St,21844,10709,11135,21844,40.703144,-74.013178,2025,2025,1,12,1,12,12,lifetime_aggregate,692,3167.9179637429042,1
nyc,4963.13,Menahan St & Seneca Ave,35657,17894,17763,35657,40.70461,-73.91054,2020,2025,3,12,1,12,72,lifetime_aggregate,824,2310.9066943377175,1
nyc,4965.01,Lorimer St & Broadway,47868,23908,23960,47868,40.704117925605374,-73.94818595286091,2020,2025,3,12,1,12,72,lifetime_aggregate,1049,2191.4431352887104,1
nyc,4968.03,Bridge St & Front St,80844,40071,40773,80844,40.70296925987278,-73.9846912502537,2025,2025,1,12,1,12,12,lifetime_aggregate,771,953.6885854237792,1
nyc,4968.03,Bridge St & Water St,45166,22341,22825,45166,40.7029693405245,-73.98469090490445,2023,2023,1,12,1,12,12,lifetime_aggregate,771,1707.0362662179514,1
nyc,497,E 17 St & Broadway,247247,121781,125466,247247,40.73704983936132,-73.99009294599416,2019,2019,1,12,1,12,12,lifetime_aggregate,1351,546.417145607429,1
nyc,4971.01,Hart St & Wyckoff Ave,43077,21514,21563,43077,40.704876,-73.919911,2020,2025,3,12,1,12,72,lifetime_aggregate,1104,2562.8525663347027,1
nyc,4977.03,65 St & Otto Rd,10978,5481,5497,10978,40.70389,-73.89116,2023,2025,2,12,1,12,36,lifetime_aggregate,479,4363.271998542539,1
nyc,4979.07,Knickerbocker Ave & George St,65370,32514,32856,65370,40.704425,-73.92836,2020,2025,3,12,1,12,72,lifetime_aggregate,958,1465.5040538473306,1
nyc,498,Broadway & W 32 St,34694,17406,17288,34694,40.74854862,-73.98808416,2019,2019,1,6,1,7,7,lifetime_aggregate,2049,5905.920332045887,1
nyc,4982.02,Taylor St & Bedford Ave,12502,6228,6274,12502,40.705774,-73.963252,2023,2025,2,12,11,12,26,lifetime_aggregate,1146,9166.533354663254,1
nyc,4985.09,60 Pl & 67 Ave,8312,4189,4123,8312,40.70497,-73.89965,2023,2025,2,12,2,12,35,lifetime_aggregate,620,7459.095283926853,1
nyc,4987.06,White St & Moore St,63250,31577,31673,63250,40.704508,-73.9351,2020,2025,3,12,1,12,72,lifetime_aggregate,878,1388.1422924901185,1
nyc,499,Broadway & W 60 St,203098,103167,99931,203098,40.76915505,-73.98191841,2019,2019,1,12,1,12,12,lifetime_aggregate,1255,617.9282907758816,1
nyc,4990.01,Railroad Ave & Kay Ave,1956,972,984,1956,40.705311952024125,-73.97100093164828,2020,2020,1,12,1,12,12,lifetime_aggregate,126,6441.717791411043,1
nyc,4990.02,Railroad Ave & Kay Ave,6943,3467,3476,6943,40.705148076972534,-73.97078096867071,2023,2025,2,12,1,12,36,lifetime_aggregate,130,1872.3894570070574,1
nyc,4993.02,Pearl St & Hanover Square,170935,85084,85851,170935,40.704717786199595,-74.0092601834342,2020,2025,3,12,1,12,72,lifetime_aggregate,852,498.4350776610993,1
nyc,4993.12,Old Slip & Front St,5882,2813,3069,5882,40.70379900205453,-74.00838699753456,2020,2020,1,3,1,3,3,lifetime_aggregate,691,11747.704862291737,1
nyc,4993.13,Old Slip & South St,95570,45520,50050,95570,40.7033668713756,-74.00786787689887,2020,2025,3,12,12,12,61,lifetime_aggregate,601,628.8584283771057,1
nyc,4993.15,Water St & Gouverneur Ln,72246,35172,37074,72246,40.704696679590434,-74.00803416933529,2023,2025,2,12,1,12,36,lifetime_aggregate,795,1100.406942944938,1
nyc,4994.1,Onderdonk Ave & Gates Ave,5108,2388,2720,5108,40.70413,-73.90737,2023,2025,2,12,1,11,35,lifetime_aggregate,861,16855.912294440095,1
nyc,4994.10,Onderdonk Ave & Gates Ave,31849,16244,15605,31849,40.70413,-73.90737,2020,2025,3,12,1,12,72,lifetime_aggregate,861,2703.3815818393045,1
nyc,4996.08,McKibbin St & Manhattan Ave,95726,47802,47924,95726,40.705109123658715,-73.94407284183781,2020,2025,3,12,1,12,72,lifetime_aggregate,1196,1249.3993272465161,1
nyc,500,Broadway & W 51 St,81342,41038,40304,81342,40.76228826,-73.98336183,2019,2019,1,12,1,12,12,lifetime_aggregate,1887,2319.8347717046545,1
nyc,5001.08,Little West St & 1 Pl,303979,151571,152408,303979,40.705692683162795,-74.01677689245749,2020,2025,3,12,1,12,72,lifetime_aggregate,610,200.67175693057743,1
nyc,5001.09,Battery Pl & Greenwich St,1169,566,603,1169,40.70463,-74.01507,2020,2020,1,1,1,1,1,lifetime_aggregate,681,58254.91873396065,1
nyc,5002.09,Harman St & Seneca Ave,37776,18988,18788,37776,40.70577,-73.91292,2020,2025,3,12,1,12,72,lifetime_aggregate,802,2123.0410842863193,1
nyc,5004.02,Boerum St & Broadway,87047,43419,43628,87047,40.7053808328033,-73.94976512948365,2020,2025,3,12,1,12,72,lifetime_aggregate,874,1004.0552804806599,1
nyc,501,FDR Drive & E 35 St,119101,59718,59383,119101,40.744219,-73.97121214,2019,2019,1,12,1,12,12,lifetime_aggregate,1191,999.9916037648718,1
nyc,5010.02,Willoughby Ave & Wyckoff Ave,92964,46404,46560,92964,40.705614,-73.92153,2020,2025,3,12,1,12,72,lifetime_aggregate,1060,1140.2263241684952,1
nyc,5018.06,Knickerbocker Ave & Thames St,66413,33150,33263,66413,40.70539,-73.92976,2020,2025,3,12,1,12,72,lifetime_aggregate,893,1344.6162648878985,1
nyc,502,Henry St & Grand St,60806,30571,30235,60806,40.714214272727276,-73.98130036363636,2019,2019,1,11,1,12,12,lifetime_aggregate,734,1207.1177186461862,1
nyc,5021.05,Kent Ave & Division Ave,90648,45132,45516,90648,40.70656367596547,-73.96831870198102,2023,2025,2,12,1,12,36,lifetime_aggregate,353,389.4184096725796,1
nyc,5024.08,Front St & Maiden Ln,38101,18730,19371,38101,40.70530995290321,-74.00612596047905,2020,2020,1,12,1,12,12,lifetime_aggregate,720,1889.7141807301646,1
nyc,5024.1,Water St &  Fletcher St,17418,12922,4496,17418,40.706410756334506,-74.00559738106617,2023,2023,1,10,1,10,10,lifetime_aggregate,841,4828.338500401883,1
nyc,5024.1,Water St & Fletcher St,5792,1264,4528,5792,40.706410755236135,-74.00559738278389,2023,2025,2,9,10,11,26,lifetime_aggregate,841,14520.027624309392,1
nyc,5024.10,Water St &  Fletcher St,31380,11363,20017,31380,40.706410756608214,-74.0055973806381,2023,2023,1,10,1,10,10,lifetime_aggregate,841,2680.050987890376,1
nyc,5024.10,Water St & Fletcher St,101924,51890,50034,101924,40.706410755236135,-74.00559738278389,2023,2025,2,12,10,12,27,lifetime_aggregate,841,825.1246026451081,1
nyc,5025.02,Madison St & Forest Ave,35969,19046,16923,35969,40.70555,-73.90245,2020,2025,3,12,1,12,72,lifetime_aggregate,573,1593.0384497761963,1
nyc,5027.02,Bushwick Ave & McKibbin St,43799,21935,21864,43799,40.705517,-73.93936,2020,2025,3,12,1,12,72,lifetime_aggregate,1052,2401.8813214913584,1
nyc,503,E 20 St & Park Ave,111753,55802,55951,111753,40.73827428,-73.98751968,2019,2019,1,12,1,12,12,lifetime_aggregate,1402,1254.552450493499,1
nyc,5033.01,Broadway & Morris St,136974,68061,68913,136974,40.70594513224946,-74.0132188801161,2023,2025,2,12,1,12,36,lifetime_aggregate,996,727.1452976477287,1
nyc,5034.03,Menahan St & Onderdonk Ave,38149,20095,18054,38149,40.70553,-73.9096,2020,2025,3,12,1,12,72,lifetime_aggregate,770,2018.4015308396026,1
nyc,5036.06,Leonard St & Boerum St,72770,36292,36478,72770,40.70583326668588,-73.94644583648369,2020,2025,3,12,1,12,72,lifetime_aggregate,1066,1464.8893774907242,1
nyc,504,1 Ave & E 16 St,164173,82553,81620,164173,40.732218500929235,-73.98165560207438,2019,2019,1,12,1,12,12,lifetime_aggregate,951,579.2669927454575,1
nyc,5043.06,Suydam St & St Nicholas Ave,15168,7557,7611,15168,40.706360000000004,-73.91945,2023,2025,2,12,10,10,25,lifetime_aggregate,948,6250.0,1
nyc,5043.06,Suydam St & St. Nicholas Ave,12674,6325,6349,12674,40.70636,-73.91945,2020,2023,2,12,1,10,46,lifetime_aggregate,948,7479.880069433485,1
nyc,5045.05,Division Av & Hooper St,15,8,7,15,40.70684203101325,-73.9544353965357,2020,2020,1,1,1,1,1,lifetime_aggregate,1229,8193333.333333334,1
nyc,5045.05,Division Ave & Hooper St,83928,42277,41651,83928,40.706842021099646,-73.95443526978022,2020,2025,3,12,1,12,72,lifetime_aggregate,1229,1464.3503955771614,1
nyc,505,6 Ave & W 33 St,151583,75657,75926,151583,40.74901270979651,-73.9884839582621,2019,2019,1,12,1,12,12,lifetime_aggregate,2004,1322.047986911461,1
nyc,5051.01,Wyckoff Av & Jefferson St,39014,19463,19551,39014,40.707165,-73.923711,2020,2023,2,12,1,10,46,lifetime_aggregate,963,2468.3446967755167,1
nyc,5051.01,Wyckoff Ave & Jefferson St,53940,26931,27009,53940,40.707165,-73.923711,2023,2025,2,12,10,12,27,lifetime_aggregate,963,1785.3170189098998,1
nyc,5051.02,Irving Ave & Jefferson St,71474,35619,35855,71474,40.70538,-73.92535,2020,2025,3,12,1,12,72,lifetime_aggregate,1059,1481.6576657245992,1
nyc,5053.01,Lee Ave & Taylor St,7368,3700,3668,7368,40.706732,-73.961241,2023,2025,2,12,11,12,26,lifetime_aggregate,1391,18878.935939196526,1
nyc,5057.07,67 Ave & Fresh Pond Rd,19517,10073,9444,19517,40.70575,-73.89676,2023,2025,2,12,1,12,36,lifetime_aggregate,519,2659.220167033868,1
nyc,5057.09,64 St & Woodbine St,14850,7600,7250,14850,40.70809,-73.89549,2023,2025,2,12,1,12,36,lifetime_aggregate,427,2875.4208754208753,1
nyc,5059.02,McKibbin St & Bogart St,99417,49423,49994,99417,40.706237,-73.933871,2020,2025,3,12,1,12,72,lifetime_aggregate,912,917.3481396541838,1
nyc,5062.01,Kent Ave & S 11 St,50853,25358,25495,50853,40.707644970891785,-73.96841500937322,2020,2020,1,12,1,12,12,lifetime_aggregate,386,759.0505968182802,1
nyc,5065.04,John St & William St,93545,46373,47172,93545,40.70862122816714,-74.00722175968845,2020,2023,2,12,1,12,48,lifetime_aggregate,1196,1278.5290501897482,1
nyc,5065.1,Maiden Ln & Pearl St,23598,10555,13043,23598,40.70706456027668,-74.00731853029555,2023,2025,2,11,1,12,36,lifetime_aggregate,1050,4449.529621154335,1
nyc,5065.10,Maiden Ln & Pearl St,122192,62191,60001,122192,40.7070646935421,-74.00731867318677,2020,2025,3,12,1,12,72,lifetime_aggregate,1050,859.3033913840513,1
nyc,5065.12,William St & Pine St,180378,90164,90214,180378,40.707179240312385,-74.00887305340275,2020,2025,3,12,1,11,71,lifetime_aggregate,1122,622.0270764727405,1
nyc,5065.14,Cliff St & Fulton St,211793,105106,106687,211793,40.70838,-74.00495,2020,2025,3,12,1,12,72,lifetime_aggregate,1111,524.5688006685774,1
nyc,5066.03,Fairview Ave & Linden St,29658,15059,14599,29658,40.70694,-73.90632,2020,2025,3,12,1,12,72,lifetime_aggregate,641,2161.305549935936,1
nyc,5068.02,Montrose Ave & Bushwick Ave,182417,91418,90999,182417,40.70767790519558,-73.94016178836834,2020,2025,3,12,1,12,72,lifetime_aggregate,950,520.784795276756,1
nyc,507,E 25 St & 2 Ave,128302,65043,63259,128302,40.73912601,-73.97973776,2019,2019,1,12,1,12,12,lifetime_aggregate,1492,1162.8813268694175,1
nyc,5073.07,Greenwich St & Rector St,87223,43062,44161,87223,40.708065824118094,-74.01355952109314,2023,2025,2,12,1,12,36,lifetime_aggregate,995,1140.7541588801118,1
nyc,5073.07_Pillar,Pillar Greenwich St & Rector St,29,12,17,29,40.70817,-74.01346,2023,2023,1,3,10,12,3,lifetime_aggregate,1004,3462068.9655172415,1
nyc,5074.08,Woodward Ave & Harman St,32091,16686,15405,32091,40.70793,-73.91092,2020,2025,3,12,1,12,72,lifetime_aggregate,535,1667.1340874388457,1
nyc,5076.04,Scholes St & Lorimer St,74245,37106,37139,74245,40.708432639294635,-73.94881489959786,2023,2025,2,12,3,12,34,lifetime_aggregate,1030,1387.2988080005387,1
nyc,508,W 46 St & 11 Ave,93869,46797,47072,93869,40.76341381565022,-73.99667449800124,2019,2019,1,12,1,12,12,lifetime_aggregate,1416,1508.485229415462,1
nyc,5082.08,Jefferson St & Cypress Ave,58670,29243,29427,58670,40.70907,-73.92157,2020,2025,3,12,1,12,72,lifetime_aggregate,740,1261.291972047043,1
nyc,5084.03,Division Ave & Marcy Ave,39536,19792,19744,39536,40.70708700683946,-73.95796787220453,2020,2025,3,12,1,12,72,lifetime_aggregate,1336,3379.198704977742,1
nyc,509,9 Ave & W 22 St,95105,47364,47741,95105,40.7454973,-74.00197139,2019,2019,1,10,1,12,12,lifetime_aggregate,1044,1097.7340833815256,1
nyc,5090.06,Harrison Pl & Porter Ave,32654,16274,16380,32654,40.70686,-73.92851,2020,2025,3,12,1,12,72,lifetime_aggregate,884,2707.1721688001467,1
nyc,5093.01,Bedford Ave & S 9 St,66231,33020,33211,66231,40.708531568679774,-73.96408995940587,2020,2025,3,12,1,12,72,lifetime_aggregate,891,1345.291479820628,1
nyc,5096.11,Pearl St & Peck Slip,48935,24343,24592,48935,40.708485,-74.002751,2020,2020,1,12,1,12,12,lifetime_aggregate,921,1882.0884847246346,1
nyc,5096.12,Peck Slip & South St,129004,64232,64772,129004,40.70751888357309,-74.00108054468306,2023,2025,2,12,1,12,36,lifetime_aggregate,671,520.1389104213823,1
nyc,5097.02,60 Pl & Linden St,13861,7288,6573,13861,40.70886,-73.90182,2023,2025,2,12,1,12,36,lifetime_aggregate,627,4523.48315417358,1
nyc,5098.1,Peck Slip & Front St,2500,1214,1286,2500,40.707873,-74.00167,2020,2020,1,1,1,1,1,lifetime_aggregate,756,30240.0,1
nyc,5099.02,Waterbury St & Stagg St,64586,32255,32331,64586,40.71019,-73.93734,2020,2025,3,12,1,12,72,lifetime_aggregate,874,1353.2344470937974,1
nyc,5099.03,White St & Johnson Ave,22097,10951,11146,22097,40.707174,-73.93581,2020,2025,3,12,1,12,72,lifetime_aggregate,872,3946.2370457528173,1
nyc,5105.01,Liberty St & Broadway,238516,118951,119565,238516,40.70905617383275,-74.01043386044998,2020,2025,3,12,1,12,72,lifetime_aggregate,1248,523.2353385097855,1
nyc,5105.09,Liberty St & Nassau St,49731,24804,24927,49731,40.70858894274691,-74.00935484587882,2020,2025,2,12,9,12,64,lifetime_aggregate,1284,2581.8905712734513,1
nyc,5106.04,Greene Ave & Grandview Ave,29982,15207,14775,29982,40.709697,-73.907856,2020,2025,3,12,1,12,72,lifetime_aggregate,651,2171.3027816690014,1
nyc,5108.01,Scholes St & Manhattan Ave,177852,88936,88916,177852,40.7087037679778,-73.94486264454252,2020,2025,3,12,1,12,72,lifetime_aggregate,988,555.5180712052718,1
nyc,5114.06,West Thames St,224830,112404,112426,224830,40.7083469801653,-74.01713431168866,2020,2025,3,12,1,12,72,lifetime_aggregate,612,272.20566650358046,1
nyc,5114.08,South End Ave & Albany St,141508,70543,70965,141508,40.709960638839256,-74.01672451257696,2023,2025,2,12,4,12,33,lifetime_aggregate,506,357.5769567798287,1
nyc,5115.01,Onderdonk Ave & Dekalb Ave,34677,17460,17217,34677,40.70863,-73.91497,2020,2025,3,12,1,12,72,lifetime_aggregate,520,1499.5530178504484,1
nyc,5115.05,Willoughby Ave & Onderdonk Ave,33559,16917,16642,33559,40.7098,-73.91727,2020,2025,3,12,1,12,72,lifetime_aggregate,620,1847.4924759379005,1
nyc,5117.05,Stagg St & Union Ave,167494,83773,83721,167494,40.70877088025113,-73.95095270977595,2020,2025,3,12,1,12,72,lifetime_aggregate,1124,671.0688144052921,1
nyc,5123.07,Stewart Ave & Johnson Ave,32578,16238,16340,32578,40.70869,-73.92587,2020,2025,3,12,1,12,72,lifetime_aggregate,716,2197.802197802198,1
nyc,5125.03,S 5 Pl & S 5 St,281366,139020,142346,281366,40.710451,-73.960876,2020,2025,3,12,1,12,72,lifetime_aggregate,1270,451.36939075794515,1
nyc,5125.07,Broadway & Roebling St,141940,70998,70942,141940,40.70924817853632,-73.96063133276871,2020,2025,3,12,1,12,72,lifetime_aggregate,1305,919.402564463858,1
nyc,5128.04,Catherine St & Monroe St,139961,69724,70237,139961,40.71117429680355,-73.99682612816517,2020,2025,3,12,1,12,72,lifetime_aggregate,967,690.9067525953659,1
nyc,5129.01,Palmetto St & Traffic Ave,7050,3755,3295,7050,40.70929,-73.89441,2023,2025,2,12,2,12,35,lifetime_aggregate,345,4893.617021276596,1
nyc,513,W 56 St & 10 Ave,75420,37995,37425,75420,40.76825396019047,-73.98863901146032,2019,2019,1,12,1,12,12,lifetime_aggregate,1079,1430.6549986740918,1
nyc,5134.09,Broadway & Kent Ave,195273,97554,97719,195273,40.710830946226736,-73.96843636132333,2023,2025,2,12,3,12,34,lifetime_aggregate,449,229.9345019536751,1
nyc,5137.1,Spruce St & Nassau St,34725,12505,22220,34725,40.711463641056824,-74.00552426920737,2023,2025,2,11,1,12,36,lifetime_aggregate,1332,3835.8531317494603,1
nyc,5137.10,Spruce St & Nassau St,140282,74998,65284,140282,40.711463753954675,-74.00552417958723,2020,2025,3,12,1,12,72,lifetime_aggregate,1332,949.5159749647139,1
nyc,5137.11,Fulton St & William St,207837,103990,103847,207837,40.70960014888843,-74.00655065885417,2020,2025,3,12,1,12,72,lifetime_aggregate,1295,623.0844363611869,1
nyc,5137.12,Gold St & Frankfort St,30279,15022,15257,30279,40.71069995,-74.00354147,2025,2025,1,12,1,12,12,lifetime_aggregate,1188,3923.5113444961853,1
nyc,5137.13,Spruce St & Gold St,28956,14301,14655,28956,40.710323099457064,-74.00432280108586,2023,2023,1,9,1,9,9,lifetime_aggregate,1251,4320.348114380439,1
nyc,5138.03,60 Pl & Bleecker St,9898,5208,4690,9898,40.71102396397649,-73.90287092703689,2023,2025,2,12,4,12,33,lifetime_aggregate,676,6829.662558092545,1
nyc,514,12 Ave & W 40 St,203048,99300,103748,203048,40.76087502,-74.00277668,2019,2019,1,12,1,12,12,lifetime_aggregate,655,322.583822544423,1
nyc,5140.06,Bushwick Ave & Stagg St,36332,18233,18099,36332,40.709897,-73.94008,2020,2025,3,12,1,12,72,lifetime_aggregate,935,2573.4889353737753,1
nyc,5145.02,Albany St & Greenwich St,104590,52019,52571,104590,40.709267,-74.013247,2023,2025,2,12,1,12,36,lifetime_aggregate,930,889.1863466870637,1
nyc,5146.03,Stanhope St & Fairview Ave,35380,18088,17292,35380,40.70998,-73.91116,2020,2025,3,12,1,12,72,lifetime_aggregate,514,1452.7981910684002,1
nyc,5148.03,Leonard St & Maujer St,133386,66865,66521,133386,40.7103686779337,-73.94705965735758,2020,2025,3,12,1,12,72,lifetime_aggregate,943,706.9707465551107,1
nyc,515,W 43 St & 10 Ave,99392,49951,49441,99392,40.76009437,-73.99461843,2019,2019,1,12,1,12,12,lifetime_aggregate,2180,2193.3354797166776,1
nyc,5156.05,S 4 St & Rodney St,161962,81033,80929,161962,40.70934,-73.95608,2020,2025,3,12,1,12,72,lifetime_aggregate,1329,820.5628480754744,1
nyc,5159.04,Pike St & Monroe St,140381,70062,70319,140381,40.71173104719235,-73.99193028989586,2020,2025,3,12,1,12,72,lifetime_aggregate,736,524.2874748007209,1
nyc,5159.07,South St & Pike St,93099,46547,46552,93099,40.709918069092446,-73.99161100386885,2023,2025,2,12,1,12,36,lifetime_aggregate,476,511.2836872576505,1
nyc,516,E 47 St & 1 Ave,41342,20594,20748,41342,40.75206862,-73.96784384,2019,2019,1,12,1,12,12,lifetime_aggregate,1242,3004.2087949300953,1
nyc,5160.01,Metropolitan Ave & 65 Ln,9063,4549,4514,9063,40.71225,-73.89111,2023,2025,2,12,2,12,35,lifetime_aggregate,150,1655.08109897385,1
nyc,5164.04,Broadway & Berry St,42011,21036,20975,42011,40.71044594589303,-73.96525095034816,2020,2020,1,12,1,12,12,lifetime_aggregate,822,1956.630406322154,1
nyc,5164.05,Broadway & Berry St,168821,84282,84539,168821,40.71036129882257,-73.96530389799531,2023,2025,2,12,1,12,36,lifetime_aggregate,817,483.94453296687027,1
nyc,5167.06,St James Pl & Pearl St,86159,42939,43220,86159,40.71117410755491,-74.00016530249819,2020,2025,3,12,1,12,72,lifetime_aggregate,1006,1167.6087234067247,1
nyc,5168.04,Grove St & Fresh Pond Rd,16399,8301,8098,16399,40.71032,-73.89955,2023,2025,2,12,4,12,33,lifetime_aggregate,614,3744.1307396792486,1
nyc,517,Pershing Square South,122857,63997,58860,122857,40.75158101112173,-73.9779099758454,2019,2019,1,12,1,12,12,lifetime_aggregate,1929,1570.118104788494,1
nyc,5170.01,Stagg St & Morgan Ave,49181,24422,24759,49181,40.710681,-73.93372,2020,2025,3,12,1,12,72,lifetime_aggregate,672,1366.3813261218763,1
nyc,5175.08,Fulton St & Broadway,261535,130267,131268,261535,40.711066,-74.009447,2020,2025,3,12,1,12,72,lifetime_aggregate,1244,475.65335423557076,1
nyc,5176.04,Bleecker St & Forest Ave,19605,10322,9283,19605,40.7107,-73.90525,2023,2025,2,12,1,12,36,lifetime_aggregate,671,3422.5962764600868,1
nyc,5178.06,Graham Ave & Grand St,174098,86987,87111,174098,40.711863,-73.944024,2020,2025,3,12,1,12,72,lifetime_aggregate,972,558.3062413123643,1
nyc,518,E 39 St & 2 Ave,123223,61967,61256,123223,40.74780373,-73.9734419,2019,2019,1,12,1,12,12,lifetime_aggregate,2119,1719.6464945667612,1
nyc,5181.04,Cherry St,145629,73084,72545,145629,40.71219904043047,-73.97948132344372,2020,2025,3,12,1,12,72,lifetime_aggregate,484,332.35138605634864,1
nyc,5184.07,South End Ave & Liberty St,27042,13553,13489,27042,40.711512,-74.015756,2020,2020,1,4,1,4,4,lifetime_aggregate,583,2155.9056282819315,1
nyc,5184.08,West St & Liberty St,484551,242018,242533,484551,40.711444,-74.014847,2020,2025,3,12,4,12,69,lifetime_aggregate,727,150.03580634443023,1
nyc,5187.03,Hope St & Union Ave,233664,116777,116887,233664,40.7116736530163,-73.95141308205633,2020,2025,3,12,1,12,72,lifetime_aggregate,1471,629.5364283757874,1
nyc,519,Pershing Square North,312111,156575,155536,312111,40.75187300140578,-73.97770599218525,2019,2019,1,12,1,12,12,lifetime_aggregate,1905,610.3597758489768,1
nyc,5190.07,Madison St & Clinton St,128801,64175,64626,128801,40.71269028298923,-73.9877631549703,2020,2025,3,12,1,12,72,lifetime_aggregate,768,596.2686625103842,1
nyc,5190.09,Clinton St & Cherry St,135306,67885,67421,135306,40.71147139420957,-73.98672603068714,2023,2025,2,12,1,12,36,lifetime_aggregate,605,447.13464295744467,1
nyc,5195.06,S 4 St & Roebling St,175645,87097,88548,175645,40.710674965339805,-73.95973934496251,2023,2025,2,12,3,12,34,lifetime_aggregate,1365,777.1356998491275,1
nyc,5198.04,Market St & Cherry St,123983,61677,62306,123983,40.71076218871811,-73.9940039814391,2020,2025,3,12,1,12,72,lifetime_aggregate,775,625.0856972326851,1
nyc,5199.01,65 Ln & Metropolitan Ave,7706,3867,3839,7706,40.71225352133498,-73.89388977378255,2023,2025,2,12,4,12,33,lifetime_aggregate,168,2180.1193874902674,1
nyc,520,W 52 St & 5 Ave,104840,51781,53059,104840,40.75992262,-73.97648516,2019,2019,1,12,1,12,12,lifetime_aggregate,1707,1628.1953452880578,1
nyc,5204.05,S 4 St & Wythe Ave,364386,181738,182648,364386,40.712858900016016,-73.96590294780957,2020,2025,3,12,1,12,72,lifetime_aggregate,706,193.75058317278928,1
nyc,5207.01,Centre St & Chambers St,334889,167227,167662,334889,40.71273276296286,-74.00460720184826,2020,2025,3,12,1,12,72,lifetime_aggregate,1365,407.59774134116077,1
nyc,5210.01,Powers St & Olive St,65131,32619,32512,65131,40.71323,-73.93894,2020,2025,3,12,1,12,72,lifetime_aggregate,934,1434.0329489797484,1
nyc,5216.04,Barclay St & Church St,106061,52628,53433,106061,40.71291216204898,-74.0102022295694,2020,2025,3,12,1,12,72,lifetime_aggregate,1254,1182.3384655999848,1
nyc,5216.06,Vesey St & Church St,244610,122428,122182,244610,40.71221958097276,-74.01047229704305,2023,2025,2,12,1,12,36,lifetime_aggregate,1271,519.6026327623564,1
nyc,5216.07,Vesey St & Greenwich St,109950,54770,55180,109950,40.71254669463547,-74.01113051087516,2025,2025,1,12,1,12,12,lifetime_aggregate,1215,1105.0477489768077,1
nyc,5217.03,Amory Ct & Metropolitan Ave,19242,9679,9563,19242,40.71301,-73.90968,2023,2025,2,12,1,12,36,lifetime_aggregate,574,2983.057894189793,1
nyc,5219.05,Manhattan Ave & Devoe St,75809,37820,37989,75809,40.7133538862476,-73.94618908502903,2023,2025,2,12,4,12,33,lifetime_aggregate,1032,1361.3159387407827,1
nyc,522,E 51 St & Lexington Ave,68086,34462,33624,68086,40.75714758,-73.97207836,2019,2019,1,12,1,12,12,lifetime_aggregate,1741,2557.060188585025,1
nyc,5225.02,Flushing Ave & Woodward Ave,38124,19056,19068,38124,40.71246,-73.91873,2020,2025,3,12,1,12,72,lifetime_aggregate,494,1295.771692372259,1
nyc,5225.04,Metropolitan Ave & Flushing Ave,19207,9636,9571,19207,40.71334,-73.91572,2023,2025,2,12,1,12,36,lifetime_aggregate,455,2368.927995001822,1
nyc,523,W 38 St & 8 Ave,172172,86096,86076,172172,40.75466591,-73.99138152,2019,2019,1,12,1,12,12,lifetime_aggregate,2579,1497.9206839671956,1
nyc,5230.02,Rutgers St & Henry St,113178,56269,56909,113178,40.71332151228516,-73.99009689692978,2023,2025,2,12,1,12,36,lifetime_aggregate,965,852.639205499302,1
nyc,5235.05,S 3 St & Bedford Ave,284235,141894,142341,284235,40.71260489396349,-73.96264402045473,2020,2025,3,12,1,12,72,lifetime_aggregate,1089,383.1336746002428,1
nyc,5235.1,Driggs Ave & S 2 St,8884,8793,91,8884,40.71239307676499,-73.9605235993683,2023,2025,2,11,3,9,31,lifetime_aggregate,1298,14610.535794687077,1
nyc,5235.10,Driggs Ave & S 2 St,128240,59462,68778,128240,40.71247230869323,-73.96054093512124,2023,2025,2,12,3,12,34,lifetime_aggregate,1231,959.91890205864,1
nyc,5238.04,Division St & Bowery,14,5,9,14,40.71413089,-73.9970468,2020,2020,1,1,1,1,1,lifetime_aggregate,1529,10921428.57142857,1
nyc,5238.04,Division St & Bowery (old),1250,593,657,1250,40.714131,-73.997047,2020,2020,1,1,1,1,1,lifetime_aggregate,1529,122320.0,1
nyc,5238.05,St James Pl & Oliver St,193835,96524,97311,193835,40.713079107809385,-73.99851194664433,2020,2025,3,12,1,12,72,lifetime_aggregate,1501,774.3699538267083,1
nyc,524,W 43 St & 6 Ave,42506,21160,21346,42506,40.75527307,-73.98316936,2019,2019,1,6,1,6,6,lifetime_aggregate,2035,4787.559403378346,1
nyc,5241.02,Metropolitan Ave & Vandervoort Ave,14810,7347,7463,14810,40.71429,-73.93323,2020,2025,3,12,1,12,72,lifetime_aggregate,587,3963.5381498987167,1
nyc,5247.1,Reade St & Broadway,37019,13131,23888,37019,40.7145045107041,-74.00562789015807,2023,2025,2,12,1,11,35,lifetime_aggregate,1269,3427.9694211080796,1
nyc,5247.10,Reade St & Broadway,119640,64968,54672,119640,40.71450466524729,-74.0056279208474,2020,2025,3,12,1,12,72,lifetime_aggregate,1269,1060.6820461384152,1
nyc,5248.05,Eliot Ave & 60 Ln,7774,3913,3861,7774,40.71391,-73.90299,2023,2025,2,12,2,12,35,lifetime_aggregate,652,8386.93079495755,1
nyc,525,W 34 St & 11 Ave,145334,70859,74475,145334,40.75594155850027,-74.00211626265555,2019,2019,1,12,1,12,12,lifetime_aggregate,1056,726.6021715496718,1
nyc,5250.05,Bushwick Ave & Powers St,115193,57838,57355,115193,40.712476719795,-73.94100003439027,2020,2025,3,12,1,12,72,lifetime_aggregate,907,787.3742328092853,1
nyc,5257.01,53 St & Flushing Ave,24298,12202,12096,24298,40.71435,-73.91405,2023,2025,2,12,2,12,35,lifetime_aggregate,449,1847.888715120586,1
nyc,5259.06,Devoe St & Lorimer St,158661,79220,79441,158661,40.71335217879617,-73.94910324232863,2020,2025,3,12,1,12,72,lifetime_aggregate,1388,874.8211595792287,1
nyc,526,E 33 St & 5 Ave,104040,52390,51650,104040,40.74765947,-73.98490707,2019,2019,1,12,1,12,12,lifetime_aggregate,1853,1781.0457516339868,1
nyc,5262.09,Madison St & Montgomery St,143605,71814,71791,143605,40.713126,-73.984844,2020,2025,3,12,1,12,72,lifetime_aggregate,733,510.42790989171687,1
nyc,5267.08,Grand St & Havemeyer St,174455,86931,87524,174455,40.71286829611104,-73.95698112786613,2020,2025,3,12,1,12,72,lifetime_aggregate,1725,988.793671720501,1
nyc,5267.09,Roebling St & N 4 St,203760,101661,102099,203760,40.71469,-73.95739,2020,2025,3,12,1,12,72,lifetime_aggregate,1532,751.8649391440911,1
nyc,5270.05,Pike St & E Broadway,194962,97219,97743,194962,40.71406677347139,-73.992939074097,2020,2025,3,12,1,12,72,lifetime_aggregate,1373,704.2398005765226,1
nyc,5270.07,Forsyth St & Canal St,273364,135913,137451,273364,40.71581565812632,-73.99422376598511,2020,2025,3,12,1,12,72,lifetime_aggregate,2059,753.2081766435961,1
nyc,5270.08,Division St & Bowery,121460,60152,61308,121460,40.714193,-73.996732,2020,2023,2,12,1,12,48,lifetime_aggregate,1464,1205.3350897414787,1
nyc,5270.09,Market St & Henry St,177778,88743,89035,177778,40.71310702304652,-73.99446353341742,2023,2025,2,12,1,12,36,lifetime_aggregate,1278,718.8741014073732,1
nyc,5273.01,Metropolitan Ave & Stewart Ave,22385,11145,11240,22385,40.71401,-73.92793,2020,2025,3,12,1,12,72,lifetime_aggregate,384,1715.4344427071699,1
nyc,5276.04,S 2 St & Kent Ave,225563,112210,113353,225563,40.71444274812796,-73.96681842514108,2023,2025,2,12,3,12,34,lifetime_aggregate,527,233.63760900502297,1
nyc,5279.03,Centre St & Worth St,211107,105287,105820,211107,40.714948047276394,-74.00234487047452,2020,2025,3,12,1,12,72,lifetime_aggregate,1773,839.8584604015973,1
nyc,528,2 Ave & E 31 St,124070,62399,61671,124070,40.74290902229504,-73.97706057847182,2019,2019,1,12,1,12,12,lifetime_aggregate,1802,1452.4058998952205,1
nyc,5280.02,Fresh Pond Rd & Eliot Ave,4126,2083,2043,4126,40.71453,-73.90105,2023,2023,1,9,1,9,9,lifetime_aggregate,562,13620.94037809016,1
nyc,5280.03,Fresh Pond Rd & Eliot Ave,8182,4079,4103,8182,40.714420000000004,-73.90097,2023,2025,2,12,12,12,25,lifetime_aggregate,567,6929.846003422146,1
nyc,5282.02,Devoe St & Morgan Ave,54335,27133,27202,54335,40.713811,-73.93515,2020,2025,3,12,1,12,72,lifetime_aggregate,598,1100.579736817889,1
nyc,5288.08,Park Pl & Church St,145346,72272,73074,145346,40.713341887153284,-74.00935510637578,2020,2025,3,12,1,12,72,lifetime_aggregate,1293,889.6013650186451,1
nyc,5288.09,Warren St & W Broadway,149923,74482,75441,149923,40.71473993351943,-74.0091062406443,2020,2025,3,12,10,12,63,lifetime_aggregate,1266,844.4334758509368,1
nyc,5288.12,Murray St & Greenwich St,240185,118354,121831,240185,40.714851660473784,-74.01122321335359,2020,2025,3,12,1,12,72,lifetime_aggregate,1042,433.832254303974,1
nyc,5289.05,56 St & Arnold Ave,7606,3815,3791,7606,40.71484,-73.909,2023,2025,2,12,3,12,34,lifetime_aggregate,579,7612.411254272943,1
nyc,529,W 42 St & 8 Ave,100357,50032,50325,100357,40.7575699,-73.99098507,2019,2019,1,12,1,12,12,lifetime_aggregate,2942,2931.5344221130567,1
nyc,5291.05,Graham Ave & Conselyea St,235349,117676,117673,235349,40.715143,-73.944507,2020,2025,3,12,1,12,72,lifetime_aggregate,968,411.3040633272289,1
nyc,5294.04,Henry St & Grand St,331756,166561,165195,331756,40.714211,-73.981095,2020,2025,3,12,1,12,72,lifetime_aggregate,659,198.63996431112022,1
nyc,5297.02,Vesey Pl & River Terrace,413222,206589,206633,413222,40.71533792529814,-74.01658368208365,2020,2025,3,12,1,12,72,lifetime_aggregate,373,90.26624913484761,1
nyc,530,11 Ave & W 59 St,109101,54492,54609,109101,40.77149671054441,-73.99046033620834,2019,2019,1,12,1,12,12,lifetime_aggregate,756,692.9359034289328,1
nyc,5300.05,Metropolitan Ave & Meeker Ave,191187,95428,95759,191187,40.71413307509762,-73.95234389218905,2020,2025,3,12,1,12,72,lifetime_aggregate,1374,718.6681102794646,1
nyc,5300.06,Union Ave & Jackson St,97295,48547,48748,97295,40.716075068360425,-73.952029,2020,2025,3,12,1,12,72,lifetime_aggregate,1229,1263.1687137057402,1
nyc,5303.06,Clinton St & Grand St,444240,221676,222564,444240,40.715595060607654,-73.98702965934055,2020,2025,3,12,1,12,72,lifetime_aggregate,1635,368.04430037817394,1
nyc,5303.06_,Clinton St & Grand St,28785,14387,14398,28785,40.71573792143338,-73.98698994965027,2025,2025,1,7,6,12,7,lifetime_aggregate,1664,5780.788605176307,1
nyc,5303.08,Canal St & Rutgers St,451654,225421,226233,451654,40.71427490580831,-73.98990016892661,2020,2025,3,12,1,12,72,lifetime_aggregate,1210,267.90419214708606,1
nyc,5308.04,Metropolitan Ave & Bedford Ave,413514,205691,207823,413514,40.71534817034415,-73.96024110902026,2020,2025,3,12,1,12,72,lifetime_aggregate,1021,246.90820625178353,1
nyc,5308.04_,Metropolitan Ave & Bedford Ave ,2876,1432,1444,2876,40.71534825,-73.96024116,2025,2025,1,8,5,12,8,lifetime_aggregate,1021,35500.69541029207,1
nyc,531,Forsyth St & Broome St,111934,55839,56095,111934,40.71893904,-73.99266288,2019,2019,1,12,1,12,12,lifetime_aggregate,2579,2304.0363071095467,1
nyc,5311.08,Division St & Bowery,89527,44568,44959,89527,40.71419,-73.99673,2025,2025,1,12,1,12,12,lifetime_aggregate,1464,1635.2608710221498,1
nyc,532,S 5 Pl & S 5 St,92831,46515,46316,92831,40.710451,-73.960876,2019,2019,1,12,1,12,12,lifetime_aggregate,1270,1368.0774741196367,1
nyc,5321.08,60 Ave & Fresh Pond Rd,5254,2593,2661,5254,40.71693,-73.90198,2023,2025,2,12,2,12,35,lifetime_aggregate,471,8964.59840121812,1
nyc,5323.05,Sharon St & Olive St,20391,10200,10191,20391,40.715353,-73.93856,2020,2020,1,12,1,12,12,lifetime_aggregate,772,3785.984012554559,1
nyc,5323.06,Sharon St & Olive St,60323,30263,30060,60323,40.715341620568736,-73.93865078695767,2023,2025,2,12,1,12,36,lifetime_aggregate,818,1356.033353778824,1
nyc,5326.06,Stanton St & Mangin St,113061,56519,56542,113061,40.717821291139614,-73.97628926405686,2020,2025,3,12,1,12,72,lifetime_aggregate,554,490.0009729261195,1
nyc,5329.03,West St & Chambers St,704251,350565,353686,704251,40.717547704805035,-74.01322053693048,2020,2025,3,12,1,12,72,lifetime_aggregate,619,87.89479887142511,1
nyc,5329.06,Murray St & West St,54863,26931,27932,54863,40.714978969778706,-74.013012,2020,2020,1,12,1,12,12,lifetime_aggregate,787,1434.482255800813,1
nyc,5329.08,Murray St & West St,143453,71879,71574,143453,40.71503,-74.01246,2023,2025,2,12,1,12,36,lifetime_aggregate,889,619.7151680341296,1
nyc,533,Broadway & W 38 St,91943,46291,45652,91943,40.75299641,-73.98721619,2019,2019,1,12,1,12,12,lifetime_aggregate,2302,2503.7251340504445,1
nyc,5332.1,Jackson St & Leonard St,7617,4708,2909,7617,40.716380319708946,-73.94821286202628,2023,2025,2,11,1,10,34,lifetime_aggregate,1307,17158.986477615857,1
nyc,5332.10,Jackson St & Leonard St,60635,29346,31289,60635,40.716380217795,-73.94821289545511,2020,2025,3,12,1,12,72,lifetime_aggregate,1307,2155.5207388472004,1
nyc,5335.03,Bialystoker Pl & Delancey St,129744,65201,64543,129744,40.71622629564786,-73.98261204031562,2020,2025,3,12,1,12,72,lifetime_aggregate,871,671.3219879146627,1
nyc,5335.07,Grand St & Samuel Dickstein Plaza,179711,90167,89544,179711,40.715118720113075,-73.98417055630323,2023,2025,2,12,1,12,36,lifetime_aggregate,952,529.7394149495578,1
nyc,534,Water - Whitehall Plaza,45449,21546,23903,45449,40.70255065,-74.0127234,2019,2019,1,12,1,12,12,lifetime_aggregate,541,1190.3452221170983,1
nyc,5340.01,N 7 St & Driggs Ave,289011,144846,144165,289011,40.71718858671263,-73.95665188763799,2023,2025,2,12,3,12,34,lifetime_aggregate,1304,451.1938991941483,1
nyc,5342.1,Allen St & Hester St,25510,22288,3222,25510,40.71605866065359,-73.99190759078814,2023,2023,1,11,1,12,12,lifetime_aggregate,2159,8463.347706781655,1
nyc,5342.10,Allen St & Hester St,160642,70178,90464,160642,40.716058816203976,-73.99190778028976,2020,2023,2,12,1,12,48,lifetime_aggregate,2159,1343.9822711370625,1
nyc,5343.1,Allen St & Hester St,27808,862,26946,27808,40.71606,-73.99191,2025,2025,1,10,1,12,12,lifetime_aggregate,2158,7760.356731875719,1
nyc,5343.10,Allen St & Hester St,99697,62566,37131,99697,40.71606,-73.99191,2025,2025,1,12,1,12,12,lifetime_aggregate,2158,2164.5586125961663,1
nyc,5343.11,Orchard St & Grand St,255457,127613,127844,255457,40.717318403616424,-73.9906775953785,2023,2025,2,12,1,12,36,lifetime_aggregate,2415,945.3645819061526,1
nyc,5348.02,Wythe Ave & Metropolitan Ave,243019,120920,122099,243019,40.716887,-73.963198,2020,2025,3,12,1,7,67,lifetime_aggregate,803,330.42683905373656,1
nyc,5348.06,Kent Ave & N 3 St,32520,15848,16672,32520,40.71798260450647,-73.96426174222415,2025,2025,1,4,9,12,4,lifetime_aggregate,573,1761.9926199261993,1
nyc,5348.06_old,Kent Ave & N 3 St,862,374,488,862,40.7188,-73.961,2025,2025,1,1,9,9,1,lifetime_aggregate,807,93619.48955916474,1
nyc,5351.03,Bayard St & Baxter St,238178,118437,119741,238178,40.71602112143928,-73.99974380537556,2020,2025,3,12,1,12,72,lifetime_aggregate,2047,859.4412582186432,1
nyc,5351.07,Walker St & Baxter St,171535,85352,86183,171535,40.717411,-73.999573,2023,2025,2,12,1,12,36,lifetime_aggregate,2200,1282.5370915556591,1
nyc,5354.01,Morgan Ave & Maspeth Ave,31865,16055,15810,31865,40.716657,-73.93637,2020,2025,3,12,1,12,72,lifetime_aggregate,558,1751.1376117997804,1
nyc,5359.1,Hudson St & Reade St,36366,14726,21640,36366,40.7162500799247,-74.00910590009413,2023,2025,2,12,1,12,36,lifetime_aggregate,1135,3121.047131936424,1
nyc,5359.10,Hudson St & Reade St,159923,83014,76909,159923,40.71625005399009,-74.0091059262491,2020,2025,3,12,1,12,72,lifetime_aggregate,1135,709.7165510902122,1
nyc,5359.11,Leonard St & Church St,187378,93332,94046,187378,40.717571,-74.005549,2020,2025,3,12,1,12,72,lifetime_aggregate,1622,865.6299031903426,1
nyc,5359.12,Duane St & Hudson St,101151,50462,50689,101151,40.71703,-74.00925,2023,2025,2,12,1,12,36,lifetime_aggregate,1101,1088.4716908384496,1
nyc,5359.13,Church St & Worth St,105943,52766,53177,105943,40.71688538448873,-74.00650128687501,2023,2025,2,12,1,12,36,lifetime_aggregate,1445,1363.9409871345913,1
nyc,536,1 Ave & E 30 St,85815,42826,42989,85815,40.74144387,-73.97536082,2019,2019,1,12,1,12,12,lifetime_aggregate,1418,1652.3917730000583,1
nyc,5360.02,60 St & 60 Rd,8583,4262,4321,8583,40.715922326997664,-73.90601366768242,2023,2025,2,12,1,12,36,lifetime_aggregate,605,7048.817429803099,1
nyc,5362.08,Withers St & Kingsland Ave,40050,19990,20060,40050,40.71773,-73.94051,2020,2025,3,12,1,12,72,lifetime_aggregate,1046,2611.7353308364545,1
nyc,5365.02,Columbia St & Rivington St,154534,77129,77405,154534,40.717399813410836,-73.98016569221562,2020,2025,3,12,1,12,72,lifetime_aggregate,1017,658.1076009163032,1
nyc,5368.03,River Ter & Warren St,158510,78983,79527,158510,40.71759894990017,-74.0158796317056,2023,2025,2,12,1,12,36,lifetime_aggregate,388,244.77950917923158,1
nyc,5369.01,Grand Ave & 55 St,8676,4352,4324,8676,40.71888,-73.91427,2023,2025,2,12,2,12,35,lifetime_aggregate,307,3538.4970032272936,1
nyc,5371.07,Frost St & Meeker Ave,90696,45164,45532,90696,40.71766197096742,-73.9488001782469,2020,2025,3,12,1,12,72,lifetime_aggregate,1210,1334.1271941430714,1
nyc,5374.01,Norfolk St & Broome St,478892,238527,240365,478892,40.7172272708049,-73.98802088418866,2020,2025,3,12,1,12,72,lifetime_aggregate,1870,390.4847021875496,1
nyc,5379.09,Berry St & N 8 St,249271,124492,124779,249271,40.71900964848269,-73.958525102319,2020,2025,3,12,1,12,72,lifetime_aggregate,894,358.6458111854167,1
nyc,5379.1,N 6 St & Bedford Ave,52056,22707,29349,52056,40.717451690035226,-73.9585093899557,2023,2025,2,11,1,12,36,lifetime_aggregate,1035,1988.2434301521437,1
nyc,5379.10,N 6 St & Bedford Ave,283242,144475,138767,283242,40.717451784636516,-73.95850925838045,2020,2025,3,12,1,12,72,lifetime_aggregate,1035,365.4119092507467,1
nyc,5382.06,Grand St & Elizabeth St,490253,244464,245789,490253,40.718822,-73.99596,2020,2025,3,12,1,12,72,lifetime_aggregate,2566,523.4032224178129,1
nyc,5382.07,Forsyth St & Grand St,306459,152878,153581,306459,40.71779817723613,-73.99316132042922,2023,2025,2,12,1,12,36,lifetime_aggregate,2544,830.127357982634,1
nyc,5388.01,Kent Ave & Grand St,218047,108530,109517,218047,40.71657816992092,-73.96611394961649,2023,2025,2,12,4,12,33,lifetime_aggregate,503,230.68421028493856,1
nyc,539,Metropolitan Ave & Bedford Ave,100781,49763,51018,100781,40.71534825,-73.96024116,2019,2019,1,12,1,12,12,lifetime_aggregate,1021,1013.0877844038064,1
nyc,5391.06,Lispenard St & Broadway,234805,116159,118646,234805,40.71939217602317,-74.0024720947817,2020,2025,3,12,1,12,72,lifetime_aggregate,2034,866.2507186814591,1
nyc,5392.04,63 St & 59 Dr,4315,2149,2166,4315,40.71832,-73.90128,2023,2025,2,12,1,12,36,lifetime_aggregate,416,9640.787949015064,1
nyc,540,Lexington Ave & E 29 St,87713,43720,43993,87713,40.74311555376486,-73.98215353488922,2019,2019,1,12,1,12,12,lifetime_aggregate,1584,1805.8896628777948,1
nyc,5400.05,Harrison St & Hudson St,108231,53796,54435,108231,40.71870990545843,-74.00900092572853,2020,2025,3,12,1,12,72,lifetime_aggregate,1200,1108.7396402139868,1
nyc,5400.08,Duane St & Greenwich St,33040,16479,16561,33040,40.717487960786194,-74.01045501294008,2020,2020,1,12,1,12,12,lifetime_aggregate,926,2802.6634382566585,1
nyc,5401.03,59 St & 59 Rd,2728,1367,1361,2728,40.71790852734058,-73.908454477787,2023,2025,2,12,1,12,36,lifetime_aggregate,368,13489.73607038123,1
nyc,5403.04,Graham Ave & Withers St,116683,58142,58541,116683,40.716981067877626,-73.94485912217972,2020,2025,3,12,1,12,72,lifetime_aggregate,1162,995.8605795188674,1
nyc,5403.05,Graham Ave & Herbert St,67195,33511,33684,67195,40.71929300677126,-73.94500385023218,2020,2025,3,12,1,12,72,lifetime_aggregate,1163,1730.783540441997,1
nyc,5406.02,Rivington St & Ridge St,268725,135155,133570,268725,40.718502074413,-73.98329871540209,2020,2025,3,12,1,12,72,lifetime_aggregate,1545,574.937203460787,1
nyc,5406.04,Pitt St & Stanton St,83171,41099,42072,83171,40.71926086429139,-73.9817801626822,2020,2025,3,12,1,12,72,lifetime_aggregate,1077,1294.9225090476248,1
nyc,5409.02,Page Pl & Grand Ave,7457,3753,3704,7457,40.71798,-73.91818,2023,2025,2,12,1,12,36,lifetime_aggregate,174,2333.378034061955,1
nyc,5411.07,Union Ave & N 12 St,210448,104687,105761,210448,40.71924,-73.95242,2020,2025,3,12,1,12,72,lifetime_aggregate,786,373.4889378848932,1
nyc,5411.08,Driggs Ave & N 9 St,229086,112836,116250,229086,40.718169781894595,-73.95520124344453,2020,2025,3,12,1,12,72,lifetime_aggregate,1200,523.8207485398497,1
nyc,5414.06,Allen St & Rivington St,369767,184586,185181,369767,40.72019583149709,-73.98997816882792,2020,2025,3,12,1,12,72,lifetime_aggregate,2665,720.7241316829246,1
nyc,5414.07,Delancey St & Eldridge St,129893,65045,64848,129893,40.719383,-73.991479,2020,2025,3,12,1,12,72,lifetime_aggregate,2557,1968.5433395179111,1
nyc,5419.04,N 5 St & Wythe Ave,158452,78671,79781,158452,40.71850004411089,-73.96139753804442,2023,2025,2,12,3,12,34,lifetime_aggregate,795,501.7292303031833,1
nyc,5422.04,Howard St & Centre St,4156,2104,2052,4156,40.719105252279114,-73.99973325227911,2020,2020,1,12,1,12,12,lifetime_aggregate,2409,57964.38883541867,1
nyc,5422.04,Howard St & Lafayette St,221572,110973,110599,221572,40.71910524630422,-73.99973324630422,2020,2025,3,12,1,12,72,lifetime_aggregate,2409,1087.2312386041558,1
nyc,5422.09,Lafayette St & Grand St,195451,97230,98221,195451,40.72028,-73.99879,2023,2025,2,12,3,12,34,lifetime_aggregate,2399,1227.4176136218284,1
nyc,5430.08,Franklin St & W Broadway,146887,72954,73933,146887,40.71911567060944,-74.00666673125667,2020,2025,3,12,1,12,72,lifetime_aggregate,1571,1069.5296384295411,1
nyc,5430.1,6 Ave & Walker St,20869,13701,7168,20869,40.71979208999054,-74.00522388540764,2023,2025,2,11,1,9,33,lifetime_aggregate,1868,8951.075758301788,1
nyc,5430.10,6 Ave & Walker St,113892,53524,60368,113892,40.719792090005996,-74.00522388538796,2023,2025,2,12,1,12,36,lifetime_aggregate,1868,1640.150317844976,1
nyc,5431.01,60 Pl & Flushing Ave,3697,1847,1850,3697,40.71988,-73.90556,2023,2025,2,12,4,12,33,lifetime_aggregate,458,12388.42304571274,1
nyc,5433.03,Richardson St & N Henry St,86231,43157,43074,86231,40.71907892509743,-73.94223691721406,2020,2025,3,12,1,12,72,lifetime_aggregate,1277,1480.9059386995398,1
nyc,5433.04,Frost St & Debevoise Ave,25701,12886,12815,25701,40.71882,-73.93948,2020,2025,3,12,1,12,72,lifetime_aggregate,1064,4139.916734757403,1
nyc,5436.09,Ave D & E 3 St,94310,47248,47062,94310,40.72082834,-73.97793172,2023,2025,2,12,10,12,27,lifetime_aggregate,775,821.758032022055,1
nyc,5436.09,Avenue D & E 3 St,105220,52652,52568,105220,40.72082815943439,-73.97793185778568,2020,2023,2,12,1,10,46,lifetime_aggregate,775,736.5519863143888,1
nyc,5436.09_Pillar,Pillar Ave D & E 3 St,52,26,26,52,40.72082999999999,-73.97793,2023,2023,1,1,10,10,1,lifetime_aggregate,775,1490384.6153846153,1
nyc,5436.11,E Houston St & Columbia St,126708,63253,63455,126708,40.719786354211294,-73.97871628378273,2023,2025,2,12,1,12,36,lifetime_aggregate,886,699.2455093601036,1
nyc,5440.05,57 St & Grand Ave,5199,2593,2606,5199,40.71921,-73.9124,2023,2025,2,12,1,12,36,lifetime_aggregate,370,7116.753221773419,1
nyc,5442.05,Bayard St & Leonard St,137873,68293,69580,137873,40.719155798449314,-73.94885392992313,2020,2025,3,12,1,12,72,lifetime_aggregate,1027,744.8884117992645,1
nyc,5442.09,Manhattan Av & Leonard St,26936,13438,13498,26936,40.72084,-73.94844,2020,2023,2,12,1,10,46,lifetime_aggregate,1064,3950.1039501039504,1
nyc,5442.09,Manhattan Ave & Leonard St,42289,21051,21238,42289,40.72084,-73.94843999999999,2023,2025,2,12,10,12,27,lifetime_aggregate,1064,2516.0207146066355,1
nyc,5445.02,Suffolk St & Stanton St,374939,187897,187042,374939,40.7206642849924,-73.98517983607047,2020,2025,3,12,1,12,72,lifetime_aggregate,1869,498.4810862566977,1
nyc,5445.07,Stanton St & Norfolk St,276421,137993,138428,276421,40.720747,-73.986274,2020,2025,3,12,1,12,72,lifetime_aggregate,1995,721.7251945402122,1
nyc,545,E 23 St & 1 Ave,122010,60978,61032,122010,40.73650201325667,-73.97809469085875,2019,2019,1,12,1,12,12,lifetime_aggregate,1223,1002.3768543562003,1
nyc,5450.01,N 10 St & Berry St,124234,61199,63035,124234,40.72024181387583,-73.95721101624638,2023,2025,2,12,4,12,33,lifetime_aggregate,732,589.2106830658274,1
nyc,5450.04,N 12 St & Bedford Ave,219745,109452,110293,219745,40.7207981439678,-73.9548470822673,2020,2025,3,12,1,12,72,lifetime_aggregate,667,303.53364126601286,1
nyc,5453.01,Rivington St & Chrystie St,246118,120479,125639,246118,40.72110074305855,-73.99192527081023,2020,2025,3,12,1,12,72,lifetime_aggregate,2658,1079.9697705978433,1
nyc,5453.05,Forsyth St & Broome St,214260,105508,108752,214260,40.71893902706405,-73.99266291205362,2020,2025,3,12,1,12,72,lifetime_aggregate,2579,1203.6777746662933,1
nyc,5453.06,Kenmare St & Elizabeth St,188200,93874,94326,188200,40.72054,-73.9949,2023,2025,2,12,1,12,36,lifetime_aggregate,2577,1369.287991498406,1
nyc,5458.02,N 5 St & Northside Piers,166950,83048,83902,166950,40.719884635315175,-73.96359584279729,2023,2025,2,12,3,12,34,lifetime_aggregate,448,268.3438155136268,1
nyc,546,E 30 St & Park Ave S,91507,45959,45548,91507,40.74444921,-73.98303529,2019,2019,1,12,1,12,12,lifetime_aggregate,1487,1625.0122941414318,1
nyc,5470.02,N Moore St & Hudson St,56362,27668,28694,56362,40.71996118084483,-74.0084432061764,2023,2023,1,12,1,12,12,lifetime_aggregate,1314,2331.35800716795,1
nyc,5470.1,Greenwich St & Hubert St,31719,21357,10362,31719,40.721319,-74.010065,2023,2025,2,11,1,12,36,lifetime_aggregate,983,3099.088874176361,1
nyc,5470.10,Greenwich St & Hubert St,139734,62724,77010,139734,40.721319,-74.01006500000001,2020,2025,3,12,9,12,64,lifetime_aggregate,983,703.4794681323085,1
nyc,5470.12,North Moore St & Greenwich St,362607,179301,183306,362607,40.72019514515125,-74.01030074604594,2020,2025,3,12,1,12,72,lifetime_aggregate,1040,286.8118927654458,1
nyc,5470.13,Hudson St & N Moore St,57901,28675,29226,57901,40.719887998,-74.0086269379,2025,2025,1,12,1,12,12,lifetime_aggregate,1275,2202.0345071760416,1
nyc,5471.04,Grand Ave & 58 Ave,4326,2117,2209,4326,40.72098,-73.90701,2023,2025,2,12,2,12,35,lifetime_aggregate,483,11165.048543689321,1
nyc,5473.03,Engert Ave & McGuinness Blvd,65332,32605,32727,65332,40.72158,-73.94546,2020,2025,3,12,1,12,72,lifetime_aggregate,1276,1953.1010836955857,1
nyc,5473.06,Monitor St & Meeker Ave,40172,20072,20100,40172,40.72112480615305,-73.94169271399052,2023,2025,2,12,3,12,34,lifetime_aggregate,1357,3377.9747087523647,1
nyc,5476.03,E 2 St & Ave C,138591,69567,69024,138591,40.7208736,-73.98085795,2023,2025,2,12,10,12,27,lifetime_aggregate,952,686.9132916278835,1
nyc,5476.03,E 2 St & Avenue C,142504,72175,70329,142504,40.7208738031734,-73.9808579666169,2020,2023,2,12,1,10,46,lifetime_aggregate,952,668.0514231179476,1
nyc,5481.04,Driggs Ave & Lorimer St,152287,75811,76476,152287,40.72179123283862,-73.95041527392779,2020,2025,3,12,1,12,72,lifetime_aggregate,789,518.1006914575768,1
nyc,5484.09,Allen St & Stanton St,367029,183282,183747,367029,40.722055,-73.989111,2020,2025,3,12,1,12,72,lifetime_aggregate,2395,652.5369929896548,1
nyc,5489.03,Kent Ave & N 7 St,337665,165971,171694,337665,40.72036782096601,-73.96165080472616,2020,2025,3,12,1,12,72,lifetime_aggregate,597,176.80245213451204,1
nyc,5489.04,N 11 St & Kent Ave,87816,43674,44142,87816,40.722481911288604,-73.95921920983659,2020,2025,3,12,1,12,72,lifetime_aggregate,468,532.9324952172725,1
nyc,5489.06,N 9 St & Wythe Ave,77891,38116,39775,77891,40.72054,-73.959,2023,2025,2,12,6,12,31,lifetime_aggregate,683,876.8663902119629,1
nyc,5492.05,Cleveland Pl & Spring St,545644,271760,273884,545644,40.72210384850267,-73.99724900489073,2020,2025,3,12,1,12,72,lifetime_aggregate,2072,379.7347721224828,1
nyc,5500.02,Grand St & Greene St,216662,107715,108947,216662,40.72170037005277,-74.00238197456946,2020,2025,3,12,1,12,72,lifetime_aggregate,1994,920.3275147464715,1
nyc,5500.07,6 Ave & Canal St,119276,58550,60726,119276,40.72243797383475,-74.00566426258982,2020,2025,3,12,1,6,66,lifetime_aggregate,1682,1410.1747208155873,1
nyc,5501.06,Fresh Pond Rd & Flushing Ave,4740,2336,2404,4740,40.72155,-73.90295,2023,2025,2,12,2,12,35,lifetime_aggregate,450,9493.67088607595,1
nyc,5503.01,Morgan Ave & Lombardy St,60757,30971,29786,60757,40.72226,-73.93889,2020,2025,3,12,1,12,72,lifetime_aggregate,934,1537.2714255147555,1
nyc,5506.1,Ave D & E 8 St,27068,11804,15264,27068,40.723683610023116,-73.9757481299923,2023,2025,2,11,1,12,36,lifetime_aggregate,566,2091.0299985222405,1
nyc,5506.10,Ave D & E 8 St,73423,38312,35111,73423,40.7236836256428,-73.97574812478574,2020,2025,3,12,1,12,72,lifetime_aggregate,566,770.8756111845063,1
nyc,5506.10,Avenue D & E 8 St,9,2,7,9,40.72368361,-73.97574813,2020,2020,1,1,1,1,1,lifetime_aggregate,566,6288888.888888889,1
nyc,5506.14,E 6 St & Ave D,98019,48850,49169,98019,40.72228087,-73.97668709,2023,2025,2,12,10,12,27,lifetime_aggregate,750,765.157775533315,1
nyc,5506.14,E 6 St & Avenue D,152606,76154,76452,152606,40.7222809299262,-73.97668704206907,2020,2023,2,12,1,10,46,lifetime_aggregate,750,491.46167254236394,1
nyc,5509.02,Washington St & Laight St,117933,58997,58936,117933,40.72231,-74.0106,2023,2025,2,12,1,12,36,lifetime_aggregate,972,824.1967897026277,1
nyc,5510.02,57 Rd & 59 St,4419,2170,2249,4419,40.72249,-73.90854,2023,2025,2,12,2,12,35,lifetime_aggregate,536,12129.441050011315,1
nyc,5510.05,57 Rd & 58 St,1723,836,887,1723,40.72235,-73.91215,2023,2025,2,12,1,12,36,lifetime_aggregate,369,21416.134648868254,1
nyc,5515.02,E 2 St & Ave B,165841,83107,82734,165841,40.72217444,-73.98368779,2023,2025,2,12,11,12,26,lifetime_aggregate,1247,751.9250366314724,1
nyc,5515.02,E 2 St & Avenue B,194634,97396,97238,194634,40.72217420677001,-73.98368788940182,2020,2023,2,12,1,10,46,lifetime_aggregate,1247,640.6897047792266,1
nyc,5515.08,E 4 St & Ave B,176106,87423,88683,176106,40.72334683220625,-73.98265913126811,2023,2025,2,12,1,12,36,lifetime_aggregate,1008,572.3825423324589,1
nyc,5520.09,N 15 St & Wythe Ave,99530,48883,50647,99530,40.724055,-73.955736,2020,2025,3,12,1,12,72,lifetime_aggregate,636,639.0033155832413,1
nyc,5523.02,Stanton St & Chrystie St,285824,141069,144755,285824,40.72229331129444,-73.99147523685446,2020,2025,3,12,1,12,72,lifetime_aggregate,2483,868.7164128974474,1
nyc,5532.01,Mercer St & Spring St,246711,120013,126698,246711,40.72362725825992,-73.9994960067963,2020,2025,3,12,1,12,72,lifetime_aggregate,1611,652.9907462577672,1
nyc,5539.06,Laight St & Hudson St,70307,34914,35393,70307,40.721853852807385,-74.00771785280739,2020,2025,3,12,1,12,72,lifetime_aggregate,1443,2052.427212084145,1
nyc,5539.08,Varick St & Watts St,13705,6732,6973,13705,40.723635749203936,-74.006020305859,2025,2025,1,5,8,12,5,lifetime_aggregate,1628,11878.876322510034,1
nyc,5540.06,56 Dr & 61 St,4939,2431,2508,4939,40.72368,-73.90458,2023,2025,2,12,2,12,35,lifetime_aggregate,786,15914.152662482284,1
nyc,5542.04,Driggs Ave & N Henry St,166767,84155,82612,166767,40.72325,-73.94308,2020,2025,3,12,1,12,72,lifetime_aggregate,1399,838.8949852188982,1
nyc,5545.01,E 7 St & Ave C,208506,104893,103613,208506,40.724129440766625,-73.97901266823388,2023,2025,2,12,1,12,36,lifetime_aggregate,760,364.4979041370512,1
nyc,5545.04,E 5 St & Ave C,97179,48567,48612,97179,40.72299208,-73.97995466,2023,2025,2,12,10,12,27,lifetime_aggregate,890,915.8357258255385,1
nyc,5545.04,E 5 St & Avenue C,105510,52666,52844,105510,40.722992037211554,-73.9799548344126,2020,2023,2,12,1,10,46,lifetime_aggregate,890,843.5219410482418,1
nyc,5548.01,58 St & 56 Dr,4426,2172,2254,4426,40.72419,-73.91244,2023,2025,2,12,4,12,33,lifetime_aggregate,307,6936.285585178491,1
nyc,5550.05,Bedford Ave & Nassau Ave,231539,114408,117131,231539,40.72311665546884,-73.95212316381786,2020,2025,3,12,1,12,72,lifetime_aggregate,720,310.96273198035755,1
nyc,5550.09,Leonard St & Nassau Ave,146331,72660,73671,146331,40.72395684449172,-73.94984375038341,2020,2025,3,12,1,12,72,lifetime_aggregate,744,508.43635319925374,1
nyc,5553.03,E 3 St & 1 Ave,172655,86555,86100,172655,40.7246772098962,-73.98783412993573,2023,2025,2,12,1,12,36,lifetime_aggregate,1538,890.7937795024761,1
nyc,5553.1,E 2 St & Ave A,2480,2182,298,2480,40.72307749068672,-73.98583620786667,2023,2025,2,7,10,5,20,lifetime_aggregate,1464,59032.25806451613,1
nyc,5553.1,E 2 St & Avenue A,23742,22589,1153,23742,40.723077490447565,-73.98583620776535,2023,2023,1,10,1,10,10,lifetime_aggregate,1464,6166.2875916098055,1
nyc,5553.10,E 2 St & Ave A,154535,76080,78455,154535,40.72307749068673,-73.98583620786667,2023,2025,2,12,10,12,27,lifetime_aggregate,1464,947.3582036431876,1
nyc,5553.10,E 2 St & Avenue A,148574,63016,85558,148574,40.72307723059191,-73.98583609768427,2020,2023,2,12,1,10,46,lifetime_aggregate,1464,985.3675609460606,1
nyc,5558.04,Wythe Ave & N 13 St,94529,46463,48066,94529,40.72258299153838,-73.95721910668853,2023,2025,2,12,3,12,34,lifetime_aggregate,520,550.0957378159084,1
nyc,5561.04,Mott St & Prince St,370029,184641,185388,370029,40.723179708250385,-73.99480008124564,2020,2025,3,12,1,12,72,lifetime_aggregate,1939,524.0129827662156,1
nyc,5561.06,Lafayette St & Jersey St,425360,212494,212866,425360,40.72456091832267,-73.9956529453654,2020,2025,3,12,1,12,72,lifetime_aggregate,1802,423.64115102501415,1
nyc,5569.06,W Broadway & Spring St,230791,112295,118496,230791,40.72494680533213,-74.00165869359631,2020,2025,3,12,1,12,72,lifetime_aggregate,1682,728.7979167298552,1
nyc,5569.07,W Broadway & Watts St,99310,49150,50160,99310,40.723229999999994,-74.00314,2023,2025,2,12,10,12,27,lifetime_aggregate,1854,1866.881482227369,1
nyc,5569.07,West Broadway & Watts St,44603,22152,22451,44603,40.72323,-74.00314,2023,2023,1,10,1,10,10,lifetime_aggregate,1854,4156.671075936596,1
nyc,5570.04,Grand Ave & Remsen Pl,12065,5990,6075,12065,40.72353,-73.89967,2023,2025,2,12,2,12,35,lifetime_aggregate,570,4724.4094488188975,1
nyc,5572.07,Van Dam St & Meeker Ave,25346,12998,12348,25346,40.72532,-73.9368,2023,2025,2,12,5,12,32,lifetime_aggregate,706,2785.449380572871,1
nyc,5575.08,Ave D & E 12 St,27135,13846,13289,27135,40.72580614,-73.97422494000001,2023,2025,2,12,10,12,27,lifetime_aggregate,428,1577.2986917265523,1
nyc,5575.08,Avenue D & E 12 St,31970,16147,15823,31970,40.72580607908037,-73.97422496051982,2020,2023,2,10,1,10,46,lifetime_aggregate,428,1338.7550828902097,1
nyc,5575.12,Avenue D & E 8 St,39473,19744,19729,39473,40.72387,-73.975767,2020,2020,1,12,1,12,12,lifetime_aggregate,511,1294.5557723000531,1
nyc,5575.13,Ave D & E 10 St,37348,18840,18508,37348,40.72506551015475,-73.97515833377838,2023,2025,2,12,10,12,27,lifetime_aggregate,452,1210.2388347434937,1
nyc,5575.13,Avenue D & E 10 St,39559,19901,19658,39559,40.72506565907084,-73.97515822565234,2020,2023,2,12,8,10,39,lifetime_aggregate,452,1142.5971333956875,1
nyc,5578.02,Watts St & Greenwich St,205116,102295,102821,205116,40.72405533105177,-74.00965975669698,2020,2025,3,12,1,12,72,lifetime_aggregate,1124,547.9826049649954,1
nyc,5579.02,56 Dr & 59 St,5048,2409,2639,5048,40.72403,-73.90853,2023,2025,2,12,2,12,35,lifetime_aggregate,654,12955.625990491284,1
nyc,5579.04,55 Dr & Maurice Ave,10958,5463,5495,10958,40.7261,-73.90917,2023,2025,2,12,1,12,36,lifetime_aggregate,696,6351.524000730061,1
nyc,5581.01,Nassau Ave & Russell St,157362,78633,78729,157362,40.72557,-73.94434,2020,2025,3,12,1,12,72,lifetime_aggregate,820,521.0914960409756,1
nyc,5584.04,E 6 St & Ave B,120732,60478,60254,120732,40.72453734,-73.98185424,2023,2025,2,12,10,12,27,lifetime_aggregate,967,800.9475532584567,1
nyc,5584.04,E 6 St & Avenue B,156882,78621,78261,156882,40.72453715994033,-73.98185411289906,2020,2023,2,12,1,10,46,lifetime_aggregate,967,616.3868385155722,1
nyc,5584.05,E 7 St & Ave B,208207,104782,103425,208207,40.72512852424486,-73.98131668576183,2023,2025,2,12,1,12,36,lifetime_aggregate,903,433.7029974976826,1
nyc,5593.01,E 1 St & 1 Ave,326798,161397,165401,326798,40.72335597931358,-73.98864971269028,2023,2025,2,12,1,12,36,lifetime_aggregate,1932,591.1908885611294,1
nyc,5593.02,E 2 St & 2 Ave,213409,105286,108123,213409,40.72502883006569,-73.9906966946773,2020,2025,3,12,1,12,72,lifetime_aggregate,1612,755.357084284168,1
nyc,5593.04,E 4 St & 2 Ave,306919,152269,154650,306919,40.72628079138654,-73.98978027402397,2020,2025,3,12,1,12,72,lifetime_aggregate,1523,496.22213026889835,1
nyc,5602.06,Greene St & Prince St,154158,76255,77903,154158,40.72511734381384,-73.99930492052972,2023,2025,2,12,1,12,36,lifetime_aggregate,1499,972.3789877917461,1
nyc,5610.09,6 Ave & Broome St,314621,155761,158860,314621,40.72430996992695,-74.00473000366786,2020,2025,3,12,1,12,72,lifetime_aggregate,1736,551.7749927690777,1
nyc,5611.04,61 St & Borden Ave,3519,1721,1798,3519,40.72558,-73.90417,2023,2025,2,12,5,12,32,lifetime_aggregate,758,21540.210287013357,1
nyc,5611.05,63 St & Borden Ave,3546,1714,1832,3546,40.726650024630544,-73.90311693360462,2023,2025,2,12,4,12,33,lifetime_aggregate,698,19684.151156232376,1
nyc,5613.04,Kingsland Ave & Nassau Ave,136082,68134,67948,136082,40.72577,-73.94173,2020,2025,3,12,1,12,72,lifetime_aggregate,864,634.9113034787849,1
nyc,5616.01,E 9 St & Ave C,98406,49129,49277,98406,40.72521310999999,-73.97768752,2023,2025,2,11,10,12,27,lifetime_aggregate,612,621.913297969636,1
nyc,5616.01,E 9 St & Avenue C,118485,59141,59344,118485,40.72521305416162,-73.9776877537025,2020,2023,2,11,1,10,46,lifetime_aggregate,612,516.5210786175466,1
nyc,5616.08,E 12 St & Ave C,142453,71364,71089,142453,40.727243,-73.976831,2020,2025,3,12,1,12,72,lifetime_aggregate,552,387.4962268256899,1
nyc,5623.03,Nassau Ave & Newell St,149650,74287,75363,149650,40.724812694653544,-73.94752614715324,2020,2025,3,12,1,12,72,lifetime_aggregate,738,493.1506849315068,1
nyc,5626.06,E 5 St & Ave A,192092,95827,96265,192092,40.72479007743322,-73.98430064334451,2023,2025,2,12,1,12,36,lifetime_aggregate,1166,607.0008121108635,1
nyc,5626.07,E 7 St & Ave A,188983,94385,94598,188983,40.72621788,-73.98379855,2023,2025,2,12,10,12,27,lifetime_aggregate,1019,539.201938798728,1
nyc,5626.07,E 7 St & Avenue A,215310,107860,107450,215310,40.726217932749186,-73.98379877753358,2020,2023,2,12,1,10,46,lifetime_aggregate,1019,473.2710974873438,1
nyc,5626.13,St Marks Pl & 1 Ave,340619,172378,168241,340619,40.72779117595852,-73.9856493045436,2020,2025,3,12,1,12,72,lifetime_aggregate,1087,319.124887337465,1
nyc,5626.14,1 Ave & E 5 St,82720,41743,40977,82720,40.725864,-73.986389,2020,2020,1,12,1,12,12,lifetime_aggregate,1324,1600.5802707930366,1
nyc,5626.15,1 Ave & E 6 St,269848,135723,134125,269848,40.726330859771316,-73.98616880186133,2023,2025,2,12,1,12,36,lifetime_aggregate,1253,464.3354777504373,1
nyc,5633.04,Banker St & Meserole Ave,108875,53752,55123,108875,40.72606,-73.95621,2020,2025,3,12,1,12,72,lifetime_aggregate,616,565.7864523536165,1
nyc,5636.11,Great Jones St,393007,195999,197008,393007,40.72743415538993,-73.9937901689021,2020,2025,3,12,1,12,72,lifetime_aggregate,1352,344.01422875419524,1
nyc,5636.13,E 1 St & Bowery,196718,97993,98725,196718,40.72486122237955,-73.99213135215757,2023,2025,2,12,1,12,36,lifetime_aggregate,1668,847.9142732235993,1
nyc,5644.05,W Broadway & W Houston St,180702,88782,91920,180702,40.726378,-74.000472,2020,2025,3,12,1,12,72,lifetime_aggregate,1479,818.4746156655709,1
nyc,5653.12,Spring St & Hudson St,226138,112826,113312,226138,40.72583996740551,-74.00765328438678,2020,2025,3,12,12,12,61,lifetime_aggregate,1409,623.0708682309033,1
nyc,5656.03,N Henry St & Norman Ave,46704,23381,23323,46704,40.72789401232868,-73.94361680491379,2023,2025,2,12,3,12,34,lifetime_aggregate,431,922.833162041795,1
nyc,5659.05,E 10 St & Ave A,168012,83490,84522,168012,40.72740794,-73.98142006000002,2023,2025,2,12,10,12,27,lifetime_aggregate,761,452.94383734495153,1
nyc,5659.05,E 10 St & Avenue A,223818,109659,114159,223818,40.72740795848291,-73.98142002853072,2020,2023,2,12,1,10,46,lifetime_aggregate,761,340.0083996818844,1
nyc,5659.11,E 11 St & Ave B,133220,67173,66047,133220,40.72746420692392,-73.97950418293476,2023,2025,2,12,10,12,27,lifetime_aggregate,648,486.41345143371865,1
nyc,5659.11,E 11 St & Avenue B,144707,73587,71120,144707,40.72746409749887,-73.97950408619562,2020,2023,2,12,1,10,46,lifetime_aggregate,648,447.80141941993134,1
nyc,5666.04,Meserole Ave & Manhattan Ave,191664,95547,96117,191664,40.727085882208755,-73.95299111545565,2020,2025,3,12,1,12,72,lifetime_aggregate,929,484.7023958594206,1
nyc,5666.11,Norman Ave & Leonard St,115403,57474,57929,115403,40.72603325523983,-73.95077323055348,2023,2025,2,12,4,12,33,lifetime_aggregate,868,752.1468246059461,1
nyc,5669.1,St Marks Pl & 2 Ave,55575,26001,29574,55575,40.728418600181946,-73.98713956020015,2023,2025,2,12,1,11,35,lifetime_aggregate,1120,2015.2946468735943,1
nyc,5669.10,St Marks Pl & 2 Ave,297899,146770,151129,297899,40.72841872236394,-73.98713969526715,2020,2025,3,12,1,12,72,lifetime_aggregate,1120,375.96635101158444,1
nyc,5669.12,E 6 St & 2 Ave,174392,86151,88241,174392,40.727378693379045,-73.98840844609835,2023,2025,2,12,1,12,36,lifetime_aggregate,1275,731.1115188770127,1
nyc,5676.04,Calyer St & West St,118113,58815,59298,118113,40.72693,-73.95863,2023,2025,2,12,6,12,31,lifetime_aggregate,387,327.6523329354093,1
nyc,5679.05,Mercer St & Bleecker St,337314,166932,170382,337314,40.727063746245754,-73.99662125040307,2020,2025,3,12,1,12,72,lifetime_aggregate,1309,388.0657191815341,1
nyc,5679.08,Bleecker St & Crosby St,309966,154199,155767,309966,40.72615604975398,-73.99510189901031,2023,2025,2,12,1,12,36,lifetime_aggregate,1446,466.5027777240084,1
nyc,5687.04,MacDougal St & Prince St,360745,179062,181683,360745,40.727102708746216,-74.00297091166907,2020,2025,3,12,1,12,72,lifetime_aggregate,1378,381.9872763309263,1
nyc,5687.11,King St & Varick St,165591,82573,83018,165591,40.727897014076845,-74.0053626897901,2023,2025,2,12,1,12,36,lifetime_aggregate,1325,800.1642601349107,1
nyc,5688.02,64 St & 53 Dr,6368,3135,3233,6368,40.72897,-73.90115,2023,2025,2,12,2,12,35,lifetime_aggregate,431,6768.21608040201,1
nyc,5696.03,Pier 40 - Hudson River Park,449544,224195,225349,449544,40.72771405238103,-74.01129581639118,2020,2025,3,12,1,12,72,lifetime_aggregate,561,124.79312369868133,1
nyc,5703.13,Ave A & E 11 St,246206,122162,124044,246206,40.72854745007634,-73.98175925007341,2023,2025,2,12,1,12,36,lifetime_aggregate,862,350.11331974038,1
nyc,5703.13_Pillar,Pillar Ave A & E 11 St,6,2,4,6,40.72861,-73.98178,2023,2023,1,1,10,10,1,lifetime_aggregate,896,14933333.333333334,1
nyc,5709.03,Calyer St & Guernsey St,23403,11569,11834,23403,40.727558073287234,-73.95505853042978,2023,2023,1,12,1,12,12,lifetime_aggregate,790,3375.635602273213,1
nyc,5709.04,Lorimer St & Calyer St,63999,31904,32095,63999,40.72795,-73.95414,2020,2025,2,12,1,12,72,lifetime_aggregate,837,1307.8329348896077,1
nyc,5712.03,Cooper Square & Astor Pl,412846,205762,207084,412846,40.72951496726595,-73.99075278813913,2020,2025,3,12,1,12,72,lifetime_aggregate,1066,258.2076609680123,1
nyc,5712.12,E 5 St & Cooper Sq,190812,94886,95926,190812,40.72769,-73.990993,2023,2025,2,12,1,12,36,lifetime_aggregate,1392,729.5138670523866,1
nyc,5721.01,Sullivan St & Washington Sq,312767,155745,157022,312767,40.73047731873528,-73.99906075427087,2020,2025,3,12,1,12,72,lifetime_aggregate,1115,356.4954103214214,1
nyc,5721.01_Pillar,Pillar Sullivan St & Washington Sq,24,12,12,24,40.73048,-73.99906,2023,2023,1,1,9,9,1,lifetime_aggregate,1115,4645833.333333334,1
nyc,5721.07,Thompson St & Bleecker St,234815,117041,117774,234815,40.728400608810155,-73.99968781180186,2020,2025,3,12,12,12,61,lifetime_aggregate,1236,526.3718246278986,1
nyc,5721.14,LaGuardia Pl & W 3 St,314008,155057,158951,314008,40.72917016952538,-73.99810221021147,2020,2025,3,12,1,12,72,lifetime_aggregate,1111,353.81264171613464,1
nyc,5730.08,Greenwich St & W Houston St,334350,164240,170110,334350,40.728846,-74.008591,2020,2025,3,12,1,12,72,lifetime_aggregate,948,283.53521758636157,1
nyc,5731.03,Maurice Ave & 53 Dr,3012,1415,1597,3012,40.73028,-73.90421,2023,2025,2,12,2,12,35,lifetime_aggregate,370,12284.196547144755,1
nyc,5736.09,E 14 St & Ave B,113034,56797,56237,113034,40.729386850000004,-73.97772429,2023,2025,2,12,10,11,26,lifetime_aggregate,634,560.8931825822318,1
nyc,5736.09,E 14 St & Avenue B,80713,40428,40285,80713,40.72938685007223,-73.97772428986035,2023,2023,1,10,1,10,10,lifetime_aggregate,634,785.49923804096,1
nyc,5743.02,Calyer St & Jewel St,71077,35196,35881,71077,40.72984,-73.94839,2020,2025,3,12,1,12,72,lifetime_aggregate,730,1027.0551655247127,1
nyc,5746.02,E 10 St & 2 Ave,248364,124016,124348,248364,40.72970805641594,-73.98659795525387,2023,2025,2,12,1,11,35,lifetime_aggregate,1227,494.03295163550274,1
nyc,5746.04,E 11 St & 2 Ave,103005,51380,51625,103005,40.730473002804594,-73.98672397288885,2020,2020,1,12,1,12,12,lifetime_aggregate,1258,1221.2999368962671,1
nyc,5746.14,E 11 St & 1 Ave,349990,174870,175120,349990,40.72953825023305,-73.98426717583943,2020,2025,3,12,1,12,72,lifetime_aggregate,1091,311.72319209120263,1
nyc,5752.07,Milton St & Franklin St,214728,106354,108374,214728,40.72906,-73.95779,2020,2025,3,12,1,12,72,lifetime_aggregate,507,236.1126634626132,1
nyc,5752.09,Greenpoint Ave & West St,135359,67106,68253,135359,40.7298154971184,-73.95915615687146,2023,2025,2,12,3,12,34,lifetime_aggregate,378,279.25738222061335,1
nyc,5755.01,Washington Pl & Broadway,238981,119075,119906,238981,40.72903911534089,-73.99404633245314,2020,2025,3,12,1,12,72,lifetime_aggregate,1082,452.7556583996217,1
nyc,5755.09,Washington Square E,115960,57568,58392,115960,40.73049393015423,-73.99572139911868,2023,2023,1,12,1,12,12,lifetime_aggregate,929,801.1383235598482,1
nyc,5755.09_Pillar,Pillar Washington Square E,320,159,161,320,40.73049,-73.99572,2023,2023,1,1,10,10,1,lifetime_aggregate,915,285937.5,1
nyc,5755.14,University Pl & E 8 St,326770,163457,163313,326770,40.73143716286669,-73.99490328092566,2020,2025,3,12,1,12,72,lifetime_aggregate,979,299.59910640511674,1
nyc,5755.15,Washington Pl & Greene St,90799,45129,45670,90799,40.72980619180496,-73.99546380915461,2025,2025,1,12,1,12,12,lifetime_aggregate,983,1082.611041971828,1
nyc,5763.03,Carmine St & 6 Ave,490631,244258,246373,490631,40.73038598538598,-74.00214991084691,2020,2025,3,12,1,12,72,lifetime_aggregate,1285,261.9076250787251,1
nyc,5764.02,65 Pl & 53 Ave,7551,3752,3799,7551,40.73145,-73.90022,2023,2025,2,12,11,12,26,lifetime_aggregate,223,2953.251225003311,1
nyc,5769.04,Avenue C & E 18 St,51839,26611,25228,51839,40.730563,-73.973984,2020,2020,1,12,1,12,12,lifetime_aggregate,363,700.244989293775,1
nyc,5769.06,Ave C & E 16 St,99504,50285,49219,99504,40.72984830325426,-73.97455215443354,2023,2025,2,12,1,12,36,lifetime_aggregate,392,393.9540118990191,1
nyc,5772.05,Morton St & Greenwich St,107452,53481,53971,107452,40.73115,-74.00887,2025,2025,1,12,1,12,12,lifetime_aggregate,847,788.2589435282731,1
nyc,5772.05,Morton St & Washington St,62164,30993,31171,62164,40.73115,-74.00887,2023,2023,1,12,1,12,12,lifetime_aggregate,847,1362.5249340454282,1
nyc,5772.07,Morton St & West St,1851,930,921,1851,40.73142106585176,-74.01077986188255,2023,2023,1,1,1,1,1,lifetime_aggregate,455,24581.307401404643,1
nyc,5779.08,1 Ave & E 16 St,382891,192640,190251,382891,40.73221867757251,-73.98165570455026,2020,2025,3,12,1,12,72,lifetime_aggregate,951,248.37355800998196,1
nyc,5779.09,E 13 St & Ave A,90929,46097,44832,90929,40.72966729392978,-73.98067966103554,2023,2025,2,12,12,12,25,lifetime_aggregate,799,878.7075630436933,1
nyc,5779.09,E 13 St & Avenue A,222635,111627,111008,222635,40.7296671308024,-73.9806798372075,2020,2023,2,12,1,9,45,lifetime_aggregate,799,358.8833741325488,1
nyc,5779.1,E 14 St & 1 Ave,57113,25325,31788,57113,40.73139303362447,-73.98286700248593,2023,2025,2,12,1,12,36,lifetime_aggregate,1012,1771.9258312468264,1
nyc,5779.10,E 14 St & 1 Ave,175007,89777,85230,175007,40.73139303362263,-73.98286700248579,2023,2025,2,12,1,12,36,lifetime_aggregate,1012,578.262583782363,1
nyc,5779.11,Ave A & E 14 St,428720,214868,213852,428720,40.730310710048535,-73.98047178986558,2023,2025,2,12,1,12,36,lifetime_aggregate,785,183.10319089382347,1
nyc,5785.05,Greenpoint Ave & Manhattan Ave,197667,98395,99272,197667,40.73026,-73.95394,2020,2025,3,12,1,12,72,lifetime_aggregate,862,436.0869543221681,1
nyc,5785.1,Kent St & McGuinness Blvd,9613,2759,6854,9613,40.73124,-73.95161,2023,2025,2,11,1,12,36,lifetime_aggregate,708,7365.026526578591,1
nyc,5785.10,Kent St & McGuinness Blvd,38225,21028,17197,38225,40.73124,-73.95161,2020,2025,3,12,1,12,72,lifetime_aggregate,708,1852.190974493133,1
nyc,5788.12,E 12 St & 3 Ave,244503,122802,121701,244503,40.73223280305655,-73.98889970157536,2020,2025,3,12,1,12,72,lifetime_aggregate,1156,472.79583481593266,1
nyc,5788.13,Lafayette St & E 8 St,568447,282643,285804,568447,40.73020672731982,-73.99102619058743,2020,2025,3,12,1,12,72,lifetime_aggregate,1130,198.78722202773523,1
nyc,5788.14,E 12 St & 4 Av,1260,636,624,1260,40.73269,-73.98974,2020,2020,1,1,1,1,1,lifetime_aggregate,1252,99365.07936507936,1
nyc,5788.15,4 Ave & E 12 St,368019,182587,185432,368019,40.732647,-73.99011,2020,2025,3,12,1,12,72,lifetime_aggregate,1247,338.8412011336371,1
nyc,5788.16,E 11 St & 3 Ave,205347,102429,102918,205347,40.731270060943764,-73.98849012569225,2023,2025,2,12,1,12,36,lifetime_aggregate,1251,609.2126985054566,1
nyc,5794.03,India St & West St,30118,14998,15120,30118,40.73181400077097,-73.95995000934786,2020,2020,1,12,1,12,12,lifetime_aggregate,300,996.0820771631581,1
nyc,5794.05,India St Pier,118799,59056,59743,118799,40.73173478598812,-73.96123901025429,2023,2025,2,12,1,12,36,lifetime_aggregate,212,178.45268057811936,1
nyc,5797.01,MacDougal St & Washington Sq,225605,111974,113631,225605,40.73226397945332,-73.99852203380416,2020,2025,3,12,1,12,72,lifetime_aggregate,1003,444.5823452494404,1
nyc,5805.05,Barrow St & Hudson St,288013,143855,144158,288013,40.73172418905575,-74.00674424307167,2020,2025,3,12,1,12,72,lifetime_aggregate,1116,387.48250947005863,1
nyc,5805.07,7 Ave S & Bleecker St,268758,134075,134683,268758,40.73213896292466,-74.00363802905866,2023,2025,2,12,1,12,36,lifetime_aggregate,1197,445.3820909517112,1
nyc,5806.01,53 Ave & 62 St,4872,2417,2455,4872,40.73169,-73.90159,2023,2025,2,12,12,12,25,lifetime_aggregate,195,4002.463054187192,1
nyc,5820.08,E 13 St & 2 Ave,290814,145245,145569,290814,40.731539374393456,-73.98530244797684,2023,2025,2,12,1,12,36,lifetime_aggregate,1225,421.2314400269588,1
nyc,5820.08_Pillar,Pillar E 13 St & 2 Ave,4,1,3,4,40.73139,-73.98501,2023,2023,1,1,10,10,1,lifetime_aggregate,1230,30750000.0,1
nyc,5826.02,India St & Manhattan Ave,196009,97207,98802,196009,40.7323219500897,-73.9550858548244,2020,2025,3,12,1,12,72,lifetime_aggregate,708,361.2079037187068,1
nyc,5829.12,E 11 St & Broadway,3092,1497,1595,3092,40.73261787,-73.99158043,2023,2025,2,4,12,3,16,lifetime_aggregate,1064,34411.38421733506,1
nyc,5838.09,Washington Pl & 6 Ave,284634,142193,142441,284634,40.73224112852696,-74.00026395185415,2020,2025,3,12,1,12,72,lifetime_aggregate,1087,381.89394099088656,1
nyc,5845.02,Woodhaven Blvd & Hoffman Dr,11765,5791,5974,11765,40.73303,-73.871,2023,2025,2,12,12,12,25,lifetime_aggregate,1416,12035.699107522312,1
nyc,5847.01,Christopher St & Greenwich St,511622,253684,257938,511622,40.73291567491189,-74.00711388487258,2020,2025,3,12,1,12,72,lifetime_aggregate,907,177.27931949759784,1
nyc,5847.06,W 10 St & Washington St,95841,48016,47825,95841,40.733423993674,-74.00851495696293,2020,2025,3,12,12,6,55,lifetime_aggregate,739,771.0687492826661,1
nyc,5847.08,Washington St & Barrow St,127473,62155,65318,127473,40.731911308870814,-74.00876909072572,2020,2025,3,12,12,12,61,lifetime_aggregate,837,656.6096349815256,1
nyc,5847.09,Washington St & W 10 St,44331,22476,21855,44331,40.7333,-74.00858,2025,2025,1,6,7,12,6,lifetime_aggregate,755,1703.0971554893865,1
nyc,5851.01,Greenpoint Ave & Monitor St,13084,6575,6509,13084,40.732127228212036,-73.94363718038042,2023,2025,2,12,4,12,33,lifetime_aggregate,203,1551.513298685417,1
nyc,5854.09,1 Ave & E 18 St,398587,200422,198165,398587,40.73381212944896,-73.98054414125917,2020,2025,3,12,1,12,72,lifetime_aggregate,1083,271.70981492120916,1
nyc,5854.1,Stuyvesant Walk & 1 Av Loop,2217,2001,216,2217,40.732339777343874,-73.97898383452917,2023,2023,1,10,1,10,10,lifetime_aggregate,862,38881.371222372574,1
nyc,5854.1,Stuyvesant Walk & 1 Ave Loop,529,154,375,529,40.732339777151054,-73.97898383438587,2023,2025,2,7,10,10,25,lifetime_aggregate,862,162948.96030245748,1
nyc,5854.10,Stuyvesant Walk & 1 Av Loop,14603,6387,8216,14603,40.73233989688774,-73.9789839233703,2020,2023,2,12,1,10,46,lifetime_aggregate,862,5902.896665068822,1
nyc,5854.10,Stuyvesant Walk & 1 Ave Loop,10740,5469,5271,10740,40.732339777151054,-73.97898383438587,2023,2025,2,12,10,12,27,lifetime_aggregate,862,8026.070763500931,1
nyc,5860.02,Green St & McGuinness Blvd,37448,18634,18814,37448,40.73396,-73.95204,2020,2025,3,12,1,12,72,lifetime_aggregate,539,1439.3292031617177,1
nyc,5863.07,E 15 St & 3 Ave,364093,182359,181734,364093,40.734232,-73.986923,2020,2025,3,12,1,12,72,lifetime_aggregate,1369,376.00283444065116,1
nyc,5869.04,Huron St & Franklin St,202217,100769,101448,202217,40.73266,-73.95826,2020,2025,3,12,1,12,72,lifetime_aggregate,392,193.85115989259063,1
nyc,5872.08,E 10 St & 5 Ave,117462,58400,59062,117462,40.733319822496206,-73.99510116392761,2020,2025,2,12,1,12,72,lifetime_aggregate,1084,922.8516456385895,1
nyc,5872.1,E 9 St & 5 Ave,40978,22940,18038,40978,40.73275887045856,-73.99581670762844,2023,2025,2,11,1,9,33,lifetime_aggregate,1011,2467.1775098833523,1
nyc,5872.10,E 9 St & 5 Ave,144110,69429,74681,144110,40.73275887053038,-73.99581670779054,2023,2025,2,12,1,12,36,lifetime_aggregate,1011,701.5474290472556,1
nyc,5878.02,60 Ave & Junction Blvd,7353,3640,3713,7353,40.73466,-73.86501,2023,2025,2,12,12,12,25,lifetime_aggregate,1361,18509.451924384604,1
nyc,5880.02,W 4 St & 7 Ave S,432327,215603,216724,432327,40.73401129082248,-74.00293883661702,2020,2025,3,12,1,12,72,lifetime_aggregate,1068,247.03523027708192,1
nyc,5881.01,Tyler Ave & Maurice Ave,7759,3844,3915,7759,40.73394,-73.90128,2023,2025,2,12,1,12,36,lifetime_aggregate,248,3196.288181466684,1
nyc,5883.06,Van Dam St & Greenpoint Ave,10950,5475,5475,10950,40.73443564112441,-73.93790781520089,2023,2025,2,12,1,3,27,lifetime_aggregate,671,6127.853881278539,1
nyc,5883.08,Review Ave & Greenpoint Ave,1103,542,561,1103,40.73424679613554,-73.93776814411713,2025,2025,1,3,10,12,3,lifetime_aggregate,669,60652.76518585675,1
nyc,5886.02,E 20 St & FDR Drive,75480,37829,37651,75480,40.73314297414242,-73.97573897893075,2020,2020,1,12,1,12,12,lifetime_aggregate,634,839.957604663487,1
nyc,5886.13,E 20 St & FDR Dr,260540,130959,129581,260540,40.73320862662525,-73.9756813645996,2023,2025,2,12,1,12,36,lifetime_aggregate,622,238.73493513472022,1
nyc,5887.03,Queens Blvd & 56 Ave,15258,7525,7733,15258,40.73481,-73.87431,2023,2025,2,12,9,12,28,lifetime_aggregate,1222,8008.913356927514,1
nyc,5896.01,E 17 St & 2 Ave,175051,87449,87602,175051,40.73431166292774,-73.98372530922335,2023,2025,2,12,1,12,36,lifetime_aggregate,1256,717.5051842034607,1
nyc,5902.07,Eagle St & Manhattan Ave,109483,54150,55333,109483,40.73554105074722,-73.95459418457848,2023,2025,2,12,3,12,34,lifetime_aggregate,399,364.4401413918143,1
nyc,5905.12,Broadway & E 14 St,600154,301153,299001,600154,40.73454577197641,-73.99074128308888,2020,2025,3,12,1,12,72,lifetime_aggregate,1204,200.61517543830416,1
nyc,5905.14,University Pl & E 14 St,621951,308151,313800,621951,40.734814,-73.992085,2020,2025,3,12,1,12,72,lifetime_aggregate,1205,193.74516641986267,1
nyc,5914.03,W 11 St & 6 Ave,272169,136089,136080,272169,40.73532418198277,-73.99800412806195,2020,2025,3,12,1,12,72,lifetime_aggregate,1100,404.16065018426053,1
nyc,5914.08,Greenwich Ave & Charles St,268652,133552,135100,268652,40.735238,-74.000271,2020,2025,3,12,1,12,72,lifetime_aggregate,1093,406.84603129699383,1
nyc,5917.02,Bradley Ave & Greenpoint Ave,16431,8223,8208,16431,40.735659148163634,-73.93478840581673,2023,2025,2,12,1,12,36,lifetime_aggregate,992,6037.368389020754,1
nyc,5920.03,94 St & 57 Ave,7786,3809,3977,7786,40.73628,-73.86752,2023,2025,2,12,9,12,28,lifetime_aggregate,1307,16786.53994348831,1
nyc,5922.04,Greenwich St & Perry St,189124,94699,94425,189124,40.73498,-74.00697,2023,2025,2,12,1,12,36,lifetime_aggregate,818,432.52046276516995,1
nyc,5922.07,Perry St & Bleecker St,297364,147775,149589,297364,40.735353979979855,-74.00483093262004,2020,2025,3,12,1,12,72,lifetime_aggregate,1019,342.67766104841206,1
nyc,5922.08,Bank St & Hudson St,203292,101414,101878,203292,40.736528919184366,-74.00618017558025,2020,2025,3,12,1,12,72,lifetime_aggregate,873,429.4315565787144,1
nyc,5923.02,51 Ave & 61 St,8448,4183,4265,8448,40.73568,-73.90387,2023,2025,2,12,1,12,36,lifetime_aggregate,437,5172.82196969697,1
nyc,5929.01,E 23 St & 1 Ave,345485,172472,173013,345485,40.736502,-73.97809480521144,2020,2025,3,12,1,12,72,lifetime_aggregate,1223,353.99510832597656,1
nyc,5929.07,E 23 St & FDR Dr,41379,21155,20224,41379,40.736,-73.97605,2025,2025,1,10,3,12,10,lifetime_aggregate,960,2320.017400130501,1
nyc,5930.02,Queens Blvd & Broadway,12647,6228,6419,12647,40.73672,-73.87728,2023,2025,2,11,9,12,28,lifetime_aggregate,768,6072.5863841227165,1
nyc,5938.01,E 19 St & 3 Ave,240032,120107,119925,240032,40.73624531503073,-73.98473785353883,2020,2025,3,12,1,12,72,lifetime_aggregate,1524,634.9153446207173,1
nyc,5938.11,E 16 St & Irving Pl,260396,130093,130303,260396,40.735367037417504,-73.98797394661264,2020,2025,3,12,1,12,72,lifetime_aggregate,1418,544.5552159019339,1
nyc,5944.01,Franklin St & Dupont St,266779,133177,133602,266779,40.73564,-73.95866,2020,2025,3,12,1,12,72,lifetime_aggregate,229,85.83884038848635,1
nyc,5945.01,60 Ave & Otis Ave,3419,1667,1752,3419,40.73715,-73.85614,2023,2025,2,12,10,12,27,lifetime_aggregate,1121,32787.36472652822,1
nyc,5947.04,W 13 St & 5 Ave,339575,170069,169506,339575,40.735445,-73.99431,2020,2025,3,12,1,12,72,lifetime_aggregate,1173,345.43178973717147,1
nyc,5947.06,E 15 St & 5 Ave,74941,37456,37485,74941,40.736592,-73.992949,2025,2025,1,12,1,12,12,lifetime_aggregate,1276,1702.6727692451398,1
nyc,5953.03,97 St & 57 Ave,5428,2679,2749,5428,40.73727,-73.86415,2023,2025,2,12,9,12,28,lifetime_aggregate,940,17317.612380250554,1
nyc,5955.12,Perry St & Greenwich Ave,226105,112780,113325,226105,40.735918,-74.000939,2020,2025,3,12,1,12,72,lifetime_aggregate,1080,477.65418721390506,1
nyc,5956.04,64 St & 51 Ave,7874,3808,4066,7874,40.73577,-73.90184,2023,2025,2,12,1,12,36,lifetime_aggregate,388,4927.609855219711,1
nyc,5956.05,50 Ave & 65 St,11459,5680,5779,11459,40.73707,-73.90077,2023,2025,2,12,3,12,34,lifetime_aggregate,777,6780.69639584606,1
nyc,5962.04,56 Ave & 92 St,7157,3477,3680,7157,40.73649,-73.86995,2023,2025,2,12,10,12,27,lifetime_aggregate,1344,18778.817940477853,1
nyc,5964.01,Bank St & Washington St,218231,108884,109347,218231,40.736196790350654,-74.00859204736541,2020,2025,3,12,1,12,72,lifetime_aggregate,609,279.0620947528078,1
nyc,5971.08,E 20 St & 2 Ave,285134,143556,141578,285134,40.73587684195811,-73.98205018720542,2020,2025,3,12,1,12,72,lifetime_aggregate,1326,465.044505390448,1
nyc,5971.09,E 22 St & 2 Ave,226616,113369,113247,226616,40.73716919362221,-73.98122549037605,2023,2025,2,12,1,12,36,lifetime_aggregate,1331,587.3371694849437,1
nyc,5977.01,McGuinness Blvd & Eagle St,119416,59725,59691,119416,40.73555,-73.95284,2020,2025,3,12,1,12,72,lifetime_aggregate,384,321.5649494205132,1
nyc,5980.07,E 17 St & Broadway,382499,188566,193933,382499,40.737049910575124,-73.9900929719493,2020,2023,2,12,1,12,48,lifetime_aggregate,1351,353.2035377870269,1
nyc,5980.1,E 17 St & Broadway,41314,1668,39646,41314,40.737006,-73.990134,2025,2025,1,10,1,12,12,lifetime_aggregate,1346,3257.9755046715395,1
nyc,5980.10,E 17 St & Broadway,209825,123593,86232,209825,40.737006,-73.990134,2025,2025,1,12,1,12,12,lifetime_aggregate,1346,641.4869534135589,1
nyc,5980.11,Broadway & E 19 St,159725,79563,80162,159725,40.73829,-73.99006,2025,2025,1,12,1,12,12,lifetime_aggregate,1479,925.9665049303491,1
nyc,5983.04,43 St & 50 Ave,31028,15611,15417,31028,40.737872379342384,-73.92264068140368,2023,2025,2,12,1,12,36,lifetime_aggregate,641,2065.875982983112,1
nyc,5987.03,99 St & 58 Ave,4161,1987,2174,4161,40.73761,-73.85959,2023,2025,2,12,10,12,27,lifetime_aggregate,924,22206.200432588317,1
nyc,5989.02,W 15 St & 6 Ave,423924,212153,211771,423924,40.738046096390484,-73.99642971717736,2020,2025,3,12,1,12,72,lifetime_aggregate,1183,279.05945405308495,1
nyc,5992.02,36 St & Hunters Point Ave,8589,4355,4234,8589,40.73781699881223,-73.93024072058016,2023,2025,2,12,1,12,36,lifetime_aggregate,979,11398.300151356385,1
nyc,5995.07,56 Ave & Junction Blvd,2727,1305,1422,2727,40.73716,-73.86625,2023,2025,2,12,9,12,28,lifetime_aggregate,917,33626.696002933626,1
nyc,5997.1,W 12 St & Hudson St,57591,22067,35524,57591,40.7375299331152,-74.00558933563251,2023,2025,2,12,1,12,36,lifetime_aggregate,899,1561.0077963570698,1
nyc,5997.10,W 12 St & Hudson St,151244,82331,68913,151244,40.737529933091146,-74.00558933575324,2023,2025,2,12,1,12,36,lifetime_aggregate,899,594.403744941948,1
nyc,5998.09,61 St & Laurel Hill Blvd,8138,4046,4092,8138,40.7388,-73.90338,2023,2025,2,12,1,12,36,lifetime_aggregate,810,9953.30548046203,1
nyc,6001.01,Borden Ave & Review Ave,12248,6118,6130,12248,40.73866345440333,-73.94093804059182,2023,2025,2,12,1,12,36,lifetime_aggregate,378,3086.2181580666233,1
nyc,6004.06,E 27 St & 1 Ave,338621,169126,169495,338621,40.739445,-73.976806,2020,2025,3,12,1,12,72,lifetime_aggregate,1361,401.924275222151,1
nyc,6004.07,E 25 St & 1 Ave,215413,107811,107602,215413,40.738176657214964,-73.9773867381156,2020,2025,3,12,1,12,72,lifetime_aggregate,1351,627.1673483030272,1
nyc,6005.04,55 Ave & 90 St,6003,2973,3030,6003,40.73676,-73.87318,2023,2025,2,12,9,12,28,lifetime_aggregate,1016,16924.870897884393,1
nyc,6013.12,Gramercy Park N & Gramercy Park E,220291,110001,110290,220291,40.73795,-73.98509,2023,2025,2,12,1,12,36,lifetime_aggregate,1436,651.8650330698939,1
nyc,6014.01,St James Ave & 51 Ave,4790,2353,2437,4790,40.73813,-73.88104,2023,2025,2,12,9,12,28,lifetime_aggregate,701,14634.655532359082,1
nyc,6016.06,48 St & 50 Ave,20772,10676,10096,20772,40.73737,-73.91803,2023,2025,2,12,1,12,36,lifetime_aggregate,500,2407.086462545735,1
nyc,6019.04,Ash St & Manhattan Ave,85931,42857,43074,85931,40.73823512609467,-73.95452166370299,2023,2025,2,12,3,12,34,lifetime_aggregate,340,395.66629039578265,1
nyc,6020.02,Waldron St & 108 St,2900,1428,1472,2900,40.73916,-73.8526,2023,2025,2,12,10,12,27,lifetime_aggregate,1183,40793.10344827586,1
nyc,6022.04,E 16 St & 5 Ave,360637,179651,180986,360637,40.73726189949058,-73.9923897712995,2020,2025,3,12,1,12,72,lifetime_aggregate,1338,371.0101847564171,1
nyc,6022.04_Pillar,Pillar E 16 St & 5 Ave,58,29,29,58,40.73726,-73.99239,2023,2023,1,1,11,11,1,lifetime_aggregate,1338,2306896.551724138,1
nyc,6025.08,39 St & 50 Ave,25370,12783,12587,25370,40.73824937340385,-73.92737478021078,2023,2025,2,12,1,12,36,lifetime_aggregate,614,2420.1813165155695,1
nyc,6028.01,57 Ave & 98 Pl,4644,2186,2458,4644,40.73802,-73.86103,2023,2025,2,12,12,12,25,lifetime_aggregate,1007,21683.893195521105,1
nyc,6030.04,W 13 St & 7 Ave,344989,172233,172756,344989,40.737815060653425,-73.99994673140907,2020,2025,3,12,1,12,72,lifetime_aggregate,1023,296.5311937482065,1
nyc,6030.06,W 15 St & 7 Ave,325371,162496,162875,325371,40.73935528331947,-73.99931787911018,2020,2025,3,12,1,12,72,lifetime_aggregate,1046,321.47917300558436,1
nyc,6033.01,31 Pl & Hunters Point Ave,9701,4822,4879,9701,40.740213568904686,-73.93537044519421,2023,2025,2,12,1,12,36,lifetime_aggregate,1009,10400.989588702196,1
nyc,6037.02,53 Ave & 94 St,4628,2287,2341,4628,40.73921,-73.86887,2023,2025,2,12,9,12,28,lifetime_aggregate,621,13418.323249783924,1
nyc,6039.06,Washington St & Gansevoort St,419015,208457,210558,419015,40.739323,-74.008119,2020,2025,3,12,1,12,72,lifetime_aggregate,704,168.01307829075333,1
nyc,6046.02,E 25 St & 2 Ave,329843,165671,164172,329843,40.73912600694269,-73.9797378273869,2020,2025,3,12,1,12,72,lifetime_aggregate,1492,452.3364145972478,1
nyc,6047.03,51 Ave & Van Loon St,4213,2035,2178,4213,40.73832,-73.87913,2023,2025,2,12,11,12,26,lifetime_aggregate,738,17517.208639924043,1
nyc,6053.01,Corona Ave & 111 St,4608,2251,2357,4608,40.7408,-73.84978,2023,2025,2,12,10,12,27,lifetime_aggregate,1287,27929.6875,1
nyc,6055.08,E 20 St & Park Ave,295270,147218,148052,295270,40.73827418938247,-73.98751977640225,2020,2025,3,12,1,12,72,lifetime_aggregate,1402,474.8196565854981,1
nyc,6056.02,Queens Blvd & Albion Ave,5703,2829,2874,5703,40.73856,-73.88553,2023,2025,2,12,9,12,28,lifetime_aggregate,413,7241.802560056111,1
nyc,6058.08,44 St & 48 Ave,31784,17196,14588,31784,40.73941387503136,-73.92131969344285,2023,2025,2,12,1,12,36,lifetime_aggregate,570,1793.3551472438962,1
nyc,6062.03,103 St & Martense Ave,4800,2368,2432,4800,40.74046,-73.8565,2023,2025,2,11,10,12,27,lifetime_aggregate,931,19395.833333333336,1
nyc,6064.08,W 18 St & 6 Ave,343734,171348,172386,343734,40.73971300703987,-73.99456403519932,2020,2025,3,12,1,12,72,lifetime_aggregate,1475,429.1108822519739,1
nyc,6067.01,48 Ave & 37 St,13866,6980,6886,13866,40.74034668095879,-73.92886072404751,2023,2025,2,12,1,12,36,lifetime_aggregate,903,6512.332323669408,1
nyc,6070.05,55 Ave & 97 Pl,2122,1039,1083,2122,40.73892,-73.86367,2023,2025,2,12,9,12,28,lifetime_aggregate,802,37794.533459000944,1
nyc,6072.06,Greenwich Ave & 8 Ave,491957,244607,247350,491957,40.73901640393884,-74.0026374229878,2020,2025,3,12,1,12,72,lifetime_aggregate,943,191.68341948584938,1
nyc,6072.11,8 Ave & W 16 St,386577,193612,192965,386577,40.740983,-74.001702,2020,2025,3,12,10,12,63,lifetime_aggregate,1042,269.545265238232,1
nyc,6072.14,Gansevoort St & Hudson St,114001,56386,57615,114001,40.739448071146235,-74.00507011617579,2020,2023,2,12,1,6,42,lifetime_aggregate,989,867.5362496820204,1
nyc,6072.16,Gansevoort St & Hudson St,117147,57912,59235,117147,40.73937601333489,-74.00520806382875,2023,2025,2,9,6,12,31,lifetime_aggregate,966,824.6049834822913,1
nyc,6076.01,48 Ave & 30 Pl,6613,3295,3318,6613,40.741283003621845,-73.93725896813291,2020,2020,1,12,1,12,12,lifetime_aggregate,1061,16044.155451383638,1
nyc,6076.02,30 St & 48 Ave,14349,7118,7231,14349,40.7413272,-73.937999,2023,2025,2,12,1,12,36,lifetime_aggregate,1002,6983.065021952749,1
nyc,6079.03,1 Ave & E 30 St,287260,143121,144139,287260,40.74144390890013,-73.97536087529221,2020,2025,3,12,1,12,72,lifetime_aggregate,1418,493.6294645965327,1
nyc,6080.07,90 St & 51 Ave,6924,3437,3487,6924,40.73937,-73.87411,2023,2025,2,12,9,12,28,lifetime_aggregate,686,9907.567879838245,1
nyc,6086.02,Borden Ave & 25 St,3055,1463,1592,3055,40.7396139,-73.945151,2025,2025,1,12,1,12,12,lifetime_aggregate,267,8739.770867430443,1
nyc,6089.07,Lexington Ave & E 24 St,262660,131682,130978,262660,40.740258787326916,-73.98409213449987,2020,2025,3,12,12,12,61,lifetime_aggregate,1614,614.4826010812457,1
nyc,6089.08,Lexington Ave & E 26 St,240464,121918,118546,240464,40.741459,-73.983293,2020,2025,3,12,1,12,72,lifetime_aggregate,1590,661.221638166212,1
nyc,6089.11,E 26 St & 3 Ave,210237,105325,104912,210237,40.74069317727362,-73.98160636413348,2023,2025,2,12,1,12,36,lifetime_aggregate,1641,780.5476676322436,1
nyc,6090.03,South Railroad Ave & Broadway,15155,7522,7633,15155,40.741,-73.88027,2023,2025,2,12,9,12,28,lifetime_aggregate,720,4750.907291322996,1
nyc,6092.01,47 Ave & 48 St,15558,8006,7552,15558,40.74086,-73.91708,2023,2025,2,12,1,12,36,lifetime_aggregate,634,4075.073916955907,1
nyc,6096.01,Van Cleef St & 108 St,3050,1480,1570,3050,40.74096,-73.85357,2023,2025,2,12,10,12,27,lifetime_aggregate,1106,36262.29508196721,1
nyc,6098.02,W 20 St & 5 Ave,214659,106998,107661,214659,40.73972989251104,-73.99103969370836,2023,2025,2,12,2,12,35,lifetime_aggregate,1461,680.6143697678643,1
nyc,6098.07,Broadway & E 22 St,159293,78422,80871,159293,40.74034300512802,-73.9895510023076,2020,2020,1,12,1,12,12,lifetime_aggregate,1557,977.4440810330649,1
nyc,6098.1,Broadway & E 21 St,73845,41923,31922,73845,40.73988840804775,-73.98958593615433,2023,2025,2,12,1,11,35,lifetime_aggregate,1494,2023.1566118220596,1
nyc,6098.10,Broadway & E 21 St,316860,153385,163475,316860,40.73988840820552,-73.98958593612964,2023,2025,2,12,1,12,36,lifetime_aggregate,1494,471.501609543647,1
nyc,6098.12,Broadway & E 19 St,116309,57893,58416,116309,40.73866091438797,-73.98987293251484,2023,2023,1,12,1,12,12,lifetime_aggregate,1442,1239.8008752547094,1
nyc,6099.02,76 St & 45 Ave,8575,4263,4312,8575,40.7411,-73.88837,2023,2025,2,12,9,12,28,lifetime_aggregate,547,6379.008746355686,1
nyc,6101.11,48 Ave & 41 St,33503,17055,16448,33503,40.73985995699307,-73.92400324343824,2023,2025,2,12,1,12,36,lifetime_aggregate,652,1946.094379607796,1
nyc,6104.01,55 Ave & Center Blvd,56436,28176,28260,56436,40.740288,-73.960697,2023,2025,2,12,12,12,25,lifetime_aggregate,101,178.96378198313133,1
nyc,6105.02,100 St & Lewis Ave,2529,1239,1290,2529,40.73988000000001,-73.86011999999998,2023,2025,2,11,10,12,27,lifetime_aggregate,630,24911.032028469752,1
nyc,6107.08,W 17 St & 7 Ave,167034,83206,83828,167034,40.740564236219605,-73.9985257388487,2023,2025,2,12,1,12,36,lifetime_aggregate,1224,732.7849419878588,1
nyc,6108.03,69 St & 43 Ave,12276,6134,6142,12276,40.74179,-73.89564,2023,2025,2,12,1,12,36,lifetime_aggregate,941,7665.363310524601,1
nyc,6110.01,34 St & 48 Ave,9536,4958,4578,9536,40.7408212078007,-73.9314718544641,2023,2025,2,12,1,12,36,lifetime_aggregate,1298,13611.577181208053,1
nyc,6113.07,51 Ave & Junction Blvd,3876,1915,1961,3876,40.74087,-73.86772,2023,2025,2,12,9,12,28,lifetime_aggregate,557,14370.485036119713,1
nyc,6115.06,Hudson St & W 13 St,246862,123088,123774,246862,40.74005708217918,-74.00527416939609,2020,2025,3,12,12,12,61,lifetime_aggregate,969,392.5269988900681,1
nyc,6115.09,W 15 St & 10 Ave,231671,114439,117232,231671,40.74275387585936,-74.00747371264299,2020,2025,3,12,1,12,72,lifetime_aggregate,758,327.1881245386777,1
nyc,6116.03,61 St & Queens Blvd,25853,12909,12944,25853,40.74091,-73.90273,2023,2025,2,12,1,12,36,lifetime_aggregate,878,3396.124240900476,1
nyc,6119.01,49 Ave & 27 St,5297,2606,2691,5297,40.74113,-73.942518,2023,2025,2,12,12,12,25,lifetime_aggregate,361,6815.178402869548,1
nyc,6122.09,2 Ave & E 29 St,322031,161248,160783,322031,40.74172351115615,-73.97809267056294,2023,2025,2,12,1,12,36,lifetime_aggregate,1588,493.1202275557322,1
nyc,6123.02,Corona Ave & 90 St,3240,1591,1649,3240,40.74154,-73.87484,2023,2025,2,12,9,9,25,lifetime_aggregate,634,19567.9012345679,1
nyc,6128.04,49 Ave & 21 St,53513,26760,26753,53513,40.74252,-73.948852,2020,2025,3,12,1,12,72,lifetime_aggregate,699,1306.2246556911405,1
nyc,6131.1,E 24 St & Park Ave S,169034,84451,84583,169034,40.740963820093874,-73.98602208822389,2020,2025,2,12,1,12,72,lifetime_aggregate,1501,887.9870321947064,1
nyc,6131.12,Madison Ave & E 26 St,249699,124852,124847,249699,40.74268477246081,-73.9867132421868,2020,2025,3,12,8,12,65,lifetime_aggregate,1561,625.152683831333,1
nyc,6131.13,E 27 St & Park Ave S,212943,107119,105824,212943,40.74275179659927,-73.98471571520376,2023,2025,2,12,1,12,36,lifetime_aggregate,1433,672.9500382731529,1
nyc,6132.01,82 St & Broadway,14566,7281,7285,14566,40.74281,-73.88296,2025,2025,1,10,1,10,10,lifetime_aggregate,711,4881.230262254566,1
nyc,6134.03,Greenpoint Ave & 47 St,33279,17372,15907,33279,40.7424,-73.91808,2023,2025,2,12,1,12,36,lifetime_aggregate,726,2181.555936175967,1
nyc,6134.13,44 St & Greenpoint Ave,27050,13924,13126,27050,40.741119944690624,-73.92103672032219,2023,2025,2,12,1,12,36,lifetime_aggregate,712,2632.162661737523,1
nyc,6137.04,5 St & 51 Ave,54697,27295,27402,54697,40.74237378533667,-73.9566,2020,2025,3,12,1,12,72,lifetime_aggregate,459,839.16851015595,1
nyc,6138.02,Martense Ave & 108 St,3923,1894,2029,3923,40.74214,-73.85418,2023,2025,2,12,10,12,27,lifetime_aggregate,571,14555.187356614835,1
nyc,6138.07,108 St & 52 Ave,4680,2234,2446,4680,40.74310053056842,-73.85466891367044,2025,2025,1,12,1,12,12,lifetime_aggregate,557,11901.7094017094,1
nyc,6140.05,W 21 St & 6 Ave,813871,406062,407809,813871,40.74173978547424,-73.99415569777638,2020,2025,3,12,1,12,72,lifetime_aggregate,1446,177.66943409950716,1
nyc,6141.02,72 St & Woodside Ave,11360,5742,5618,11360,40.74288,-73.89283,2023,2025,2,12,1,12,36,lifetime_aggregate,905,7966.549295774648,1
nyc,6143.01,36 St & 47 Ave,10029,5100,4929,10029,40.742218349683206,-73.92935156856473,2023,2025,2,12,1,12,36,lifetime_aggregate,946,9432.645328547214,1
nyc,6143.05,39 St & 47 Ave,23286,11643,11643,23286,40.742156368217316,-73.92662644379065,2023,2025,2,12,1,12,36,lifetime_aggregate,686,2945.976122992356,1
nyc,6146.01,99 St & 50 Ave,2249,1094,1155,2249,40.74278,-73.86226,2023,2025,2,12,9,12,28,lifetime_aggregate,605,26900.844819919967,1
nyc,6148.02,W 17 St & 8 Ave,262826,131575,131251,262826,40.74177602083742,-74.00149731950717,2020,2025,3,12,1,12,72,lifetime_aggregate,1033,393.0356966205779,1
nyc,6149.02,65 Pl & Woodside Ave,10919,5480,5439,10919,40.74334,-73.89903,2023,2025,2,12,1,12,36,lifetime_aggregate,1117,10229.874530634674,1
nyc,6151.03,47 Ave & 31 St,41286,20637,20649,41286,40.743,-73.93561,2020,2025,3,12,1,12,72,lifetime_aggregate,966,2339.7761953204476,1
nyc,6155.03,Corona Ave & 92 St,5762,2852,2910,5762,40.742399999999996,-73.87251,2023,2025,2,12,11,12,26,lifetime_aggregate,683,11853.523082263102,1
nyc,6157.04,10 Ave & W 14 St,314983,157142,157841,314983,40.74198160244705,-74.00831580286355,2023,2025,2,12,1,12,36,lifetime_aggregate,706,224.13908052180597,1
nyc,6158.02,Queens Blvd & 56 St,12348,6260,6088,12348,40.74193,-73.90913,2023,2025,2,12,1,12,36,lifetime_aggregate,384,3109.815354713314,1
nyc,6158.06,57 St & 43 Ave,13419,6766,6653,13419,40.74324,-73.908,2023,2025,2,12,1,12,36,lifetime_aggregate,462,3442.879499217527,1
nyc,6164.09,Lexington Ave & E 29 St,244452,123141,121311,244452,40.743115692255614,-73.9821536794927,2020,2025,3,12,1,12,72,lifetime_aggregate,1584,647.9799715281528,1
nyc,6165.06,Whitney Ave & Ketcham Pl,5586,2766,2820,5586,40.74248999999999,-73.87809,2023,2025,2,11,11,12,26,lifetime_aggregate,726,12996.777658431793,1
nyc,6167.03,51 St & Queens Blvd,9793,5175,4618,9793,40.7429,-73.91395,2023,2025,2,12,1,12,36,lifetime_aggregate,530,5412.029000306341,1
nyc,6170.02,Vernon Blvd & 50 Ave,204638,102201,102437,204638,40.742327297689926,-73.95411733151833,2020,2025,3,12,1,12,72,lifetime_aggregate,602,294.17801190394744,1
nyc,6170.09,Jackson Ave & 49 Ave,93487,46631,46856,93487,40.7429302,-73.952037,2025,2025,1,12,1,12,12,lifetime_aggregate,688,735.931198990234,1
nyc,6171.02,111 St & 53 Ave,6041,2955,3086,6041,40.74336,-73.85129,2023,2025,2,12,10,12,27,lifetime_aggregate,553,9154.113557358054,1
nyc,6173.08,Broadway & W 25 St,589045,294093,294952,589045,40.7428688402084,-73.98918619368433,2020,2025,3,12,1,12,72,lifetime_aggregate,1697,288.0934393806925,1
nyc,6174.03,79 St & Woodside Ave,8725,4342,4383,8725,40.74363999999999,-73.88622,2023,2025,2,12,11,12,26,lifetime_aggregate,903,10349.570200573065,1
nyc,6176.11,40 St & Queens Blvd,61838,31946,29892,61838,40.743540273385314,-73.9243519306293,2023,2025,2,12,1,12,36,lifetime_aggregate,806,1303.4056728872215,1
nyc,6179.07,Center Blvd & 51 Ave,144683,72269,72414,144683,40.74336605458375,-73.95960691322355,2020,2025,3,12,1,12,72,lifetime_aggregate,220,152.0565650421957,1
nyc,6180.05,51 Ave & Alstyne Ave,3602,1767,1835,3602,40.74311,-73.85715,2023,2025,2,12,10,12,27,lifetime_aggregate,620,17212.659633536925,1
nyc,6182.02,W 20 St & 7 Ave,381460,190626,190834,381460,40.74238790619028,-73.99726223606656,2020,2025,3,12,1,12,72,lifetime_aggregate,1381,362.0300948985477,1
nyc,6183.03,Woodside Ave & 69 St,9508,4784,4724,9508,40.7428,-73.89584,2023,2025,2,12,1,12,36,lifetime_aggregate,1056,11106.43668489693,1
nyc,6185.04,33 St & 47 Ave,15776,7862,7914,15776,40.74283,-73.9321,2023,2025,2,12,1,12,36,lifetime_aggregate,1065,6750.760649087221,1
nyc,6185.07,33 St & Queens Blvd,25914,13116,12798,25914,40.744365319089475,-73.93172398210118,2023,2025,2,12,1,12,36,lifetime_aggregate,970,3743.1504206220575,1
nyc,6188.04,Corona Ave & 98 St,1961,961,1000,1961,40.74448,-73.86516,2023,2025,2,12,10,12,27,lifetime_aggregate,765,39010.70882202958,1
nyc,6190.03,W 18 St & 9 Ave,104653,52157,52496,104653,40.743533816274315,-74.00367571620457,2020,2025,3,12,1,12,72,lifetime_aggregate,1156,1104.602830305868,1
nyc,6190.08,9 Ave & W 18 St,294336,145184,149152,294336,40.74317432269945,-74.00366428318523,2020,2025,3,12,1,10,70,lifetime_aggregate,1131,384.25472928897585,1
nyc,6191.04,62 St & 43 Ave,10623,5297,5326,10623,40.74261,-73.903,2023,2025,2,12,1,12,36,lifetime_aggregate,1001,9422.950202391037,1
nyc,6191.06,61 St & Woodside Ave,47828,23857,23971,47828,40.74501,-73.9036,2023,2025,2,12,1,12,36,lifetime_aggregate,692,1446.8512168604166,1
nyc,6194.06,29 St & Skillman Ave,8128,4049,4079,8128,40.74483099999999,-73.938411,2023,2025,2,12,12,12,25,lifetime_aggregate,1132,13927.16535433071,1
nyc,6197.02,2 Ave & E 31 St,230297,114862,115435,230297,40.74290900938021,-73.97706079291233,2020,2023,2,12,1,10,46,lifetime_aggregate,1802,782.4678567241433,1
nyc,6197.08,E 33 St & 1 Ave,570756,284643,286113,570756,40.74322687015899,-73.97449788732595,2020,2025,3,12,1,12,72,lifetime_aggregate,1686,295.3976830729769,1
nyc,6197.11,2 Ave & E 31 St,151131,75985,75146,151131,40.74299,-73.97711,2023,2025,2,12,12,12,25,lifetime_aggregate,1800,1191.0197113762233,1
nyc,6198.03,Forley St & Lamont Ave,10738,5384,5354,10738,40.74463,-73.87386,2023,2025,2,12,9,12,28,lifetime_aggregate,790,7357.0497299310855,1
nyc,6200.03,53 St & Roosevelt Ave,14997,8249,6748,14997,40.74462,-73.91143,2023,2025,2,12,1,12,36,lifetime_aggregate,554,3694.0721477628854,1
nyc,6203.02,Jackson Ave & 46 Rd,104174,52062,52112,104174,40.74524776845041,-73.94733282332159,2020,2025,3,12,1,12,72,lifetime_aggregate,746,716.1095858851537,1
nyc,6206.08,E 30 St & Park Ave S,239738,120627,119111,239738,40.74444892681485,-73.98303527232169,2020,2025,3,12,1,12,72,lifetime_aggregate,1487,620.2604509923333,1
nyc,6207.06,Judge St & Britton Ave,9880,4910,4970,9880,40.74454,-73.88112,2023,2025,2,12,9,12,28,lifetime_aggregate,928,9392.712550607288,1
nyc,6209.05,43 Ave & 47 St,29912,16222,13690,29912,40.744806287568814,-73.91728967445594,2023,2025,2,12,1,12,36,lifetime_aggregate,697,2330.168494249799,1
nyc,6209.08,46 St & Queens Blvd,51665,27091,24574,51665,40.74349759848449,-73.91860529771877,2023,2025,2,12,1,12,36,lifetime_aggregate,753,1457.4663698828995,1
nyc,6212.04,48 Ave & 5 St,70475,34133,36342,70475,40.744363196485615,-73.95587317177281,2020,2025,3,12,1,12,72,lifetime_aggregate,550,780.4185881518268,1
nyc,6212.08,Vernon Blvd & 47 Rd,86505,42974,43531,86505,40.74490678484686,-73.9534572048046,2020,2025,3,12,1,12,72,lifetime_aggregate,706,816.1377955031501,1
nyc,6213.01,51 Ave & Corona Ave,445,209,236,445,40.74373,-73.85583,2023,2023,1,3,10,12,3,lifetime_aggregate,600,134831.4606741573,1
nyc,6215.04,W 25 St & 6 Ave,310514,155235,155279,310514,40.74395407454837,-73.99144879448679,2020,2025,3,12,1,12,72,lifetime_aggregate,1763,567.7682809792796,1
nyc,6215.07,W 27 St & 6 Ave,229310,115250,114060,229310,40.745484270121835,-73.99059066508956,2023,2025,2,12,4,12,33,lifetime_aggregate,1834,799.7906763769569,1
nyc,6216.01,74 St & Woodside Ave,7182,3563,3619,7182,40.74325,-73.89079,2023,2025,2,12,12,12,25,lifetime_aggregate,909,12656.641604010025,1
nyc,6218.04,39 St & Queens Blvd,24894,12687,12207,24894,40.74431,-73.92601,2023,2025,2,12,1,12,36,lifetime_aggregate,763,3064.9955812645617,1
nyc,6222.04,Corona Ave & 102 St,4247,2111,2136,4247,40.74419,-73.8619,2023,2025,2,12,9,12,28,lifetime_aggregate,624,14692.724275959501,1
nyc,6224.03,W 22 St & 8 Ave,366030,182231,183799,366030,40.74475132384643,-73.99915373789169,2020,2025,3,12,1,12,72,lifetime_aggregate,1076,293.9649755484523,1
nyc,6224.05,W 20 St & 8 Ave,332870,165891,166979,332870,40.74345323592821,-74.00004020896499,2020,2025,3,12,1,12,72,lifetime_aggregate,1131,339.77228347402894,1
nyc,6224.06,8 Ave & W 24 St,172199,86932,85267,172199,40.745910728674126,-73.9980711041609,2023,2025,2,12,1,12,36,lifetime_aggregate,1166,677.1235605317104,1
nyc,6225.03,41 Ave & 67 St,8267,4175,4092,8267,40.74446,-73.89764,2023,2025,2,12,1,12,36,lifetime_aggregate,1171,14164.751421313656,1
nyc,6227.02,31 St & Thomson Ave,43419,21746,21673,43419,40.74469725928065,-73.93540381968734,2020,2025,3,12,1,12,72,lifetime_aggregate,1105,2544.9687924641285,1
nyc,6230.02,1 Ave & E 38 St,185553,92677,92876,185553,40.746202,-73.971822,2025,2025,1,12,1,12,12,lifetime_aggregate,1726,930.1924517523295,1
nyc,6230.04,FDR Drive & E 35 St,394087,198626,195461,394087,40.744219,-73.97121209472414,2020,2025,3,12,1,12,72,lifetime_aggregate,1191,302.21753064678614,1
nyc,6231.01,46 Ave & Junction Blvd,5093,2532,2561,5093,40.74399,-73.86781,2023,2025,2,12,9,12,28,lifetime_aggregate,757,14863.5381896721,1
nyc,6233.04,Pier 61 at Chelsea Piers,301176,150471,150705,301176,40.746872,-74.00821,2025,2025,1,12,1,12,12,lifetime_aggregate,551,182.94950460860096,1
nyc,6233.05,W 16 St & The High Line,316207,157903,158304,316207,40.74334923663921,-74.00681767496204,2020,2025,3,12,1,12,72,lifetime_aggregate,774,244.776364849608,1
nyc,6234.01,57 St & Woodside Ave,5943,2966,2977,5943,40.74631839241483,-73.90762027429375,2023,2023,1,10,3,12,10,lifetime_aggregate,532,8951.70789163722,1
nyc,6234.03,Woodside Ave & Roosevelt Ave,14760,7374,7386,14760,40.74549,-73.90605,2023,2025,2,12,1,12,36,lifetime_aggregate,565,3827.9132791327916,1
nyc,6234.04,Woodside Ave & 60 St,19179,9649,9530,19179,40.74521,-73.90462,2023,2025,2,12,1,12,36,lifetime_aggregate,653,3404.7656290734662,1
nyc,6234.08,59 St & 41 Ave,1578,777,801,1578,40.744577,-73.905986,2025,2025,1,6,1,6,6,lifetime_aggregate,624,39543.726235741444,1
nyc,6237.01,47 Ave & Skillman Ave,11500,5720,5780,11500,40.743752279039235,-73.9417648760295,2020,2025,3,12,1,12,72,lifetime_aggregate,613,5330.434782608696,1
nyc,6239.08,E 31 St & 3 Ave,335882,169594,166288,335882,40.74394353146266,-73.9796610256577,2020,2025,3,12,1,12,72,lifetime_aggregate,1929,574.3088346502641,1
nyc,6240.05,Elmhurst Ave & Forley St,8223,4112,4111,8223,40.74615000000001,-73.87763,2023,2025,2,12,10,12,27,lifetime_aggregate,839,10203.08889699623,1
nyc,6242.1,51 St & 43 Ave,5958,2764,3194,5958,40.74451,-73.91412,2023,2025,2,12,1,12,36,lifetime_aggregate,566,9499.83215844243,1
nyc,6242.10,51 St & 43 Ave,19561,11523,8038,19561,40.74451,-73.91412,2023,2025,2,12,1,12,36,lifetime_aggregate,566,2893.512601605235,1
nyc,6245.08,46 Rd & 11 St,21312,10613,10699,21312,40.745805000000004,-73.950752,2023,2025,2,12,12,12,25,lifetime_aggregate,730,3425.3003003003005,1
nyc,6247.06,W 27 St & 7 Ave,241822,120981,120841,241822,40.74664701104508,-73.99391498980894,2020,2023,2,12,1,12,48,lifetime_aggregate,1795,742.2815128482933,1
nyc,6247.06_Pillar,Pillar W 27 St & 7 Ave,10,5,5,10,40.74665,-73.99392,2023,2023,1,1,9,9,1,lifetime_aggregate,1794,17940000.0,1
nyc,6248.06,5 Ave & E 29 St,175038,88017,87021,175038,40.745167855145965,-73.98683088630273,2020,2023,2,12,1,9,45,lifetime_aggregate,1707,975.2168100641004,1
nyc,6248.08,5 Ave & E 30 St,181381,90720,90661,181381,40.7459849,-73.98629487,2023,2025,2,12,9,12,28,lifetime_aggregate,1741,959.8579785093257,1
nyc,6249.02,41 Ave & 80 St,8682,4346,4336,8682,40.74586,-73.88539,2023,2025,2,12,11,12,26,lifetime_aggregate,1135,13073.024648698456,1
nyc,6251.06,43 Ave & 42 St,38906,19738,19168,38906,40.74534682585462,-73.92194196582719,2023,2025,2,12,1,7,31,lifetime_aggregate,699,1796.6380506862695,1
nyc,6254.06,Center Blvd & 48 Ave,89780,44806,44974,89780,40.745038,-73.957539,2020,2025,3,12,1,12,72,lifetime_aggregate,336,374.2481621742036,1
nyc,6255.02,49 Ave & 108 St,2765,1344,1421,2765,40.74535,-73.8558,2023,2025,2,12,10,12,27,lifetime_aggregate,607,21952.983725135626,1
nyc,6257.03,W 24 St & 7 Ave,481784,240732,241052,481784,40.74487622921237,-73.9952988928242,2020,2025,3,12,1,12,72,lifetime_aggregate,1555,322.7587466582535,1
nyc,6257.06,W 27 St & 7 Ave,172424,86038,86386,172424,40.74665,-73.99392,2025,2025,1,12,1,12,12,lifetime_aggregate,1794,1040.4584048624322,1
nyc,6258.02,72 St & Broadway,22254,11079,11175,22254,40.74751,-73.89372,2023,2025,2,12,9,12,28,lifetime_aggregate,1310,5886.582187471915,1
nyc,6258.03,72 St & 41 Ave,13729,7045,6684,13729,40.7448,-73.89377,2023,2025,2,12,1,12,36,lifetime_aggregate,1174,8551.241896714982,1
nyc,6260.04,36 St & Queens Blvd,23205,11697,11508,23205,40.74408,-73.92901,2023,2025,2,12,1,12,36,lifetime_aggregate,869,3744.88256841198,1
nyc,6264.06,National St & 45 Ave,3338,1639,1699,3338,40.74582,-73.86433000000001,2023,2025,2,12,10,12,27,lifetime_aggregate,914,27381.66566806471,1
nyc,6266.06,9 Ave & W 22 St,427837,212974,214863,427837,40.745497196120546,-74.00197125495671,2020,2025,3,12,1,10,70,lifetime_aggregate,1044,244.0181657967871,1
nyc,6267.08,65 St & Roosevelt Ave,11657,6001,5656,11657,40.74589,-73.89915,2023,2025,2,12,1,12,36,lifetime_aggregate,1041,8930.2564982414,1
nyc,6273.03,Case St & 94 St,4693,2357,2336,4693,40.74619,-73.87193,2023,2025,2,12,9,12,28,lifetime_aggregate,980,20882.164926486257,1
nyc,6276.02,Woodside Ave & 55 St,10366,5195,5171,10366,40.74679,-73.90893,2023,2025,2,12,1,12,36,lifetime_aggregate,459,4427.937487941347,1
nyc,6276.05,Skillman Ave & 54 St,18427,9346,9081,18427,40.745502,-73.909887,2023,2025,2,12,1,12,36,lifetime_aggregate,516,2800.238780051012,1
nyc,6278.04,44 Dr & 21 St,19486,9723,9763,19486,40.748,-73.94609295627224,2020,2020,1,12,1,12,12,lifetime_aggregate,689,3535.871908036539,1
nyc,6278.05,Davis St & Jackson Ave,53657,26679,26978,53657,40.745627,-73.945661,2023,2025,2,12,12,12,25,lifetime_aggregate,623,1161.0787036174218,1
nyc,6280.12,E 32 St & Park Ave,385891,194748,191143,385891,40.745712067515626,-73.98194819579533,2020,2025,3,12,1,12,72,lifetime_aggregate,1796,465.41639996786654,1
nyc,6281.01,Gleane St & Britton Ave,3232,1605,1627,3232,40.74646,-73.87996,2023,2025,2,12,12,12,25,lifetime_aggregate,1019,31528.46534653465,1
nyc,6283.05,48 St & Skillman Ave,32106,16303,15803,32106,40.746228747025945,-73.9161631464472,2023,2025,2,12,1,12,36,lifetime_aggregate,569,1772.2544072758985,1
nyc,6286.02,46 Ave & 5 St,197378,98384,98994,197378,40.74731,-73.95451,2020,2025,3,12,1,12,72,lifetime_aggregate,360,182.3911479496195,1
nyc,6287.02,111 St & 49 Ave,7936,3931,4005,7936,40.74612,-73.85272,2023,2025,2,12,10,12,27,lifetime_aggregate,510,6426.411290322581,1
nyc,6289.06,Broadway & W 29 St,408325,204652,203673,408325,40.74620092693733,-73.98855715298643,2020,2025,3,12,1,12,72,lifetime_aggregate,1817,444.9886732382294,1
nyc,6290.06,41 Ave & 77 St,20554,10250,10304,20554,40.74557,-73.8882,2023,2025,2,12,9,12,28,lifetime_aggregate,1168,5682.592196166197,1
nyc,6290.13,79 St & Roosevelt Ave,8309,4181,4128,8309,40.74717999999999,-73.88674999999999,2023,2025,2,12,10,12,27,lifetime_aggregate,1275,15344.806835961006,1
nyc,6292.03,43 Ave & 40 St,22916,11552,11364,22916,40.74562,-73.92402,2023,2025,2,10,1,11,35,lifetime_aggregate,656,2862.6287310176294,1
nyc,6295.07,47 Ave & 104 St,3216,1594,1622,3216,40.7458,-73.85945,2023,2025,2,12,9,12,28,lifetime_aggregate,758,23569.65174129353,1
nyc,6297.02,W 26 St & 8 Ave,130682,65756,64926,130682,40.74734807715708,-73.99723583619912,2020,2023,2,12,1,5,41,lifetime_aggregate,1343,1027.6855266983976,1
nyc,6297.07,8 Ave & W 27 St,185391,92704,92687,185391,40.747968,-73.996637,2023,2025,2,12,1,12,36,lifetime_aggregate,1429,770.8033291799494,1
nyc,6297.08,W 25 St & 8 Ave,110961,55644,55317,110961,40.746510358072086,-73.99733420365271,2023,2025,2,12,5,12,32,lifetime_aggregate,1413,1273.420390948171,1
nyc,6298.04,69 St & 38 Ave,13473,6907,6566,13473,40.746945045191296,-73.89650255494742,2023,2025,2,12,1,12,36,lifetime_aggregate,1260,9352.037408149632,1
nyc,6300.04,Skillman Ave & 43 Ave,33207,16536,16671,33207,40.74653761997066,-73.93215849970615,2023,2025,2,12,1,12,36,lifetime_aggregate,874,2631.9751859547687,1
nyc,6303.01,1 Ave & E 39 St,161703,80711,80992,161703,40.74714,-73.97113,2020,2023,2,12,9,12,40,lifetime_aggregate,1722,1064.9153076937348,1
nyc,6303.02,1 Ave & E 42 St,59547,30227,29320,59547,40.7487575,-73.970127,2025,2025,1,12,1,12,12,lifetime_aggregate,1274,2139.486456076713,1
nyc,6304.04,98 St & 41 Ave,5102,2571,2531,5102,40.747730000000004,-73.86649000000001,2023,2025,2,12,9,12,28,lifetime_aggregate,1063,20834.96667973344,1
nyc,6306.01,W 20 St & 10 Ave,294487,146844,147643,294487,40.745686,-74.005141,2020,2025,3,12,9,12,64,lifetime_aggregate,1005,341.2714313365276,1
nyc,6306.06,W 22 St & 10 Ave,478193,238960,239233,478193,40.74691971743593,-74.00451890638368,2020,2025,3,12,1,12,72,lifetime_aggregate,880,184.02611497868017,1
nyc,6306.06_Pillar,Pillar W 22 St & 10 Ave,230,115,115,230,40.74692,-74.00452,2023,2023,1,3,10,12,3,lifetime_aggregate,880,382608.69565217395,1
nyc,6306.07,W 20 St & 11 Ave,157621,77950,79671,157621,40.746745,-74.007756,2020,2025,2,12,1,12,72,lifetime_aggregate,651,413.01603212769874,1
nyc,6307.07,61 St & 39 Ave,45750,22832,22918,45750,40.7471,-73.9028,2023,2025,2,12,1,12,36,lifetime_aggregate,634,1385.792349726776,1
nyc,6310.06,27 St & Hunter St,126535,63267,63268,126535,40.7485,-73.941275,2020,2025,3,12,1,12,72,lifetime_aggregate,1242,981.5466076579602,1
nyc,6313.1,Lexington Ave & E 36 St,22439,21293,1146,22439,40.74757395898378,-73.9788007737804,2023,2025,2,11,1,5,29,lifetime_aggregate,2242,9991.532599491957,1
nyc,6313.10,Lexington Ave & E 36 St,239675,110061,129614,239675,40.74757396457525,-73.97880083897249,2020,2025,3,12,1,12,72,lifetime_aggregate,2242,935.433399395014,1
nyc,6314.02,Elmhurst Ave & Roosevelt Ave,16215,8127,8088,16215,40.74864,-73.87619,2023,2025,2,12,8,12,29,lifetime_aggregate,971,5988.282454517422,1
nyc,6314.09,Benham St & Roosevelt Ave,2628,1424,1204,2628,40.74841,-73.8751,2023,2025,2,12,9,12,28,lifetime_aggregate,1061,40372.90715372907,1
nyc,6316.05,39 Dr & 52 St,24665,12443,12222,24665,40.74732,-73.91197,2023,2025,2,12,1,12,36,lifetime_aggregate,370,1500.1013581998784,1
nyc,6319.01,45 Rd & 11 St,74170,36927,37243,74170,40.74708589682805,-73.94977223089542,2020,2025,3,12,1,12,72,lifetime_aggregate,645,869.6238371309154,1
nyc,6319.03,44 Dr & 21 St,52536,26156,26380,52536,40.748036,-73.946705,2023,2025,2,12,12,12,25,lifetime_aggregate,716,1362.8749809654332,1
nyc,6319.04,11 St & 44 Rd,22400,11145,11255,22400,40.749207,-73.949373,2023,2025,2,12,12,12,25,lifetime_aggregate,518,2312.5,1
nyc,6319.07,45 Ave & 21 St,73792,36787,37005,73792,40.74737075658837,-73.94777297974632,2023,2025,2,12,1,12,36,lifetime_aggregate,643,871.3681699913269,1
nyc,6322.01,E 33 St & 5 Ave,315303,158790,156513,315303,40.74765931865923,-73.9849070474599,2020,2025,3,12,1,12,72,lifetime_aggregate,1853,587.6886677259652,1
nyc,6323.04,84 St & Roosevelt Ave,16390,8352,8038,16390,40.74797,-73.88204,2023,2025,2,12,8,12,29,lifetime_aggregate,1046,6381.940207443564,1
nyc,6323.11,Ithaca St & Baxter Ave,18738,9371,9367,18738,40.74638,-73.88322,2023,2025,2,12,9,12,28,lifetime_aggregate,1077,5747.67851424912,1
nyc,6325.01,43 St & Skillman Ave,28483,14263,14220,28483,40.746926757126815,-73.920824825945,2023,2025,2,12,1,11,35,lifetime_aggregate,483,1695.7483411157534,1
nyc,6329.06,47 Ave & 109 St,2523,1208,1315,2523,40.74713,-73.85502,2023,2025,2,12,10,12,27,lifetime_aggregate,658,26080.063416567576,1
nyc,6331.01,W 31 St & 7 Ave,576403,288227,288176,576403,40.749156,-73.9916,2020,2025,3,12,1,12,72,lifetime_aggregate,2068,358.7767586220058,1
nyc,6332.06,74 St & 37 Ave,46366,23146,23220,46366,40.74907999999999,-73.89172,2023,2025,2,12,8,12,29,lifetime_aggregate,1354,2920.2432817150498,1
nyc,6332.09,75 St & Roosevelt Ave,12456,6244,6212,12456,40.7468,-73.89038,2023,2023,1,4,9,12,4,lifetime_aggregate,1238,9938.985228002568,1
nyc,6332.1,Broadway & 74 St,3845,379,3466,3845,40.74653,-73.89121,2025,2025,1,9,1,11,11,lifetime_aggregate,1239,32223.66710013004,1
nyc,6332.10,Broadway & 74 St,41886,22398,19488,41886,40.74653,-73.89121,2025,2025,1,12,1,12,12,lifetime_aggregate,1239,2958.028935682567,1
nyc,6334.03,Skillman Ave & Honeywell St,11986,5920,6066,11986,40.74714824894562,-73.92902433860365,2023,2025,2,12,1,12,36,lifetime_aggregate,720,6007.008176205572,1
nyc,6337.09,103 St & 41 Ave,5790,2848,2942,5790,40.74875,-73.86285,2023,2025,2,12,10,12,27,lifetime_aggregate,949,16390.328151986185,1
nyc,6339.06,W 25 St & 9 Ave,232852,116442,116410,232852,40.747832606185554,-74.00057226412491,2023,2025,2,12,2,12,35,lifetime_aggregate,1145,491.72865167574247,1
nyc,6340.09,37 Ave & 63 St,11511,5729,5782,11511,40.74893,-73.89981,2023,2025,2,12,1,12,36,lifetime_aggregate,937,8140.039961775693,1
nyc,6345.01,E 39 St & 2 Ave,3932,2035,1897,3932,40.747803547832454,-73.97344167540987,2020,2020,1,9,1,9,9,lifetime_aggregate,2119,53891.149542217696,1
nyc,6345.01,E 39 St & 2 Ave (old),72005,36218,35787,72005,40.747804,-73.973442,2020,2020,1,9,1,9,9,lifetime_aggregate,2119,2942.8511908895216,1
nyc,6345.08,E 39 St & 2 Ave,100184,50129,50055,100184,40.74803319413833,-73.9738279581392,2023,2023,1,12,1,12,12,lifetime_aggregate,2171,2167.012696638186,1
nyc,6346.02,Warren St & Roosevelt Ave,3605,1834,1771,3605,40.74919,-73.87043,2023,2023,1,5,8,12,5,lifetime_aggregate,1114,30901.52565880721,1
nyc,6346.07,Warren St & Roosevelt Ave,11819,5892,5927,11819,40.74919,-73.87054,2025,2025,1,12,1,12,12,lifetime_aggregate,1112,9408.57940604112,1
nyc,6349.03,39 Ave & 56 St,13346,6664,6682,13346,40.74838,-73.90699,2023,2025,2,12,1,12,36,lifetime_aggregate,499,3738.947999400569,1
nyc,6352.01,44 Dr & Jackson Ave,180496,90265,90231,180496,40.74718223348478,-73.94326364239993,2020,2025,3,12,1,12,72,lifetime_aggregate,736,407.7652690364329,1
nyc,6356.01,87 St & Roosevelt Ave,6789,3424,3365,6789,40.74825,-73.87936,2023,2025,2,12,9,12,28,lifetime_aggregate,1007,14832.81779348947,1
nyc,6358.05,48 St & Barnett Ave,13434,6821,6613,13434,40.75001640417336,-73.91540944566783,2023,2025,2,12,1,12,36,lifetime_aggregate,440,3275.271698675004,1
nyc,6361.03,9 St & 44 Rd,43792,21838,21954,43792,40.74966,-73.9521,2020,2025,3,12,1,12,72,lifetime_aggregate,355,810.6503470953598,1
nyc,6364.07,6 Ave & W 33 St,574873,288522,286351,574873,40.74901279587442,-73.98848395815847,2020,2025,3,12,1,12,72,lifetime_aggregate,2004,348.59873398124455,1
nyc,6364.1,6 Ave & W 34 St,66484,41975,24509,66484,40.74964,-73.98805,2023,2025,2,11,1,12,36,lifetime_aggregate,2007,3018.771433728416,1
nyc,6364.10,6 Ave & W 34 St,373827,181534,192293,373827,40.74964,-73.98805,2020,2025,3,12,1,12,72,lifetime_aggregate,2007,536.8793586338065,1
nyc,6365.1,79 St & 37 Ave,3447,795,2652,3447,40.74937,-73.88714,2023,2025,2,11,8,10,27,lifetime_aggregate,1220,35393.095445314764,1
nyc,6365.10,79 St & 37 Ave,20232,11036,9196,20232,40.74937,-73.88714,2023,2025,2,12,8,12,29,lifetime_aggregate,1220,6030.051403716884,1
nyc,6371.03,42 Ave & 108 St,2718,1341,1377,2718,40.74944,-73.85792,2023,2025,2,12,9,12,28,lifetime_aggregate,872,32082.413539367182,1
nyc,6373.07,W 30 St & 8 Ave,191845,95775,96070,191845,40.749652054045264,-73.99519214140702,2023,2025,2,12,1,12,36,lifetime_aggregate,1681,876.2282050613777,1
nyc,6374.05,71 St & 37 Ave,8299,4194,4105,8299,40.7488,-73.89451,2023,2025,2,12,8,12,29,lifetime_aggregate,1324,15953.729364983732,1
nyc,6379.03,1 Ave & E 44 St,179655,90965,88690,179655,40.75001989829562,-73.96905300676282,2020,2025,3,12,1,12,72,lifetime_aggregate,1221,679.6359689404692,1
nyc,6380.1,39 Ave & 99 St,113,100,13,113,40.74962,-73.86677,2023,2025,2,7,10,5,20,lifetime_aggregate,1093,967256.6371681417,1
nyc,6380.10,39 Ave & 99 St,6215,3047,3168,6215,40.74962,-73.86677,2023,2025,2,12,10,12,27,lifetime_aggregate,1093,17586.48431214803,1
nyc,6382.05,W 26 St & 10 Ave,262539,130587,131952,262539,40.7497178287146,-74.00295023291805,2020,2025,3,12,1,12,72,lifetime_aggregate,1017,387.37101916286724,1
nyc,6383.02,60 St & 37 Ave,2185,1089,1096,2185,40.74958,-73.90256,2023,2023,1,10,1,10,10,lifetime_aggregate,754,34508.009153318075,1
nyc,6383.06,60 St & 37 Ave,6854,3424,3430,6854,40.74952,-73.90265,2023,2025,2,12,10,12,27,lifetime_aggregate,745,10869.565217391304,1
nyc,6389.03,E 39 St & 3 Ave,53421,27010,26411,53421,40.74890097328367,-73.9760489786417,2020,2020,1,9,1,9,9,lifetime_aggregate,2354,4406.506804440201,1
nyc,6389.09,E 39 St & Lexington Ave,304236,154437,149799,304236,40.749498603657585,-73.97729202681849,2020,2025,3,12,9,12,64,lifetime_aggregate,2242,736.9279112268107,1
nyc,6390.05,93 St & Roosevelt Ave,3521,1887,1634,3521,40.74888,-73.87368,2023,2025,2,12,8,12,29,lifetime_aggregate,1102,31297.926725362115,1
nyc,6392.02,39 Ave & 54 St,7832,3904,3928,7832,40.74891,-73.90899,2023,2025,2,12,1,12,36,lifetime_aggregate,458,5847.803881511747,1
nyc,6395.01,21 St & 43 Ave,37780,18891,18889,37780,40.750525229699235,-73.9459483040137,2020,2025,3,12,1,12,72,lifetime_aggregate,760,2011.6463737427212,1
nyc,6398.06,W 37 St & 5 Ave,240368,121662,118706,240368,40.75038006081628,-73.98338991153149,2020,2025,3,12,1,12,72,lifetime_aggregate,1956,813.752246555282,1
nyc,6398.08,E 35 St & Madison Ave,150610,77906,72704,150610,40.74848023421668,-73.98255586639497,2023,2025,2,12,1,12,36,lifetime_aggregate,1963,1303.366310337959,1
nyc,6399.06,86 St & 37 Ave,14897,7526,7371,14897,40.75,-73.88062,2023,2025,2,12,8,12,29,lifetime_aggregate,1002,6726.18648049943,1
nyc,6401.01,43 St & 37 Ave,8797,4549,4248,8797,40.750181,-73.919998,2023,2025,2,12,1,12,36,lifetime_aggregate,367,4171.876776173695,1
nyc,6401.03,39 Ave & 45 St,23047,11539,11508,23047,40.74947822173929,-73.9182646574065,2023,2025,2,12,1,12,36,lifetime_aggregate,304,1319.0436933223414,1
nyc,6405.03,43 Ave & 111 St,2961,1430,1531,2961,40.74955,-73.85464,2023,2025,2,12,10,12,27,lifetime_aggregate,756,25531.91489361702,1
nyc,6407.07,W 33 St & 7 Ave,106598,53869,52729,106598,40.75019998178209,-73.99093097963927,2020,2020,1,12,1,12,12,lifetime_aggregate,2148,2015.0471866263908,1
nyc,6408.08,75 St & 35 Ave,16711,8378,8333,16711,40.75091,-73.89111,2023,2025,2,12,10,12,27,lifetime_aggregate,1139,6815.86978636826,1
nyc,6414.07,Roosevelt Ave & 104 St,9610,4750,4860,9610,40.74984,-73.86156,2023,2025,2,12,10,12,27,lifetime_aggregate,924,9614.984391259106,1
nyc,6416.06,W 29 St & 9 Ave,212147,105897,106250,212147,40.75007270017952,-73.99839279012566,2023,2025,2,12,1,12,36,lifetime_aggregate,1418,668.4044554012077,1
nyc,6416.08,9 Ave & W 28 St,81478,40756,40722,81478,40.74937000534316,-73.99923397979857,2020,2020,1,12,1,12,12,lifetime_aggregate,1226,1504.7006553916394,1
nyc,6417.04,65 St & 35 Ave,7939,3970,3969,7939,40.75053,-73.8977,2023,2025,2,12,1,12,36,lifetime_aggregate,1117,14069.782088424236,1
nyc,6417.11,65 St & Broadway,12829,6416,6413,12829,40.74937227382289,-73.89738768348025,2023,2025,2,12,1,12,36,lifetime_aggregate,1091,8504.170239301582,1
nyc,6422.08,E 43 St & 2 Ave,178509,91500,87009,178509,40.75022393700723,-73.9712140947616,2020,2025,3,12,1,12,72,lifetime_aggregate,1662,931.0454935045292,1
nyc,6422.09,E 44 St & 2 Ave,134803,69368,65435,134803,40.75118388214266,-73.97138712786175,2020,2025,3,12,9,12,64,lifetime_aggregate,1685,1249.9721816280053,1
nyc,6423.03,99 St & 38 Ave,4082,2075,2007,4082,40.75055,-73.86725,2023,2025,2,12,8,12,29,lifetime_aggregate,1098,26898.579127878493,1
nyc,6425.04,11 Ave & W 27 St,382249,190919,191330,382249,40.751396,-74.005226,2020,2025,3,12,1,12,72,lifetime_aggregate,725,189.66694484485242,1
nyc,6426.05,57 St & 37 Ave,5102,2545,2557,5102,40.75048,-73.90513,2023,2025,2,12,1,12,36,lifetime_aggregate,529,10368.482947863584,1
nyc,6429.01,Queens Plaza North & Crescent St,273189,136570,136619,273189,40.75110175372153,-73.94073711542447,2020,2025,3,12,1,12,72,lifetime_aggregate,1280,468.5400949525786,1
nyc,6432.08,Park Ave & E 41 St,95379,48509,46870,95379,40.751581,-73.97791,2025,2025,1,12,1,12,12,lifetime_aggregate,1929,2022.4577737237757,1
nyc,6432.08,Pershing Square South,64762,34501,30261,64762,40.751581,-73.97791,2020,2020,1,12,1,12,12,lifetime_aggregate,1929,2978.5985608844694,1
nyc,6432.09,Park Ave & E 42 St,215940,107659,108281,215940,40.751873,-73.977706,2025,2025,1,12,1,12,12,lifetime_aggregate,1905,882.189497082523,1
nyc,6432.09,Pershing Square North,148732,74694,74038,148732,40.751873,-73.977706,2020,2020,1,12,1,12,12,lifetime_aggregate,1905,1280.8272597692494,1
nyc,6432.1,E 41 St & Madison Ave (SE corner),59446,29449,29997,59446,40.752049,-73.979635,2023,2023,1,12,1,12,12,lifetime_aggregate,1899,3194.495844968543,1
nyc,6432.10,E 41 St & Madison Ave (SE corner),87624,45508,42116,87624,40.752049,-73.979635,2023,2023,1,12,1,12,12,lifetime_aggregate,1899,2167.2144617912904,1
nyc,6432.10_Pillar,Pillar E 41 St & Madison Ave (SE Corner),208,104,104,208,40.7521,-73.97968,2023,2023,1,2,9,10,2,lifetime_aggregate,1935,930288.4615384615,1
nyc,6432.11,E 40 St & Park Ave,248957,125074,123883,248957,40.750756,-73.978326,2023,2025,2,12,1,12,36,lifetime_aggregate,2021,811.7867744228922,1
nyc,6432.15,Park Ave & E 40 St,31483,15804,15679,31483,40.75112,-73.97851,2025,2025,1,6,7,12,6,lifetime_aggregate,1985,6304.989994600261,1
nyc,6433.01,92 St & 37 Ave,5413,2728,2685,5413,40.75085,-73.87509,2023,2025,2,12,8,12,29,lifetime_aggregate,1044,19286.90190282653,1
nyc,6435.02,48 St & 37 Ave,38852,19220,19632,38852,40.751555,-73.915026,2023,2025,2,12,1,12,36,lifetime_aggregate,532,1369.2988777926491,1
nyc,6435.03,50 St & Barnett Ave,25786,13164,12622,25786,40.75009768210713,-73.91349703073382,2023,2025,2,12,1,12,36,lifetime_aggregate,502,1946.7928333204063,1
nyc,6438.04,11 St & 43 Ave,14074,7003,7071,14074,40.751907046712944,-73.94791194176703,2020,2025,3,12,1,1,61,lifetime_aggregate,520,3694.7562881909903,1
nyc,6438.05,11 St & 43 Ave,14938,7503,7435,14938,40.75177,-73.94821,2025,2025,1,12,1,12,12,lifetime_aggregate,530,3547.9983933592184,1
nyc,6441.01,Broadway & W 36 St,170859,87775,83084,170859,40.75097707129308,-73.9876541814733,2020,2025,3,12,1,9,69,lifetime_aggregate,1972,1154.1680567017247,1
nyc,6441.02,Broadway & W 37 St,118614,63040,55574,118614,40.75172621549915,-73.98753515489003,2020,2025,3,12,1,12,72,lifetime_aggregate,2143,1806.7007267270305,1
nyc,6441.05,Broadway & W  38 St,54945,27631,27314,54945,40.752996,-73.987216,2020,2020,1,12,1,12,12,lifetime_aggregate,2302,4189.64418964419,1
nyc,6441.05,Broadway & W 38 St,3164,1559,1605,3164,40.75299628334585,-73.98721613130661,2020,2020,1,12,1,12,12,lifetime_aggregate,2302,72756.00505689002,1
nyc,6441.06,W 37 St & Broadway,85290,43773,41517,85290,40.75227093848114,-73.98770570805807,2023,2025,2,12,1,12,36,lifetime_aggregate,2256,2645.0932113964122,1
nyc,6442.08,81 St & 35 Ave,20527,10504,10023,20527,40.75179,-73.88568,2023,2025,2,12,8,12,29,lifetime_aggregate,892,4345.4961757685,1
nyc,6448.07,111 St & Roosevelt Ave,12247,6141,6106,12247,40.75147,-73.8557,2023,2025,2,12,9,12,28,lifetime_aggregate,864,7054.7889279007095,1
nyc,6450.05,8 Ave & W 31 St,521675,259172,262503,521675,40.75058523359705,-73.99468487057005,2020,2025,3,12,1,12,72,lifetime_aggregate,1814,347.72607466334404,1
nyc,6450.12,8 Ave & W 33 St,443004,222213,220791,443004,40.751552255813245,-73.99392149707396,2020,2025,3,12,1,12,72,lifetime_aggregate,2092,472.23049904741265,1
nyc,6451.07,34 Ave & 74 St,28816,14356,14460,28816,40.75297,-73.89236,2023,2025,2,12,8,12,29,lifetime_aggregate,758,2630.483064963909,1
nyc,6453.02,34 St & 38 Ave,29624,14929,14695,29624,40.752443,-73.929737,2023,2025,2,12,1,12,36,lifetime_aggregate,688,2322.4412638401295,1
nyc,6457.06,104 St & 38 Ave,5769,2847,2922,5769,40.75138,-73.86242,2023,2025,2,12,8,12,29,lifetime_aggregate,920,15947.30455884902,1
nyc,6459.04,10 Ave & W 28 St,409142,205078,204064,409142,40.75066389817411,-74.00176801351707,2020,2025,3,12,1,12,72,lifetime_aggregate,1110,271.299451046336,1
nyc,6459.06,10 Hudson Yards,1009,501,508,1009,40.752956999999995,-74.00264000000001,2020,2020,1,2,1,2,2,lifetime_aggregate,1095,108523.29038652132,1
nyc,6459.07,W 30 St & 10 Ave,491322,245535,245787,491322,40.752694,-74.002353,2020,2025,3,12,2,12,71,lifetime_aggregate,1161,236.30124439776765,1
nyc,6460.06,62 St & 34 Ave,10661,5300,5361,10661,40.75201,-73.89986,2023,2025,2,12,1,12,36,lifetime_aggregate,867,8132.445361598349,1
nyc,6462.05,40 Ave & Crescent St,42983,21581,21402,42983,40.753599136862384,-73.93795606418927,2020,2025,3,12,1,12,72,lifetime_aggregate,1111,2584.742805295117,1
nyc,6462.09,29 St & 40 Ave,5258,2629,2629,5258,40.75217,-73.93588,2025,2025,1,7,1,7,7,lifetime_aggregate,1208,22974.51502472423,1
nyc,6462.19,28 St & 41 Ave,105290,52735,52555,105290,40.751047,-73.93797,2020,2025,3,12,1,12,72,lifetime_aggregate,1175,1115.9654288156519,1
nyc,6464.08,E 45 St & 3 Ave,162023,81381,80642,162023,40.75255423018971,-73.97282616925713,2020,2025,3,12,1,12,72,lifetime_aggregate,1779,1097.9922603580974,1
nyc,6464.09,E 44 St & Lexington Ave,271417,135844,135573,271417,40.752643,-73.974996,2023,2025,2,12,1,12,36,lifetime_aggregate,1770,652.1330646201233,1
nyc,6465.04,95 St & 35 Ave,6835,3431,3404,6835,40.75301,-73.87266,2023,2025,2,12,9,12,28,lifetime_aggregate,1092,15976.591075347476,1
nyc,6468.01,54 St & 37 Ave,6358,3237,3121,6358,40.75098,-73.90799,2023,2025,2,12,1,12,36,lifetime_aggregate,606,9531.299150676314,1
nyc,6471.02,21 St & Queens Plaza North,75871,37847,38024,75871,40.75325974485659,-73.94335790834,2020,2025,3,12,1,12,72,lifetime_aggregate,831,1095.2801465645634,1
nyc,6474.02,W 40 St & 5 Ave,81881,41432,40449,81881,40.752269,-73.982079,2020,2023,2,12,1,4,40,lifetime_aggregate,1836,2242.278428451045,1
nyc,6474.11,E 40 St & 5 Ave,231893,116784,115109,231893,40.7520596155748,-73.98163238945176,2023,2025,2,12,1,12,36,lifetime_aggregate,1874,808.1313364353388,1
nyc,6474.12,E 41 St & Madison Ave,1544,845,699,1544,40.75216518349412,-73.97992161268171,2020,2020,1,12,1,12,12,lifetime_aggregate,1885,122085.49222797927,1
nyc,6474.12,E 41 St & Madison Ave (SW corner),45176,22802,22374,45176,40.752165021476635,-73.97992199529382,2020,2023,2,12,1,1,37,lifetime_aggregate,1885,4172.569505932353,1
nyc,6475.07,86 St & 35 Ave,15647,7877,7770,15647,40.7523,-73.88093,2023,2025,2,12,8,12,29,lifetime_aggregate,942,6020.323384674379,1
nyc,6483.06,W 36 St & 7 Ave,137653,68896,68757,137653,40.752146695132126,-73.98953812368627,2023,2025,2,12,1,12,36,lifetime_aggregate,2365,1718.0882363624476,1
nyc,6486.07,38 St & Northern Blvd,17182,8625,8557,17182,40.752372,-73.925384,2023,2025,2,12,1,12,36,lifetime_aggregate,584,3398.9058316843207,1
nyc,6490.02,108 St & 39 Ave,5435,2695,2740,5435,40.75165,-73.85915,2023,2025,2,12,8,12,29,lifetime_aggregate,878,16154.553817847287,1
nyc,6492.04,W 33 St & 10 Ave,217258,108504,108754,217258,40.753773367671364,-73.99937599897576,2023,2025,2,12,1,12,36,lifetime_aggregate,1474,678.4560292371282,1
nyc,6492.08,9 Ave & W 33 St,270698,134766,135932,270698,40.752568,-73.996765,2025,2025,1,12,1,12,12,lifetime_aggregate,1843,680.8325144626115,1
nyc,6493.03,34 Ave & 71 St,23098,11501,11597,23098,40.75257,-73.89538,2023,2025,2,12,8,12,29,lifetime_aggregate,1019,4411.637371200969,1
nyc,6495.17,31 St & Northern Blvd,62921,31649,31272,62921,40.751869661796306,-73.93349292280034,2020,2025,3,12,1,12,72,lifetime_aggregate,1035,1644.9198200918613,1
nyc,6498.09,E 47 St & 1 Ave,164686,82689,81997,164686,40.752068735904835,-73.96784388493732,2020,2025,3,12,1,12,72,lifetime_aggregate,1242,754.1624667549154,1
nyc,6498.1,E 47 St & 2 Ave,28333,20893,7440,28333,40.75323118177242,-73.97032536714407,2023,2025,2,11,1,12,36,lifetime_aggregate,1651,5827.127377969153,1
nyc,6498.10,E 47 St & 2 Ave,235645,112884,122761,235645,40.7532309783368,-73.97032511520364,2020,2025,3,12,1,12,72,lifetime_aggregate,1651,700.6301852362665,1
nyc,6499.06,100 St & 37 Ave,4083,2044,2039,4083,40.75243,-73.86717,2023,2025,2,12,8,12,29,lifetime_aggregate,1000,24491.795248591723,1
nyc,6502.01,55 St & Northern Blvd,18716,9353,9363,18716,40.75326,-73.90585,2023,2025,2,12,1,12,36,lifetime_aggregate,681,3638.5979910237234,1
nyc,6505.01,24 St & 41 Ave,10072,5046,5026,10072,40.7527085,-73.9397405,2020,2025,2,8,1,12,72,lifetime_aggregate,1350,13403.494837172359,1
nyc,6505.01,24 St & 41 Ave (original),1161,579,582,1161,40.75270883333334,-73.93974083333333,2020,2025,2,3,1,7,67,lifetime_aggregate,1350,116279.06976744186,1
nyc,6505.09,24 St & 41 Ave,35464,17862,17602,35464,40.752474,-73.939991,2020,2023,2,12,2,12,47,lifetime_aggregate,1304,3676.9681930972256,1
nyc,6509.07,92 St & 35 Ave,10119,5228,4891,10119,40.7529,-73.87536,2023,2025,2,12,8,12,29,lifetime_aggregate,1022,10099.812234410514,1
nyc,6511.03,50 St & Northern Blvd,25825,12855,12970,25825,40.753441,-73.912402,2023,2025,2,12,1,12,36,lifetime_aggregate,639,2474.3465634075505,1
nyc,6514.03,Vernon Blvd & Queens Plaza S,2847,1405,1442,2847,40.75408220463288,-73.94942254169112,2023,2023,1,5,1,5,5,lifetime_aggregate,329,11556.023884791008,1
nyc,6514.08,Vernon Blvd & 41 Rd,47727,23802,23925,47727,40.755243191106054,-73.94856786444805,2020,2025,3,12,1,12,72,lifetime_aggregate,292,611.8130198839232,1
nyc,6515.01,Mets Plaza at Citi Field,11539,5443,6096,11539,40.75521,-73.84672,2025,2025,1,12,1,12,12,lifetime_aggregate,180,1559.9272033971747,1
nyc,6517.08,W 42 St & 6 Ave,328864,164519,164345,328864,40.75492,-73.98455,2020,2025,3,12,1,12,72,lifetime_aggregate,2040,620.3172131945121,1
nyc,6517.08_,W 42 St & 6 Ave,3089,1554,1535,3089,40.75496980175467,-73.98468096052407,2025,2025,1,7,6,12,7,lifetime_aggregate,2144,69407.57526707673,1
nyc,6518.08,34 Ave & 83 St,6285,3179,3106,6285,40.75375,-73.88423,2023,2023,1,4,9,12,4,lifetime_aggregate,868,13810.660302307078,1
nyc,6518.13,34 Ave & 83 St,21012,10707,10305,21012,40.75393500483023,-73.88390148299196,2025,2025,1,12,1,12,12,lifetime_aggregate,844,4016.7523320007613,1
nyc,6520.06,43 St & 35 Ave,20754,10358,10396,20754,40.754139,-73.919543,2023,2025,2,12,1,12,36,lifetime_aggregate,689,3319.841958176737,1
nyc,6520.07,42 Pl & Northern Blvd,23291,11677,11614,23291,40.753091,-73.920603,2023,2025,2,12,1,12,36,lifetime_aggregate,560,2404.362199991413,1
nyc,6524.01,114 St & 39 Ave,3117,1497,1620,3117,40.7532,-73.853,2023,2025,2,12,9,12,28,lifetime_aggregate,569,18254.732114212384,1
nyc,6524.09,37 Ave & 113 St,2687,1268,1419,2687,40.75475,-73.8549,2023,2025,2,12,9,12,28,lifetime_aggregate,886,32973.57647934499,1
nyc,6526.01,W 35 St & 8 Ave,147571,75616,71955,147571,40.752762088557716,-73.99280458790882,2023,2025,2,12,1,12,36,lifetime_aggregate,2321,1572.8022443434008,1
nyc,6526.03,W 38 St & 8 Ave,52100,26148,25952,52100,40.7546659884883,-73.9913819801392,2020,2020,1,7,1,7,7,lifetime_aggregate,2579,4950.095969289827,1
nyc,6526.05,8 Ave & W 38 St,411774,206239,205535,411774,40.75461011258765,-73.99176978436817,2020,2025,3,12,7,12,66,lifetime_aggregate,2440,592.5580536896454,1
nyc,6527.07,75 St & Northern Blvd,5843,2933,2910,5843,40.75473,-73.8918,2023,2025,2,12,10,12,27,lifetime_aggregate,656,11227.1093616293,1
nyc,6529.02,37 Ave & 35 St,41094,20819,20275,41094,40.753110718348545,-73.92799178679098,2020,2025,3,12,1,12,72,lifetime_aggregate,681,1657.1762301065849,1
nyc,6532.06,E 51 St & 1 Ave,220376,110099,110277,220376,40.75455721002702,-73.96592982911346,2020,2025,3,12,1,12,72,lifetime_aggregate,1284,582.6405779213708,1
nyc,6533.02,37 Ave & 106 St,4681,2341,2340,4681,40.75397,-73.862,2023,2025,2,12,9,12,28,lifetime_aggregate,942,20123.90514847255,1
nyc,6535.04,W 34 St & Hudson Blvd E,299477,149272,150205,299477,40.75516719043119,-74.00059908615334,2023,2025,2,12,1,12,36,lifetime_aggregate,1438,480.1704304504185,1
nyc,6536.02,62 St & Northern Blvd,12191,6083,6108,12191,40.754176,-73.900318,2023,2025,2,12,1,12,36,lifetime_aggregate,724,5938.8073168731025,1
nyc,6538.11,38 Ave & 29 St,56261,28106,28155,56261,40.75473,-73.93367,2020,2025,3,12,1,12,72,lifetime_aggregate,864,1535.699685394856,1
nyc,6541.03,E 48 St & 3 Ave,206930,104104,102826,206930,40.75460106874984,-73.97187889385611,2020,2025,3,12,1,12,72,lifetime_aggregate,1789,864.5435654569178,1
nyc,6542.05,99 St & 35 Ave,4489,2238,2251,4489,40.75404,-73.86887,2023,2025,2,12,8,12,29,lifetime_aggregate,986,21964.80285141457,1
nyc,6545.07,Broadway & 51 St,23224,11578,11646,23224,40.754164,-73.908906,2023,2025,2,12,1,12,36,lifetime_aggregate,715,3078.7116775749223,1
nyc,6551.02,W 44 St & 5 Ave,254963,126949,128014,254963,40.755002683127216,-73.98014424968045,2020,2025,3,12,1,12,72,lifetime_aggregate,1667,653.8203582480595,1
nyc,6551.03,E 43 St & 5 Ave,44746,23129,21617,44746,40.75412097888732,-73.98025197965902,2020,2020,1,12,1,12,12,lifetime_aggregate,1768,3951.1911679256245,1
nyc,6551.11,E 43 St & Madison Ave,268567,134729,133838,268567,40.7535468189787,-73.97896572993446,2023,2025,2,12,1,12,36,lifetime_aggregate,1727,643.0425182542904,1
nyc,6551.16,E 46 St & Madison Ave,51921,26071,25850,51921,40.755393,-73.977601,2025,2025,1,8,5,12,8,lifetime_aggregate,1648,3174.0528880414477,1
nyc,6552.07,34 Ave & 89 St,26840,13455,13385,26840,40.75437,-73.87833,2023,2025,2,12,10,12,27,lifetime_aggregate,944,3517.1385991058123,1
nyc,6554.05,34 Ave & 48 St,28489,14196,14293,28489,40.75388,-73.914952,2023,2025,2,12,1,12,36,lifetime_aggregate,611,2144.687423215978,1
nyc,6560.01,Broadway & W 41 St,326404,164161,162243,326404,40.755135706470014,-73.98658021307241,2020,2025,3,12,1,12,72,lifetime_aggregate,2454,751.8290217031654,1
nyc,6560.14,W 40 St & 7 Ave,125894,63439,62455,125894,40.754818,-73.988154,2023,2025,2,12,1,12,36,lifetime_aggregate,2505,1989.7691708897962,1
nyc,6560.15,Broadway & W 38 St,239667,119625,120042,239667,40.752972617872985,-73.98734906410178,2023,2025,2,12,1,12,36,lifetime_aggregate,2311,964.2545698823784,1
nyc,6561.01,81 St & 34 Ave,33046,16808,16238,33046,40.75374,-73.88604,2023,2025,2,12,8,12,29,lifetime_aggregate,817,2472.311323609514,1
nyc,6563.12,35 Ave & 37 St,67941,33928,34013,67941,40.75573278408802,-73.92366106825082,2020,2025,3,12,1,12,72,lifetime_aggregate,735,1081.8209917428358,1
nyc,6566.01,Southpoint Park,46478,23469,23009,46478,40.75370219696388,-73.95865201511043,2020,2025,3,12,6,12,67,lifetime_aggregate,270,580.9200051637333,1
nyc,6567.03,111 St & 37 Ave,3324,1634,1690,3324,40.75397,-73.85748,2023,2025,2,12,9,12,28,lifetime_aggregate,944,28399.518652226234,1
nyc,6569.07,W 36 St & 9 Ave,149208,75013,74195,149208,40.754623207137556,-73.99516766002657,2020,2025,3,12,9,12,64,lifetime_aggregate,2432,1629.939413436277,1
nyc,6569.08,W 35 St & Dyer Ave,134112,67685,66427,134112,40.754691828044514,-73.99740192097553,2020,2025,3,12,1,9,69,lifetime_aggregate,2068,1541.994750656168,1
nyc,6569.09,W 35 St & 9 Ave,137670,68833,68837,137670,40.75414518776966,-73.99608897931736,2020,2025,3,12,11,12,62,lifetime_aggregate,2127,1544.9989104380038,1
nyc,6569.09_,W 35 St & 9 Ave,1328,665,663,1328,40.75425585988168,-73.99645123326621,2025,2025,1,12,1,12,12,lifetime_aggregate,2129,160316.26506024096,1
nyc,6570.06,72 St & Northern Blvd,11637,5822,5815,11637,40.75473,-73.89458,2023,2025,2,12,8,12,29,lifetime_aggregate,734,6307.467560367792,1
nyc,6572.08,36 Ave & 31 St,98515,49407,49108,98515,40.756514871217945,-73.92957344271673,2020,2025,3,12,1,12,72,lifetime_aggregate,668,678.0693295437243,1
nyc,6575.03,E 51 St & 2 Ave,205343,103744,101599,205343,40.755293,-73.967641,2020,2025,3,12,1,12,72,lifetime_aggregate,1583,770.9052658235245,1
nyc,6576.07,102 St & 34 Ave,4977,2462,2515,4977,40.75584,-73.86621,2023,2025,2,12,10,12,27,lifetime_aggregate,885,17781.796262808923,1
nyc,6578.01,W 34 St & 11 Ave,295845,147410,148435,295845,40.75594171258555,-74.0021162032953,2020,2025,3,12,1,12,72,lifetime_aggregate,1056,356.94366982710545,1
nyc,6579.03,58 St & 32 Ave,9655,4804,4851,9655,40.75574,-73.903427,2023,2025,2,12,1,12,36,lifetime_aggregate,704,7291.558777835319,1
nyc,6581.14,24 St & 38 Ave,25454,12721,12733,25454,40.756351,-73.936515,2020,2025,3,12,12,10,59,lifetime_aggregate,716,2812.917419658993,1
nyc,6584.12,E 47 St & Park Ave,334796,167438,167358,334796,40.75510277151781,-73.97498696717608,2020,2025,3,12,1,12,72,lifetime_aggregate,1761,525.9919473350935,1
nyc,6585.11,34 Ave & Junction Blvd,11334,5904,5430,11334,40.75502,-73.87285,2023,2025,2,12,9,12,28,lifetime_aggregate,982,8664.196223751544,1
nyc,6587.04,Broadway & 49 St,13892,6946,6946,13892,40.755389,-73.911517,2023,2025,2,12,1,12,36,lifetime_aggregate,717,5161.243881370573,1
nyc,6593.13,W 45 St & 6 Ave,48352,24301,24051,48352,40.75680000344622,-73.98291196239782,2020,2020,1,11,1,11,11,lifetime_aggregate,2047,4233.537392455328,1
nyc,6593.14,W 43 St & 6 Ave,109164,55295,53869,109164,40.75527306996722,-73.98316935983141,2023,2025,2,12,4,12,33,lifetime_aggregate,2035,1864.167674324869,1
nyc,6593.15,6 Ave & 45 St,4,0,4,4,40.756951,-73.982631,2020,2020,1,1,11,11,1,lifetime_aggregate,2029,50725000.0,1
nyc,6593.15,6 Ave & W 45 St,252908,126216,126692,252908,40.756951,-73.982631,2020,2025,3,12,11,12,62,lifetime_aggregate,2029,802.2680184098565,1
nyc,6594.02,85 St & Northern Blvd,13186,6650,6536,13186,40.75601,-73.88266,2023,2025,2,12,8,12,29,lifetime_aggregate,807,6120.127407856818,1
nyc,6596.1,34 Ave & 45 St,5759,2901,2858,5759,40.754795,-73.917014,2023,2025,2,11,1,10,34,lifetime_aggregate,789,13700.295190137176,1
nyc,6596.10,34 Ave & 45 St,23328,11624,11704,23328,40.754795,-73.917014,2023,2025,2,12,1,12,36,lifetime_aggregate,789,3382.201646090535,1
nyc,6599.01,Roosevelt Island Tramway,113049,56277,56772,113049,40.757284,-73.9536,2020,2025,3,12,6,12,67,lifetime_aggregate,251,222.02761634335556,1
nyc,6602.03,W 41 St & 8 Ave,516940,260590,256350,516940,40.75640532547383,-73.99002613641133,2020,2025,3,12,1,12,72,lifetime_aggregate,2713,524.8191279452161,1
nyc,6602.03_Pillar,Pillar W 41 St & 8 Ave,74,36,38,74,40.75641,-73.99003000000002,2023,2023,1,2,11,12,2,lifetime_aggregate,2711,3663513.513513514,1
nyc,6602.05,W 42 St & 8 Ave,299716,149659,150057,299716,40.757569926010184,-73.99098504722456,2020,2025,3,12,1,12,72,lifetime_aggregate,2942,981.5959107955531,1
nyc,6603.06,32 Ave & 77 St,7573,3756,3817,7573,40.75727,-73.89024,2023,2025,2,12,8,12,29,lifetime_aggregate,580,7658.787798758748,1
nyc,6603.07,78 St & Northern Blvd,18965,9903,9062,18965,40.75499,-73.88905,2023,2025,2,12,11,12,26,lifetime_aggregate,664,3501.1863959926177,1
nyc,6605.08,34 St & 35 Ave,50231,25067,25164,50231,40.7569331337077,-73.92622306685385,2020,2025,3,12,1,12,72,lifetime_aggregate,617,1228.3251378630725,1
nyc,6608.09,E 54 St & 1 Ave,181259,90928,90331,181259,40.756265,-73.964179,2020,2025,3,12,12,12,61,lifetime_aggregate,1599,882.1630925912644,1
nyc,6609.03,34 Ave & 108 St,5332,2637,2695,5332,40.75614,-73.86084,2023,2025,2,12,9,12,28,lifetime_aggregate,932,17479.369842460615,1
nyc,6611.02,W 37 St & 10 Ave,391048,196422,194626,391048,40.75660371123167,-73.99790092197622,2020,2025,3,12,1,12,72,lifetime_aggregate,2171,555.1748122992574,1
nyc,6611.07,Hudson Blvd W & W 36 St,110335,54450,55885,110335,40.756764751086,-73.99971440404043,2023,2025,2,12,1,12,36,lifetime_aggregate,1774,1607.830697421489,1
nyc,6612.09,71 St & 32 Ave,12005,5976,6029,12005,40.75675,-73.89595,2023,2025,2,12,8,12,29,lifetime_aggregate,688,5730.94543940025,1
nyc,6614.01,28 St & 36 Ave,56614,28393,28221,56614,40.757186,-73.932719,2020,2025,3,12,1,12,72,lifetime_aggregate,718,1268.237538418059,1
nyc,6617.02,E 53 St & 3 Ave,185613,93174,92439,185613,40.75763225643706,-73.96930577039709,2020,2025,3,12,11,12,62,lifetime_aggregate,1985,1069.4294041904393,1
nyc,6617.09,E 53 St & Lexington Ave,243492,123000,120492,243492,40.75828075719865,-73.97069420923444,2020,2025,3,12,1,12,72,lifetime_aggregate,1894,777.8489642370181,1
nyc,6618.02,100 St & Northern Blvd,5921,2960,2961,5921,40.75748,-73.86843,2023,2025,2,12,8,12,29,lifetime_aggregate,933,15757.473399763552,1
nyc,6621.06,31 Ave & 57 St,15117,7532,7585,15117,40.757357,-73.904726,2023,2025,2,12,1,12,36,lifetime_aggregate,565,3737.5140570218955,1
nyc,6626.01,E 48 St & 5 Ave,267463,134592,132871,267463,40.75724577783956,-73.97805909627742,2020,2025,3,12,1,12,72,lifetime_aggregate,1602,598.9613516635947,1
nyc,6626.11,W 48 St &  Rockefeller Plaza,133300,66740,66560,133300,40.75776935382117,-73.97929429951901,2023,2025,2,12,1,12,36,lifetime_aggregate,1787,1340.5851462865717,1
nyc,6627.12,93 St & Northern Blvd,10083,5289,4794,10083,40.7564,-73.87504,2023,2025,2,12,9,12,28,lifetime_aggregate,993,9848.259446593276,1
nyc,6629.06,48 St & Broadway,54845,27467,27378,54845,40.755763,-73.912715,2023,2025,2,12,1,12,36,lifetime_aggregate,720,1312.7905916674263,1
nyc,6633.01,Shea Rd & Boat Basin Pl,5297,2240,3057,5297,40.75777,-73.84887,2025,2025,1,12,1,12,12,lifetime_aggregate,222,4191.051538606758,1
nyc,6636.04,32 Ave & 84 St,5123,2630,2493,5123,40.75793,-73.88401,2023,2025,2,12,8,12,29,lifetime_aggregate,745,14542.260394300216,1
nyc,6638.01,34 Ave & 38 St,59763,29853,29910,59763,40.756913,-73.921631,2020,2025,3,12,1,1,61,lifetime_aggregate,818,1368.7398557635997,1
nyc,6638.08,34 Ave & 38 St,27309,13739,13570,27309,40.75717,-73.92175,2025,2025,1,12,1,12,12,lifetime_aggregate,825,3020.982093815226,1
nyc,6642.08,34 Ave & 113 St,3832,1895,1937,3832,40.75696,-73.85612,2023,2025,2,12,9,12,28,lifetime_aggregate,881,22990.605427974948,1
nyc,6644.07,W 42 St & Dyer Ave,237929,119294,118635,237929,40.75898486648066,-73.99379978010505,2020,2025,3,12,1,12,72,lifetime_aggregate,2673,1123.4443888723106,1
nyc,6644.08,9 Ave & W 39 St,248732,124064,124668,248732,40.756403523939504,-73.99410143433751,2023,2025,2,12,1,12,36,lifetime_aggregate,2587,1040.0752617274818,1
nyc,6645.06,32 Ave & 75 St,6471,3229,3242,6471,40.75704,-73.8924,2023,2025,2,12,8,12,29,lifetime_aggregate,555,8576.726935558645,1
nyc,6650.07,E 55 St & 2 Ave,291028,145605,145423,291028,40.757973148713546,-73.96603305407764,2020,2025,3,12,1,12,72,lifetime_aggregate,2105,723.298101900848,1
nyc,6651.01,104 St & Northern Blvd,4854,2451,2403,4854,40.75755,-73.86454,2023,2025,2,12,8,12,29,lifetime_aggregate,880,18129.377832715287,1
nyc,6654.05,31 Ave & 61 St,13834,6893,6941,13834,40.757525,-73.901614,2023,2025,2,12,1,12,36,lifetime_aggregate,588,4250.397571201388,1
nyc,6656.05,21 St & 38 Ave,17343,8725,8618,17343,40.757631273039834,-73.93912227303983,2020,2025,3,12,1,12,72,lifetime_aggregate,698,4024.6785446577874,1
nyc,6659.01,E 51 St & Lexington Ave,175041,89577,85464,175041,40.7571477077982,-73.97207824345826,2020,2025,3,12,1,12,72,lifetime_aggregate,1741,994.6241166355311,1
nyc,6659.03,E 53 St & Madison Ave,188122,94824,93298,188122,40.75971086035912,-73.97402307417636,2020,2025,3,12,1,12,72,lifetime_aggregate,1840,978.0886871285655,1
nyc,6659.09,Madison Av & E 51 St,67467,33908,33559,67467,40.75863,-73.97513,2020,2023,2,12,7,10,40,lifetime_aggregate,1800,2667.971008048379,1
nyc,6659.09,Madison Ave & E 51 St,64583,32445,32138,64583,40.75863,-73.97513,2023,2025,2,12,10,12,27,lifetime_aggregate,1800,2787.1111592834027,1
nyc,6659.1,E 50 St & Park Ave,23656,10029,13627,23656,40.757334,-73.974235,2023,2025,2,12,1,12,36,lifetime_aggregate,1634,6907.338518769023,1
nyc,6659.10,E 50 St & Park Ave,68676,36076,32600,68676,40.757334,-73.974235,2020,2025,3,12,12,12,61,lifetime_aggregate,1634,2379.288252082241,1
nyc,6660.05,99 St & 32 Ave,3348,1680,1668,3348,40.75896,-73.86976,2023,2025,2,12,8,12,29,lifetime_aggregate,845,25238.9486260454,1
nyc,6660.07,96 St & Northern Blvd,8034,4043,3991,8034,40.75712,-73.8722,2023,2025,2,12,8,12,29,lifetime_aggregate,963,11986.5571321882,1
nyc,6662.01,49 St & 31 Ave,30968,15464,15504,30968,40.758057,-73.909831,2023,2025,2,12,1,12,36,lifetime_aggregate,443,1430.5089124257297,1
nyc,6662.09,51 St & Hobart St,21873,10893,10980,21873,40.75767234022592,-73.90769943591796,2023,2025,2,12,1,12,36,lifetime_aggregate,491,2244.7766652951127,1
nyc,6664.05,40 Ave & 9 St,38155,19036,19119,38155,40.75742,-73.945133,2020,2025,3,12,1,12,72,lifetime_aggregate,390,1022.1465076660987,1
nyc,6667.04,W 47 St & 6 Ave,130547,65780,64767,130547,40.75839700000001,-73.98255,2020,2025,3,12,1,6,66,lifetime_aggregate,2095,1604.7860157644375,1
nyc,6667.1,W 48 St & Rockefeller Plaza,16381,8182,8199,16381,40.75793601739773,-73.97960295641047,2020,2020,1,5,8,12,5,lifetime_aggregate,1770,10805.201147671083,1
nyc,6667.12,W 47 St & 6 Ave,37206,18634,18572,37206,40.758154,-73.981957,2025,2025,1,6,7,12,6,lifetime_aggregate,1990,5348.59968822233,1
nyc,6668.06,90 St & 32 Ave,11943,6008,5935,11943,40.75836,-73.87824,2023,2025,2,12,8,12,29,lifetime_aggregate,830,6949.677635434982,1
nyc,6670.03,43 St & Broadway,67899,33984,33915,67899,40.75772827206673,-73.9166368552338,2020,2025,3,12,1,12,72,lifetime_aggregate,828,1219.458313082667,1
nyc,6676.02,85,1,1,0,1,40.75929124,-73.98859651,2020,2020,1,1,3,3,1,lifetime_aggregate,2522,252200000.0,1
nyc,6676.02,W 45 St & 8 Ave,348955,175527,173428,348955,40.75929116219467,-73.98859666172723,2020,2025,3,12,1,12,72,lifetime_aggregate,2522,722.7292917424883,1
nyc,6677.03,32 Ave & 81 St,11079,5538,5541,11079,40.75763,-73.88682,2023,2025,2,12,8,12,29,lifetime_aggregate,701,6327.285856124198,1
nyc,6679.11,35 St & 34 Ave,49377,24687,24690,49377,40.75805820396318,-73.92427506798772,2020,2025,3,12,1,12,72,lifetime_aggregate,796,1612.086599023837,1
nyc,6682.03,E 58 St & 1 Ave (NE Corner),130778,65724,65054,130778,40.75892390262946,-73.96226218401206,2020,2025,3,12,1,12,72,lifetime_aggregate,2371,1812.9960696753278,1
nyc,6682.08,E 60 St & York Ave,98729,49440,49289,98729,40.759107,-73.959223,2020,2025,3,12,1,12,72,lifetime_aggregate,1749,1771.5159679526787,1
nyc,6683.01,112 St & Northern Blvd,4648,2313,2335,4648,40.75788,-73.85763,2023,2025,2,12,9,12,28,lifetime_aggregate,908,19535.283993115318,1
nyc,6686.07,72 St & 31 Ave,8552,4267,4285,8552,40.7584,-73.89531,2025,2025,1,12,1,12,12,lifetime_aggregate,566,6618.334892422825,1
nyc,6688.01,Crescent St & 35 Ave,47153,23601,23552,47153,40.75962772442211,-73.9321456569308,2020,2025,3,12,1,12,72,lifetime_aggregate,597,1266.0912349161242,1
nyc,6691.11,E 56 St & 3 Ave,227893,114764,113129,227893,40.75934500678655,-73.96759680981684,2020,2025,3,12,1,12,72,lifetime_aggregate,2282,1001.3471234307328,1
nyc,6692.03,104 St & 32 Ave,4831,2439,2392,4831,40.75951,-73.86491,2023,2025,2,12,10,12,27,lifetime_aggregate,847,17532.60194576692,1
nyc,6700.01,W 52 St & 5 Ave,142111,71724,70387,142111,40.759922708429855,-73.97648512215804,2020,2025,3,12,1,12,72,lifetime_aggregate,1707,1201.173730393847,1
nyc,6700.14,W 51 St & Rockefeller Plaza,122649,61170,61479,122649,40.759737586613795,-73.97811570604088,2020,2025,3,12,8,12,65,lifetime_aggregate,1630,1328.9957521056022,1
nyc,6701.05,Jackson Mill Rd & 93 St,6682,3390,3292,6682,40.75874,-73.87535,2023,2025,2,12,9,12,28,lifetime_aggregate,889,13304.399880275367,1
nyc,6703.06,46 St & 30 Rd,19374,9763,9611,19374,40.76072,-73.910989,2023,2025,2,12,1,12,36,lifetime_aggregate,528,2725.301951068442,1
nyc,6708.02,Broadway & W 49 St,89520,46430,43090,89520,40.76068300739258,-73.98452700790826,2020,2020,1,12,1,12,12,lifetime_aggregate,2097,2342.493297587131,1
nyc,6708.04,Broadway & W 48 St,269466,134738,134728,269466,40.76017739412999,-73.98486793063192,2023,2025,2,12,1,12,36,lifetime_aggregate,2132,791.1944364038507,1
nyc,6709.01,31 Ave & 84 St,5896,2971,2925,5896,40.75947,-73.88431,2023,2025,2,12,10,12,27,lifetime_aggregate,681,11550.203527815469,1
nyc,6709.05,31 Ave & 86 St,6859,3395,3464,6859,40.75958,-73.88219,2023,2025,2,12,8,12,29,lifetime_aggregate,729,10628.371482723429,1
nyc,6711.13,Steinway St & Broadway,123157,61651,61506,123157,40.75905795419327,-73.91897544257641,2023,2025,2,12,1,12,36,lifetime_aggregate,807,655.2611707008128,1
nyc,6717.06,9 Ave & W 45 St,379121,189561,189560,379121,40.76019266880792,-73.99125506757136,2020,2025,3,12,1,12,72,lifetime_aggregate,2383,628.5592198796691,1
nyc,6718.02,77 St & 31 Ave,14890,7418,7472,14890,40.75886,-73.89081,2023,2025,2,12,8,12,29,lifetime_aggregate,495,3324.3787777031566,1
nyc,6720.07,34 Ave & 31 St,44034,21975,22059,44034,40.75960445248081,-73.9271441057826,2020,2025,3,12,12,12,61,lifetime_aggregate,677,1537.4483353772087,1
nyc,6723.1,E 58 St & 1 Ave (NW Corner),40252,17427,22825,40252,40.759125,-73.962658,2023,2025,2,12,1,12,36,lifetime_aggregate,2374,5897.843585411905,1
nyc,6723.10,E 58 St &  1 Ave (NW Corner),2439,1268,1171,2439,40.759125,-73.962658,2020,2020,1,12,1,12,12,lifetime_aggregate,2374,97334.9733497335,1
nyc,6723.10,E 58 St & 1 Ave (NW Corner),184352,95355,88997,184352,40.759125,-73.962658,2020,2025,3,12,1,12,72,lifetime_aggregate,2374,1287.7538621767053,1
nyc,6724.01,107 St & 32 Ave,4490,2239,2251,4490,40.75996,-73.86224,2023,2025,2,12,9,12,28,lifetime_aggregate,906,20178.17371937639,1
nyc,6726.01,11 Ave & W 41 St,598186,299494,298692,598186,40.76030096504367,-73.99884214928299,2020,2025,3,12,1,12,72,lifetime_aggregate,1609,268.97988251145966,1
nyc,6727.02,30 Ave & 70 St,7226,3587,3639,7226,40.76013,-73.89741,2023,2025,2,12,10,12,27,lifetime_aggregate,408,5646.277331857183,1
nyc,6729.02,21 St & 36 Ave,32024,16009,16015,32024,40.7601852028995,-73.93627272298778,2020,2025,3,12,1,12,72,lifetime_aggregate,588,1836.1229078191357,1
nyc,6732.01,E 56 St & Madison Ave,174314,87332,86982,174314,40.761573,-73.972628,2020,2025,3,12,1,12,72,lifetime_aggregate,1960,1124.4076780981447,1
nyc,6733.01,99 St & Astoria Blvd,6205,3097,3108,6205,40.76196,-73.87042,2023,2025,2,12,8,12,29,lifetime_aggregate,595,9589.04109589041,1
nyc,6735.03,50 St & 30 Ave,26974,13491,13483,26974,40.760083,-73.907107,2023,2025,2,12,1,12,36,lifetime_aggregate,385,1427.3003633128196,1
nyc,6737.03,36 Ave & 10 St,47546,23712,23834,47546,40.76143771759594,-73.9411266496592,2020,2025,3,12,1,12,72,lifetime_aggregate,424,891.7679720691541,1
nyc,6740.01,W 52 St & 6 Ave,201162,100751,100411,201162,40.76132988075825,-73.97982000879963,2020,2025,3,12,1,12,72,lifetime_aggregate,1743,866.4658335073225,1
nyc,6740.1,W 51 St & 6 Ave,52938,23658,29280,52938,40.76065970051798,-73.9804204691885,2023,2025,2,11,1,12,36,lifetime_aggregate,1747,3300.086894102535,1
nyc,6740.10,W 51 St & 6 Ave,140962,73215,67747,140962,40.7606597284065,-73.98042041861538,2020,2025,3,12,10,12,63,lifetime_aggregate,1747,1239.341099019594,1
nyc,6741.03,91 St & 31 Ave,5974,2990,2984,5974,40.76022,-73.87774,2023,2025,2,12,9,12,28,lifetime_aggregate,764,12788.751255440242,1
nyc,6743.06,Newton Rd & 44 St,47949,24002,23947,47949,40.7595700683885,-73.91426785450739,2020,2025,3,12,1,12,72,lifetime_aggregate,757,1578.7607666478968,1
nyc,6747.06,W 49 St & 8 Ave,280326,147849,132477,280326,40.76227203339285,-73.98788203339284,2020,2025,3,12,1,12,72,lifetime_aggregate,1858,662.7997403023622,1
nyc,6747.07,8 Ave & W 49 St,352671,178738,173933,352671,40.761712278588305,-73.98655101653837,2023,2025,2,12,1,12,36,lifetime_aggregate,1900,538.7457431997527,1
nyc,6748.04,82 St & 30 Ave,7303,3637,3666,7303,40.76109,-73.88632,2023,2025,2,12,8,12,29,lifetime_aggregate,564,7722.853621799261,1
nyc,6750.16,35 St & Broadway,78543,39212,39331,78543,40.760339,-73.92224278965898,2020,2025,3,12,1,12,72,lifetime_aggregate,890,1133.1372623913016,1
nyc,6753.08,1 Ave & E 62 St,436710,218307,218403,436710,40.761227270229014,-73.96094014862595,2020,2025,3,12,1,12,72,lifetime_aggregate,2329,533.305855144146,1
nyc,6756.01,W 43 St & 10 Ave,462399,233187,229212,462399,40.76009424976681,-73.99461829026954,2020,2025,3,12,1,12,72,lifetime_aggregate,2180,471.45430677834514,1
nyc,6756.05,W 44 St & 11 Ave,258649,130661,127988,258649,40.762009,-73.996975,2020,2025,3,12,12,12,61,lifetime_aggregate,1661,642.1830356970257,1
nyc,6757.03,73 St & 25 Ave,6399,3189,3210,6399,40.76205,-73.895,2023,2025,2,12,8,12,29,lifetime_aggregate,285,4453.820909517112,1
nyc,6759.15,Crescent St & 34 Ave,70248,35129,35119,70248,40.76108,-73.930562,2020,2025,3,12,1,12,72,lifetime_aggregate,690,982.2343696617696,1
nyc,6762.02,E 58 St & 3 Ave,348368,174291,174077,348368,40.760957696552516,-73.96724477087236,2020,2025,3,12,1,12,72,lifetime_aggregate,2534,727.391723694484,1
nyc,6762.04,3 Ave & E 62 St,123298,62392,60906,123298,40.76312590586272,-73.96526896261038,2020,2023,2,12,1,12,48,lifetime_aggregate,2442,1980.5674057973365,1
nyc,6763.08,31 Ave & 103 St,3464,1747,1717,3464,40.76134,-73.86666,2023,2025,2,12,8,12,29,lifetime_aggregate,665,19197.45958429561,1
nyc,6765.01,12 Ave & W 40 St,572654,285090,287564,572654,40.760875013474156,-74.00277677814503,2020,2025,3,12,1,12,72,lifetime_aggregate,655,114.37971270610177,1
nyc,6766.03,Bulova Ave & Brooklyn Queens Expressway W,43368,21674,21694,43368,40.762507,-73.902534,2023,2025,2,12,1,12,36,lifetime_aggregate,308,710.2010699133001,1
nyc,6768.04,11 St & 35 Ave,2929,1500,1429,2929,40.76274400411315,-73.93911400205657,2020,2020,1,12,1,12,12,lifetime_aggregate,413,14100.37555479686,1
nyc,6771.13,W 54 St & 6 Ave,95869,48367,47502,95869,40.76173207106029,-73.97743827730518,2023,2025,2,12,3,12,34,lifetime_aggregate,1796,1873.3897297353678,1
nyc,6772.11,30 Ave & 96 St,6216,3091,3125,6216,40.76086,-73.87308,2023,2025,2,12,8,12,29,lifetime_aggregate,759,12210.424710424712,1
nyc,6774.13,30 Ave & 47 St,31029,15594,15435,31029,40.761294,-73.909562,2023,2025,2,12,1,12,36,lifetime_aggregate,411,1324.5673402301074,1
nyc,6779.04,Broadway & W 51 St,159471,79814,79657,159471,40.762288133320986,-73.98336190193649,2020,2023,2,12,1,12,48,lifetime_aggregate,1887,1183.2872434486521,1
nyc,6779.05,Broadway & W 53 St,295408,152630,142778,295408,40.763440710064,-73.9826811954988,2020,2025,3,12,1,12,72,lifetime_aggregate,1921,650.287060607702,1
nyc,6779.07,W 51 St & 7 Ave,74088,37564,36524,74088,40.76167,-73.98256,2025,2025,1,10,1,10,10,lifetime_aggregate,1873,2528.0747219522727,1
nyc,6780.06,87 St & 30 Ave,5064,2519,2545,5064,40.76156,-73.88167,2023,2025,2,12,8,12,29,lifetime_aggregate,600,11848.341232227489,1
nyc,6782.01,31 Ave & Steinway St,99386,49828,49558,99386,40.761148850261755,-73.91700706993186,2020,2025,3,12,2,12,71,lifetime_aggregate,888,893.4860040649589,1
nyc,6782.07,31 Ave & Steinway St,23,16,7,23,40.761293897289086,-73.916916847229,2020,2020,1,2,1,2,2,lifetime_aggregate,886,3852173.913043478,1
nyc,6782.07,31 Ave & Steinway St (temp),932,463,469,932,40.761294,-73.916917,2020,2020,1,2,1,2,2,lifetime_aggregate,886,95064.37768240343,1
nyc,6786.02,W 47 St & 9 Ave,204262,103797,100465,204262,40.76153045110372,-73.9900700747176,2023,2025,2,12,1,12,36,lifetime_aggregate,1947,953.1875728231389,1
nyc,6787.02,30 Ave & 80 St,4867,2419,2448,4867,40.76109,-73.88838,2023,2025,2,12,9,12,28,lifetime_aggregate,522,10725.292788165194,1
nyc,6789.04,31 St & Broadway,80880,40443,40437,80880,40.761584,-73.925921,2020,2023,2,12,1,11,47,lifetime_aggregate,723,893.9169139465874,1
nyc,6789.08,Broadway & 31 St,33678,16914,16764,33678,40.76194,-73.92513,2025,2025,1,5,8,12,5,lifetime_aggregate,673,1998.337193420037,1
nyc,6789.2,31 St & Broadway,10711,832,9879,10711,40.76211,-73.92522999999998,2025,2025,1,7,1,7,7,lifetime_aggregate,675,6301.932592661749,1
nyc,6789.20,31 St & Broadway,27871,18444,9427,27871,40.76211,-73.92522999999998,2025,2025,1,7,1,7,7,lifetime_aggregate,675,2421.8721969071794,1
nyc,6793.01,Ditmars Blvd & 31 Dr,1969,973,996,1969,40.76138,-73.86035,2023,2025,2,11,12,12,25,lifetime_aggregate,664,33722.701879126456,1
nyc,6795.01,W 46 St & 11 Ave,239395,119543,119852,239395,40.763413850951785,-73.9966742972288,2020,2025,3,12,1,12,72,lifetime_aggregate,1416,591.491050356106,1
nyc,6798.01,34 Ave & 21 St,34734,17405,17329,34734,40.76281386097406,-73.93428613484369,2020,2025,3,12,1,12,72,lifetime_aggregate,553,1592.099959693672,1
nyc,6801.01,E 59 St & Madison Ave,124509,62412,62097,124509,40.76350516405946,-73.97109222045489,2020,2023,2,12,1,12,48,lifetime_aggregate,1864,1497.0805323309962,1
nyc,6801.16,E 61 St & Madison Ave,74538,37338,37200,74538,40.764752828526326,-73.97037800510203,2025,2025,1,12,1,12,12,lifetime_aggregate,1641,2201.561619576592,1
nyc,6804.01,49 St & 25 Ave,12361,6754,5607,12361,40.764496,-73.904632,2023,2025,2,12,1,12,36,lifetime_aggregate,532,4303.858911091335,1
nyc,6806.06,35 Ave & 10 St,52839,26341,26498,52839,40.76315487078466,-73.93985506667121,2020,2025,3,12,1,12,72,lifetime_aggregate,405,766.4793050587634,1
nyc,6809.07,W 56 St & 6 Ave,201277,100638,100639,201277,40.7634061297672,-73.97722479037607,2023,2025,2,12,1,12,36,lifetime_aggregate,1682,835.6642835495361,1
nyc,6809.09,W 55 St & 6 Ave,260458,130627,129831,260458,40.763189,-73.978434,2020,2025,3,12,1,12,72,lifetime_aggregate,1640,629.6600603552204,1
nyc,6810.01,92 St & Astoria Blvd,4424,2195,2229,4424,40.76312999999999,-73.8772,2023,2025,2,12,8,12,29,lifetime_aggregate,554,12522.603978300182,1
nyc,6812.06,30 Ave & 41 St,57482,28774,28708,57482,40.763422,-73.914142,2023,2025,2,12,1,12,36,lifetime_aggregate,873,1518.736300059149,1
nyc,6814.01,Motorgate,103743,51616,52127,103743,40.76390891043622,-73.94772123478482,2020,2025,3,12,6,12,67,lifetime_aggregate,447,430.8724444058876,1
nyc,6816.07,8 Ave & W 52 St,372637,186809,185828,372637,40.763707263913,-73.98516165431428,2020,2025,3,12,1,12,72,lifetime_aggregate,1657,444.66867219304584,1
nyc,6817.15,25 Ave & 85 St,6773,3374,3399,6773,40.76328,-73.88404,2023,2025,2,12,8,12,29,lifetime_aggregate,655,9670.751513361878,1
nyc,6819.15,31 Ave & 34 St,109799,54874,54925,109799,40.763154,-73.920827,2020,2025,3,12,1,12,72,lifetime_aggregate,1083,986.3477809451817,1
nyc,6822.09,1 Ave & E 68 St,633808,316681,317127,633808,40.76500516817578,-73.95818493599387,2020,2025,3,12,1,12,72,lifetime_aggregate,1856,292.8331608310403,1
nyc,6824.07,W 47 St & 10 Ave,339371,170240,169131,339371,40.76269887176305,-73.99301214855149,2020,2025,3,12,1,12,72,lifetime_aggregate,1813,534.2236077920625,1
nyc,6825.03,77 St & 24 Ave,8209,4093,4116,8209,40.76428,-73.89156,2023,2025,2,12,8,12,29,lifetime_aggregate,798,9721.037885247899,1
nyc,6827.11,Crescent St & Broadway,120356,60081,60275,120356,40.76335892642648,-73.928647067646,2020,2025,3,12,1,12,72,lifetime_aggregate,739,614.0117650968792,1
nyc,6830.02,E 63 St & 3 Ave,202749,104241,98508,202749,40.763954,-73.9646,2020,2025,3,12,1,12,72,lifetime_aggregate,2206,1088.0448238955555,1
nyc,6830.04,3 Ave & E 62 St,90195,45223,44972,90195,40.76313,-73.96527,2025,2025,1,12,1,12,12,lifetime_aggregate,2442,2707.4671544985863,1
nyc,6836.07,34 Ave & 13 St,25111,12527,12584,25111,40.7638752033527,-73.9364848572745,2020,2025,3,12,1,12,72,lifetime_aggregate,544,2166.3812671737487,1
nyc,6839.04,E 58 St & Madison Ave,192810,98056,94754,192810,40.763025955100346,-73.97209516978677,2020,2025,3,12,1,12,72,lifetime_aggregate,1891,980.7582594263782,1
nyc,6839.1,Grand Army Plaza & Central Park S,52114,36965,15149,52114,40.76439709837343,-73.973714655693,2023,2023,1,12,1,12,12,lifetime_aggregate,1528,2932.033618605365,1
nyc,6839.10,Grand Army Plaza & Central Park S,201742,90602,111140,201742,40.764397051389594,-73.97371480693481,2020,2023,2,12,1,12,48,lifetime_aggregate,1528,757.4030196984268,1
nyc,6839.15,Central Park S & Grand Army Plaza,141148,71173,69975,141148,40.764555,-73.973473,2025,2025,1,11,1,12,12,lifetime_aggregate,1467,1039.3345991441608,1
nyc,6840.02,98 St & 25 Ave,2685,1326,1359,2685,40.76454,-73.87171,2023,2025,2,12,8,12,29,lifetime_aggregate,554,20633.14711359404,1
nyc,6842.02,46 St & 28 Ave,20724,10654,10070,20724,40.763328,-73.908782,2023,2025,2,12,1,12,36,lifetime_aggregate,501,2417.4869716270987,1
nyc,6847.02,Broadway & W 56 St,335950,179812,156138,335950,40.76526526970273,-73.9819232562176,2020,2025,3,12,1,12,72,lifetime_aggregate,1729,514.6599196308974,1
nyc,6847.05,7 Ave & W 55 St,157859,80802,77057,157859,40.764126,-73.980973,2023,2025,2,12,3,12,34,lifetime_aggregate,1711,1083.8786512013885,1
nyc,6848.04,88 St & Astoria Blvd,4725,2327,2398,4725,40.76424,-73.8812,2023,2025,2,12,8,12,29,lifetime_aggregate,533,11280.423280423282,1
nyc,6850.01,38 St & 30 Ave,84661,42555,42106,84661,40.764174520282545,-73.91583994032008,2023,2025,2,12,1,12,36,lifetime_aggregate,957,1130.3906166948182,1
nyc,6854.05,W 50 St & 9 Ave,250268,126215,124053,250268,40.763604777686076,-73.98917971324774,2020,2025,3,12,1,12,72,lifetime_aggregate,1430,571.3874726293413,1
nyc,6855.02,81 St & 24 Ave,4406,2200,2206,4406,40.76466,-73.88803,2023,2025,2,12,8,12,29,lifetime_aggregate,889,20177.03132092601,1
nyc,6857.09,31 Ave & 30 St,85259,42536,42723,85259,40.7647,-73.92403113346299,2020,2025,3,12,1,12,72,lifetime_aggregate,886,1039.1864788468079,1
nyc,6860.12,E 65 St & 2 Ave,168501,84829,83672,168501,40.764718668762605,-73.96222078979612,2020,2025,3,12,1,12,72,lifetime_aggregate,1810,1074.1776013198735,1
nyc,6865.03,21 St & 31 Dr,69977,34924,35053,69977,40.7659,-73.930819,2020,2025,3,12,1,12,72,lifetime_aggregate,571,815.9823942152423,1
nyc,6869.06,Butler St & 27 Ave,3858,1917,1941,3858,40.76521,-73.86483,2023,2025,2,12,8,12,29,lifetime_aggregate,442,11456.713322965268,1
nyc,6869.1,Gillmore St & 27 Ave,742,88,654,742,40.76399,-73.8669,2023,2025,2,11,8,12,29,lifetime_aggregate,508,68463.61185983827,1
nyc,6869.10,Gillmore St & 27 Ave,3022,1789,1233,3022,40.76399,-73.8669,2023,2025,2,12,8,12,29,lifetime_aggregate,508,16810.059563203176,1
nyc,6873.01,34 Ave & Vernon Blvd,26891,13412,13479,26891,40.76535380385866,-73.93986314535141,2025,2025,1,12,1,12,12,lifetime_aggregate,269,1000.334684466922,1
nyc,6873.01,34th Ave & Vernon Blvd,22847,11362,11485,22847,40.76535381713338,-73.93986313503292,2020,2025,3,12,12,1,50,lifetime_aggregate,269,1177.397470127369,1
nyc,6876.04,Central Park S & 6 Ave,522227,261595,260632,522227,40.765909244370654,-73.9763416584829,2020,2025,3,12,1,12,72,lifetime_aggregate,1165,223.0830654102526,1
nyc,6877.05,Jackson Mill Rd & 24 Ave,4177,2177,2000,4177,40.76619,-73.87561,2023,2025,2,12,8,12,29,lifetime_aggregate,552,13215.22623892746,1
nyc,6877.06,25 Ave & 96 St,2306,1158,1148,2306,40.76447,-73.87369,2023,2025,2,12,9,12,28,lifetime_aggregate,600,26019.080659150044,1
nyc,6879.04,28 Ave & 44 St,50170,25488,24682,50170,40.764089227200785,-73.91065114535641,2020,2025,3,12,1,12,72,lifetime_aggregate,749,1492.9240582021127,1
nyc,6884.03,W 56 St & 8 Ave,231876,116467,115409,231876,40.765959181503014,-73.98313522319812,2023,2025,2,12,1,12,36,lifetime_aggregate,1546,666.7356690644999,1
nyc,6885.01,24 Ave & 87 St,3705,1834,1871,3705,40.7654,-73.88256,2023,2025,2,12,8,12,29,lifetime_aggregate,679,18326.585695006746,1
nyc,6887.03,35 St & 30 Ave,62734,31455,31279,62734,40.76547569255687,-73.91811579473033,2023,2025,2,12,1,12,36,lifetime_aggregate,1068,1702.426116619377,1
nyc,6889.12,E 72 St & York Ave,355618,177909,177709,355618,40.76663809409273,-73.95348296948931,2020,2025,3,12,1,12,72,lifetime_aggregate,1385,389.46285058686567,1
nyc,6890.01,W 53 St & 10 Ave,310924,155977,154947,310924,40.76669679567069,-73.9906171896408,2020,2025,3,12,1,12,72,lifetime_aggregate,1122,360.85988859013776,1
nyc,6890.06,W 50 St & 10 Ave,169719,86612,83107,169719,40.76473419100907,-73.99194361484133,2020,2025,3,12,12,12,61,lifetime_aggregate,1160,683.482697871187,1
nyc,6893.1,31 Ave & Crescent St,13941,7164,6777,13941,40.76583460000995,-73.92654739999004,2023,2025,2,12,1,10,34,lifetime_aggregate,806,5781.507782798939,1
nyc,6893.10,31 Ave & Crescent St,63107,31291,31816,63107,40.76583472028463,-73.92654727159987,2020,2025,3,12,1,12,72,lifetime_aggregate,806,1277.1958736748697,1
nyc,6896.16,E 68 St & 3 Ave,164742,83068,81674,164742,40.767128271951236,-73.9622461210353,2020,2025,3,12,1,12,72,lifetime_aggregate,1286,780.614536669459,1
nyc,6901.01,Broadway & 12 St,49961,24919,25042,49961,40.7668,-73.93477727097691,2020,2025,3,12,1,12,72,lifetime_aggregate,533,1066.8321290606673,1
nyc,6904.06,5 Ave & E 63 St,195892,98348,97544,195892,40.766368,-73.971518,2020,2025,3,12,1,12,72,lifetime_aggregate,1155,589.6106017601536,1
nyc,6905.02,100 St & Humphreys St,2468,1226,1242,2468,40.765739999999994,-73.87012,2023,2025,2,12,8,12,29,lifetime_aggregate,495,20056.72609400324,1
nyc,6907.03,46 St & 25 Ave,18975,9808,9167,18975,40.765753,-73.90676,2023,2025,2,12,1,12,36,lifetime_aggregate,865,4558.62977602108,1
nyc,6912.01,7 Ave & Central Park South,505197,254841,250356,505197,40.76674069393402,-73.97906898835932,2020,2025,3,12,1,12,72,lifetime_aggregate,1286,254.55416401918458,1
nyc,6912.01_Pillar,Pillar 7 Ave & Central Park S,755,378,377,755,40.76674,-73.97907,2023,2023,1,2,11,12,2,lifetime_aggregate,1286,170331.12582781457,1
nyc,6913.03,24 Ave & 92 St,2545,1260,1285,2545,40.76589,-73.87789,2023,2025,2,12,8,12,29,lifetime_aggregate,569,22357.563850687624,1
nyc,6915.02,Steinway St & 28 Ave,104420,52518,51902,104420,40.7656250679287,-73.91366965307809,2020,2025,3,12,1,12,72,lifetime_aggregate,1115,1067.8031028538594,1
nyc,6920.03,W 54 St & 9 Ave,166564,84563,82001,166564,40.76584921038167,-73.98690503078755,2020,2023,2,12,1,12,48,lifetime_aggregate,1437,862.7314425686222,1
nyc,6920.05,W 54 St & 9 Ave,134560,68935,65625,134560,40.76604,-73.98737,2025,2025,1,12,1,12,12,lifetime_aggregate,1449,1076.8430439952438,1
nyc,6921.04,23 Ave & 83 St,5216,2601,2615,5216,40.766459999999995,-73.88674,2023,2025,2,12,8,12,29,lifetime_aggregate,851,16315.184049079753,1
nyc,6923.2,31 St & Newtown Ave,23894,14669,9225,23894,40.76754878000868,-73.92093345520483,2023,2025,2,12,1,12,36,lifetime_aggregate,1267,5302.586423369884,1
nyc,6923.20,31 St & Newtown Ave,145622,70190,75432,145622,40.76754884580221,-73.92093330710442,2020,2025,3,12,1,12,72,lifetime_aggregate,1267,870.0608424551235,1
nyc,6925.09,2 Ave & E 72 St,339487,169826,169661,339487,40.76876201949843,-73.95840795332572,2020,2025,3,12,1,12,72,lifetime_aggregate,1236,364.07874233770366,1
nyc,6926.01,W 52 St & 11 Ave,238553,119747,118806,238553,40.76727210833571,-73.99392891131846,2020,2025,3,12,1,12,72,lifetime_aggregate,840,352.12300830423425,1
nyc,6927.03,Ditmars Blvd & 76 St,10114,5057,5057,10114,40.768442,-73.893531,2023,2025,2,12,1,12,36,lifetime_aggregate,641,6337.749653945027,1
nyc,6929.01,23 St & 31 Ave,41439,20745,20694,41439,40.76663971724589,-73.92865955831961,2023,2025,2,12,3,12,34,lifetime_aggregate,638,1539.6124423851927,1
nyc,6929.02,31 Rd & 21 St,1361,693,668,1361,40.766824,-73.930486,2023,2023,1,3,1,3,3,lifetime_aggregate,606,44526.08376193975,1
nyc,6932.14,E 67 St & Park Ave,116637,59307,57330,116637,40.767800859942476,-73.96592086293958,2020,2025,3,12,1,12,72,lifetime_aggregate,991,849.6446239186537,1
nyc,6932.15,E 68 St & Madison Ave,123636,63437,60199,123636,40.76915713503817,-73.9670347500956,2020,2025,3,12,1,12,72,lifetime_aggregate,764,617.9429939499822,1
nyc,6935.01,Ditmars Blvd & 48 St,13640,6823,6817,13640,40.769219,-73.901001,2023,2025,2,12,1,12,36,lifetime_aggregate,517,3790.3225806451615,1
nyc,6937.07,Vernon Blvd & 10 St,65134,32319,32815,65134,40.76718619824816,-73.93735526433089,2020,2025,3,12,1,10,70,lifetime_aggregate,272,417.60063868332975,1
nyc,6941.03,97 St & 23 Ave,4032,2005,2027,4032,40.7683,-73.87331,2023,2025,2,12,8,11,28,lifetime_aggregate,728,18055.555555555555,1
nyc,6943.07,25 Ave & 41 St,56240,28243,27997,56240,40.767666,-73.910963,2023,2025,2,12,1,12,36,lifetime_aggregate,1222,2172.830725462304,1
nyc,6948.1,Broadway & W 58 St,73338,57721,15617,73338,40.766953169852904,-73.98169332971446,2023,2025,2,11,1,12,36,lifetime_aggregate,1558,2124.410264801331,1
nyc,6948.10,Broadway & W 58 St,427147,195285,231862,427147,40.76695315716084,-73.98169330507692,2020,2025,3,12,11,12,62,lifetime_aggregate,1558,364.7456262129899,1
nyc,6948.11,Broadway & W 60 St,182904,92127,90777,182904,40.769155001677035,-73.98191801375171,2020,2020,1,12,1,12,12,lifetime_aggregate,1255,686.1522984735161,1
nyc,6949.03,91 St & 23 Ave,2652,1322,1330,2652,40.76768,-73.87899,2023,2025,2,12,11,12,26,lifetime_aggregate,699,26357.466063348416,1
nyc,6949.03,92 St & 23 Ave,15,12,3,15,40.76768,-73.87899,2023,2023,1,1,11,11,1,lifetime_aggregate,699,4660000.0,1
nyc,6949.04,91 St & 23 Ave,798,395,403,798,40.76769,-73.8791,2023,2023,1,4,8,11,4,lifetime_aggregate,692,86716.79197994986,1
nyc,6951.03,28 Ave & 35 St,65686,33196,32490,65686,40.7671,-73.91698585456714,2020,2025,3,12,1,12,72,lifetime_aggregate,1646,2505.861218524495,1
nyc,6953.08,E 74 St & 1 Ave,302776,151353,151423,302776,40.76897385995225,-73.95482281270571,2020,2025,3,12,1,12,72,lifetime_aggregate,1467,484.5166063360372,1
nyc,6955.01,W 56 St & 10 Ave,260274,132631,127643,260274,40.768254,-73.988639,2020,2025,3,12,1,12,72,lifetime_aggregate,1079,414.5631142565143,1
nyc,6955.05,W 54 St & 11 Ave,293684,148067,145617,293684,40.768333,-73.992573,2020,2025,3,12,12,12,61,lifetime_aggregate,863,293.8532572424783,1
nyc,6958.06,Crescent St & 30 Ave,108687,54279,54408,108687,40.768692,-73.92495727111843,2020,2025,3,12,1,12,72,lifetime_aggregate,809,744.3392494042525,1
nyc,6960.1,3 Ave & E 71 St,16755,10305,6450,16755,40.768736870224124,-73.96119944922418,2023,2023,1,11,1,11,11,lifetime_aggregate,1125,6714.413607878246,1
nyc,6960.10,3 Ave & E 71 St,61352,29511,31841,61352,40.76873692754721,-73.96119922035514,2020,2023,2,12,1,11,47,lifetime_aggregate,1125,1833.6810535923848,1
nyc,6960.12,3 Ave & E 71 St,66012,33177,32835,66012,40.76879,-73.9614,2023,2025,2,12,11,12,26,lifetime_aggregate,1103,1670.9083196994486,1
nyc,6964.05,Ditmars Blvd & 73 St,7880,3919,3961,7880,40.76817,-73.896293,2023,2025,2,12,1,12,36,lifetime_aggregate,434,5507.61421319797,1
nyc,6966.04,31 Ave & 14 St,54309,27108,27201,54309,40.7682,-73.93226613570522,2020,2025,3,12,1,12,72,lifetime_aggregate,576,1060.5976909904437,1
nyc,6969.08,E 66 St & Madison Ave,108302,54807,53495,108302,40.76800892021786,-73.96845286489129,2020,2025,3,12,1,12,72,lifetime_aggregate,799,737.7518420712453,1
nyc,6970.02,Ditmars Blvd & 102 St,6208,3092,3116,6208,40.76894,-73.86832,2023,2025,2,12,8,12,29,lifetime_aggregate,316,5090.20618556701,1
nyc,6978.04,Ditmars Blvd & 94 St,10013,5001,5012,10013,40.7702,-73.87587,2023,2025,2,12,8,12,29,lifetime_aggregate,640,6391.690801957456,1
nyc,6981.16,37 St & 24 Ave,35433,17699,17734,35433,40.770147789847755,-73.91209385737884,2020,2025,3,12,1,12,72,lifetime_aggregate,1366,3855.1632658820877,1
nyc,6986.07,Columbus Ave & W 59 St,130370,66034,64336,130370,40.76931,-73.98464,2025,2025,1,12,1,12,12,lifetime_aggregate,1266,971.0823042110916,1
nyc,6989.07,31 St & Astoria Blvd,76217,38161,38056,76217,40.769917722596176,-73.91840579026227,2020,2025,3,12,1,12,72,lifetime_aggregate,1399,1835.5484996785492,1
nyc,6991.12,E 75 St & 3 Ave,162359,81228,81131,162359,40.771129182000244,-73.95772297423765,2020,2025,3,12,1,12,72,lifetime_aggregate,1076,662.7288909145782,1
nyc,6994.06,Ditmars Blvd & 79 St,14945,7441,7504,14945,40.768728,-73.890745,2023,2025,2,12,1,12,36,lifetime_aggregate,709,4744.061559049849,1
nyc,6996.01,30 Ave & 21 St,38667,19291,19376,38667,40.77037420254173,-73.92860786044409,2020,2025,3,12,1,12,72,lifetime_aggregate,632,1634.4686683735486,1
nyc,6998.08,E 72 St & Park Ave,197492,98744,98748,197492,40.77118291057205,-73.9640941494484,2020,2025,3,12,1,12,72,lifetime_aggregate,775,392.4209588236485,1
nyc,7003.03,Vernon Blvd & 30 Rd,18516,9315,9201,18516,40.770845,-73.934171,2020,2020,1,12,1,12,12,lifetime_aggregate,322,1739.0365089652194,1
nyc,7003.06,Vernon Blvd & 31 Ave,81496,40632,40864,81496,40.76924765500617,-73.93545027039387,2020,2025,3,12,1,12,72,lifetime_aggregate,301,369.34328065181114,1
nyc,7009.02,Steinway St & 23 Ave,45438,22669,22769,45438,40.771393787628625,-73.90774371973907,2020,2025,3,12,1,12,72,lifetime_aggregate,869,1912.4961485980898,1
nyc,7009.06,43 St & 23 Ave,19119,9635,9484,19119,40.769673,-73.906018,2023,2025,2,12,1,12,36,lifetime_aggregate,873,4566.138396359643,1
nyc,7014.12,Broadway & W 61 St,291563,148818,142745,291563,40.770030102389875,-73.98196846174308,2023,2025,2,12,1,12,36,lifetime_aggregate,1211,415.34762641350244,1
nyc,7018.01,31 St & Hoyt Ave N,58468,29218,29250,58468,40.77115285854619,-73.91700727058324,2020,2025,3,12,1,12,72,lifetime_aggregate,1289,2204.6247520010947,1
nyc,7020.02,E 77 St & 1 Ave,245532,122783,122749,245532,40.77095553877048,-73.95356208095555,2023,2025,2,12,3,12,34,lifetime_aggregate,1342,546.5682680872554,1
nyc,7020.09,1 Ave & E 78 St,144095,72240,71855,144095,40.77140405764231,-73.95351689829857,2020,2023,2,12,1,3,39,lifetime_aggregate,1040,721.7460703008433,1
nyc,7023.04,W 59 St & 10 Ave,318045,162137,155908,318045,40.770513,-73.988038,2020,2025,3,12,1,12,72,lifetime_aggregate,926,291.15376754861734,1
nyc,7023.09,Amsterdam Ave & W 60 St,14285,7336,6949,14285,40.77114812219016,-73.98699113854883,2023,2023,1,3,10,12,3,lifetime_aggregate,1046,7322.366118305915,1
nyc,7026.08,Newtown Ave & 23 St,79772,39887,39885,79772,40.77136165416161,-73.92461465416162,2020,2025,3,12,1,12,72,lifetime_aggregate,811,1016.6474452188738,1
nyc,7028.04,3 Ave & E 72 St,134017,67522,66495,134017,40.769940183328906,-73.96060802502367,2020,2025,3,12,1,12,72,lifetime_aggregate,1083,808.1064342583403,1
nyc,7032.02,76 St & 21 Ave,12569,6216,6353,12569,40.77028,-73.893675,2023,2025,2,12,1,12,36,lifetime_aggregate,498,3962.1290476569334,1
nyc,7032.06,Hazen St & 20 Ave,10483,5211,5272,10483,40.772092,-73.895166,2023,2025,2,12,1,12,36,lifetime_aggregate,263,2508.8238099780597,1
nyc,7034.09,30 Ave & 12 St,21826,10943,10883,21826,40.77171710513283,-73.93159255417397,2023,2025,2,12,1,12,36,lifetime_aggregate,474,2171.721799688445,1
nyc,7039.03,Ditmars Blvd & 43 St,39128,19751,19377,39128,40.771203,-73.903865,2023,2025,2,12,1,12,36,lifetime_aggregate,696,1778.7773461459824,1
nyc,7047.07,35 St & 23 Ave,26709,13276,13433,26709,40.77301507995176,-73.91119031915801,2020,2025,3,12,12,12,61,lifetime_aggregate,845,3163.72758246284,1
nyc,7049.04,E 82 St & East End Ave,141732,70980,70752,141732,40.77246079074063,-73.94682085828715,2020,2025,3,12,1,12,72,lifetime_aggregate,695,490.36209183529473,1
nyc,7052.01,W 63 St & Broadway,284941,143093,141848,284941,40.77163866829895,-73.98261418615044,2020,2025,3,12,1,12,72,lifetime_aggregate,1069,375.16538511481326,1
nyc,7057.07,E 78 St & 2 Ave,148669,74453,74216,148669,40.77279672404897,-73.95577800675068,2020,2025,3,12,1,12,72,lifetime_aggregate,1117,751.3334992500118,1
nyc,7059.01,11 Ave & W 59 St,289510,144519,144991,289510,40.771496796366044,-73.9904602279073,2020,2025,3,12,1,12,72,lifetime_aggregate,756,261.130876308245,1
nyc,7059.04,W 59 St & West End Ave,22501,11191,11310,22501,40.771771,-73.990625,2020,2020,1,3,5,7,3,lifetime_aggregate,719,3195.4135371761254,1
nyc,7059.08,West End Ave & W 60 St,376587,188166,188421,376587,40.77237,-73.99005000000001,2020,2025,3,12,7,12,66,lifetime_aggregate,679,180.30362173946526,1
nyc,7060.02,21 Ave & 80 St,7724,3856,3868,7724,40.770888,-73.889914,2023,2025,2,12,1,12,36,lifetime_aggregate,432,5592.95701708959,1
nyc,7062.07,18 St & 27 Ave,48139,24073,24066,48139,40.772768275405866,-73.92743645308224,2020,2025,3,12,12,12,61,lifetime_aggregate,572,1188.22576289495,1
nyc,7066.01,20 Ave & 48 St,12770,6335,6435,12770,40.772899,-73.896849,2023,2025,2,12,1,12,36,lifetime_aggregate,268,2098.6687548942837,1
nyc,7068.07,8 St & Astoria Blvd,29961,14937,15024,29961,40.772599698151446,-73.93266275891915,2020,2025,3,12,12,12,61,lifetime_aggregate,341,1138.1462568005074,1
nyc,7074.01,Steinway St & Ditmars Blvd,24030,12058,11972,24030,40.772717,-73.906127,2023,2025,2,12,1,12,36,lifetime_aggregate,641,2667.498959633791,1
nyc,7079.06,Central Park W & W 68 St,148381,74812,73569,148381,40.7734066,-73.97782542,2025,2025,1,12,1,12,12,lifetime_aggregate,656,442.10512127563504,1
nyc,7079.06,Central Park West & W 68 St,255070,128718,126352,255070,40.77340678300974,-73.97782521582445,2020,2023,2,12,1,12,48,lifetime_aggregate,656,257.18430234837496,1
nyc,7082.08,23 Ave & 31 St,44497,22197,22300,44497,40.77423337175084,-73.91274851946518,2023,2025,2,11,7,12,30,lifetime_aggregate,496,1114.6818886666517,1
nyc,7082.14,23 Rd & 31 St,16678,8368,8310,16678,40.77336750297945,-73.91382560144844,2023,2025,2,12,1,12,36,lifetime_aggregate,1151,6901.307111164408,1
nyc,7084.12,E 81 St & York Ave,198647,100301,98346,198647,40.77283826993146,-73.94989222269345,2020,2025,3,12,1,12,72,lifetime_aggregate,1035,521.0247323141049,1
nyc,7092.06,E 77 St & 3 Ave,216760,108629,108131,216760,40.77314224236199,-73.95856171253381,2020,2025,3,12,1,12,72,lifetime_aggregate,1152,531.4633696253921,1
nyc,7098.05,27 Ave & 9 St,46240,23147,23093,46240,40.77398265110682,-73.93091327167632,2020,2025,3,12,1,12,72,lifetime_aggregate,418,903.9792387543253,1
nyc,7100.07,5 Ave & E 72 St,391081,195429,195652,391081,40.77282811311605,-73.96685283891249,2020,2025,3,12,1,12,72,lifetime_aggregate,442,113.02006489704178,1
nyc,7100.07,5 Ave & E 73 St,6853,3348,3505,6853,40.772828121010505,-73.96685254098817,2020,2020,1,11,1,11,11,lifetime_aggregate,442,6449.730045235663,1
nyc,7111.1,36 St & Ditmars Blvd,10422,4463,5959,10422,40.774306,-73.908335,2023,2025,2,12,1,11,35,lifetime_aggregate,497,4768.758395701401,1
nyc,7111.10,36 St & Ditmars Blvd,32962,17173,15789,32962,40.774306,-73.908335,2023,2025,2,12,1,12,36,lifetime_aggregate,497,1507.7968569868333,1
nyc,7113.05,E 85 St & East End Ave,6114,3126,2988,6114,40.77431811323298,-73.94548773775047,2023,2023,1,5,1,5,5,lifetime_aggregate,559,9142.950605168466,1
nyc,7113.08,East End Ave & E 86 St,105686,52664,53022,105686,40.77518501993882,-73.94446096315627,2020,2025,3,12,1,12,72,lifetime_aggregate,528,499.5931343791987,1
nyc,7116.04,W 67 St & Broadway,335673,168745,166928,335673,40.774925087676124,-73.98266576434641,2020,2025,3,12,1,12,72,lifetime_aggregate,993,295.8236140529623,1
nyc,7119.04,24 Ave & 29 St,47700,23808,23892,47700,40.7729,-73.916142,2020,2025,3,12,1,12,72,lifetime_aggregate,1204,2524.1090146750525,1
nyc,7121.02,E 80 St & 2 Ave,93856,46881,46975,93856,40.773913902385125,-73.9543953537798,2023,2025,2,12,1,12,36,lifetime_aggregate,1120,1193.3174224343675,1
nyc,7121.05,E 81 St & 2 Ave,54419,27857,26562,54419,40.77477901193817,-73.95427497171296,2020,2020,1,12,1,12,12,lifetime_aggregate,1123,2063.6174865396274,1
nyc,7121.13,E 81 St & 1 Ave,58075,28923,29152,58075,40.77377781082356,-73.95197331888451,2023,2023,1,10,3,12,10,lifetime_aggregate,1029,1771.8467498923806,1
nyc,7123.04,W 64 St & Thelonious Monk Circle,292488,147115,145373,292488,40.77515967742818,-73.98918696380272,2020,2025,3,12,1,12,72,lifetime_aggregate,491,167.87013484313886,1
nyc,7126.01,21 St & Hoyt Ave S,80833,40473,40360,80833,40.774645,-73.923706,2020,2025,3,12,1,12,72,lifetime_aggregate,634,784.3331312706445,1
nyc,7128.08,E 76 St & Park Ave,186178,93034,93144,186178,40.773763,-73.96222091481975,2020,2025,3,12,1,12,72,lifetime_aggregate,847,454.940970469121,1
nyc,7132.08,27 Ave & 3 St,31510,15718,15792,31510,40.77485,-73.9342,2020,2025,3,12,1,12,72,lifetime_aggregate,203,644.2399238337035,1
nyc,7137.04,Steinway St & 21 Ave,34523,17213,17310,34523,40.774798,-73.903787,2023,2025,2,12,1,12,36,lifetime_aggregate,395,1144.1647597254005,1
nyc,7141.07,Central Park W & W 72 St,142702,71577,71125,142702,40.77579376683666,-73.9762057363987,2025,2025,1,12,1,12,12,lifetime_aggregate,438,306.9333295959412,1
nyc,7141.07,Central Park West & W 72 St,258561,129716,128845,258561,40.775793868233855,-73.9762058525379,2020,2023,2,12,1,12,48,lifetime_aggregate,438,169.39909731165955,1
nyc,7144.01,31 St & 23 Ave,54787,27381,27406,54787,40.774787909518835,-73.91255503888067,2020,2023,2,12,1,7,43,lifetime_aggregate,465,848.741489769471,1
nyc,7144.02,31 St & Ditmars Blvd,115815,57857,57958,115815,40.776168,-73.910485,2023,2025,2,12,1,12,36,lifetime_aggregate,423,365.23766351508874,1
nyc,7146.04,E 85 St & York Ave,119827,60479,59348,119827,40.77536903041973,-73.94803394521072,2020,2025,3,12,1,12,72,lifetime_aggregate,866,722.7085715239471,1
nyc,7149.05,Amsterdam Ave & W 66 St,181936,90981,90955,181936,40.77466706741172,-73.98470577161807,2020,2025,3,12,1,12,72,lifetime_aggregate,795,436.9668454841263,1
nyc,7152.1,24 Ave & 26 St,8998,4475,4523,8998,40.774591,-73.918544,2023,2025,2,11,1,9,33,lifetime_aggregate,928,10313.402978439653,1
nyc,7152.10,24 Ave & 26 St,39655,19775,19880,39655,40.774591,-73.918544,2020,2025,3,12,1,12,72,lifetime_aggregate,928,2340.184087756903,1
nyc,7154.07,E 81 St & 3 Ave,101273,50840,50433,101273,40.7757301754049,-73.95675278361254,2020,2023,2,12,1,12,48,lifetime_aggregate,1156,1141.4690983776525,1
nyc,7154.1,3 Ave & E 82 St,31225,900,30325,31225,40.775744,-73.9563752,2025,2025,1,12,1,12,12,lifetime_aggregate,1159,3711.769415532426,1
nyc,7154.10,3 Ave & E 82 St,80271,54731,25540,80271,40.775744,-73.9563752,2025,2025,1,12,1,12,12,lifetime_aggregate,1159,1443.8589278818004,1
nyc,7159.08,Astoria Park S & Shore Blvd,100476,50265,50211,100476,40.7767,-73.927631,2020,2025,3,12,1,12,72,lifetime_aggregate,299,297.58350252796686,1
nyc,7161.08,5 Ave & E 78 St,285755,143780,141975,285755,40.77632128510346,-73.9642739444961,2020,2025,3,12,1,12,72,lifetime_aggregate,553,193.5224230547147,1
nyc,7163.07,20 Ave & 42 St,13289,6608,6681,13289,40.775415,-73.900063,2023,2025,2,12,1,12,36,lifetime_aggregate,271,2039.2806080216722,1
nyc,7165.01,26 Ave & 2 St,13617,6816,6801,13617,40.77684387,-73.93463418,2023,2025,2,12,12,12,25,lifetime_aggregate,118,866.5638540060219,1
nyc,7170.04,35 St & 21 Ave,19512,9733,9779,19512,40.776745,-73.906558,2023,2025,2,12,1,12,36,lifetime_aggregate,451,2311.39811398114,1
nyc,7175.05,Columbus Ave & W 72 St,461340,234920,226420,461340,40.77705765655304,-73.9789848250486,2020,2025,3,12,1,12,72,lifetime_aggregate,896,194.2168465773616,1
nyc,7178.02,23 Ave & 27 St,39530,19744,19786,39530,40.776165,-73.91531765302152,2020,2025,3,12,1,12,72,lifetime_aggregate,431,1090.3111560839868,1
nyc,7180.02,E 84 St & 1 Ave,215333,107493,107840,215333,40.77565527306958,-73.9506860999035,2020,2025,3,12,1,12,72,lifetime_aggregate,997,463.00381269940044,1
nyc,7183.03,Riverside Blvd & W 67 St,321390,161504,159886,321390,40.77750701863696,-73.98888591158659,2020,2025,3,12,1,12,72,lifetime_aggregate,431,134.10498148666727,1
nyc,7186.15,19 St & 24 Ave,63696,31791,31905,63696,40.777455136393264,-73.9225402045899,2020,2025,3,12,1,12,72,lifetime_aggregate,341,535.3554383320774,1
nyc,7188.1,E 81 St & Park Ave,21281,10490,10791,21281,40.77677701999065,-73.95900970014029,2023,2025,2,11,1,9,33,lifetime_aggregate,1028,4830.600065786382,1
nyc,7188.10,E 81 St & Park Ave,91559,46831,44728,91559,40.77677701348084,-73.95900979144835,2020,2025,3,12,1,12,72,lifetime_aggregate,1028,1122.773293723173,1
nyc,7188.13,Madison Ave & E 82 St,191569,95855,95714,191569,40.7781312712263,-73.96069398566613,2020,2025,3,12,1,12,72,lifetime_aggregate,774,404.03196759392176,1
nyc,7196.04,20 Ave & 38 St,27856,13857,13999,27856,40.777112,-73.902382,2023,2025,2,12,1,12,36,lifetime_aggregate,291,1044.6582423894313,1
nyc,72,W 52 St & 11 Ave,91342,45688,45654,91342,40.76727216,-73.99392888,2019,2019,1,12,1,12,12,lifetime_aggregate,840,919.6207659127236,1
nyc,7202.07,31 St & 21 Ave,30720,15394,15326,30720,40.77813,-73.90842,2023,2025,2,12,1,12,36,lifetime_aggregate,363,1181.640625,1
nyc,7204.08,E 89 St & York Ave,177712,88915,88797,177712,40.77794520226275,-73.946041,2020,2025,3,12,1,12,72,lifetime_aggregate,797,448.4784370216981,1
nyc,7207.08,W 70 St & Amsterdam Ave,351806,177193,174613,351806,40.777480310016536,-73.9828859537874,2020,2025,3,12,1,12,72,lifetime_aggregate,1026,291.6380050368669,1
nyc,7210.07,21 St & 23 Ave,21977,10979,10998,21977,40.778557,-73.919046,2020,2025,3,12,12,12,61,lifetime_aggregate,248,1128.4524730399964,1
nyc,7212.05,E 85 St & 3 Ave,345741,172751,172990,345741,40.778012019977005,-73.95407132629121,2020,2025,3,12,1,12,72,lifetime_aggregate,1031,298.2000977610408,1
nyc,7220.01,Steinway St & 19 Ave,10871,5409,5462,10871,40.778089,-73.899558,2023,2025,2,12,1,12,36,lifetime_aggregate,186,1710.9741514120137,1
nyc,7230.1,W 74 St & Columbus Ave,26568,9234,17334,26568,40.77856690005528,-73.97754961021559,2023,2025,2,12,1,10,34,lifetime_aggregate,793,2984.793736826257,1
nyc,7230.10,W 74 St & Columbus Ave,133875,71371,62504,133875,40.77856692800141,-73.97754973813068,2020,2025,3,12,1,12,72,lifetime_aggregate,793,592.34360410831,1
nyc,7233.05,Crescent St & Ditmars Blvd,40555,20259,20296,40555,40.778718652137364,-73.91456465213736,2020,2025,3,12,1,12,72,lifetime_aggregate,304,749.5993095795833,1
nyc,7235.13,E 88 St & 1 Ave,227997,113773,114224,227997,40.778301,-73.94881326965077,2020,2025,3,12,1,12,72,lifetime_aggregate,1053,461.84818221292386,1
nyc,7243.04,E 84 St & Park Ave,163411,82033,81378,163411,40.778626915972495,-73.95772081763168,2020,2025,3,12,1,12,72,lifetime_aggregate,973,595.4311521256219,1
nyc,7253.04,Central Park W & W 76 St,93324,46925,46399,93324,40.77896784,-73.97374737,2025,2025,1,12,1,12,12,lifetime_aggregate,422,452.1880759504522,1
nyc,7253.04,Central Park West & W 76 St,154582,77813,76769,154582,40.778967904809036,-73.97374718955915,2020,2023,2,12,1,12,48,lifetime_aggregate,422,272.994268414175,1
nyc,7256.01,20 Ave & 31 St,8786,4373,4413,8786,40.78001336605384,-73.90667617318563,2023,2025,2,12,1,12,36,lifetime_aggregate,223,2538.128841338493,1
nyc,7260.09,Amsterdam Ave & W 73 St,441049,221921,219128,441049,40.77966806072774,-73.98093030175953,2020,2025,3,12,1,12,72,lifetime_aggregate,936,212.22131781276002,1
nyc,7265.1,E 89 St & 3 Ave,28683,15467,13216,28683,40.7806283998209,-73.95216670013433,2023,2025,2,12,1,9,33,lifetime_aggregate,1055,3678.136875501168,1
nyc,7265.10,E 89 St & 3 Ave,172410,85372,87038,172410,40.78062827000949,-73.95216679197944,2020,2025,3,12,1,12,72,lifetime_aggregate,1055,611.9134620961662,1
nyc,7271.01,Shore Blvd & Astoria Park,27048,13640,13408,27048,40.77977,-73.923162,2023,2025,2,12,1,12,36,lifetime_aggregate,183,676.5749778172138,1
nyc,7281.09,W 76 St & Columbus Ave,206975,108409,98566,206975,40.7801839743656,-73.97728521327939,2020,2025,3,12,1,12,72,lifetime_aggregate,934,451.26222973789106,1
nyc,7284.01,21 Ave & Crescent St,49590,24793,24797,49590,40.780478,-73.912212,2023,2025,2,12,1,12,36,lifetime_aggregate,253,510.1835047388586,1
nyc,7286.01,E 91 St & 2 Ave,235485,117793,117692,235485,40.78115235866616,-73.94963067407159,2020,2025,3,12,1,12,72,lifetime_aggregate,1346,571.5863006136271,1
nyc,7286.02,E 93 St & 2 Ave,125675,62307,63368,125675,40.78245411842658,-73.94891974005928,2020,2025,3,12,1,12,72,lifetime_aggregate,1484,1180.8235528148002,1
nyc,7286.05,1 Ave & E 94 St,123509,61602,61907,123509,40.78172113510103,-73.94594,2020,2025,3,12,1,12,72,lifetime_aggregate,1339,1084.1315207798623,1
nyc,7288.04,Riverside Dr & W 72 St,266965,133473,133492,266965,40.78057798782412,-73.98562421142441,2020,2025,3,12,1,12,72,lifetime_aggregate,695,260.3337516153803,1
nyc,7291.06,Ditmars Blvd & 19 St,60039,30007,30032,60039,40.78145,-73.91833013601027,2020,2025,3,12,1,12,72,lifetime_aggregate,152,253.16877363047354,1
nyc,7293.1,E 88 St & Park Ave,43665,16120,27545,43665,40.78141070032079,-73.95595908161417,2023,2025,2,11,1,9,33,lifetime_aggregate,744,1703.8818275506699,1
nyc,7293.10,E 88 St & Park Ave,129382,70646,58736,129382,40.78141079226694,-73.95595905506087,2020,2025,3,12,1,12,72,lifetime_aggregate,744,575.0413504196874,1
nyc,7304.04,Central Park West & W 82 St,1740,928,812,1740,40.782593,-73.971211,2020,2020,1,1,1,1,1,lifetime_aggregate,472,27126.436781609198,1
nyc,7304.08,W 82 St & Central Park W,90884,45858,45026,90884,40.78275,-73.97137,2025,2025,1,12,1,12,12,lifetime_aggregate,498,547.9512345407333,1
nyc,7304.08,W 82 St & Central Park West,118760,61093,57667,118760,40.78275,-73.97137,2020,2023,2,12,1,12,48,lifetime_aggregate,498,419.3331087908387,1
nyc,7311.02,Amsterdam Ave & W 79 St,290967,146078,144889,290967,40.782939075494426,-73.97865177079532,2020,2025,3,12,1,12,72,lifetime_aggregate,930,319.6238748724082,1
nyc,7311.07,W 78 St & Broadway,109448,56112,53336,109448,40.7833998100539,-73.9809313299064,2023,2025,2,12,6,12,31,lifetime_aggregate,944,862.5100504349098,1
nyc,7311.1,W 78 St & Amsterdam Ave,35057,17558,17499,35057,40.78253596203906,-73.97908500299195,2020,2020,1,5,8,12,5,lifetime_aggregate,982,2801.152408934022,1
nyc,7314.03,21 St & 21 Ave,35496,17713,17783,35496,40.782465,-73.914527,2023,2025,2,12,1,12,36,lifetime_aggregate,170,478.92720306513405,1
nyc,7323.09,5 Ave & E 87 St,259757,129667,130090,259757,40.78232261021915,-73.95987510601991,2023,2025,2,12,1,12,36,lifetime_aggregate,414,159.3797279765319,1
nyc,7323.1,5 Ave & E 88 St,103257,51671,51586,103257,40.78307,-73.95939,2020,2020,1,12,1,12,12,lifetime_aggregate,386,373.8245348983604,1
nyc,7327.01,Wards Meadow Comfort Station,69904,35104,34800,69904,40.78294,-73.93077,2020,2025,3,12,10,12,63,lifetime_aggregate,1,1.4305333028152896,1
nyc,7338.02,2 Ave & E 96 St,193635,96576,97059,193635,40.78396372769055,-73.9471671998609,2020,2025,3,12,1,12,72,lifetime_aggregate,1508,778.7848271231957,1
nyc,7340.06,Riverside Dr & W 78 St,124227,63760,60467,124227,40.784144804537654,-73.98362493966184,2020,2025,3,12,1,12,72,lifetime_aggregate,765,615.8081576468883,1
nyc,7340.07,West End Ave & W 78 St,41076,21405,19671,41076,40.783786,-73.981687,2020,2023,2,12,2,6,41,lifetime_aggregate,867,2110.7215892491968,1
nyc,7342.01,21 Ave & Shore Blvd,25304,12622,12682,25304,40.783956,-73.916894,2023,2025,2,12,1,12,36,lifetime_aggregate,116,458.42554536832125,1
nyc,7344.01,E 94 St & Madison Ave,69314,34527,34787,69314,40.78585105291389,-73.95482444378061,2023,2025,2,12,8,12,29,lifetime_aggregate,912,1315.751507631936,1
nyc,7344.05,E 91 St & Park Ave,161868,81139,80729,161868,40.78350172879958,-73.955327,2020,2025,3,12,1,12,72,lifetime_aggregate,830,512.763486297477,1
nyc,7354.01,Central Park W & W 85 St,108541,54409,54132,108541,40.78476,-73.969862,2025,2025,1,12,1,12,12,lifetime_aggregate,498,458.81279885020405,1
nyc,7354.01,Central Park West & W 85 St,142596,71437,71159,142596,40.78476,-73.969862,2020,2023,2,12,8,12,41,lifetime_aggregate,498,349.2384078094757,1
nyc,7354.02,Central Park West & W 85 St,1893,946,947,1893,40.78472662280077,-73.96961712456016,2020,2020,1,7,1,7,7,lifetime_aggregate,479,25303.75066032752,1
nyc,7354.02,Central Park West & W 85 St (old),42636,21471,21165,42636,40.784727,-73.969617,2020,2020,1,7,1,7,7,lifetime_aggregate,479,1123.4637395628108,1
nyc,7360.1,Amsterdam Ave & W 82 St,46172,22577,23595,46172,40.78524672022283,-73.97667320983288,2023,2025,2,11,1,10,34,lifetime_aggregate,878,1901.5853764186086,1
nyc,7360.10,Amsterdam Ave & W 82 St,233870,118563,115307,233870,40.78524680394953,-73.97667314188612,2020,2025,3,12,1,12,72,lifetime_aggregate,878,375.4222431265233,1
nyc,7363.03,21 St & 20 Ave,5289,2678,2611,5289,40.78393602019729,-73.91273114065842,2025,2025,1,12,1,12,12,lifetime_aggregate,107,2023.0667422953297,1
nyc,7363.04,20 Ave & 21 St,5983,3008,2975,5983,40.784003,-73.912297,2023,2023,1,12,1,12,12,lifetime_aggregate,103,1721.5443757312387,1
nyc,7365.08,E 97 St & 3 Ave,71871,35931,35940,71871,40.78592006739944,-73.94860295400252,2020,2025,3,12,1,12,72,lifetime_aggregate,1556,2164.990051620264,1
nyc,7365.13,E 95 St & 3 Ave,116793,58285,58508,116793,40.784903135353964,-73.950503,2020,2025,3,12,1,12,72,lifetime_aggregate,1248,1068.5571909275386,1
nyc,7372.1,5 Ave & E 93 St,17312,14893,2419,17312,40.78578509886377,-73.957481,2023,2023,1,8,1,8,8,lifetime_aggregate,586,3384.9353049907577,1
nyc,7372.10,5 Ave & E 93 St,72241,30142,42099,72241,40.78578504155943,-73.957481,2020,2023,2,12,1,8,44,lifetime_aggregate,586,811.1737102199581,1
nyc,7382.04,W 84 St & Columbus Ave,208376,105801,102575,208376,40.78499986031847,-73.97283403797775,2020,2025,3,12,1,12,72,lifetime_aggregate,776,372.4037317157446,1
nyc,7386.1,2 Ave & E 99 St,9398,4998,4400,9398,40.786258600073566,-73.94552579003862,2023,2025,2,11,1,11,35,lifetime_aggregate,1762,18748.66992977229,1
nyc,7386.10,2 Ave & E 99 St,69519,34388,35131,69519,40.78625714096038,-73.94552445819757,2020,2025,3,12,1,12,72,lifetime_aggregate,1761,2533.120441893583,1
nyc,7388.1,Riverside Dr & W 82 St,13266,10686,2580,13266,40.78720869037111,-73.98128126967677,2023,2025,2,12,1,12,36,lifetime_aggregate,689,5193.728328056686,1
nyc,7388.10,Riverside Dr & W 82 St,158482,77369,81113,158482,40.78720878769158,-73.98128117988765,2020,2025,3,12,1,12,72,lifetime_aggregate,689,434.74968766169025,1
nyc,7391.02,20 Ave & Shore Blvd,7871,3918,3953,7871,40.785994,-73.915098,2023,2025,2,12,1,12,36,lifetime_aggregate,61,774.9968237835091,1
nyc,7393.09,E 97 St & Madison Ave,189556,94815,94741,189556,40.787801,-73.953559,2020,2025,3,12,1,12,72,lifetime_aggregate,1105,582.9411888834962,1
nyc,7407.13,E 102 St & 1 Ave,147187,73410,73777,147187,40.786994723835775,-73.94164801351276,2020,2025,3,12,1,12,72,lifetime_aggregate,1611,1094.5260111287002,1
nyc,7409.04,W 84 St & Amsterdam Ave,104601,53366,51235,104601,40.78621007900639,-73.97560020430592,2023,2025,2,12,8,12,29,lifetime_aggregate,877,838.4241068441028,1
nyc,7409.08,W 84 St & Broadway,79672,41209,38463,79672,40.78679486448897,-73.977112,2020,2023,2,12,1,8,44,lifetime_aggregate,895,1123.3557586103022,1
nyc,7414.17,3 Ave & E 100 St,64223,32055,32168,64223,40.78772127094081,-73.94728320997913,2020,2025,3,12,1,12,72,lifetime_aggregate,1592,2478.862712735313,1
nyc,7432.04,W 90 St & Amsterdam Ave,73517,37114,36403,73517,40.79017923657835,-73.97288909097726,2020,2023,2,12,1,12,48,lifetime_aggregate,909,1236.4487125426772,1
nyc,7432.09,W 89 St & Columbus Ave,235041,121707,113334,235041,40.78822120230428,-73.97041573044105,2020,2025,3,12,1,12,72,lifetime_aggregate,728,309.73319548504304,1
nyc,7436.11,2 Ave & E 104 St,66935,33450,33485,66935,40.78921073366201,-73.9437079080144,2020,2023,2,12,1,12,48,lifetime_aggregate,1353,2021.3640098603123,1
nyc,7436.16,E 103 St & 2 Ave,38596,19277,19319,38596,40.78864,-73.9436,2025,2025,1,12,1,12,12,lifetime_aggregate,1588,4114.416001658203,1
nyc,7443.01,Madison Ave & E 99 St,127247,63706,63541,127247,40.78948527512325,-73.9524291950451,2020,2025,3,12,1,12,72,lifetime_aggregate,1205,946.9771389502307,1
nyc,7443.17,E 98 St & Park Ave,75400,37515,37885,75400,40.78813,-73.95206,2020,2025,3,12,1,12,72,lifetime_aggregate,1323,1754.6419098143238,1
nyc,7450.05,Pleasant Ave & E 116 St,102329,50978,51351,102329,40.79498793692573,-73.93333493692573,2020,2023,2,12,1,12,48,lifetime_aggregate,1100,1074.9640864271125,1
nyc,7453.01,Central Park W & W 91 St,228631,114578,114053,228631,40.788664985757755,-73.96680064031496,2020,2025,3,12,8,10,63,lifetime_aggregate,464,202.94710691026154,1
nyc,7453.08,W 94 St & Central Park W,6561,3328,3233,6561,40.790431,-73.965894,2025,2025,1,3,10,12,3,lifetime_aggregate,430,6553.878981862521,1
nyc,7456.03,E 106 St & 1 Ave,79646,39659,39987,79646,40.78925292316204,-73.93956225126044,2020,2025,3,12,1,12,72,lifetime_aggregate,1276,1602.089244908721,1
nyc,7458.03,W 87 St & Amsterdam Ave,184445,92907,91538,184445,40.78839,-73.9747,2020,2025,3,12,1,12,72,lifetime_aggregate,816,442.40830599907827,1
nyc,7458.09,W 90 St & Amsterdam Ave,58580,29383,29197,58580,40.79018,-73.97289,2025,2025,1,12,1,12,12,lifetime_aggregate,909,1551.7241379310344,1
nyc,7463.09,E 103 St & Lexington Ave,105040,52409,52631,105040,40.79030506741265,-73.94755770401545,2020,2025,3,12,1,12,72,lifetime_aggregate,1431,1362.3381568926125,1
nyc,7482.15,E 106 St & 2 Ave,16688,8355,8333,16688,40.790586067739724,-73.94195795063015,2023,2023,1,8,1,8,8,lifetime_aggregate,1526,9144.295302013423,1
nyc,7484.05,W 87 St & West End Ave,186644,95144,91500,186644,40.789622,-73.97757,2020,2025,3,12,1,12,72,lifetime_aggregate,643,344.5061186001157,1
nyc,7488.24,E 102 St & Park Ave,83540,41657,41883,83540,40.790482858089746,-73.95033077723373,2020,2025,3,12,1,12,72,lifetime_aggregate,1435,1717.7400047881254,1
nyc,7499.05,Central Park W & W 96 St,49712,25810,23902,49712,40.79127,-73.964839,2020,2020,1,8,1,8,8,lifetime_aggregate,450,905.2140328290956,1
nyc,7502.01,W 92 St & Broadway,161813,81408,80405,161813,40.7921,-73.9739,2020,2025,3,12,1,12,72,lifetime_aggregate,1072,662.4931247798385,1
nyc,7504.12,E 109 St & 3 Ave,20570,10211,10359,20570,40.79329695571571,-73.94320801375392,2020,2020,1,12,1,12,12,lifetime_aggregate,1453,7063.684978123481,1
nyc,7504.18,E 106 St & Lexington Ave,85229,42371,42858,85229,40.791976,-73.945993,2020,2025,3,12,1,12,72,lifetime_aggregate,1484,1741.1913785213953,1
nyc,7504.19,3 Ave & E 109 St,32647,16261,16386,32647,40.79338,-73.94329,2023,2025,2,12,8,12,29,lifetime_aggregate,1464,4484.332404202531,1
nyc,7511.19,5 Ave & E 103 St,218788,109111,109677,218788,40.79225520180812,-73.95249922198893,2020,2025,3,12,1,12,72,lifetime_aggregate,890,406.78647823463814,1
nyc,7514.01,Icahn Stadium,18817,9380,9437,18817,40.793459999999996,-73.92389,2020,2023,2,12,10,10,37,lifetime_aggregate,77,409.2044427910932,1
nyc,7514.06,Icahn Stadium Plaza,23324,11647,11677,23324,40.79322,-73.92396,2025,2025,1,12,1,12,12,lifetime_aggregate,76,325.8446235637112,1
nyc,7520.07,Columbus Ave & W 95 St,307879,155788,152091,307879,40.79195579233219,-73.968087,2020,2025,3,12,1,12,72,lifetime_aggregate,938,304.665144423621,1
nyc,7522.02,1 Ave & E 110 St,132574,66014,66560,132574,40.79232713639859,-73.9383,2020,2025,3,12,1,12,72,lifetime_aggregate,1210,912.6978140510205,1
nyc,7524.09,West End Ave & W 94 St,150888,75960,74928,150888,40.7941652703377,-73.974124,2020,2025,3,12,1,12,72,lifetime_aggregate,1037,687.2647261544987,1
nyc,7524.16,Riverside Dr & W 91 St,142597,72665,69932,142597,40.79313486561085,-73.97700378715926,2020,2025,3,12,1,12,72,lifetime_aggregate,773,542.0871406831841,1
nyc,7528.31,E 106 St & Madison Ave,98138,48902,49236,98138,40.79343378905467,-73.94945002034962,2020,2025,3,12,1,12,72,lifetime_aggregate,1189,1211.5592329169128,1
nyc,7538.12,Central Park West & W 100 St,39563,20059,19504,39563,40.79406697558661,-73.96286801372484,2020,2020,1,8,1,8,8,lifetime_aggregate,416,1051.4875009478553,1
nyc,7538.14,W 100 St & Manhattan Ave,171549,85951,85598,171549,40.795,-73.9645,2020,2025,3,12,1,12,72,lifetime_aggregate,618,360.2469265341098,1
nyc,7538.18,Central Park W & W 97 St,224242,112333,111909,224242,40.79249516215908,-73.96417071465874,2020,2025,3,12,8,12,65,lifetime_aggregate,430,191.75711954049643,1
nyc,7540.02,E 114 St & 1 Ave,71432,35414,36018,71432,40.79456620296472,-73.93625406765491,2020,2025,3,12,1,12,72,lifetime_aggregate,1320,1847.9113002575875,1
nyc,7540.05,Pleasant Ave & E 116 St,52454,26171,26283,52454,40.79499,-73.93333,2025,2025,1,12,1,12,12,lifetime_aggregate,1100,2097.0755328478285,1
nyc,7541.01,W 95 St & Broadway,199359,100138,99221,199359,40.793770262048234,-73.971888,2020,2025,3,12,1,12,72,lifetime_aggregate,1191,597.4147141588792,1
nyc,7543.15,3 Ave & E 112 St,60397,30080,30317,60397,40.795508,-73.941606,2020,2025,3,12,1,12,72,lifetime_aggregate,1515,2508.4027352351936,1
nyc,7563.06,E 116 St & 2 Ave,60454,30082,30372,60454,40.796879,-73.937261,2020,2025,3,12,1,12,72,lifetime_aggregate,1502,2484.5336950408573,1
nyc,7567.06,Lexington Ave & E 111 St,113006,56213,56793,113006,40.795412067817885,-73.94412313563578,2020,2025,3,12,1,12,72,lifetime_aggregate,1526,1350.3707767729147,1
nyc,7571.01,Sunken Meadow Comfort Station,28782,14443,14339,28782,40.79558,-73.91906,2020,2025,3,12,10,12,63,lifetime_aggregate,120,416.9272461955389,1
nyc,7575.01,Randall's Island - Field 10,407,196,211,407,40.795098,-73.923734,2023,2023,1,1,12,12,1,lifetime_aggregate,211,51842.751842751844,1
nyc,7577.24,Central Park West & W 102 St,10512,5471,5041,10512,40.795346,-73.96186,2020,2020,1,7,1,7,7,lifetime_aggregate,393,3738.584474885845,1
nyc,7577.27,Central Park W & W 103 St,139461,70028,69433,139461,40.79559537621163,-73.96188026409821,2020,2025,3,12,8,12,65,lifetime_aggregate,411,294.706046851808,1
nyc,7579.01,Pleasant Ave & E 120 St,52915,26315,26600,52915,40.79747713686518,-73.93118478301555,2020,2025,3,12,1,12,72,lifetime_aggregate,1186,2241.3304356042713,1
nyc,7579.11,E 117 St & 1 Ave,22082,10934,11148,22082,40.79656826069032,-73.93459528672227,2023,2023,1,10,3,12,10,lifetime_aggregate,1355,6136.219545331039,1
nyc,7580.01,W 100 St & Broadway,230097,116487,113610,230097,40.797372066648414,-73.97041193964216,2020,2025,3,12,1,12,72,lifetime_aggregate,1085,471.5402634541085,1
nyc,7587.14,E 110 St & Madison Ave,45503,22665,22838,45503,40.79615395701962,-73.94782101688772,2020,2020,1,12,1,12,12,lifetime_aggregate,1112,2443.794914621014,1
nyc,7587.16,W 111 St & 5 Ave,109145,54479,54666,109145,40.797520781456605,-73.94893974090564,2023,2025,2,12,1,12,36,lifetime_aggregate,1017,931.7879884557241,1
nyc,7595.17,Columbus Ave & W 103 St,64889,34041,30848,64889,40.79693478633129,-73.96434115570361,2020,2025,3,12,1,12,72,lifetime_aggregate,586,903.0806454098537,1
nyc,7596.1,E 118 St & 1 Ave,22981,11390,11591,22981,40.79747,-73.93504,2020,2023,2,12,1,3,39,lifetime_aggregate,1483,6453.156955746051,1
nyc,7596.11,1 Ave & E 118 St,39578,19828,19750,39578,40.797459,-73.934499,2025,2025,1,12,1,12,12,lifetime_aggregate,1410,3562.585274647531,1
nyc,7599.02,E 115 St & Madison Ave,59966,29875,30091,59966,40.79894465129619,-73.944846,2020,2025,3,12,1,12,72,lifetime_aggregate,1377,2296.301237367842,1
nyc,7599.09,E 115 St & Lexington Ave,87219,43530,43689,87219,40.797911,-73.9423,2020,2025,3,12,1,12,72,lifetime_aggregate,1622,1859.686536190509,1
nyc,7602.05,Lenox Ave & W 111 St,220856,109988,110868,220856,40.79878592424032,-73.9523,2020,2025,3,12,1,12,72,lifetime_aggregate,797,360.8686202774658,1
nyc,7606.01,W 106 St & Central Park W,66098,33381,32717,66098,40.7981856,-73.9605909006,2025,2025,1,12,1,12,12,lifetime_aggregate,483,730.7331538019305,1
nyc,7606.01,W 106 St & Central Park West,130134,65562,64572,130134,40.79818578394039,-73.96059093832703,2020,2023,2,12,1,12,48,lifetime_aggregate,483,371.1558854718982,1
nyc,7610.13,W 104 St & Amsterdam Ave,129797,66000,63797,129797,40.79904126570712,-73.96649485636489,2020,2025,3,12,1,12,72,lifetime_aggregate,711,547.7784540474742,1
nyc,7611.02,E 118 St & 3 Ave,82905,41301,41604,82905,40.799139,-73.9389151357275,2020,2025,3,12,1,12,72,lifetime_aggregate,1690,2038.4777757674447,1
nyc,7613.04,E 134 St & Walnut Ave,3546,1761,1785,3546,40.800425,-73.911034,2020,2025,3,12,5,12,68,lifetime_aggregate,550,15510.43429216018,1
nyc,7617.07,Central Park North & Adam Clayton Powell Blvd,299093,148753,150340,299093,40.799484,-73.955613,2020,2025,3,12,1,12,72,lifetime_aggregate,671,224.3449361904157,1
nyc,7618.01,Bronx Shore Comfort Station,15372,7664,7708,15372,40.800459999999994,-73.92404,2020,2025,3,12,10,12,63,lifetime_aggregate,485,3155.087171480614,1
nyc,7619.05,W 107 St & Columbus Ave,119917,59969,59948,119917,40.799756856652394,-73.96211290257145,2020,2025,3,12,1,12,72,lifetime_aggregate,604,503.68171318495297,1
nyc,7622.12,2 Ave & E 122 St,56271,28027,28244,56271,40.800672069070714,-73.9349,2020,2025,3,12,1,12,72,lifetime_aggregate,1992,3540.0117289545237,1
nyc,7623.13,Riverside Dr & W 104 St,174732,88262,86470,174732,40.80134327035465,-73.97114582077738,2020,2025,3,12,1,12,72,lifetime_aggregate,475,271.84488244854975,1
nyc,7625.18,E 118 St & Park Ave,40273,19981,20292,40273,40.80053864999287,-73.94199492203317,2020,2025,3,12,1,12,72,lifetime_aggregate,1326,3292.528493035036,1
nyc,7626.02,Willow Ave & E 133 St,18856,9396,9460,18856,40.800933,-73.913863,2020,2025,3,12,5,12,68,lifetime_aggregate,803,4258.591429783623,1
nyc,7627.1,Lenox Ave & W 115 St,9960,7997,1963,9960,40.80119390007423,-73.95007390007424,2023,2025,2,11,1,9,33,lifetime_aggregate,1047,10512.048192771084,1
nyc,7627.10,Lenox Ave & W 115 St,82700,37937,44763,82700,40.80119392233044,-73.95007392233045,2020,2025,3,12,1,12,72,lifetime_aggregate,1047,1266.0217654171704,1
nyc,7631.23,Frederick Douglass Blvd & W 112 St,220335,109903,110432,220335,40.801694,-73.957145,2020,2025,3,12,1,12,72,lifetime_aggregate,862,391.2224567136406,1
nyc,7634.01,W 106 St & Amsterdam Ave,145650,74095,71555,145650,40.80083620341331,-73.96644916761257,2020,2025,3,12,1,12,72,lifetime_aggregate,714,490.216271884655,1
nyc,7636.05,E 123 St & Lexington Ave,61586,30767,30819,61586,40.802926204110996,-73.9379,2020,2025,3,12,1,12,72,lifetime_aggregate,1851,3005.5532101451627,1
nyc,7639.06,Walnut Ave & E 136 St,6449,3201,3248,6449,40.801657,-73.909513,2020,2025,3,12,5,12,68,lifetime_aggregate,877,13599.00759807722,1
nyc,7640.04,E 118 St & Madison Ave,81067,40473,40594,81067,40.801486719815664,-73.94425078773999,2020,2025,3,12,1,12,72,lifetime_aggregate,1160,1430.9151689343382,1
nyc,7642.04,E 133 St & Cypress Pl,6041,3008,3033,6041,40.80262,-73.9174,2020,2025,3,12,5,12,68,lifetime_aggregate,1369,22661.810958450587,1
nyc,7643.18,Adam Clayton Powell Blvd & W 115 St,76602,38170,38432,76602,40.802535,-73.95324220290267,2020,2025,3,12,1,12,72,lifetime_aggregate,1140,1488.211796036657,1
nyc,7646.04,W 110 St & Amsterdam Ave,173488,87338,86150,173488,40.802692,-73.96295,2020,2025,3,12,1,12,72,lifetime_aggregate,749,431.73014848289216,1
nyc,7648.16,2 Av & E 125 St,26,10,16,26,40.802554,-73.933509,2020,2020,1,1,5,5,1,lifetime_aggregate,1773,6819230.769230769,1
nyc,7648.16,2 Ave & E 125 St,71805,35903,35902,71805,40.802554,-73.933509,2020,2025,3,12,5,12,68,lifetime_aggregate,1773,2469.187382494255,1
nyc,7650.05,West End Ave & W 107 St,141620,72209,69411,141620,40.802117269742354,-73.96818067730825,2020,2025,3,12,1,12,72,lifetime_aggregate,583,411.66501906510376,1
nyc,7652.04,Lexington Ave & E 120 St,58702,29291,29411,58702,40.801306722640184,-73.93981679030861,2020,2025,3,12,1,12,72,lifetime_aggregate,1836,3127.661749173793,1
nyc,7654.04,E 138 St & Willow Ave,11522,5756,5766,11522,40.804168,-73.911545,2020,2025,3,12,5,12,68,lifetime_aggregate,1341,11638.604408956779,1
nyc,7655.22,Lenox Ave & W 117 St,159780,79602,80178,159780,40.80255672098574,-73.9490781353666,2020,2025,3,12,1,12,72,lifetime_aggregate,1063,665.2897734384779,1
nyc,7657.03,St Ann's Ave & Bruckner Blvd,8282,4101,4181,8282,40.803399,-73.919763,2023,2025,2,12,10,12,27,lifetime_aggregate,1143,13801.014247766241,1
nyc,7657.03,St. Ann's Av & Bruckner Blvd,8134,4019,4115,8134,40.803399,-73.919763,2020,2023,2,12,5,10,42,lifetime_aggregate,1143,14052.126874846324,1
nyc,7658.13,Frederick Douglass Blvd & W 115 St,156798,78175,78623,156798,40.803865272254654,-73.95593085322463,2020,2025,3,12,1,12,72,lifetime_aggregate,1001,638.4010000127553,1
nyc,7662.13,Lexington Ave & E 127 St,44517,22013,22504,44517,40.805726,-73.936322,2020,2025,3,12,1,12,72,lifetime_aggregate,1967,4418.536738773952,1
nyc,7667.04,Madison Ave & E 120 St,75099,37436,37663,75099,40.80295,-73.942954,2020,2025,3,12,1,12,72,lifetime_aggregate,1494,1989.3740262853034,1
nyc,7669.1,E 138 St & Cypress Ave,3630,3105,525,3630,40.805559,-73.914718,2023,2025,2,12,1,11,35,lifetime_aggregate,1696,46721.76308539945,1
nyc,7669.10,E 138 St & Cypress Ave,21319,9320,11999,21319,40.805559,-73.914718,2020,2025,3,12,6,12,67,lifetime_aggregate,1696,7955.344997420141,1
nyc,7670.09,Adam Clayton Powell Blvd & W 118 St,93760,46706,47054,93760,40.804372,-73.951475,2020,2025,3,12,1,12,72,lifetime_aggregate,1213,1293.7286689419795,1
nyc,7680.03,Cathedral Pkwy & Broadway,224576,112967,111609,224576,40.804213,-73.96699102709569,2020,2025,3,12,1,12,72,lifetime_aggregate,595,264.94371615844966,1
nyc,7682.01,Park Ave & E 124 St,227761,113673,114088,227761,40.80455565458817,-73.93968606760528,2020,2025,3,12,1,12,72,lifetime_aggregate,1682,738.4934207348931,1
nyc,7685.14,Mt Morris Park W & W 120 St,99855,49810,50045,99855,40.804038,-73.945925,2020,2025,3,12,1,12,72,lifetime_aggregate,1359,1360.9734114465975,1
nyc,7687.05,E 135 St & St Ann's Ave,15043,7499,7544,15043,40.805089,-73.918889,2020,2025,3,12,5,12,68,lifetime_aggregate,1407,9353.187529083294,1
nyc,7688.12,Frederick Douglass Blvd & W 117 St,221331,110108,111223,221331,40.805159,-73.954692,2020,2025,3,12,1,12,72,lifetime_aggregate,962,434.64313629812364,1
nyc,7691.05,Willis Ave & Bruckner Blvd,28050,13965,14085,28050,40.805701,-73.925177,2020,2025,3,12,5,12,68,lifetime_aggregate,1274,4541.889483065954,1
nyc,7692.11,W 116 St & Amsterdam Ave,122678,62377,60301,122678,40.80675806780085,-73.96070813560169,2020,2025,3,12,1,12,72,lifetime_aggregate,541,440.9918648820489,1
nyc,7696.07,E 128 St & 3 Ave,16226,8236,7990,16226,40.805631,-73.934077,2020,2025,3,12,5,12,68,lifetime_aggregate,1782,10982.373967706151,1
nyc,7701.19,5 Ave & E 126 St,21628,10798,10830,21628,40.80698,-73.941747,2020,2020,1,12,1,12,12,lifetime_aggregate,1606,7425.559459959312,1
nyc,7701.21,5 Ave & W 126 St,68581,34237,34344,68581,40.80722,-73.9418,2023,2025,2,12,1,12,36,lifetime_aggregate,1638,2388.4166168472316,1
nyc,7703.14,E 141 St & Jackson Ave,15204,7622,7582,15204,40.806896,-73.911837,2020,2025,3,12,6,12,67,lifetime_aggregate,1398,9194.948697711128,1
nyc,7704.04,Adam Clayton Powell Blvd & W 123 St,113330,56495,56835,113330,40.807831719805094,-73.949373,2020,2025,3,12,1,12,72,lifetime_aggregate,1575,1389.7467572575665,1
nyc,7707.08,Brook Ave & E 138 St,27233,13080,14153,27233,40.807407999999995,-73.91924,2020,2025,3,12,6,12,67,lifetime_aggregate,1665,6113.905922961113,1
nyc,7712.04,Alexander Ave & E 134 St,28562,14208,14354,28562,40.807466,-73.927107,2020,2025,3,12,7,12,66,lifetime_aggregate,1283,4491.982354176878,1
nyc,7712.06,Lincoln Ave & E 134 St,27620,13786,13834,27620,40.808484,-73.928803,2020,2025,3,12,5,12,68,lifetime_aggregate,1337,4840.6951484431565,1
nyc,7713.01,W 113 St & Broadway,125527,63946,61581,125527,40.805973,-73.964928,2020,2025,3,12,1,12,72,lifetime_aggregate,575,458.0687820150246,1
nyc,7713.11,W 116 St & Broadway,150724,77195,73529,150724,40.8082,-73.9641,2020,2025,3,12,1,12,72,lifetime_aggregate,569,377.5112125474377,1
nyc,7716.19,Lexington Ave & E 128 St,25905,12905,13000,25905,40.806414,-73.936085,2020,2025,3,12,5,12,68,lifetime_aggregate,1890,7295.888824551244,1
nyc,7719.04,OLD Southern Blvd & E 142 St,113,56,57,113,40.807258,-73.907999,2020,2020,1,2,6,7,2,lifetime_aggregate,1244,1100884.9557522123,1
nyc,7719.04,Southern Blvd & E 142 St,26,13,13,26,40.807258,-73.907999,2020,2020,1,2,6,7,2,lifetime_aggregate,1244,4784615.384615385,1
nyc,7719.13,Southern Blvd & E 142 St,8473,4286,4187,8473,40.80734735828837,-73.90809776910137,2020,2025,3,12,7,12,66,lifetime_aggregate,1245,14693.733034344388,1
nyc,7720.03,Lenox Ave & W 126 St,199718,99537,100181,199718,40.808442,-73.94520878974298,2020,2025,3,12,1,12,72,lifetime_aggregate,1451,726.5243994031584,1
nyc,7722.06,E 141 St & St Ann's Ave,19944,9881,10063,19944,40.808633,-73.916124,2020,2025,3,12,6,12,67,lifetime_aggregate,773,3875.8523866827113,1
nyc,7723.01,St Nicholas Ave & Manhattan Ave,182707,91060,91647,182707,40.809725,-73.953149,2020,2025,3,12,1,12,72,lifetime_aggregate,1447,791.9784135254806,1
nyc,7726.02,Willis Ave & E 137 St,44888,22314,22574,44888,40.808384,-73.923604,2020,2025,3,12,5,12,68,lifetime_aggregate,1741,3878.542149349492,1
nyc,7727.07,Amsterdam Ave & W 119 St,80673,40674,39999,80673,40.80862492524391,-73.95962125529702,2020,2025,3,12,1,12,72,lifetime_aggregate,527,653.2544965477916,1
nyc,7727.08,Amsterdam Ave & W 119 St,19716,9958,9758,19716,40.80863218,-73.9595861,2023,2023,1,5,8,12,5,lifetime_aggregate,536,2718.6041793467234,1
nyc,7735.05,5 Ave & W 131 St,62564,31262,31302,62564,40.81014,-73.93973,2020,2025,3,12,5,12,68,lifetime_aggregate,1487,2376.766191419986,1
nyc,7735.23,E 128 St & Madison Ave,46927,23424,23503,46927,40.80756,-73.939182,2020,2025,3,12,1,12,72,lifetime_aggregate,1537,3275.2999339399494,1
nyc,7737.06,St Mary's St & Jackson Ave,25658,12827,12831,25658,40.808891,-73.91081,2020,2025,3,12,5,12,68,lifetime_aggregate,1251,4875.6723049341335,1
nyc,7738.04,Adam Clayton Powell Blvd & W 126 St,153268,76277,76991,153268,40.80949536778189,-73.94776479672902,2020,2025,3,12,1,12,72,lifetime_aggregate,1716,1119.6074849283607,1
nyc,7740.08,Brook Ave & E 141 St,16983,8447,8536,16983,40.809619,-73.917875,2020,2025,3,12,5,12,68,lifetime_aggregate,893,5258.199375846435,1
nyc,7741.01,Morningside Ave & W 123 St,84958,42211,42747,84958,40.81,-73.95515085441352,2020,2025,3,12,1,12,72,lifetime_aggregate,1213,1427.7643070693755,1
nyc,7741.04,Morningside Dr & Amsterdam Ave,48205,24146,24059,48205,40.810285043040636,-73.95736468831541,2020,2025,3,12,1,12,72,lifetime_aggregate,1015,2105.5907063582617,1
nyc,7744.06,Lincoln Ave & E 138 St,53017,26452,26565,53017,40.810893,-73.927311,2020,2025,3,12,5,12,68,lifetime_aggregate,1524,2874.5496727464774,1
nyc,7745.07,W 120 St & Claremont Ave,98212,50329,47883,98212,40.8109492695469,-73.9634,2020,2025,3,12,1,12,72,lifetime_aggregate,463,471.4291532602941,1
nyc,7748.02,E 132 St & Madison Ave,53502,26724,26778,53502,40.810224,-73.937195,2020,2025,3,12,5,12,68,lifetime_aggregate,1221,2282.1576763485477,1
nyc,7751.05,Wales Ave & E 147 St,20001,9973,10028,20001,40.811314,-73.907729,2020,2025,3,12,6,12,67,lifetime_aggregate,819,4094.795260236988,1
nyc,7753.13,Lenox Ave & W 130 St,90397,45125,45272,90397,40.81078879438454,-73.94306953650101,2020,2025,3,12,1,12,72,lifetime_aggregate,1523,1684.7904244609888,1
nyc,7755.03,St Ann's Ave & E 144 St,9223,4622,4601,9223,40.811112,-73.914932,2023,2025,2,12,10,12,27,lifetime_aggregate,724,7849.940366475116,1
nyc,7755.03,St. Ann's Ave & E 144 St,10086,5021,5065,10086,40.811112,-73.914932,2020,2023,2,12,5,10,42,lifetime_aggregate,724,7178.266904620266,1
nyc,7756.1,St Nicholas Ave & W 126 St,17332,1784,15548,17332,40.8114323,-73.9518776,2023,2025,2,11,10,12,27,lifetime_aggregate,1476,8516.039695361182,1
nyc,7756.1,St. Nicholas Ave & W 126 St,18416,13713,4703,18416,40.81143229978746,-73.95187760028338,2023,2023,1,10,1,10,10,lifetime_aggregate,1476,8014.7697654213725,1
nyc,7756.10,St Nicholas Ave & W 126 St,63656,38584,25072,63656,40.8114323,-73.9518776,2023,2025,2,12,10,12,27,lifetime_aggregate,1476,2318.7130828201584,1
nyc,7756.10,St. Nicholas Ave & W 126 St,73193,31958,41235,73193,40.81143214353662,-73.95187779467363,2020,2023,2,12,1,10,46,lifetime_aggregate,1476,2016.586285573757,1
nyc,7759.08,Willis Ave & E 141 St,31822,15850,15972,31822,40.81093,-73.921606,2020,2025,3,12,5,12,68,lifetime_aggregate,1064,3343.5987681478223,1
nyc,7767.06,Southern Blvd & Ave St John,5149,2579,2570,5149,40.812769,-73.901583,2023,2025,2,11,10,12,27,lifetime_aggregate,954,18527.869489221208,1
nyc,7767.06,Southern Blvd & Avenue St John,91,45,46,91,40.812769,-73.901583,2023,2023,1,1,10,10,1,lifetime_aggregate,954,1048351.6483516484,1
nyc,7767.06,Southern Blvd & Avenue St. John,6387,3187,3200,6387,40.812769,-73.901583,2020,2023,2,12,9,10,38,lifetime_aggregate,954,14936.589948332552,1
nyc,7769.06,5 Av & E 135 St,17,6,11,17,40.812191,-73.937838,2020,2020,1,1,5,5,1,lifetime_aggregate,1275,7500000.0,1
nyc,7769.06,5 Ave & E 135 St,38960,19481,19479,38960,40.812191,-73.937838,2020,2025,3,12,5,12,68,lifetime_aggregate,1275,3272.58726899384,1
nyc,7774.02,Adam Clayton Powell Blvd & W 130 St,53403,26692,26711,53403,40.812346,-73.946168,2020,2025,3,12,5,12,68,lifetime_aggregate,1586,2969.8706065202327,1
nyc,7777.02,E 144 St & Brook Ave,17057,8560,8497,17057,40.811675,-73.917037,2020,2025,3,12,5,12,68,lifetime_aggregate,967,5669.22671044146,1
nyc,7781.1,E 142 St & 3 Ave,7852,4376,3476,7852,40.812735,-73.923697,2023,2025,2,12,1,11,35,lifetime_aggregate,1008,12837.493632195617,1
nyc,7781.10,E 142 St & 3 Ave,24190,11609,12581,24190,40.812735,-73.923697,2020,2025,3,12,6,12,67,lifetime_aggregate,1008,4167.0111616370405,1
nyc,7783.18,Broadway & W 122 St,71860,36016,35844,71860,40.812056135262395,-73.96125479001002,2020,2025,3,12,1,12,72,lifetime_aggregate,678,943.5012524352908,1
nyc,7788.13,Southern Blvd & E 149 St,28630,14334,14296,28630,40.811892,-73.904192,2020,2025,3,12,10,12,63,lifetime_aggregate,799,2790.778903248341,1
nyc,7790.04,Lenox Ave & W 133 St,57329,28584,28745,57329,40.81296,-73.941878,2020,2025,3,12,6,12,67,lifetime_aggregate,1331,2321.68710425788,1
nyc,7793.02,E 149 St & Eagle Ave,21264,10634,10630,21264,40.814046,-73.91186,2020,2025,3,12,6,12,67,lifetime_aggregate,834,3922.121896162528,1
nyc,7795.09,Frederick Douglass Blvd & W 129 St,64747,32367,32380,64747,40.81255106843642,-73.94922871272338,2020,2025,3,12,1,12,72,lifetime_aggregate,1399,2160.717871098275,1
nyc,7798.02,Willis Ave & E 143 St,22254,11092,11162,22254,40.812299,-73.92037,2020,2025,3,12,5,12,68,lifetime_aggregate,1207,5423.7440460142,1
nyc,7800.03,Amsterdam Ave & W 125 St,73059,36588,36471,73059,40.813358,-73.956461,2020,2025,3,12,1,12,72,lifetime_aggregate,1105,1512.4762178513256,1
nyc,7803.02,E 138 St & Park Ave,27549,13751,13798,27549,40.81263616767157,-73.92924964432534,2023,2025,2,12,1,12,36,lifetime_aggregate,1382,5016.516025990054,1
nyc,7803.03,E 138 St & Canal St W,1950,975,975,1950,40.812304,-73.929153,2020,2020,1,7,6,12,7,lifetime_aggregate,1375,70512.82051282052,1
nyc,7803.08,E 138 St & Grand Concourse,13975,6966,7009,13975,40.813224,-73.930605,2020,2025,3,12,5,12,68,lifetime_aggregate,1433,10254.025044722719,1
nyc,7807.04,Beck St & Leggett Ave,18691,9319,9372,18691,40.815076999999995,-73.899939,2020,2025,3,12,9,12,64,lifetime_aggregate,1097,5869.134877748649,1
nyc,7809.13,E 138 St & 5 Av,21748,10807,10941,21748,40.81449,-73.936153,2020,2023,2,12,5,10,42,lifetime_aggregate,1332,6124.7011219422475,1
nyc,7809.13,E 138 St & 5 Ave,19614,9807,9807,19614,40.81449,-73.93615300000002,2023,2025,2,12,10,12,27,lifetime_aggregate,1332,6791.067604772101,1
nyc,7812.01,E 149 St & Jackson Ave,30317,15151,15166,30317,40.81313804421652,-73.90923471897433,2020,2025,3,12,6,12,67,lifetime_aggregate,740,2440.8747567371443,1
nyc,7814.01,Adam Clayton Powell Blvd & W 132 St,65659,32790,32869,65659,40.813539,-73.94521,2020,2025,3,12,6,12,67,lifetime_aggregate,1359,2069.7847972098266,1
nyc,7816.14,Brook Ave & E 148 St,17689,8816,8873,17689,40.814383,-73.915368,2020,2025,3,12,7,12,66,lifetime_aggregate,1221,6902.594832947028,1
nyc,7818.17,W 129 St & Convent Ave,49607,24759,24848,49607,40.81439429592043,-73.95324724890186,2020,2025,3,12,1,12,72,lifetime_aggregate,1304,2628.6612776422685,1
nyc,7820.05,Hunts Point Ave & Bryant Ave,9535,4761,4774,9535,40.813991,-73.8855,2020,2025,3,12,10,12,63,lifetime_aggregate,805,8442.57996853697,1
nyc,7821.01,Morris Ave & E 142 St,28578,14239,14339,28578,40.814469,-73.924963,2020,2025,3,12,5,12,68,lifetime_aggregate,1393,4874.378892854644,1
nyc,7823.03,Broadway & Moylan Pl,88941,44463,44478,88941,40.814325720668464,-73.95902565283951,2020,2025,3,12,1,12,72,lifetime_aggregate,1004,1128.8382185943492,1
nyc,7830.03,Propsect Ave & E 151 St,95,41,54,95,40.814232,-73.903927,2020,2020,1,2,6,7,2,lifetime_aggregate,1024,1077894.7368421052,1
nyc,7830.03,Prospect Ave & E 151 St,20023,9998,10025,20023,40.814232,-73.903927,2020,2025,3,12,6,12,67,lifetime_aggregate,1024,5114.118763422064,1
nyc,7832.04,W 135 St & Lenox Terrace Pl,54351,27165,27186,54351,40.813619,-73.939336,2020,2025,3,12,5,12,68,lifetime_aggregate,1441,2651.285164946367,1
nyc,7832.04,West 135 St & Lenox Terrace Pl,86,47,39,86,40.813619,-73.939336,2020,2020,1,1,5,5,1,lifetime_aggregate,1441,1675581.3953488371,1
nyc,7835.1,St Ann's Ave & Westchester Ave,3863,2553,1310,3863,40.815887,-73.911918,2023,2025,2,12,1,12,36,lifetime_aggregate,1088,28164.638881698163,1
nyc,7835.10,St Ann's Ave & Westchester Ave,15050,6888,8162,15050,40.815887,-73.911918,2020,2025,3,12,7,12,66,lifetime_aggregate,1088,7229.235880398671,1
nyc,7837.3,St Nicholas Ave & W 134 St,17582,7110,10472,17582,40.816234,-73.948222,2023,2025,2,12,1,12,36,lifetime_aggregate,1046,5949.266295074508,1
nyc,7837.30,St Nicholas Ave & E 134 St,1458,728,730,1458,40.816234,-73.948222,2020,2020,1,7,6,12,7,lifetime_aggregate,1046,71742.11248285322,1
nyc,7837.30,St Nicholas Ave & W 134 St,54335,28822,25513,54335,40.816234,-73.948222,2020,2025,3,12,6,12,67,lifetime_aggregate,1046,1925.0943222600536,1
nyc,7840.05,Courtlandt Ave & E 149 St,34339,17151,17188,34339,40.816402,-73.919549,2020,2025,3,12,7,12,66,lifetime_aggregate,1395,4062.4362969218673,1
nyc,7840.11,E 147 St & Bergen Ave,24812,12338,12474,24812,40.814673,-73.91839,2020,2025,3,12,6,12,67,lifetime_aggregate,1372,5529.582460099951,1
nyc,7842.16,Amsterdam Ave & W 131 St,35599,17820,17779,35599,40.816355,-73.954295,2020,2025,3,12,5,12,68,lifetime_aggregate,1044,2932.666647939549,1
nyc,7844.05,Barry St & Tiffany St,7638,3806,3832,7638,40.816126,-73.891559,2020,2025,3,12,10,12,63,lifetime_aggregate,1555,20358.73265252684,1
nyc,7845.06,Grand Concourse & E 144 St,48641,24303,24338,48641,40.816576,-73.927987,2020,2025,3,12,5,12,68,lifetime_aggregate,1317,2707.5923603544334,1
nyc,7849.1,Longwood Ave & Southern Blvd,2544,1809,735,2544,40.816343,-73.896447,2023,2025,2,12,1,11,35,lifetime_aggregate,1288,50628.93081761006,1
nyc,7849.10,Longwood Ave & Southern Blvd,14765,6823,7942,14765,40.816343,-73.896447,2020,2025,3,12,9,12,64,lifetime_aggregate,1288,8723.332204537757,1
nyc,7851.04,5 Av & W 139 St,31471,15750,15721,31471,40.815484,-73.935856,2020,2025,3,12,6,1,56,lifetime_aggregate,1256,3990.9758190079756,1
nyc,7851.04,5 Ave & W 139 St,13716,6863,6853,13716,40.815484,-73.935856,2025,2025,1,12,1,12,12,lifetime_aggregate,1256,9157.18868474774,1
nyc,7853.01,Westchester Ave & Jackson Ave,32700,16463,16237,32700,40.816124,-73.908116,2020,2025,3,12,6,12,67,lifetime_aggregate,750,2293.5779816513764,1
nyc,7855.03,Adam Clayton Powell Blvd & W 138 St,91091,45477,45614,91091,40.816959752876336,-73.94229591385343,2020,2025,3,12,7,12,66,lifetime_aggregate,1357,1489.7190721366546,1
nyc,7858.02,Bergen Ave & E 152 St,28775,14345,14430,28775,40.817166,-73.914737,2020,2025,3,12,7,12,66,lifetime_aggregate,1315,4569.939183318853,1
nyc,7860.08,Convent Ave & W 135 St,51155,25779,25376,51155,40.818215,-73.950988,2020,2025,3,12,5,12,68,lifetime_aggregate,922,1802.3653601798455,1
nyc,7863.03,E 149 St & Morris Ave,47206,23615,23591,47206,40.81734,-73.922962,2020,2025,3,12,5,12,68,lifetime_aggregate,1369,2900.0550777443545,1
nyc,7865.09,Broadway & W 131 St,52490,26258,26232,52490,40.817555,-73.957163,2020,2025,3,12,7,12,66,lifetime_aggregate,1281,2440.4648504477045,1
nyc,7867.04,Southern Blvd & Tiffany St,11783,5877,5906,11783,40.81818500000001,-73.894143,2020,2025,3,12,9,12,64,lifetime_aggregate,1736,14733.090044980057,1
nyc,7868.05,Gerard Ave & E 146 St,28826,14416,14410,28826,40.817755,-73.92965,2020,2025,3,12,7,12,66,lifetime_aggregate,1131,3923.5412474849095,1
nyc,7870.02,Prospect Ave & Longwood Ave,12499,6689,5810,12499,40.81899,-73.90202,2020,2025,3,12,7,12,66,lifetime_aggregate,814,6512.521001680134,1
nyc,7872.03,Lenox Ave & W 140 St,50227,25104,25123,50227,40.817245,-73.938787,2023,2025,2,12,1,12,36,lifetime_aggregate,1426,2839.1104386087163,1
nyc,7876.07,Frederick Douglass Blvd & W 139 St,36788,18508,18280,36788,40.81900581810024,-73.94476890565763,2023,2025,2,12,1,12,36,lifetime_aggregate,1209,3286.397738392954,1
nyc,7879.01,Melrose Ave & E 150 St,83148,41475,41673,83148,40.816827,-73.917338,2020,2025,3,12,6,12,67,lifetime_aggregate,1427,1716.216866310675,1
nyc,7881.09,Old Broadway & W 133 St,14512,7273,7239,14512,40.818212,-73.955277,2020,2025,3,12,8,12,65,lifetime_aggregate,1096,7552.370452039691,1
nyc,7883.06,Lafayette Ave & Hunts Point Ave,14236,7132,7104,14236,40.816567,-73.888161,2020,2025,3,12,10,12,63,lifetime_aggregate,1491,10473.447597639786,1
nyc,7883.09,Seneca Ave & Irvine St,4861,2440,2421,4861,40.8187257097175,-73.88862490630244,2020,2025,3,12,12,12,61,lifetime_aggregate,1649,33923.061098539394,1
nyc,7883.1,Seneca Ave & Irvine St,312,24,288,312,40.81885,-73.88821,2025,2025,1,6,1,7,7,lifetime_aggregate,1687,540705.1282051282,1
nyc,7883.10,Seneca Ave & Irvine St,1375,816,559,1375,40.81885,-73.88821,2025,2025,1,7,1,7,7,lifetime_aggregate,1687,122690.90909090909,1
nyc,7884.04,E 149 St & Park Ave,38330,19146,19184,38330,40.818154,-73.925294,2020,2025,3,12,10,12,63,lifetime_aggregate,1202,3135.9248630315683,1
nyc,7884.04 (do not use),E 149 St & Park Ave,1,0,1,1,40.818154,-73.925294,2020,2020,1,1,10,10,1,lifetime_aggregate,1202,120200000.0,1
nyc,7886.02,12 Ave & W 125 St,147229,73515,73714,147229,40.818299,-73.960405,2020,2025,3,12,1,12,72,lifetime_aggregate,795,539.9751407671043,1
nyc,7888.1,Dawson St & Intervale Ave,1632,666,966,1632,40.819999,-73.897263,2023,2025,2,12,1,12,36,lifetime_aggregate,1363,83517.1568627451,1
nyc,7888.10,Dawson St & Intervale Ave,4128,2219,1909,4128,40.819999,-73.897263,2020,2025,3,12,9,12,64,lifetime_aggregate,1363,33018.410852713176,1
nyc,7891.06,Westchester Ave & E 156 St,15737,7976,7761,15737,40.817802,-73.905203,2020,2025,3,12,8,12,65,lifetime_aggregate,671,4263.8368176907925,1
nyc,7893.05,Adam Clayton Powell Blvd & W 141 St,54316,27187,27129,54316,40.819241,-73.941057,2020,2025,3,12,6,12,67,lifetime_aggregate,1641,3021.209220119302,1
nyc,7896.11,E 156 & Brook Ave,13838,6896,6942,13838,40.819823,-73.912411,2020,2023,2,12,7,10,40,lifetime_aggregate,1009,7291.516115045527,1
nyc,7896.11,E 156 St & Brook Ave,18572,9301,9271,18572,40.819823,-73.912411,2023,2025,2,12,10,12,27,lifetime_aggregate,1009,5432.909756622873,1
nyc,7898.03,St Nicholas Ave & W 137 St,54485,27179,27306,54485,40.818477,-73.947568,2020,2025,3,12,5,12,68,lifetime_aggregate,1010,1853.721207671836,1
nyc,79,Franklin St & W Broadway,54637,27174,27463,54637,40.71911552,-74.00666661,2019,2019,1,12,1,12,12,lifetime_aggregate,1571,2875.34088621264,1
nyc,7901.04,Morris Ave & E 153 St,27065,13464,13601,27065,40.820036,-73.921411,2020,2025,3,12,5,12,68,lifetime_aggregate,1027,3794.5686310733417,1
nyc,7903.02,Broadway & W 133 St,54206,26944,27262,54206,40.819034324584436,-73.956156,2020,2025,3,12,7,12,66,lifetime_aggregate,1159,2138.1396893332844,1
nyc,7905.05,Garrison Ave & Manida St,7603,4072,3531,7603,40.818743,-73.890247,2020,2025,3,12,10,12,63,lifetime_aggregate,1642,21596.73812968565,1
nyc,7906.13,E 150 St & Gerard Ave,8294,4118,4176,8294,40.820089,-73.928947,2020,2023,2,12,8,8,37,lifetime_aggregate,1011,12189.534603327706,1
nyc,7909.07,Westchester Ave & Longwood Ave,28607,14477,14130,28607,40.819701,-73.901311,2020,2025,3,12,9,12,64,lifetime_aggregate,817,2855.94434928514,1
nyc,7910.01,Lenox Ave & W 144 St,44781,22342,22439,44781,40.819783,-73.936521,2020,2025,3,12,6,12,67,lifetime_aggregate,1173,2619.4144838212633,1
nyc,7910.1,Lenox Ave & W 146 St,5090,2826,2264,5090,40.821111,-73.935971,2023,2025,2,11,1,6,30,lifetime_aggregate,1032,20275.049115913556,1
nyc,7910.10,Lenox Ave & W 146 St,19089,9154,9935,19089,40.821111,-73.93597100000001,2020,2025,3,12,7,12,66,lifetime_aggregate,1032,5406.254911205407,1
nyc,7913.15,Cauldwell Ave & E 158 St,25133,12566,12567,25133,40.81989,-73.908351,2020,2025,3,12,8,12,65,lifetime_aggregate,924,3676.4413321131583,1
nyc,7915.11,Edgecombe Ave & W 141 St,68253,34101,34152,68253,40.820681,-73.945144,2020,2025,3,12,6,12,67,lifetime_aggregate,1350,1977.9350358226013,1
nyc,7918.12,Melrose Ave & E 154 St,17736,8801,8935,17736,40.819609,-73.916071,2020,2025,3,12,7,12,66,lifetime_aggregate,1291,7278.980604420388,1
nyc,7920.01,Hamilton Pl & W 138 St,3670,1875,1795,3670,40.821728,-73.952761,2020,2020,1,6,7,12,6,lifetime_aggregate,941,25640.32697547684,1
nyc,7920.05,Amsterdam Ave & W 136 St,51307,25998,25309,51307,40.819746,-73.951819,2020,2025,3,12,5,12,68,lifetime_aggregate,854,1664.4902255052916,1
nyc,7922.01,Faile St & Garrison Ave,4298,2202,2096,4298,40.820578,-73.888271,2020,2025,3,12,9,12,64,lifetime_aggregate,1594,37087.01721731038,1
nyc,7925.04,W 133 St & 12 Ave,35567,17779,17788,35567,40.820003,-73.959089,2020,2025,3,12,6,12,67,lifetime_aggregate,798,2243.6528242471954,1
nyc,7927.08,E 163 St & Tiffany St,14645,7289,7356,14645,40.821075,-73.895069,2020,2025,3,12,9,12,64,lifetime_aggregate,1614,11020.82622055309,1
nyc,7931.05,E 160 St & Tinton Ave,12829,6513,6316,12829,40.820302,-73.903944,2020,2025,3,12,8,12,65,lifetime_aggregate,725,5651.258866630291,1
nyc,7932.1,W 144 St & Adam Clayton Powell Blvd,8726,4558,4168,8726,40.820877,-73.939249,2023,2025,2,11,1,9,33,lifetime_aggregate,1503,17224.386889754755,1
nyc,7932.10,W 144 St & Adam Clayton Powell Blvd,36261,17917,18344,36261,40.820877,-73.939249,2020,2025,3,12,6,12,67,lifetime_aggregate,1503,4144.949118888062,1
nyc,7935.07,Brook Ave & E 157 St,21381,10613,10768,21381,40.820713,-73.911759,2020,2025,3,12,7,12,66,lifetime_aggregate,1087,5083.9530424208415,1
nyc,7937.15,St Nicholas Terrace & Convent Ave,28493,14311,14182,28493,40.821294,-73.947868,2023,2025,2,12,10,12,27,lifetime_aggregate,1124,3944.8285543817783,1
nyc,7937.15,St. Nicholas Terrace & Convent Ave,16029,7977,8052,16029,40.821294,-73.947868,2020,2023,2,12,6,10,41,lifetime_aggregate,1124,7012.290223969056,1
nyc,7940.02,E 155 St & Courtlandt Ave,13037,6521,6516,13037,40.82057,-73.917579,2020,2025,3,12,7,12,66,lifetime_aggregate,1284,9848.891616169363,1
nyc,7940.04,E 156 St & Courtlandt Ave,14133,7009,7124,14133,40.82123860178169,-73.91732990743164,2023,2025,2,12,1,12,36,lifetime_aggregate,1216,8603.976508879927,1
nyc,7942.07,Broadway & W 138 St,43618,22993,20625,43618,40.82182,-73.95353,2023,2025,2,12,1,12,36,lifetime_aggregate,967,2216.9746434958047,1
nyc,7942.21,Riverside Dr & W 138 St,54285,27520,26765,54285,40.823168,-73.955857,2020,2025,3,12,6,12,67,lifetime_aggregate,702,1293.1749101961866,1
nyc,7944.11,Bruckner Blvd & Bryant Ave,861,426,435,861,40.821952,-73.888546,2020,2023,2,5,11,3,29,lifetime_aggregate,1669,193844.36701509872,1
nyc,7945.03,Walton Ave & E 151 St,19710,9816,9894,19710,40.820908923151976,-73.92753865019715,2023,2025,2,12,8,12,29,lifetime_aggregate,971,4926.433282597666,1
nyc,7945.07,Walton Ave & E 153 St,11136,5515,5621,11136,40.822351,-73.926907,2020,2025,3,12,11,12,62,lifetime_aggregate,887,7965.158045977011,1
nyc,7948.1,Intervale Ave & Westchester Ave,2659,1567,1092,2659,40.821967,-73.896752,2023,2025,2,11,1,9,33,lifetime_aggregate,996,37457.69086122602,1
nyc,7948.10,Intervale Ave & Westchester Ave,11622,5561,6061,11622,40.82196700000001,-73.896752,2020,2025,3,12,9,12,64,lifetime_aggregate,996,8569.95353639649,1
nyc,7952.02,Cauldwell Ave & E 161 St,26178,13082,13096,26178,40.82188,-73.907521,2020,2025,3,12,7,12,66,lifetime_aggregate,941,3594.621437848575,1
nyc,7954.12,Frederick Douglass Blvd & W 145 St,53599,26800,26799,53599,40.823061,-73.941928,2020,2025,3,12,10,12,63,lifetime_aggregate,1399,2610.1233231963283,1
nyc,7957.11,E 158 St & Melrose Ave,19774,9864,9910,19774,40.822215,-73.914688,2020,2025,3,12,5,12,68,lifetime_aggregate,1322,6685.546677455244,1
nyc,7959.18,Hamilton Pl & W 140 St,38150,19479,18671,38150,40.822756,-73.951346,2020,2025,3,12,6,12,67,lifetime_aggregate,1076,2820.4456094364355,1
nyc,7962.01,Concourse Village West & E 156 St,20547,10236,10311,20547,40.823162,-73.923267,2020,2025,3,12,9,12,64,lifetime_aggregate,964,4691.682484060933,1
nyc,7966.02,E 165 St & Fox St,11605,5944,5661,11605,40.82394,-73.894025,2020,2025,3,12,10,12,63,lifetime_aggregate,1238,10667.81559672555,1
nyc,7967.04,River Ave & E 151 St,46848,23351,23497,46848,40.822217,-73.928939,2020,2025,3,12,10,12,63,lifetime_aggregate,804,1716.1885245901642,1
nyc,7970.05,E 163 St & Union Ave,21510,10952,10558,21510,40.822545,-73.901824,2020,2025,3,12,9,12,64,lifetime_aggregate,772,3589.0283589028354,1
nyc,7971.07,W 147 St & Adam Clayton Powell Blvd,42808,21341,21467,42808,40.82281,-73.937413,2020,2025,3,12,7,12,66,lifetime_aggregate,1222,2854.6066155858716,1
nyc,7974.01,3 Ave & E 163 St,22023,11016,11007,22023,40.823872,-73.908699,2020,2025,3,12,9,12,64,lifetime_aggregate,1021,4636.062298506107,1
nyc,7976.08,Edgecombe Ave & W 145 St,71119,35798,35321,71119,40.823498,-73.94386,2020,2025,3,12,6,12,67,lifetime_aggregate,1504,2114.76539321419,1
nyc,7979.01,Courtlandt Ave & E 157 St,1046,514,532,1046,40.822267,-73.916792,2020,2020,1,4,9,12,4,lifetime_aggregate,1213,115965.58317399617,1
nyc,7979.17,E 161 St & Park Ave,28510,14240,14270,28510,40.824811,-73.916407,2020,2025,3,12,10,12,63,lifetime_aggregate,1253,4394.949140652403,1
nyc,7981.16,Broadway & W 142 St,33146,16999,16147,33146,40.824686,-73.951947,2023,2025,2,12,1,12,36,lifetime_aggregate,1055,3182.8878296023654,1
nyc,7981.27,W 140 St & Riverside Dr,16541,8395,8146,16541,40.824013,-73.954743,2020,2025,3,12,7,12,66,lifetime_aggregate,816,4933.196300102774,1
nyc,7983.02,Longfellow Ave & Aldus St,11884,5959,5925,11884,40.82316144505789,-73.88765363179184,2023,2025,2,12,4,12,33,lifetime_aggregate,1761,14818.243015819591,1
nyc,7983.04,Longfellow Ave & E 165 St,6460,3317,3143,6460,40.825322,-73.887729,2020,2025,3,12,10,12,63,lifetime_aggregate,1346,20835.913312693498,1
nyc,7984.04,Grand Concourse & E 156 St,24059,12112,11947,24059,40.82342899999999,-73.924689,2020,2025,3,12,8,12,65,lifetime_aggregate,901,3744.960305914626,1
nyc,7987.14,Rogers Pl & E 165 St,9741,4852,4889,9741,40.82388366441761,-73.8974027708582,2023,2025,2,12,1,12,36,lifetime_aggregate,868,8910.78944666872,1
nyc,7991.01,Tinton Ave & E 165 St,21458,10828,10630,21458,40.824796,-73.90242,2020,2025,3,12,9,12,64,lifetime_aggregate,693,3229.5647311026187,1
nyc,7992.04,Bradhurst Ave & W 148 St,45855,22909,22946,45855,40.825125,-73.941616,2020,2025,3,12,6,12,67,lifetime_aggregate,1484,3236.2883000763272,1
nyc,7995.04,Washington Ave & E 163 St,37740,18815,18925,37740,40.824000000000005,-73.91089,2020,2025,3,12,10,12,63,lifetime_aggregate,1182,3131.9554848966613,1
nyc,7997.08,W 145 St & Amsterdam Ave,50844,26033,24811,50844,40.82524399999999,-73.947257,2020,2025,3,12,6,12,67,lifetime_aggregate,1370,2694.5165604594445,1
nyc,8000.02,Concourse Village East & E 158 St,35939,18000,17939,35939,40.823732,-73.919379,2020,2025,3,12,9,12,64,lifetime_aggregate,1133,3152.564066891121,1
nyc,8004.03,Westchester Ave & Southern Blvd,37439,18706,18733,37439,40.824956,-73.891677,2020,2025,3,12,12,12,61,lifetime_aggregate,1138,3039.611100723844,1
nyc,8005.03,E 157 St & River Ave,25625,12743,12882,25625,40.825737,-73.927311,2020,2025,3,12,9,12,64,lifetime_aggregate,984,3839.9999999999995,1
nyc,8005.08,River Ave & E 153 St,19008,9461,9547,19008,40.82441,-73.92818,2020,2025,3,12,9,12,64,lifetime_aggregate,903,4750.631313131313,1
nyc,8008.03,Prospect Ave & E 167 St,18717,9369,9348,18717,40.826303,-73.898751,2020,2025,3,12,10,12,63,lifetime_aggregate,634,3387.294972484907,1
nyc,8009.05,Adam Clayton Powell Blvd & W 151 St,31749,15869,15880,31749,40.825289,-73.936232,2020,2025,3,12,7,12,66,lifetime_aggregate,1092,3439.47840876878,1
nyc,8012.04,3 Ave & Franklin Ave,23907,11907,12000,23907,40.82696,-73.907451,2020,2025,3,12,9,12,64,lifetime_aggregate,996,4166.143807253106,1
nyc,8013.07,St Nicholas Ave & W 150 St,35924,18578,17346,35924,40.827212,-73.942722,2020,2025,3,12,7,12,66,lifetime_aggregate,1349,3755.1497606057237,1
nyc,8016.07,Park Ave & E 162 St,22361,11154,11207,22361,40.825716,-73.915585,2020,2025,3,12,9,12,64,lifetime_aggregate,1203,5379.9025088323415,1
nyc,8018.04,Riverside Dr & W 145 St,49251,25304,23947,49251,40.827305,-73.951989,2020,2025,3,12,6,12,67,lifetime_aggregate,904,1835.495725975107,1
nyc,8018.09,W 146 St & Broadway,56315,30069,26246,56315,40.826969,-73.949738,2020,2025,3,12,6,12,67,lifetime_aggregate,1147,2036.757524638196,1
nyc,8020.01,Home St & Westchester Ave,23960,11868,12092,23960,40.827629,-73.886659,2023,2025,2,12,1,12,36,lifetime_aggregate,831,3468.2804674457434,1
nyc,8021.05,Grand Concourse & E 161  St,2874,1446,1428,2874,40.827115,-73.92272,2020,2020,1,4,9,12,4,lifetime_aggregate,1055,36708.42032011135,1
nyc,8021.05,Grand Concourse & E 161 St,371,185,186,371,40.827115,-73.92272,2020,2020,1,4,9,12,4,lifetime_aggregate,1055,284366.576819407,1
nyc,8021.11,Grand Concourse & E 161 St,55826,27962,27864,55826,40.827133804243665,-73.92273589969095,2023,2025,2,12,1,12,36,lifetime_aggregate,1055,1889.8004514025724,1
nyc,8024.05,E 169 St & Fox St,7817,3946,3871,7817,40.827184,-73.893721,2020,2025,3,12,9,12,64,lifetime_aggregate,796,10182.93462965332,1
nyc,8025.01,E 153 St & E 157 St,21076,10498,10578,21076,40.826677,-73.929327,2020,2025,3,12,8,12,65,lifetime_aggregate,985,4673.5623457961665,1
nyc,8029.28,Macombs Pl & W 152 St,39478,19675,19803,39478,40.826406,-73.937948,2020,2025,3,12,7,12,66,lifetime_aggregate,1007,2550.787780535995,1
nyc,8033.09,W 148 St & Amsterdam Ave,38373,19663,18710,38373,40.827075,-73.945909,2020,2025,3,12,6,12,67,lifetime_aggregate,1283,3343.4967294712433,1
nyc,8036.05,Morris Ave & E 163 St,45617,22800,22817,45617,40.827230484626284,-73.917655802101,2020,2025,3,12,12,12,61,lifetime_aggregate,1263,2768.704649582393,1
nyc,8036.09,Grant Ave & E 164 St,3533,1761,1772,3533,40.828847,-73.91769,2020,2020,1,5,8,12,5,lifetime_aggregate,1196,33852.250212284176,1
nyc,8040.03,E 167 St & Bryant Ave,8054,4091,3963,8054,40.82671111078064,-73.88871891334826,2020,2025,3,12,10,12,63,lifetime_aggregate,926,11497.392599950335,1
nyc,8041.07,E 161 St & River Ave,77995,38749,39246,77995,40.827883,-73.927111,2020,2025,3,12,9,12,64,lifetime_aggregate,1064,1364.190012180268,1
nyc,8044.09,Intervale Ave & Kelly St,8981,4477,4504,8981,40.827301,-73.896372,2020,2025,3,12,9,12,64,lifetime_aggregate,679,7560.405300077942,1
nyc,8048.01,E 167 St & Franklin Ave,15202,7654,7548,15202,40.82895,-73.90521,2020,2025,3,12,10,12,63,lifetime_aggregate,926,6091.303775818971,1
nyc,8048.04,Boston Rd & E 167 St,25365,12686,12679,25365,40.828199,-73.903719,2020,2025,3,12,10,12,63,lifetime_aggregate,854,3366.8440764833435,1
nyc,8049.05,Edgecombe Ave & W 150 St,13078,6726,6352,13078,40.826881,-73.941427,2020,2025,3,12,7,12,66,lifetime_aggregate,1429,10926.747209053372,1
nyc,8049.1,Convent Ave & W 151 St,4601,2027,2574,4601,40.82831,-73.942924,2023,2025,2,12,1,12,36,lifetime_aggregate,1149,24972.83199304499,1
nyc,8049.10,Convent Ave & W 151 St,13498,7847,5651,13498,40.82831,-73.942924,2020,2025,3,12,8,12,65,lifetime_aggregate,1149,8512.372203289375,1
nyc,8052.01,Webster Ave & E 166 St,10519,5239,5280,10519,40.828975,-73.911259,2020,2025,3,12,10,12,63,lifetime_aggregate,953,9059.796558608232,1
nyc,8052.02,E 165 St & Clay Ave,17742,8845,8897,17742,40.82809,-73.91288,2020,2025,3,12,10,12,63,lifetime_aggregate,1066,6008.341787848044,1
nyc,8054.04,Riverside Dr & W 148 St,29047,14726,14321,29047,40.829114,-73.95042599999998,2020,2025,3,12,7,12,66,lifetime_aggregate,945,3253.348022170964,1
nyc,8057.02,Grand Concourse & E 164 St,35384,17712,17672,35384,40.829608,-73.921461,2020,2025,3,12,9,12,64,lifetime_aggregate,1144,3233.099706081845,1
nyc,8060.01,Freeman St & Southern Blvd,16860,8399,8461,16860,40.830051,-73.892103,2020,2025,3,12,10,12,63,lifetime_aggregate,617,3659.549228944247,1
nyc,8061.01,Jerome Ave & Anderson Ave,10212,5100,5112,10212,40.830179,-73.928747,2020,2025,3,12,9,12,64,lifetime_aggregate,1016,9949.079514296905,1
nyc,8064.03,Union Ave & E 169 St,10716,5351,5365,10716,40.82994999999999,-73.898802,2020,2025,3,12,10,12,63,lifetime_aggregate,775,7232.1761851437095,1
nyc,8065.13,W 155 St & Frederick Douglass Blvd,22525,11289,11236,22525,40.82923,-73.936996,2020,2025,3,12,8,12,65,lifetime_aggregate,973,4319.644839067702,1
nyc,8068.01,Washington Ave & E 167 St,24281,12111,12170,24281,40.829896,-73.907618,2020,2025,3,12,10,12,63,lifetime_aggregate,1034,4258.473703718958,1
nyc,8069.01,Amsterdam Ave & W 152 St,35107,18044,17063,35107,40.829523,-73.944279,2020,2025,3,12,7,12,66,lifetime_aggregate,1050,2990.8565243398753,1
nyc,8072.06,Sherman Ave & E 166 St,29911,14992,14919,29911,40.831305442835856,-73.91744792348666,2020,2025,3,12,10,12,63,lifetime_aggregate,1005,3359.9679047841933,1
nyc,8076.01,West Farms Rd & Boone Ave,441,214,227,441,40.830025,-73.886312,2020,2020,1,3,10,12,3,lifetime_aggregate,827,187528.3446712018,1
nyc,8076.08,West Farms Rd & Boone Ave,5043,2494,2549,5043,40.83012839462071,-73.88630211347882,2023,2025,2,12,1,12,36,lifetime_aggregate,835,16557.604600436247,1
nyc,8077.07,Gerard Ave & E 164 St,12744,6424,6320,12744,40.830262,-73.923391,2020,2025,3,12,8,12,65,lifetime_aggregate,1091,8560.891399874452,1
nyc,8080.01,Freeman St & Reverend James A Polite Ave,6771,3395,3376,6771,40.830529000000006,-73.894717,2020,2025,3,12,9,12,64,lifetime_aggregate,740,10928.96174863388,1
nyc,8081.01,Jerome Ave & Ogden Ave,11023,5494,5529,11023,40.829797,-73.931015,2020,2025,3,12,9,12,64,lifetime_aggregate,1030,9344.09870271251,1
nyc,8084.03,Fulton Ave & E 168 St,14100,7168,6932,14100,40.830471,-73.904556,2020,2025,3,12,9,12,64,lifetime_aggregate,913,6475.177304964538,1
nyc,8085.05,St Nicholas Ave & W 155 St,13004,6860,6144,13004,40.830663,-73.941323,2023,2025,2,12,10,12,27,lifetime_aggregate,1033,7943.709627806829,1
nyc,8085.05,St. Nicholas Ave & W 155 St,11174,5813,5361,11174,40.830663,-73.941323,2020,2023,2,12,8,10,39,lifetime_aggregate,1033,9244.675138714874,1
nyc,8085.09,St Nicholas Ave & W 157 St,8450,4427,4023,8450,40.832314,-73.94102,2023,2025,2,12,10,12,27,lifetime_aggregate,1152,13633.136094674555,1
nyc,8085.09,St. Nicholas Ave & W 157 St,8646,4532,4114,8646,40.832314,-73.94102,2020,2023,2,12,8,10,39,lifetime_aggregate,1152,13324.080499653019,1
nyc,8085.13,Harlem River Dr & W 155 St,17081,8680,8401,17081,40.830476,-73.93992899999999,2020,2025,3,12,7,12,66,lifetime_aggregate,1052,6158.889994730988,1
nyc,8088.01,E 167 St & Clay Ave,21350,10603,10747,21350,40.83094,-73.91125,2020,2025,3,12,9,12,64,lifetime_aggregate,986,4618.266978922717,1
nyc,8089.05,Broadway & W 153 St,29413,15054,14359,29413,40.831327,-73.946665,2020,2025,3,12,7,12,66,lifetime_aggregate,1075,3654.846496447149,1
nyc,8092.06,Grand Concourse & E 166 St,35799,18233,17566,35799,40.831959999999995,-73.91956,2020,2025,3,12,10,12,63,lifetime_aggregate,1004,2804.547613061817,1
nyc,8095.06,Hoe Ave & Jennings St,10886,5502,5384,10886,40.832171,-73.889686,2020,2025,3,12,11,12,62,lifetime_aggregate,761,6990.630167187213,1
nyc,8096.02,Jerome Ave & E 164 St,14797,7315,7482,14797,40.831444,-73.926226,2020,2025,3,12,10,12,63,lifetime_aggregate,977,6602.689734405623,1
nyc,8096.03,Anderson Ave & W 164 St,15299,7696,7603,15299,40.832057,-73.927421,2020,2025,3,12,6,12,67,lifetime_aggregate,903,5902.346558598601,1
nyc,8099.04,Prospect Ave & Jennings St,9246,4711,4535,9246,40.831762,-73.896853,2020,2025,3,12,10,12,63,lifetime_aggregate,707,7646.549859398659,1
nyc,8100.01,Frederick Douglass Blvd & Harlem River Dr,16131,8024,8107,16131,40.830702,-73.936371,2020,2025,3,12,8,12,65,lifetime_aggregate,901,5585.518566734858,1
nyc,8103.05,3 Ave & E 169 St,34828,17298,17530,34828,40.832678,-73.905158,2020,2025,3,12,9,12,64,lifetime_aggregate,987,2833.926725623062,1
nyc,8104.1,Amsterdam Ave & W 156 St,2752,2580,172,2752,40.832081,-73.942386,2023,2025,2,11,1,5,29,lifetime_aggregate,1015,36882.267441860466,1
nyc,8104.10,Amsterdam Ave & W 156 St,18067,8949,9118,18067,40.832081,-73.942386,2020,2025,3,12,8,12,65,lifetime_aggregate,1015,5617.9775280898875,1
nyc,8107.1,Morris Ave & McClellan St,5490,3030,2460,5490,40.831584,-73.9149,2023,2025,2,12,1,11,35,lifetime_aggregate,1179,21475.409836065573,1
nyc,8107.10,Morris Ave & McClellan St,19889,9604,10285,19889,40.831584,-73.9149,2020,2025,3,12,9,12,64,lifetime_aggregate,1179,5927.8998441349495,1
nyc,8108.02,Riverside Dr & W 153 St,24901,12477,12424,24901,40.832164,-73.949702,2020,2025,3,12,11,12,62,lifetime_aggregate,775,3112.324806232681,1
nyc,8110.04,Boone Ave & E 172 St,16643,8330,8313,16643,40.832649,-73.885272,2020,2025,3,12,10,12,63,lifetime_aggregate,727,4368.202848044222,1
nyc,8111.04,Gerard Ave & E 165 St,10529,4699,5830,10529,40.83173,-73.922394,2020,2025,3,12,8,12,65,lifetime_aggregate,989,9393.104758286638,1
nyc,8111.07,River Ave & McClellan St,23882,11928,11954,23882,40.83406,-73.92243,2020,2025,3,12,9,12,64,lifetime_aggregate,1095,4585.043128716188,1
nyc,8114.02,Louis Nine Blvd & Intervale Ave,13987,6979,7008,13987,40.831998000000006,-73.892686,2020,2025,3,12,10,12,63,lifetime_aggregate,684,4890.255237005791,1
nyc,8115.01,Ogden Ave & W 164 St,15954,8054,7900,15954,40.832812,-73.929372,2020,2025,3,12,8,12,65,lifetime_aggregate,831,5208.725084618278,1
nyc,8118.02,Franklin Ave & E 169 St,25952,13074,12878,25952,40.831708139051806,-73.90208283455641,2020,2025,3,12,10,12,63,lifetime_aggregate,915,3525.7398273736126,1
nyc,8119.05,W 159 St & Edgecombe Ave,11895,6060,5835,11895,40.833302999999994,-73.939326,2020,2025,3,12,8,12,65,lifetime_aggregate,1032,8675.914249684742,1
nyc,8122.04,E 169 St & Webster Ave,23700,11779,11921,23700,40.834015,-73.908863,2020,2025,3,12,8,12,65,lifetime_aggregate,978,4126.5822784810125,1
nyc,8123.02,Broadway & W 155 St,16205,8244,7961,16205,40.83299,-73.94592,2020,2023,2,12,9,9,37,lifetime_aggregate,1117,6892.93427954335,1
nyc,8123.06,Broadway & W 157 St,27222,13889,13333,27222,40.83402740143528,-73.94510813442648,2023,2025,2,12,10,12,27,lifetime_aggregate,1200,4408.199250606128,1
nyc,8126.07,Grand Concourse & E 167 St,48721,25093,23628,48721,40.83426300000001,-73.917641,2020,2025,3,12,8,12,65,lifetime_aggregate,1156,2372.693499722912,1
nyc,8129.02,Southern Blvd & E 172 St,13296,6674,6622,13296,40.834123999999996,-73.88955,2020,2025,3,12,9,12,64,lifetime_aggregate,867,6520.758122743682,1
nyc,8130.02,E 165 St & Jerome Ave,12095,6098,5997,12095,40.83263,-73.925101,2020,2025,3,12,10,12,63,lifetime_aggregate,964,7970.235634559735,1
nyc,8133.08,Boston Rd & Prospect Ave,30411,15139,15272,30411,40.833246,-73.896599,2020,2025,3,12,10,12,63,lifetime_aggregate,662,2176.843905165894,1
nyc,8137.06,3 Ave & E 170 St,28348,14069,14279,28348,40.834857,-73.903743,2020,2025,3,12,9,12,64,lifetime_aggregate,926,3266.544377028362,1
nyc,8138.07,W 160 St & St Nicholas Ave,14976,7992,6984,14976,40.834468,-73.939865,2023,2025,2,12,10,12,27,lifetime_aggregate,1118,7465.277777777777,1
nyc,8138.07,W 160 St & St. Nicholas Ave,12846,6822,6024,12846,40.834468,-73.939865,2020,2023,2,12,8,10,39,lifetime_aggregate,1118,8703.098240697493,1
nyc,8141.01,Grant Ave & E 169 St,909,453,456,909,40.83579,-73.913741,2020,2020,1,3,10,12,3,lifetime_aggregate,1000,110011.00110011002,1
nyc,8141.05,College Ave & E 169 St,17549,8768,8781,17549,40.83512279904337,-73.91196817159059,2023,2025,2,12,1,12,36,lifetime_aggregate,1016,5789.5036754231005,1
nyc,8142.03,Riverside Dr E & W 155 St,9675,4878,4797,9675,40.834097985815255,-73.94834974194816,2025,2025,1,12,1,12,12,lifetime_aggregate,823,8506.459948320413,1
nyc,8144.09,E 174 St & Longfellow Ave,18713,9288,9425,18713,40.836274,-73.884308,2020,2025,3,12,10,12,63,lifetime_aggregate,1116,5963.768503179607,1
nyc,8145.03,Gerard Ave & McClellan St,15016,7535,7481,15016,40.833909,-73.92112,2020,2025,3,12,8,12,65,lifetime_aggregate,1082,7205.6473095364945,1
nyc,8149.09,Ogden Ave & W 165 St,25150,12587,12563,25150,40.834457,-73.928381,2020,2025,3,12,8,12,65,lifetime_aggregate,847,3367.7932405566603,1
nyc,8152.03,Fulton Ave & St Paul's Pl,14293,7138,7155,14293,40.83545,-73.90153,2023,2025,2,12,10,12,27,lifetime_aggregate,870,6086.895683201567,1
nyc,8152.03,Fulton Ave & St. Paul's Pl,10994,5573,5421,10994,40.83545,-73.90153,2020,2023,2,12,9,10,38,lifetime_aggregate,870,7913.407313079862,1
nyc,8153.1,W 163 St & Edgecombe Ave,1197,965,232,1197,40.835798,-73.937496,2023,2025,2,11,1,6,30,lifetime_aggregate,852,71177.94486215539,1
nyc,8153.10,W 163 St & Edgecombe Ave,8713,4185,4528,8713,40.835798,-73.937496,2020,2025,3,12,8,12,65,lifetime_aggregate,852,9778.49190864226,1
nyc,8156.01,E 170 St & Clay Ave,20162,10095,10067,20162,40.83721299999999,-73.908345,2020,2025,3,12,10,12,63,lifetime_aggregate,844,4186.092649538737,1
nyc,8156.03,E 170 St & Webster Ave,35026,17366,17660,35026,40.83617912658174,-73.90730142870603,2020,2025,3,12,11,12,62,lifetime_aggregate,936,2672.300576714441,1
nyc,8156.04,E 170 St & Webster Ave,141,64,77,141,40.836103,-73.907199,2020,2020,1,3,9,11,3,lifetime_aggregate,946,670921.9858156028,1
nyc,8156.04,E 170 St & Webster Ave_old,626,317,309,626,40.836103,-73.907199,2020,2020,1,3,9,11,3,lifetime_aggregate,946,151118.2108626198,1
nyc,8157.06,Broadway & W 160 St,40087,20109,19978,40087,40.835775,-73.9434,2020,2025,3,12,8,12,65,lifetime_aggregate,1224,3053.358944296156,1
nyc,8160.03,Sheridan Ave & E 168 St,24422,12452,11970,24422,40.835334,-73.9154,2020,2025,3,12,8,12,65,lifetime_aggregate,1151,4712.963721234953,1
nyc,8163.05,Southern Blvd & E 174 St,29485,14784,14701,29485,40.836733,-73.887931,2020,2025,3,12,12,12,61,lifetime_aggregate,1006,3411.9043581482106,1
nyc,8167.02,Wilkins Ave & Crotona Park E,21401,10685,10716,21401,40.835302,-73.895133,2020,2025,3,12,10,12,63,lifetime_aggregate,578,2700.8083734404936,1
nyc,8167.04,Charlotte St & Boston Rd,7921,3992,3929,7921,40.83587708935447,-73.89314281630531,2020,2025,3,12,10,12,63,lifetime_aggregate,569,7183.436434793587,1
nyc,8171.06,E 171 St & 3 Ave,20800,10340,10460,20800,40.837119,-73.902185,2023,2025,2,12,1,12,36,lifetime_aggregate,882,4240.384615384615,1
nyc,8172.07,Amsterdam Ave & W 162 St,26916,14383,12533,26916,40.83618,-73.939789,2020,2025,3,12,8,12,65,lifetime_aggregate,1091,4053.3511665923616,1
nyc,8175.06,College Ave & E 170 St,12132,6168,5964,12132,40.837576,-73.910489,2020,2025,3,12,9,12,64,lifetime_aggregate,830,6841.411144081768,1
nyc,8176.01,W 160 St & Riverside Dr,6798,3502,3296,6798,40.83719,-73.9466,2025,2025,1,12,1,12,12,lifetime_aggregate,1048,15416.298911444543,1
nyc,8179.03,Walton Ave & E 168 St,28985,14459,14526,28985,40.83648999999999,-73.918316,2020,2025,3,12,9,12,64,lifetime_aggregate,1223,4219.423839917198,1
nyc,8182.02,Crotona Park East & E 173 St,11805,5931,5874,11805,40.837037,-73.890413,2020,2025,3,12,10,12,63,lifetime_aggregate,700,5929.690808979246,1
nyc,8183.02,University Ave & W 168 St,9936,4967,4969,9936,40.838706,-73.927034,2020,2025,3,12,10,12,63,lifetime_aggregate,1084,10909.822866344606,1
nyc,8183.08,Nelson Ave & 167 St,20660,10378,10282,20660,40.83670566882543,-73.9260886611574,2023,2025,2,12,1,12,36,lifetime_aggregate,987,4777.347531461762,1
nyc,8186.01,Fulton Ave & E 172 St,19066,9544,9522,19066,40.839229,-73.899047,2020,2025,3,12,11,12,62,lifetime_aggregate,616,3230.8821986782755,1
nyc,8187.04,Edgecombe Ave & W 167 St,16250,8503,7747,16250,40.838191,-73.936085,2020,2025,3,12,8,12,65,lifetime_aggregate,805,4953.846153846154,1
nyc,8190.03,E 171 St & Webster Ave,18662,9322,9340,18662,40.838379,-73.905838,2020,2025,3,12,10,12,63,lifetime_aggregate,835,4474.3328689315185,1
nyc,8191.01,Broadway & W 165 St,28058,14860,13198,28058,40.839137,-73.941409,2020,2025,3,12,8,12,65,lifetime_aggregate,1339,4772.25746667617,1
nyc,8194.06,Grand Concourse & E 171 St,22122,11268,10854,22122,40.83954899999999,-73.913004,2020,2025,3,12,8,12,65,lifetime_aggregate,1188,5370.219690805533,1
nyc,8194.07,E 170 St & Sheridan Ave,26406,13375,13031,26406,40.838315,-73.912604,2023,2025,2,12,1,12,36,lifetime_aggregate,947,3586.306142543361,1
nyc,8196.02,Southern Blvd & E 175 St,18129,9008,9121,18129,40.839335,-73.886445,2020,2025,3,12,10,12,63,lifetime_aggregate,1243,6856.4178939820185,1
nyc,8198.05,Shakespeare Ave & W 169 St,29983,15021,14962,29983,40.839312,-73.922423,2020,2025,3,12,8,12,65,lifetime_aggregate,1177,3925.557816095788,1
nyc,82,St James Pl & Pearl St,28117,13951,14166,28117,40.71117416,-74.00016545,2019,2019,1,12,1,12,12,lifetime_aggregate,1006,3577.9066045452932,1
nyc,8205.05,3 Ave & E 172 St,19988,9946,10042,19988,40.839586,-73.900277,2020,2025,3,12,9,12,64,lifetime_aggregate,828,4142.485491294777,1
nyc,8206.05,W 167 St & St. Nicholas Ave,9,3,6,9,40.840124,-73.93949,2020,2020,1,1,12,12,1,lifetime_aggregate,1196,13288888.888888888,1
nyc,8206.17,Amsterdam Ave & W 167 St,24582,12622,11960,24582,40.839443,-73.937044,2020,2025,3,12,8,12,65,lifetime_aggregate,931,3787.3240582540066,1
nyc,8209.01,Morris Ave & E 171 St,9861,4936,4925,9861,40.83899,-73.9109,2020,2025,3,12,9,12,64,lifetime_aggregate,957,9704.898083358687,1
nyc,8210.01,W 163 St & Riverside Dr,14478,7267,7211,14478,40.839278,-73.945446,2020,2025,3,12,8,12,65,lifetime_aggregate,1040,7183.31261223926,1
nyc,8212.01,Boston Rd & West Farms Rd,12436,6200,6236,12436,40.83998,-73.8806,2023,2025,2,12,10,12,27,lifetime_aggregate,1099,8837.246703119974,1
nyc,8213.01,Plaza Dr & W 170 St,51540,25657,25883,51540,40.840484,-73.917946,2020,2025,3,12,10,12,63,lifetime_aggregate,1192,2312.766783081102,1
nyc,8216.02,Waterloo Pl & Crotona Park East,9748,4953,4795,9748,40.839194,-73.888587,2020,2025,3,12,10,12,63,lifetime_aggregate,1051,10781.69881001231,1
nyc,8218.04,Ogden Ave & Merriam Ave,16247,8166,8081,16247,40.839142,-73.925961,2020,2025,3,12,9,12,64,lifetime_aggregate,1093,6727.395826921894,1
nyc,8225.05,Clay Ave & Claremont Pkwy,14209,7052,7157,14209,40.83999,-73.90549,2020,2025,3,12,9,12,64,lifetime_aggregate,885,6228.446759096348,1
nyc,8226.05,W 165 St & Fort Washington Ave,25325,13072,12253,25325,40.84004,-73.942939,2020,2025,3,12,8,12,65,lifetime_aggregate,1230,4856.8608094768015,1
nyc,8226.06,Broadway & W 168 St,34568,18366,16202,34568,40.84089603192116,-73.93972098827702,2023,2025,2,12,1,12,36,lifetime_aggregate,1282,3708.632261050683,1
nyc,8226.07,W 168 St & Fort Washington Ave,23993,12396,11597,23993,40.84210236102173,-73.9422395825386,2025,2025,1,12,1,12,12,lifetime_aggregate,1175,4897.261701329554,1
nyc,8226.07,W 168 St & Ft Washington Ave,6406,3432,2974,6406,40.84210236102173,-73.9422395825386,2023,2025,2,4,10,1,16,lifetime_aggregate,1175,18342.179206993445,1
nyc,8226.07,W 168th S & Fort Washington Ave,18670,10001,8669,18670,40.842102360760734,-73.9422395828404,2023,2023,1,10,1,10,10,lifetime_aggregate,1175,6293.519014461703,1
nyc,8229.04,Sheridan Ave & E 172 St,16250,8179,8071,16250,40.840494,-73.911479,2020,2025,3,12,10,12,63,lifetime_aggregate,1039,6393.846153846154,1
nyc,8233.01,Inwood Ave & W 170 St,8509,4276,4233,8509,40.840536,-73.919228,2020,2025,3,12,8,12,65,lifetime_aggregate,1199,14090.96251028323,1
nyc,8236.01,Crotona Park North & Prospect Ave,12988,6470,6518,12988,40.84109200000001,-73.892317,2020,2025,3,12,10,12,63,lifetime_aggregate,736,5666.76932553126,1
nyc,8241.07,3 Ave & E 174 St,13165,6580,6585,13165,40.84224,-73.8985,2020,2025,3,12,9,12,64,lifetime_aggregate,1272,9661.982529434106,1
nyc,8241.07,3 Ave & E 174 St - Bathgate Vaccination Site,1096,534,562,1096,40.84224,-73.8985,2020,2020,1,4,9,12,4,lifetime_aggregate,1272,116058.39416058395,1
nyc,8242.04,Amsterdam Ave & W 172 St,23084,12117,10967,23084,40.842173,-73.93511099999999,2020,2025,3,12,8,12,65,lifetime_aggregate,895,3877.144342401664,1
nyc,8245.03,Mount Eden Pkwy & Eastburn Ave,9446,4688,4758,9446,40.842675,-73.908544,2020,2025,3,12,10,12,63,lifetime_aggregate,1432,15159.85602371374,1
nyc,8248.05,Boston Rd & E 178 St,14486,7239,7247,14486,40.84096,-73.87923,2023,2025,2,12,10,12,27,lifetime_aggregate,1053,7269.087394725942,1
nyc,8249.1,Walton Ave & E 171 St,5878,5371,507,5878,40.840683,-73.915073,2023,2025,2,11,1,8,32,lifetime_aggregate,1408,23953.725757060223,1
nyc,8249.10,Walton Ave & E 171 St,29316,12171,17145,29316,40.840683,-73.915073,2020,2025,3,12,10,12,63,lifetime_aggregate,1408,4802.83804066039,1
nyc,8252.03,Crotona Pkwy & Elsmere Pl,6254,3156,3098,6254,40.84188,-73.8855,2023,2025,2,12,11,12,26,lifetime_aggregate,1197,19139.75055964183,1
nyc,8254.01,W 170 St & University Ave,20910,10672,10238,20910,40.84207,-73.926075,2020,2025,3,12,8,12,65,lifetime_aggregate,1353,6470.588235294118,1
nyc,8257.03,Crotona Ave & Crotona Park N,6320,3150,3170,6320,40.84234,-73.89409,2023,2025,2,12,11,12,26,lifetime_aggregate,1160,18354.430379746835,1
nyc,8262.07,W 171 St & St Nicholas Ave,20468,10913,9555,20468,40.842941,-73.938631,2023,2025,2,12,10,12,27,lifetime_aggregate,1163,5682.04025796365,1
nyc,8262.07,W 171 St & St. Nicholas Ave,12917,6996,5921,12917,40.842941,-73.938631,2020,2023,2,12,8,10,39,lifetime_aggregate,1163,9003.638615777658,1
nyc,8265.09,Grand Concourse & E Mount Eden Ave,15332,7659,7673,15332,40.84301,-73.91172,2023,2025,2,12,10,12,27,lifetime_aggregate,1939,12646.751891468824,1
nyc,8265.09,Grand Concourse & East Mount Eden Ave,14226,7078,7148,14226,40.84301,-73.91171999999999,2020,2023,2,12,9,10,38,lifetime_aggregate,1939,13629.973288345285,1
nyc,8268.08,E 179 St & Daly Ave,4899,2478,2421,4899,40.84335,-73.88247,2023,2025,2,12,11,12,26,lifetime_aggregate,1046,21351.296182894468,1
nyc,8269.01,Goble Pl & Macombs Rd,21020,10382,10638,21020,40.84407499999999,-73.917256,2020,2025,3,12,9,12,64,lifetime_aggregate,1939,9224.548049476689,1
nyc,8272.01,Clinton Ave & E Tremont Ave,592,304,288,592,40.845,-73.88994,2023,2023,1,3,10,12,3,lifetime_aggregate,1145,193412.16216216216,1
nyc,8272.05,Fairmount Pl & Prospect Ave,2965,1500,1465,2965,40.843099,-73.889927,2025,2025,1,12,1,12,12,lifetime_aggregate,1071,36121.41652613828,1
nyc,8272.08,E 176 St & Clinton Ave,4412,2226,2186,4412,40.84311,-73.89149,2023,2025,2,12,10,12,27,lifetime_aggregate,1027,23277.42520398912,1
nyc,8277.03,Washington Ave & E 174 St,5322,2609,2713,5322,40.843079,-73.900216,2020,2025,3,12,10,12,63,lifetime_aggregate,1557,29255.918827508453,1
nyc,8278.05,Amsterdam Ave & W 175 St,20765,10637,10128,20765,40.844044,-73.933651,2020,2025,3,12,8,12,65,lifetime_aggregate,1256,6048.639537683602,1
nyc,8281.06,Clay Ave & E 173 St,13759,6894,6865,13759,40.843264,-73.904867,2020,2025,3,12,9,12,64,lifetime_aggregate,1376,10000.726797005596,1
nyc,8282.13,W 169 St & Fort Washington Ave,44332,23795,20537,44332,40.842842003960754,-73.94212500594114,2020,2020,1,9,4,12,9,lifetime_aggregate,1148,2589.5515654606156,1
nyc,8284.01,Bronx Park S & Bryant Ave,4682,2325,2357,4682,40.84437,-73.87796,2023,2025,2,12,12,12,25,lifetime_aggregate,432,9226.82614267407,1
nyc,8285.09,E 174 St & Walton Ave,10300,5209,5091,10300,40.844811,-73.912042,2020,2025,3,12,11,12,62,lifetime_aggregate,2051,19912.6213592233,1
nyc,8285.11,Featherbed Ln & Jerome Ave,8707,4291,4416,8707,40.845505,-73.914311,2023,2025,2,12,1,12,36,lifetime_aggregate,2047,23509.81968531067,1
nyc,8288.11,E 179 St & Southern Blvd,7361,3702,3659,7361,40.84467,-73.88507,2025,2025,1,12,1,12,12,lifetime_aggregate,1048,14237.19603314767,1
nyc,8290.01,Nelson Ave & W 172 St,27235,13765,13470,27235,40.843965,-73.920999,2020,2025,3,12,8,12,65,lifetime_aggregate,1550,5691.206168533137,1
nyc,8293.12,Arthur Ave & E Tremont Ave,18123,9027,9096,18123,40.84616,-73.89322,2023,2025,2,12,11,12,26,lifetime_aggregate,1435,7918.1151023561215,1
nyc,8299.03,Wadsworth Ave & W 175 St,31775,16365,15410,31775,40.846052,-73.937648,2020,2025,3,12,8,12,65,lifetime_aggregate,1570,4940.991345397325,1
nyc,83,Atlantic Ave & Fort Greene Pl,36998,17483,19515,36998,40.68382604,-73.97632328,2019,2019,1,12,1,12,12,lifetime_aggregate,1965,5311.097897183631,1
nyc,8303.06,Grand Concourse & E 175 St,12806,6444,6362,12806,40.84627592924188,-73.90931278473975,2023,2025,2,12,1,12,36,lifetime_aggregate,2108,16461.03389036389,1
nyc,8306.03,Vyse Ave & E 181 St,4014,2011,2003,4014,40.84463,-73.87988,2023,2025,2,12,10,12,27,lifetime_aggregate,581,14474.339810662681,1
nyc,8307.05,Macombs Rd & Featherbed Ln,10623,5334,5289,10623,40.84552,-73.91722,2023,2025,2,12,1,12,36,lifetime_aggregate,1807,17010.26075496564,1
nyc,8315.03,3 Ave & E Tremont Ave,12673,6332,6341,12673,40.84649,-73.89616,2023,2025,2,12,11,12,26,lifetime_aggregate,1617,12759.40976879981,1
nyc,8316.02,Audobon Ave & W 179 St,8905,4677,4228,8905,40.847305,-73.933291,2020,2023,2,12,8,10,39,lifetime_aggregate,1826,20505.334081976416,1
nyc,8316.02,Audubon Ave & W 179 St,10909,5639,5270,10909,40.847305,-73.933291,2023,2025,2,12,10,12,27,lifetime_aggregate,1826,16738.47282060684,1
nyc,8319.01,Anthony Ave & E 175 St,12577,6371,6206,12577,40.846465,-73.903869,2023,2025,2,12,1,12,36,lifetime_aggregate,1779,14144.86761548859,1
nyc,8320.01,Fort Washington Ave & W 173 St,30551,15819,14732,30551,40.84522,-73.940493,2020,2025,3,12,8,12,65,lifetime_aggregate,1166,3816.5690157441654,1
nyc,8323.05,Townsend Ave & E 175 St,9698,4825,4873,9698,40.84741,-73.911359,2020,2025,3,12,7,12,66,lifetime_aggregate,2058,21220.87028253248,1
nyc,8325.08,Southern Blvd & E 180 St,7254,3623,3631,7254,40.84605,-73.88426,2023,2025,2,12,10,12,27,lifetime_aggregate,857,11814.171491590847,1
nyc,8325.12,Crotona Pkwy & Bronx Park S,5802,2904,2898,5802,40.84784,-73.883,2023,2025,2,12,10,12,27,lifetime_aggregate,634,10927.266459841434,1
nyc,8327.15,Featherbed Ln & Nelson Ave,12744,6451,6293,12744,40.846011,-73.919637,2023,2025,2,12,1,12,36,lifetime_aggregate,1637,12845.26051475204,1
nyc,8330.05,Crotona Ave & E 179 St,8117,4043,4074,8117,40.84666,-73.88991,2023,2025,2,12,10,12,27,lifetime_aggregate,989,12184.304546014539,1
nyc,8335.02,Park Ave & E Tremont Ave,8509,4246,4263,8509,40.84731,-73.89981,2023,2025,2,12,12,12,25,lifetime_aggregate,1787,21001.292748854157,1
nyc,8336.02,Wadsworth Ave & W 179 St,52398,27341,25057,52398,40.848467,-73.936064,2020,2025,3,12,8,12,65,lifetime_aggregate,1898,3622.2756593763124,1
nyc,8340.01,Grand Concourse & E 176 St,7854,3958,3896,7854,40.84761,-73.90745,2025,2025,1,12,1,12,12,lifetime_aggregate,1701,21657.75401069519,1
nyc,8340.05,Weeks Ave & E 175 St,2828,1424,1404,2828,40.846879,-73.907342,2023,2023,1,7,1,7,7,lifetime_aggregate,1874,66265.91230551626,1
nyc,8344.04,Macombs Rd & W 175 St,11949,6129,5820,11949,40.848177,-73.916082,2023,2025,2,12,1,12,36,lifetime_aggregate,1651,13817.055820570758,1
nyc,8344.09,University Ave & Macombs Rd,14465,7567,6898,14465,40.8496401,-73.9161206,2023,2025,2,12,1,12,36,lifetime_aggregate,1054,7286.553750432077,1
nyc,8346.06,E 180 St & Prospect Ave,6573,3288,3285,6573,40.84696,-73.88663,2023,2025,2,12,10,12,27,lifetime_aggregate,939,14285.714285714284,1
nyc,8348.02,Popham Ave & W 174 St,19433,9808,9625,19433,40.847746,-73.922079,2023,2025,2,12,1,12,36,lifetime_aggregate,1114,5732.516852776205,1
nyc,8351.06,E 178 St & Monterey Ave,4491,2294,2197,4491,40.84749,-73.89464,2023,2025,2,12,11,12,26,lifetime_aggregate,1464,32598.53039412158,1
nyc,8353.02,Amsterdam Ave & W 180 St,12348,6557,5791,12348,40.847395999999996,-73.931205,2020,2025,3,12,8,12,65,lifetime_aggregate,1740,14091.350826044705,1
nyc,8353.09,Amsterdam Ave & W 183 St,16709,8552,8157,16709,40.84925,-73.93022,2020,2025,3,12,8,12,65,lifetime_aggregate,1551,9282.422646477946,1
nyc,8356.02,E Tremont Ave & E 176 St,17980,8937,9043,17980,40.847798,-73.901883,2023,2025,2,12,1,12,36,lifetime_aggregate,1675,9315.90656284761,1
nyc,8356.04,Anthony Ave & E Tremont Ave,21405,10717,10688,21405,40.848793,-73.903178,2023,2025,2,12,1,12,36,lifetime_aggregate,1652,7717.822938565756,1
nyc,8358.03,W 180 St & Fort Washington Ave,19235,9907,9328,19235,40.849972,-73.938423,2025,2025,1,12,1,12,12,lifetime_aggregate,1214,6311.411489472315,1
nyc,8358.03,W 180 St & Ft Washington Ave,26708,13493,13215,26708,40.849972,-73.938423,2020,2025,3,12,8,1,54,lifetime_aggregate,1214,4545.454545454546,1
nyc,8358.1,Cabrini Blvd & W 177 St,1318,1260,58,1318,40.848282,-73.941343,2023,2025,2,11,1,5,29,lifetime_aggregate,959,72761.76024279211,1
nyc,8358.10,Cabrini Blvd & W 177 St,11447,5623,5824,11447,40.848282,-73.941343,2020,2025,3,12,8,12,65,lifetime_aggregate,959,8377.740892810343,1
nyc,8362.02,Walton Ave & E 176 St,14404,7243,7161,14404,40.84833,-73.90971,2023,2025,2,12,3,12,34,lifetime_aggregate,1637,11364.89863926687,1
nyc,8362.09,Jerome Ave & W 177 St,7030,3520,3510,7030,40.850121,-73.910765,2023,2025,2,12,1,12,36,lifetime_aggregate,1274,18122.332859174963,1
nyc,8366.06,W 176 St & Montgomery Ave,13052,6606,6446,13052,40.849629,-73.919205,2023,2025,2,12,1,12,36,lifetime_aggregate,890,6818.878332822556,1
nyc,8366.07,University Ave & Brandt Pl,10649,5520,5129,10649,40.848354,-73.918389,2023,2025,2,12,1,12,36,lifetime_aggregate,1404,13184.336557423232,1
nyc,8369.08,Hughes Ave & Oak Tree Pl,4557,2284,2273,4557,40.85079,-73.88945,2023,2025,2,12,10,12,27,lifetime_aggregate,707,15514.592933947773,1
nyc,8374.02,Park Ave & E 179 St,5190,2597,2593,5190,40.85014,-73.89818,2023,2025,2,12,12,12,25,lifetime_aggregate,1289,24836.223506743736,1
nyc,8379.06,Echo Pl & Grand Concourse,17296,8736,8560,17296,40.849955,-73.905943,2025,2025,1,12,1,12,12,lifetime_aggregate,1523,8805.50416281221,1
nyc,8379.07,Creston Ave & E 178 St,7750,3978,3772,7750,40.850885,-73.906469,2023,2023,1,12,1,12,12,lifetime_aggregate,1394,17987.09677419355,1
nyc,8381.04,W 181 St & Riverside Dr,32315,16103,16212,32315,40.85168,-73.94186,2020,2025,3,12,9,12,64,lifetime_aggregate,460,1423.4875444839856,1
nyc,8384.03,W Tremont Ave & Grand Ave,9538,4835,4703,9538,40.850036,-73.912785,2023,2025,2,12,1,12,36,lifetime_aggregate,1076,11281.191025372194,1
nyc,8384.04,University Ave & Morton Pl,3805,1961,1844,3805,40.85118155499655,-73.91465058978447,2025,2025,1,12,1,12,12,lifetime_aggregate,1087,28567.6741130092,1
nyc,8387.03,Crotona Ave & E 183 St,6958,3482,3476,6958,40.85157,-73.88475,2023,2025,2,12,10,12,27,lifetime_aggregate,710,10204.081632653062,1
nyc,8392.02,E 180 St & Monterey Ave,7291,3650,3641,7291,40.85025,-73.89301,2023,2025,2,12,10,12,27,lifetime_aggregate,949,13016.047181456592,1
nyc,8394.15,Amsterdam Ave & W 186 St,10400,5385,5015,10400,40.851113,-73.928808,2023,2025,2,12,1,12,36,lifetime_aggregate,935,8990.384615384615,1
nyc,8397.02,E Burnside Ave & Ryer Ave,29028,14477,14551,29028,40.850535,-73.901318,2023,2025,2,12,1,12,36,lifetime_aggregate,1440,4960.727573377429,1
nyc,8399.06,Fort Washington Ave & W 183 St,32034,17257,14777,32034,40.852252,-73.937854,2020,2025,3,12,8,12,65,lifetime_aggregate,1007,3143.534994068802,1
nyc,8403.02,E Tremont Ave & Jerome Ave,9299,4615,4684,9299,40.851747,-73.908964,2023,2025,2,12,1,12,36,lifetime_aggregate,1206,12969.136466286698,1
nyc,8407.03,W Tremont Ave & Montgomery Ave,10214,5112,5102,10214,40.851788,-73.916418,2023,2025,2,12,1,12,36,lifetime_aggregate,1004,9829.645584491873,1
nyc,8410.1,E 182 St & Belmont Ave,1282,73,1209,1282,40.85089,-73.88793,2023,2025,2,12,12,12,25,lifetime_aggregate,815,63572.542901716064,1
nyc,8410.10,E 182 St & Belmont Ave,4103,2591,1512,4103,40.85089,-73.88793,2023,2025,2,12,11,12,26,lifetime_aggregate,815,19863.514501584206,1
nyc,8415.01,E 181 St & Bathgate Ave,5806,2900,2906,5806,40.85197999999999,-73.89438,2023,2025,2,12,11,12,26,lifetime_aggregate,863,14863.933861522562,1
nyc,8416.07,Broadway & W 185 St,25686,12856,12830,25686,40.852538,-73.93441,2023,2025,2,12,1,12,36,lifetime_aggregate,1101,4286.381686521841,1
nyc,8416.1,W 186 St & St Nicholas Ave,1884,158,1726,1884,40.852253,-73.93130800000002,2023,2025,2,12,10,11,26,lifetime_aggregate,1219,64702.76008492569,1
nyc,8416.1,W 186 St & St. Nicholas Ave,2310,1582,728,2310,40.852253,-73.931308,2023,2023,1,10,1,10,10,lifetime_aggregate,1219,52770.56277056277,1
nyc,8416.10,W 186 St & St Nicholas Ave,7998,5132,2866,7998,40.852253,-73.931308,2023,2025,2,12,10,12,27,lifetime_aggregate,1219,15241.310327581894,1
nyc,8416.10,W 186 St & St. Nicholas Ave,3399,1480,1919,3399,40.852253,-73.931308,2023,2023,1,10,1,10,10,lifetime_aggregate,1219,35863.48926154752,1
nyc,8425.01,W Burnside Ave & University Ave,7818,3945,3873,7818,40.853686,-73.912498,2023,2023,1,12,1,12,12,lifetime_aggregate,1025,13110.770017907395,1
nyc,8427.05,Southern Blvd & E 187 St,6940,3455,3485,6940,40.8535,-73.88177,2023,2025,2,12,11,12,26,lifetime_aggregate,589,8487.031700288186,1
nyc,8428.04,W Tremont Ave & Matthewson Rd,12137,6038,6099,12137,40.853827,-73.920765,2023,2025,2,12,1,12,36,lifetime_aggregate,641,5281.371014253934,1
nyc,8428.05,Sedgwick Ave & W Tremont Ave,14345,7150,7195,14345,40.85304455868985,-73.91830623149872,2023,2025,2,12,1,12,36,lifetime_aggregate,865,6029.975601254792,1
nyc,8430.03,Arthur Ave & E 183 St,6977,3513,3464,6977,40.85307,-73.88953,2023,2025,2,12,10,12,27,lifetime_aggregate,857,12283.216282069658,1
nyc,8432.11,Amsterdam Ave & W 189 St,11076,5613,5463,11076,40.853187588898805,-73.92715752157262,2023,2025,2,12,1,12,36,lifetime_aggregate,546,4929.577464788732,1
nyc,8435.04,Valentine Ave & E 181 St,13698,6834,6864,13698,40.85412386913068,-73.89932222661814,2023,2025,2,12,1,12,36,lifetime_aggregate,1143,8344.283837056504,1
nyc,8441.01,Morris Ave & E Burnside Ave,15170,7594,7576,15170,40.85322,-73.90546,2023,2025,2,12,1,12,36,lifetime_aggregate,1294,8529.993408042188,1
nyc,8441.05,Davidson Ave & W Burnside Ave,15200,7590,7610,15200,40.853646,-73.908731,2023,2025,2,12,1,12,36,lifetime_aggregate,1099,7230.263157894737,1
nyc,8447.07,Crescent Ave & Belmont Ave,6766,3372,3394,6766,40.85391,-73.8866,2023,2025,2,12,12,12,25,lifetime_aggregate,904,13360.922258350578,1
nyc,8451.07,E 182 St & Park Ave,2898,1447,1451,2898,40.85455,-73.89507,2023,2025,2,12,10,12,27,lifetime_aggregate,962,33195.307108350586,1
nyc,8453.14,W 190 St & St Nicholas Ave,9163,4826,4337,9163,40.854788,-73.929513,2023,2025,2,11,10,12,27,lifetime_aggregate,773,8436.101713412638,1
nyc,8453.14,W 190 St & St. Nicholas Ave,6877,3676,3201,6877,40.854788,-73.929513,2023,2023,1,10,1,10,10,lifetime_aggregate,773,11240.366438854151,1
nyc,8456.02,Creston Ave & E 181 St,5989,3053,2936,5989,40.8549,-73.90281,2023,2023,1,12,1,12,12,lifetime_aggregate,1354,22608.114877275006,1
nyc,8456.05,Grand Concourse & E 181 St,7259,3634,3625,7259,40.85466,-73.9015,2025,2025,1,12,1,12,12,lifetime_aggregate,1260,17357.762777242046,1
nyc,8458.03,Pinehurst Ave & W 187 St,21481,10996,10485,21481,40.855331,-73.937878,2023,2025,2,12,1,12,36,lifetime_aggregate,475,2211.2564591964992,1
nyc,8462.09,University Ave & W Burnside Ave,15319,7738,7581,15319,40.85501,-73.910751,2023,2025,2,12,1,12,36,lifetime_aggregate,831,5424.636072850708,1
nyc,8465.01,Sedgwick Ave & W Burnside Ave,7427,3725,3702,7427,40.854947,-73.916661,2023,2025,2,12,1,12,36,lifetime_aggregate,766,10313.720210044434,1
nyc,8467.03,E 184 St & 3 Ave,9718,4855,4863,9718,40.85472,-73.89022,2023,2025,2,12,11,12,26,lifetime_aggregate,915,9415.517596213213,1
nyc,8469.05,Audubon Ave & W 192 St,9711,4964,4747,9711,40.85589030603889,-73.92708241939545,2023,2025,2,12,1,12,36,lifetime_aggregate,625,6436.000411904026,1
nyc,8472.06,Valentine Ave & E 183 St,8770,4415,4355,8770,40.856987,-73.898237,2023,2025,2,12,1,12,36,lifetime_aggregate,1221,13922.462941847205,1
nyc,8472.08,Webster Ave & Ford St,11492,5781,5711,11492,40.85556,-73.89615,2023,2025,2,12,1,12,36,lifetime_aggregate,1222,10633.484162895928,1
nyc,8474.02,W 190 St & Broadway,15035,7473,7562,15035,40.85648733511748,-73.93296986822965,2023,2025,2,12,1,12,36,lifetime_aggregate,726,4828.732956434985,1
nyc,8478.11,Jerome Ave & E 181 St,6746,3350,3396,6746,40.855653,-73.905528,2023,2025,2,12,1,12,36,lifetime_aggregate,1337,19819.152090127485,1
nyc,8483.02,Andrews Ave S & W 179 St,8786,4424,4362,8786,40.855156,-73.91278,2023,2025,2,12,1,12,36,lifetime_aggregate,965,10983.382654222627,1
nyc,8485.01,E 188 St & Hughes Ave,6769,3359,3410,6769,40.8561,-73.88625,2023,2025,2,12,12,12,25,lifetime_aggregate,1088,16073.275225291773,1
nyc,8489.06,E 187 St & 3 Ave,4211,2097,2114,4211,40.85724,-73.8909,2023,2025,2,12,11,12,26,lifetime_aggregate,1236,29351.69793398243,1
nyc,8491.07,Audubon Ave & Fort George Ave,6740,3494,3246,6740,40.85715781400424,-73.92717361467847,2023,2025,2,12,1,12,36,lifetime_aggregate,669,9925.816023738871,1
nyc,8494.01,E 182 St & Morris Ave,15528,7751,7777,15528,40.85670801831152,-73.90265285969568,2023,2025,2,12,1,12,36,lifetime_aggregate,1328,8552.292632663575,1
nyc,8494.06,Ryer Ave & E 182 St,4625,2391,2234,4625,40.8558,-73.89956,2023,2023,1,12,1,12,12,lifetime_aggregate,1232,26637.837837837837,1
nyc,8494.07,E 182 St & Grand Concourse,6293,3195,3098,6293,40.85591,-73.90051,2025,2025,1,12,1,12,12,lifetime_aggregate,1375,21849.674241220404,1
nyc,8496.01,Fort Washington Ave & W 190 St,7868,3965,3903,7868,40.856906,-73.935662,2023,2025,2,12,10,12,27,lifetime_aggregate,463,5884.595831215048,1
nyc,8496.01,Ft. Washington Ave & W 190 St,4553,2336,2217,4553,40.856906,-73.935662,2023,2023,1,10,1,10,10,lifetime_aggregate,463,10169.119262025039,1
nyc,8500.01,Grand Ave & W 181 St,13733,6871,6862,13733,40.856302,-73.907302,2023,2025,2,12,1,12,36,lifetime_aggregate,1111,8090.002184519042,1
nyc,8502.04,Crotona Ave & E Fordham Rd,8223,4075,4148,8223,40.857899999999994,-73.88147,2023,2025,2,12,11,12,26,lifetime_aggregate,562,6834.48862945397,1
nyc,8505.08,E 189 St & Bathgate Ave,5210,2582,2628,5210,40.85859,-73.88821,2023,2025,2,12,11,12,26,lifetime_aggregate,1088,20882.91746641075,1
nyc,8507.02,Dyckman St & 10 Ave,5848,2878,2970,5848,40.8589044743778,-73.92309397464409,2023,2025,2,12,1,12,36,lifetime_aggregate,552,9439.124487004105,1
nyc,8510.02,Tiebout Ave & E 184 St,16924,8449,8475,16924,40.858498,-73.89637,2023,2025,2,12,1,12,36,lifetime_aggregate,1494,8827.700307255967,1
nyc,8511.08,Broadway & W 192 St,17845,8879,8966,17845,40.857994,-73.932173,2023,2025,2,12,1,12,36,lifetime_aggregate,632,3541.6082936396747,1
nyc,8514.05,Walton Ave & E 183 St,10636,5399,5237,10636,40.858472,-73.90266,2023,2025,2,12,1,12,36,lifetime_aggregate,1542,14497.931553215496,1
nyc,8520.01,Andrew Ave N & Hall of Fame Tce,9318,4739,4579,9318,40.85834,-73.91008,2023,2025,2,12,1,12,36,lifetime_aggregate,1406,15089.074908778708,1
nyc,8526.03,3 Ave & E 189 St,11812,5857,5955,11812,40.85985,-73.89135,2023,2025,2,12,11,12,26,lifetime_aggregate,1318,11158.1442600745,1
nyc,8528.05,Nagle Ave & Ellwood St,15570,7716,7854,15570,40.86012,-73.928489,2023,2025,2,12,1,12,36,lifetime_aggregate,697,4476.557482337829,1
nyc,8531.05,Grand Concourse & E 184 St,8437,4287,4150,8437,40.85941,-73.8985,2025,2025,1,12,1,12,12,lifetime_aggregate,1694,20078.226857887872,1
nyc,8532.03,Margaret Corbin Plz & Ft Washington Ave,16470,8428,8042,16470,40.859166,-73.933872,2023,2025,2,12,1,12,36,lifetime_aggregate,391,2374.013357619915,1
nyc,8535.01,Buchanan Pl & Grand Ave,11670,5849,5821,11670,40.85834,-73.90626,2023,2025,2,12,1,12,36,lifetime_aggregate,970,8311.91088260497,1
nyc,8535.09,Aqueduct Ave & North St,6310,3172,3138,6310,40.8604787,-73.9057169936,2023,2025,2,12,1,12,36,lifetime_aggregate,1430,22662.44057052298,1
nyc,8539.02,Sedgwick Ave & Hall of Fame Tce,692,355,337,692,40.859532,-73.913303,2023,2023,1,10,1,10,10,lifetime_aggregate,1051,151878.612716763,1
nyc,8539.02,Sedgwick Ave & Hall of Fame Terrace,1097,581,516,1097,40.859531999999994,-73.913303,2023,2025,2,12,10,12,27,lifetime_aggregate,1051,95806.74567000911,1
nyc,8541.04,E 191 St & Bathgate Ave,5516,2739,2777,5516,40.8601,-73.8866,2023,2025,2,12,12,12,25,lifetime_aggregate,893,16189.267585206671,1
nyc,8543.01,10 Ave & W 202 St,5327,2578,2749,5327,40.86128197081825,-73.92141759488963,2023,2025,2,12,1,12,36,lifetime_aggregate,1034,19410.55002815844,1
nyc,8546.06,Tiebout Ave & E Fordham Rd,17135,8546,8589,17135,40.861914999999996,-73.894831,2023,2025,2,12,10,12,27,lifetime_aggregate,1655,9658.593522030931,1
nyc,8546.06,Tiebout Ave & E Fordham Road,8987,4263,4724,8987,40.861915,-73.894831,2023,2023,1,10,1,10,10,lifetime_aggregate,1655,18415.489039724045,1
nyc,8547.04,Broadway & Ellwood St,13020,6463,6557,13020,40.862058,-73.929719,2023,2025,2,12,1,12,36,lifetime_aggregate,747,5737.327188940092,1
nyc,8550.01,Jerome Ave & W 184 St,6188,3115,3073,6188,40.860814,-73.902541,2023,2025,2,12,1,12,36,lifetime_aggregate,1765,28522.9476405947,1
nyc,8550.04,Morris Ave & E 184 St,4735,2389,2346,4735,40.86008,-73.90079,2023,2023,1,12,1,12,12,lifetime_aggregate,1789,37782.47096092925,1
nyc,8555.05,Loring Pl North & W 183 St,10060,5141,4919,10060,40.8604244,-73.9093359997,2023,2025,2,12,1,12,36,lifetime_aggregate,1466,14572.564612326045,1
nyc,8558.01,Southern Blvd & Xavier Way,2997,1584,1413,2997,40.86149,-73.88103,2023,2025,2,12,11,12,26,lifetime_aggregate,248,8274.941608274941,1
nyc,8559.04,9 Ave & W 204 St,1729,789,940,1729,40.86169883507865,-73.91855701804161,2023,2025,2,12,1,12,36,lifetime_aggregate,1454,84094.85251590515,1
nyc,8563.06,Nagle Ave & Thayer St,19798,9829,9969,19798,40.861382,-73.925591,2023,2025,2,12,1,12,36,lifetime_aggregate,864,4364.077179513082,1
nyc,8566.05,E 188 St & Creston Ave,28141,14140,14001,28141,40.861669,-73.898589,2023,2025,2,12,1,12,36,lifetime_aggregate,1712,6083.650190114068,1
nyc,8571.02,Grand Ave & W Fordham Rd,9229,4798,4431,9229,40.86288,-73.90316,2023,2025,2,12,1,12,36,lifetime_aggregate,1542,16708.20240546105,1
nyc,8575.02,Cedar Ave & W Fordham Rd,6729,3369,3360,6729,40.86156,-73.91219,2023,2025,2,12,1,12,36,lifetime_aggregate,1301,19334.224996284738,1
nyc,8579.03,W 204 St & Nagle Ave,8893,4298,4595,8893,40.863211,-73.920827,2023,2025,2,12,1,12,36,lifetime_aggregate,1300,14618.2390644327,1
nyc,8579.05,Academy St & Nagle Ave,8521,4177,4344,8521,40.862562,-73.922661,2023,2025,2,12,1,12,36,lifetime_aggregate,1371,16089.66083792982,1
nyc,8579.09,10 Ave & W 204 St,4892,2365,2527,4892,40.862638,-73.92006,2023,2025,2,12,1,12,36,lifetime_aggregate,1180,24121.013900245296,1
nyc,8582.02,Bainbridge Ave & E 193 St,3577,1752,1825,3577,40.86389,-73.89246,2023,2023,1,12,1,12,12,lifetime_aggregate,1445,40396.980710092255,1
nyc,8582.09,E Fordham Rd & Webster Ave,45336,22563,22773,45336,40.861748,-73.89105,2020,2025,3,12,6,12,67,lifetime_aggregate,1305,2878.507146638433,1
nyc,8582.1,Bainbridge Ave & E 193 St,48,36,12,48,40.86415477605928,-73.892452880543,2025,2025,1,5,1,5,5,lifetime_aggregate,1424,2966666.666666667,1
nyc,8582.10,Bainbridge Ave & E 193 St,4141,2068,2073,4141,40.86415477605928,-73.892452880543,2025,2025,1,12,1,12,12,lifetime_aggregate,1424,34387.82902680511,1
nyc,8583.02,Sherman Ave & Thayer St,12728,6325,6403,12728,40.863124,-73.926994,2023,2025,2,12,1,12,36,lifetime_aggregate,877,6890.320553111251,1
nyc,8586.09,Jerome Ave & W Fordham Rd,27968,14059,13909,27968,40.86294,-73.90108,2023,2025,2,12,1,12,36,lifetime_aggregate,1580,5649.313501144165,1
nyc,8590.01,W Fordham Rd & Loring Pl N,14284,7265,7019,14284,40.86295,-73.90741,2023,2025,2,12,1,12,36,lifetime_aggregate,1579,11054.326519182301,1
nyc,8597.01,Decatur Ave & E 197 St,3796,1879,1917,3796,40.86557,-73.88807,2023,2025,2,12,1,12,36,lifetime_aggregate,827,21786.09062170706,1
nyc,8601.04,Grand Concourse & E 192 St,13554,6783,6771,13554,40.86448,-73.89522,2023,2025,2,12,1,12,36,lifetime_aggregate,1634,12055.481776597315,1
nyc,8605.06,Aqueduct Ave & W 190 St,7628,3861,3767,7628,40.86492129988277,-73.90242380007815,2023,2025,2,12,1,12,36,lifetime_aggregate,1286,16858.940744625066,1
nyc,8613.09,10 Ave & W 207 St,16007,7852,8155,16007,40.864632,-73.918598,2023,2025,2,12,1,12,36,lifetime_aggregate,1156,7221.840444805398,1
nyc,8615.01,Bainbridge Ave & E 196 St,12130,6040,6090,12130,40.86648,-73.89042,2023,2025,2,12,1,12,36,lifetime_aggregate,979,8070.898598516075,1
nyc,8616.06,Riverside Dr & Broadway,30972,15399,15573,30972,40.865364,-73.92791,2023,2025,2,12,1,12,36,lifetime_aggregate,815,2631.4090145938267,1
nyc,8619.02,Jerome Ave & W 193 St,18158,9112,9046,18158,40.86659,-73.89794,2023,2025,2,12,1,12,36,lifetime_aggregate,1153,6349.818261923119,1
nyc,8624.01,Webb Ave & W 190 St,7512,3905,3607,7512,40.8660052,-73.904254892,2023,2025,2,12,1,12,36,lifetime_aggregate,1098,14616.613418530353,1
nyc,8631.03,Decatur Ave & Oliver Pl,3272,1602,1670,3272,40.867,-73.8857763993891,2023,2025,2,12,1,12,36,lifetime_aggregate,664,20293.398533007334,1
nyc,8632.07,W 204 St & Vermilyea Ave,15673,7755,7918,15673,40.866141,-73.922648,2023,2025,2,12,1,12,36,lifetime_aggregate,1264,8064.824858036112,1
nyc,8635.08,Grand Concourse & E 196 St,12693,6534,6159,12693,40.86767,-73.89286,2023,2025,2,12,1,7,31,lifetime_aggregate,974,7673.520838257307,1
nyc,8635.09,E 196 St & Valentine Ave,397,196,201,397,40.86744,-73.89198,2025,2025,1,2,11,12,2,lifetime_aggregate,1038,261460.95717884132,1
nyc,8636.04,Dyckman St & Henshaw St,11495,5617,5878,11495,40.867357,-73.92936,2023,2025,2,12,1,12,36,lifetime_aggregate,465,4045.2370595911266,1
nyc,8639.01,W 192 St & University Ave,11153,5648,5505,11153,40.866899,-73.901942,2023,2025,2,12,1,12,36,lifetime_aggregate,1063,9531.067874114588,1
nyc,8643.01,Bailey Ave & Sedgwick Ave,4790,2403,2387,4790,40.86571,-73.90857,2023,2025,2,12,1,12,36,lifetime_aggregate,679,14175.365344467642,1
nyc,8646.02,Botanical Sq & Webster Ave,14507,7163,7344,14507,40.86814,-73.88145,2023,2025,2,12,1,12,36,lifetime_aggregate,661,4556.421038119528,1
nyc,8647.1,W 211 St & 10 Ave,1367,600,767,1367,40.86709406264494,-73.91729503867755,2023,2025,2,12,1,10,34,lifetime_aggregate,1014,74177.02999268471,1
nyc,8647.10,W 211 St & 10 Ave,3433,1765,1668,3433,40.86709406268147,-73.9172950387001,2023,2025,2,12,1,12,36,lifetime_aggregate,1014,29536.848237692982,1
nyc,8649.03,Bainbridge Ave & E 198 St,9468,4727,4741,9468,40.8684871,-73.8884559781,2023,2025,2,12,1,12,36,lifetime_aggregate,808,8534.009294465568,1
nyc,8650.11,Seaman Ave & Beak St,17960,8866,9094,17960,40.867505,-73.926363,2023,2025,2,12,1,12,36,lifetime_aggregate,781,4348.552338530068,1
nyc,8653.09,Jerome Ave & W 195 St,19053,9663,9390,19053,40.86874,-73.89657,2023,2025,2,12,1,12,36,lifetime_aggregate,924,4849.629979530782,1
nyc,8655.02,Dyckman St & Staff St,18903,9391,9512,18903,40.868846,-73.931537,2023,2025,2,12,1,12,36,lifetime_aggregate,216,1142.6757657514681,1
nyc,8664.06,Decatur Ave & Bedford Park Blvd,5425,2667,2758,5425,40.86813,-73.88412,2023,2025,2,12,1,12,36,lifetime_aggregate,782,14414.746543778803,1
nyc,8665.02,Seaman Ave & Isham St,14954,7419,7535,14954,40.86989866215361,-73.92076313487127,2023,2025,2,12,1,12,36,lifetime_aggregate,601,4018.9915741607592,1
nyc,8665.09,Isham St & Broadway,23807,11715,12092,23807,40.86788,-73.919685,2023,2025,2,12,1,12,36,lifetime_aggregate,920,3864.4096274205062,1
nyc,8667.01,Grand Concourse & E 197 St,9253,4668,4585,9253,40.86945,-73.89148,2023,2025,2,12,1,7,31,lifetime_aggregate,810,8753.91764833027,1
nyc,8667.02,Valentine Ave & E 198 St,452,224,228,452,40.86941,-73.88994,2025,2025,1,3,10,12,3,lifetime_aggregate,732,161946.90265486727,1
nyc,8672.05,Eames Pl & Claflin Ave,4558,2289,2269,4558,40.8692,-73.90121,2023,2025,2,12,11,12,26,lifetime_aggregate,825,18100.043878894252,1
nyc,8676.01,Bailey Ave & W 193 St,3959,1921,2038,3959,40.87069,-73.90678,2023,2025,2,12,1,12,36,lifetime_aggregate,604,15256.377873200303,1
nyc,8679.03,10 Ave & W 215 St,8661,4290,4371,8661,40.86932465697213,-73.91519755199644,2023,2025,2,12,1,12,36,lifetime_aggregate,424,4895.508601778086,1
nyc,8682.06,Bainbridge Ave & Bedford Park Blvd,8144,4054,4090,8144,40.87002,-73.88565,2023,2025,2,12,1,12,36,lifetime_aggregate,854,10486.247544204321,1
nyc,8692.04,Sedgwick Ave & W 195 St,6717,3324,3393,6717,40.87049,-73.90287,2023,2025,2,12,11,12,26,lifetime_aggregate,787,11716.54012207831,1
nyc,8696.05,9 Ave & W 219 St,2337,1128,1209,2337,40.871094,-73.911503,2023,2025,2,12,1,12,36,lifetime_aggregate,505,21608.90029952931,1
nyc,8699.01,Marion Ave & Mosholu Pkwy,12311,6148,6163,12311,40.870495600018835,-73.88187565821609,2023,2025,2,12,1,12,36,lifetime_aggregate,832,6758.1837381203795,1
nyc,8703.05,Grand Concourse & E 199 St,9813,4903,4910,9813,40.87142,-73.88839,2023,2025,2,12,1,12,36,lifetime_aggregate,665,6776.724752878834,1
nyc,8707.01,Goulden Ave & W 197 St,14022,6985,7037,14022,40.87156,-73.89714,2023,2025,2,12,1,12,36,lifetime_aggregate,595,4243.33190700328,1
nyc,8707.04,Strong St & University Ave,5371,2705,2666,5371,40.87119,-73.89918,2023,2025,2,12,11,12,26,lifetime_aggregate,719,13386.706386147831,1
nyc,8711.02,W 225 St & Exterior St,21889,10885,11004,21889,40.873265,-73.906646,2023,2025,2,12,1,12,36,lifetime_aggregate,1221,5578.144273379323,1
nyc,8715.01,Broadway & W 220 St,12350,6119,6231,12350,40.872412,-73.912807,2023,2025,2,12,1,12,36,lifetime_aggregate,454,3676.1133603238864,1
nyc,8715.06,W 218 St & Broadway,11284,5512,5772,11284,40.87139,-73.914318,2023,2025,2,12,1,12,36,lifetime_aggregate,332,2942.2190712513293,1
nyc,8717.07,E 201 St & Briggs Ave,7276,3618,3658,7276,40.87207,-73.88459,2023,2025,2,12,1,12,36,lifetime_aggregate,717,9854.315557998902,1
nyc,8720.02,Jerome Ave & E 198 St,6204,3116,3088,6204,40.87144520687118,-73.89289632439613,2023,2025,2,12,1,12,36,lifetime_aggregate,523,8430.045132172792,1
nyc,8732.04,W 218 St & Indian Rd,9986,4953,5033,9986,40.8730545908597,-73.91837194581674,2023,2025,2,12,1,12,36,lifetime_aggregate,249,2493.4908872421393,1
nyc,8734.02,Jerome Ave & Bedford Park Blvd E,20503,10274,10229,20503,40.87307,-73.88971,2023,2025,2,12,1,12,36,lifetime_aggregate,535,2609.3742379164028,1
nyc,8734.04,Grand Concourse & E 203 St,8131,4270,3861,8131,40.87382,-73.88661,2023,2025,2,12,1,12,36,lifetime_aggregate,586,7206.985610625999,1
nyc,8738.01,Goulden Ave & Bedford Park Blvd,5452,2740,2712,5452,40.87387,-73.89533,2023,2025,2,12,10,12,27,lifetime_aggregate,251,4603.815113719736,1
nyc,8738.01,Goulden Ave & Bedford Park Blvd W,2479,1243,1236,2479,40.87387,-73.89533,2023,2023,1,10,1,10,10,lifetime_aggregate,251,10125.050423557886,1
nyc,8741.01,Bailey Ave & W 229 St,2404,1162,1242,2404,40.87449,-73.90467,2023,2025,2,12,11,12,26,lifetime_aggregate,1428,59400.998336106495,1
nyc,8745.01,Marble Hill Ave & W 225 St,7327,3647,3680,7327,40.87471,-73.91099,2023,2025,2,12,11,12,26,lifetime_aggregate,810,11055.0020472226,1
nyc,8748.02,E Mosholu Pkwy & E 204 St,5817,2916,2901,5817,40.874070399404765,-73.88336509296145,2023,2025,2,12,1,12,36,lifetime_aggregate,728,12515.042117930207,1
nyc,8752.01,Bedford Park Blvd & Paul Ave,9870,5012,4858,9870,40.87444,-73.89186,2023,2025,2,12,1,12,36,lifetime_aggregate,342,3465.0455927051676,1
nyc,8756.03,Claflin Ave & Reservoir Ave,3783,1879,1904,3783,40.87398,-73.89943000000001,2023,2025,2,12,11,12,26,lifetime_aggregate,657,17367.168913560665,1
nyc,8756.07,Sedgwick Ave & W 231 St,6182,3072,3110,6182,40.87512,-73.90126,2023,2025,2,12,11,12,26,lifetime_aggregate,1135,18359.75412487868,1
nyc,8766.03,Grand Concourse & E 205 St,10029,5029,5000,10029,40.875531,-73.8863864831,2023,2025,2,12,1,12,36,lifetime_aggregate,526,5244.790108684814,1
nyc,8772.06,Kingsbridge Terrace & W 230 St,2318,1158,1160,2318,40.87554999999999,-73.90212,2023,2025,2,12,12,12,25,lifetime_aggregate,1229,53019.84469370147,1
nyc,8776.02,Marble Hill Ave & W 227 St,2078,967,1111,2078,40.87655,-73.90941,2023,2025,2,12,11,12,26,lifetime_aggregate,1197,57603.46487006738,1
nyc,8778.01,E Mosholu Pkwy & Van Cortlandt Ave E,8853,4442,4411,8853,40.87656,-73.88366,2023,2025,2,12,1,12,36,lifetime_aggregate,728,8223.201174743024,1
nyc,8782.01,Paul Ave & W 205 St,12265,6100,6165,12265,40.87704,-73.88943,2023,2025,2,12,1,12,36,lifetime_aggregate,282,2299.2254382388915,1
nyc,8786.01,Giles Pl & Fort Independence St,5086,2528,2558,5086,40.87869,-73.89862000000001,2023,2025,2,12,11,12,26,lifetime_aggregate,562,11049.941014549744,1
nyc,8790.08,Verveelen Pl & Broadway,6867,3387,3480,6867,40.87826,-73.90508,2025,2025,1,12,1,12,12,lifetime_aggregate,1373,19994.1750400466,1
nyc,8795.01,Jerome Ave & E Mosholu Parkway S,10850,5364,5486,10850,40.87935,-73.88534,2023,2023,1,10,1,10,10,lifetime_aggregate,602,5548.387096774193,1
nyc,8795.01,Jerome Ave & E Mosholu Pkwy S,20445,10216,10229,20445,40.87935,-73.88534,2023,2025,2,12,10,12,27,lifetime_aggregate,602,2944.4852042064076,1
nyc,8795.03,Grand Concourse & E Mosholu Pkwy S,6763,3424,3339,6763,40.877964,-73.88475502908895,2023,2025,2,12,1,12,36,lifetime_aggregate,648,9581.546650894574,1
nyc,8799.01,Goulden Ave & W 205 St,13358,6676,6682,13358,40.87812,-73.89192,2023,2025,2,12,1,12,36,lifetime_aggregate,140,1048.0610869890702,1
nyc,8802.05,W 233 St & Albany Crescent,1493,710,783,1493,40.87979,-73.90164,2023,2025,2,12,11,12,26,lifetime_aggregate,1180,79035.49899531144,1
nyc,8806.01,W 230 St & Marble Hill Ave,7345,3611,3734,7345,40.87807,-73.90796,2023,2025,2,12,11,12,26,lifetime_aggregate,1350,18379.850238257317,1
nyc,8811.01,Paul Ave & Mosholu Pkwy,10135,5115,5020,10135,40.8802945004278,-73.88606536448788,2023,2025,2,12,1,12,36,lifetime_aggregate,630,6216.0828811050815,1
nyc,8815.01,Sedgwick Ave & Giles Pl,4984,2477,2507,4984,40.88111,-73.89649999999999,2023,2025,2,12,11,12,26,lifetime_aggregate,516,10353.130016051364,1
nyc,8819.05,Naples Terrace & Godwin Terrace,2718,1271,1447,2718,40.87995,-73.90536,2023,2025,2,12,11,12,26,lifetime_aggregate,1227,45143.48785871964,1
nyc,8828.02,Sedgwick Ave & Hillman Ave,5556,2776,2780,5556,40.88224,-73.89136,2023,2025,2,12,11,12,26,lifetime_aggregate,329,5921.526277897768,1
nyc,8831.03,Bailey Ave & W 234 St,1823,837,986,1823,40.88066,-73.90076,2023,2025,2,12,11,12,26,lifetime_aggregate,945,51837.63027975864,1
nyc,8835.05,Irwin Ave & W 232 St,4814,2365,2449,4814,40.88227,-73.90809,2023,2025,2,12,11,12,26,lifetime_aggregate,644,13377.648525135022,1
nyc,8841.03,W Mosholu Pkwy S & Sedgwick Ave,9236,4632,4604,9236,40.88226,-73.88702,2023,2025,2,12,1,12,36,lifetime_aggregate,516,5586.834127327847,1
nyc,8849.03,Broadway & W 234 St,4368,2091,2277,4368,40.88185,-73.90291,2023,2025,2,12,11,12,26,lifetime_aggregate,936,21428.571428571428,1
nyc,8859.03,Van Cortlandt Park S & Dickinson Ave,3501,1792,1709,3501,40.88435,-73.88781000000002,2023,2025,2,12,11,12,26,lifetime_aggregate,301,8597.543558983149,1
nyc,8862.02,Bailey Ave & W 238 St,1799,870,929,1799,40.88417,-73.89793,2023,2025,2,8,11,6,20,lifetime_aggregate,834,46359.08838243469,1
nyc,8866.01,Tibbett Ave & W 234 St,1843,872,971,1843,40.88324,-73.90586999999998,2023,2025,2,12,11,12,26,lifetime_aggregate,801,43461.74715138361,1
nyc,8876.04,Van Cortlandt Park S & Gouverneur Ave,3333,1699,1634,3333,40.88492,-73.89084,2023,2025,2,12,11,12,26,lifetime_aggregate,532,15961.596159615961,1
nyc,8879.02,Broadway & Van Cortlandt Park S,8481,4125,4356,8481,40.8863,-73.89970000000001,2023,2025,2,12,11,12,26,lifetime_aggregate,753,8878.669968164131,1
nyc,8879.03,Broadway & W 238 St,9081,4416,4665,9081,40.88524,-73.90077,2023,2025,2,12,11,12,26,lifetime_aggregate,738,8126.858275520317,1
nyc,8897.05,W 238 St & Tibbett Ave,3759,1825,1934,3759,40.886019999999995,-73.90232,2023,2025,2,12,11,12,26,lifetime_aggregate,726,19313.64724660814,1
nyc,LA Metro Demo 1,LA Metro Demo 1,10,4,6,10,34.0205207273575,-118.36648878452499,2025,2025,1,2,1,2,2,lifetime_aggregate,0,0.0,1
nyc,LA Metro Demo 2,LA Metro Demo 2,34,20,14,34,34.026214022171,-118.25157758625,2025,2025,1,2,2,12,11,lifetime_aggregate,0,0.0,1
nyc,LA Metro Demo 3,LA Metro Demo 3,37,17,20,37,34.02618,-118.2515,2025,2025,1,1,12,12,1,lifetime_aggregate,0,0.0,1
nyc,Lab - NYC,Lab - NYC,94,47,47,94,40.75404028837218,-73.99646585164452,2020,2023,2,7,1,12,48,lifetime_aggregate,1955,2079787.2340425532,1
nyc,Lab - NYC,Prototype Lab,16,8,8,16,40.75404038449624,-73.99646580219269,2020,2020,1,1,2,2,1,lifetime_aggregate,1955,12218750.0,1
nyc,Lab - NYC,Prototype Lab Motivate Headquarters,2,1,1,2,40.75404038449624,-73.99646580219269,2020,2020,1,1,1,1,1,lifetime_aggregate,1955,97750000.0,1
nyc,Lab - NYC - Monolith,Lab - NYC - M,9,4,5,9,40.7541804,-73.9964658,2023,2025,2,3,7,1,19,lifetime_aggregate,2107,23411111.111111112,1
nyc,Lab - NYC - Monolith,Lab - NYC - Monolith,2,1,1,2,40.7541804,-73.9964658,2023,2023,1,1,7,7,1,lifetime_aggregate,2107,105350000.0,1
nyc,MTL-ECO5-LAB,MTL-ECO5-LAB,2,1,1,2,45.505972,-73.568949,2020,2020,1,1,2,2,1,lifetime_aggregate,0,0.0,1
nyc,SYS014,NYCBS DEPOT - DELANCEY,61,0,61,61,40.716444038941944,-73.9823309260506,2020,2020,1,9,1,12,12,lifetime_aggregate,960,1573770.4918032787,1
nyc,SYS015,Forrest portable kiosk,1,0,1,1,40.703048,-73.932004,2020,2020,1,1,1,1,1,lifetime_aggregate,952,95200000.0,1
nyc,SYS016,Morgan Bike Mechanics,5732,2394,3338,5732,40.70962791156301,-73.93145708768462,2020,2025,3,12,1,12,72,lifetime_aggregate,607,10589.67201674808,1
nyc,SYS018,Bronx WH station,28,4,24,28,0.0,0.0,2020,2025,2,10,5,10,66,lifetime_aggregate,0,0.0,1
nyc,SYS019,NYCBS Depot - RIS,20,3,17,20,40.725208,-73.974724,2020,2020,1,6,1,9,9,lifetime_aggregate,436,2180000.0,1
nyc,SYS028,Apache,28,13,15,28,40.674886511294666,-73.99672348821886,2023,2023,1,1,4,4,1,lifetime_aggregate,928,3314285.7142857146,1
nyc,SYS030,Forrest Tech Shop parts testing,1,0,1,1,40.703249693795954,-73.93182995030656,2020,2020,1,1,12,12,1,lifetime_aggregate,932,93200000.0,1
nyc,SYS030,Morgan Tech Shop parts testing,6,0,6,6,40.70325,-73.93183,2020,2020,1,1,12,12,1,lifetime_aggregate,932,15533333.333333334,1
nyc,SYS032,Forrest WH station,2,0,2,2,40.70327577818653,-73.93183530424722,2020,2020,1,2,10,12,3,lifetime_aggregate,944,47200000.0,1
nyc,SYS032,Morgan WH station,223,117,106,223,40.703276,-73.931835,2020,2020,1,12,1,12,12,lifetime_aggregate,944,423318.38565022417,1
nyc,SYS032,Park Ave Depot,42,11,31,42,40.69594342560201,-73.96778789156087,2023,2023,1,6,2,9,8,lifetime_aggregate,836,1990476.1904761905,1
nyc,SYS033,Pier 40 X2,2051,637,1414,2051,40.72848690593826,-74.01169280571085,2020,2025,3,12,1,12,72,lifetime_aggregate,479,23354.46123842028,1
nyc,SYS034,Forrest Tech Shop ?,25,0,25,25,40.703006,-73.932077,2020,2020,1,2,4,10,7,lifetime_aggregate,916,3664000.0,1
nyc,SYS035,Pier 40 Dock Station,2147,386,1761,2147,40.72865984389008,-74.01197987669192,2020,2023,2,12,1,12,48,lifetime_aggregate,449,20912.901723334886,1
nyc,SYS036,Kiosk in a box Jersey,67,12,55,67,40.728483,-74.011805,2020,2020,1,5,1,5,5,lifetime_aggregate,466,695522.3880597015,1
nyc,SYS037,NYCBS DEPOT - PITT,3,0,3,3,40.71687776149167,-73.98375488276567,2020,2020,1,1,6,6,1,lifetime_aggregate,1294,43133333.33333333,1
nyc,SYS038,Morgan Loading Docks,3452,1373,2079,3452,40.709306335794274,-73.93117547035216,2020,2025,3,12,6,12,67,lifetime_aggregate,604,17497.10312862109,1
nyc,SYS039,Morgan Warehouse Monolith,4,2,2,4,40.7095,-73.9329,2023,2023,1,2,5,6,2,lifetime_aggregate,613,15325000.0,1
nyc,SYSY026,Bike Mechanics at Riis Room B 2,1,0,1,1,40.7252258,-73.9746862,2020,2020,1,1,10,10,1,lifetime_aggregate,436,43600000.0,1
nyc,Shop Morgan,Shop Morgan,2469,1166,1303,2469,40.70987333941734,-73.9315938949585,2023,2025,2,12,5,12,32,lifetime_aggregate,638,25840.421223167275,1
nyc,X-MTL-AOS-5.1,MTL-AOS-5.1,6,3,3,6,40.7903,-73.9597,2020,2020,1,2,1,3,3,lifetime_aggregate,251,4183333.3333333335,1
