mode,year,month,start_station_id,start_station_name,station_lat,station_lng,exposure_trips,crash_count,risk_rate_per_100k_trips,risk_rate_ci_low,risk_rate_ci_high,risk_proxy_available,credibility_flag,exposure_pct,risk_pct,axa_priority_score,prevention_hotspot,product_hotspot,acquisition_hotspot,exposure_index_pct,eb_risk_rate_per_100k_trips,risk_index_pct,expected_incidents_proxy,scoring_strategy
jc,2019,8,3186,Grove St PATH,40.71958611647166,-74.04311746358871,12143,0,0.0,0.0,30.378649873292726,False,credible,1.0,0.0,1.0,True,True,True,100.0,,,,exposure_only_no_risk_signal
jc,2019,9,3186,Grove St PATH,40.71958611647166,-74.04311746358871,11830,0,0.0,0.0,31.182412967996072,False,credible,1.0,0.0,1.0,True,True,True,100.0,,,,exposure_only_no_risk_signal
jc,2019,10,3186,Grove St PATH,40.71958611647166,-74.04311746358871,11453,0,0.0,0.0,32.20884880916734,False,credible,1.0,0.0,1.0,True,True,True,100.0,,,,exposure_only_no_risk_signal
jc,2019,7,3186,Grove St PATH,40.71958611647166,-74.04311746358871,11104,0,0.0,0.0,33.221176640075065,False,credible,1.0,0.0,1.0,True,True,True,100.0,,,,exposure_only_no_risk_signal
jc,2023,8,JC115,Grove St PATH,40.71938574445922,-74.043115834076,10987,0,0.0,0.0,33.57494724778316,False,credible,1.0,0.0,1.0,True,True,True,100.0,,,,exposure_only_no_risk_signal
jc,2023,7,JC115,Grove St PATH,40.71938292197416,-74.0431226830172,10680,0,0.0,0.0,34.5400697950743,False,credible,1.0,0.0,1.0,True,True,True,100.0,,,,exposure_only_no_risk_signal
jc,2025,9,JC115,Grove St PATH,40.71941,-74.04309,10246,0,0.0,0.0,36.003117842220725,False,credible,1.0,0.0,1.0,True,True,True,100.0,,,,exposure_only_no_risk_signal
jc,2023,6,JC115,Grove St PATH,40.71937803505453,-74.04310558200784,10202,0,0.0,0.0,36.158394962889,False,credible,1.0,0.0,1.0,True,True,True,100.0,,,,exposure_only_no_risk_signal
jc,2025,8,JC115,Grove St PATH,40.71941,-74.04309,10164,0,0.0,0.0,36.29357983189625,False,credible,1.0,0.0,1.0,True,True,True,100.0,,,,exposure_only_no_risk_signal
jc,2019,6,3186,Grove St PATH,40.71958611647166,-74.04311746358871,9728,0,0.0,0.0,37.92022465166463,False,credible,1.0,0.0,1.0,True,True,True,100.0,,,,exposure_only_no_risk_signal
jc,2023,10,JC115,Grove St PATH,40.71939672065049,-74.04312422000399,9700,0,0.0,0.0,38.0296850939581,False,credible,1.0,0.0,1.0,True,True,True,100.0,,,,exposure_only_no_risk_signal
jc,2025,7,JC115,Grove St PATH,40.71941,-74.04309,9577,0,0.0,0.0,38.51811062038149,False,credible,1.0,0.0,1.0,True,True,True,100.0,,,,exposure_only_no_risk_signal
jc,2023,5,JC115,Grove St PATH,40.71939721282094,-74.04309957097124,9527,0,0.0,0.0,38.720262980097985,False,credible,1.0,0.0,1.0,True,True,True,100.0,,,,exposure_only_no_risk_signal
jc,2025,10,JC115,Grove St PATH,40.71941,-74.04309,9467,0,0.0,0.0,38.96566445668042,False,credible,1.0,0.0,1.0,True,True,True,100.0,,,,exposure_only_no_risk_signal
jc,2019,5,3186,Grove St PATH,40.71958611647166,-74.04311746358871,9398,0,0.0,0.0,39.25174988416615,False,credible,1.0,0.0,1.0,True,True,True,100.0,,,,exposure_only_no_risk_signal
jc,2025,5,HB102,Hoboken Terminal - River St & Hudson Pl,40.7360676564825,-74.02912706136703,9240,0,0.0,0.0,39.92293781508588,False,credible,1.0,0.0,1.0,True,True,True,100.0,,,,exposure_only_no_risk_signal
jc,2025,6,JC115,Grove St PATH,40.71941,-74.04309,8777,0,0.0,0.0,42.02893305359389,False,credible,1.0,0.0,1.0,True,True,True,100.0,,,,exposure_only_no_risk_signal
jc,2019,11,3186,Grove St PATH,40.71958611647166,-74.04311746358871,8639,0,0.0,0.0,42.700306217316076,False,credible,1.0,0.0,1.0,True,True,True,100.0,,,,exposure_only_no_risk_signal
jc,2025,4,HB102,Hoboken Terminal - River St & Hudson Pl,40.7360676564825,-74.02912706136703,8544,0,0.0,0.0,43.175087243842874,False,credible,1.0,0.0,1.0,True,True,True,100.0,,,,exposure_only_no_risk_signal
jc,2023,9,JC115,Grove St PATH,40.71938210233732,-74.04311282719071,8535,0,0.0,0.0,43.22061457661318,False,credible,1.0,0.0,1.0,True,True,True,100.0,,,,exposure_only_no_risk_signal
jc,2019,4,3186,Grove St PATH,40.71958611647166,-74.04311746358871,8305,0,0.0,0.0,44.41757319824124,False,credible,1.0,0.0,1.0,True,True,True,100.0,,,,exposure_only_no_risk_signal
jc,2025,3,HB102,Hoboken Terminal - River St & Hudson Pl,40.7360676564825,-74.02912706136703,8071,0,0.0,0.0,45.705358123081844,False,credible,1.0,0.0,1.0,True,True,True,100.0,,,,exposure_only_no_risk_signal
jc,2023,4,JC115,Grove St PATH,40.71939166696688,-74.04310405989696,7638,0,0.0,0.0,48.29640552649824,False,credible,1.0,0.0,1.0,True,True,True,100.0,,,,exposure_only_no_risk_signal
jc,2023,11,JC115,Grove St PATH,40.719367419199465,-74.04311828077611,7490,0,0.0,0.0,49.250727024218094,False,credible,1.0,0.0,1.0,True,True,True,100.0,,,,exposure_only_no_risk_signal
jc,2025,11,JC115,Grove St PATH,40.71941,-74.04309,7047,0,0.0,0.0,52.34680650083632,False,credible,1.0,0.0,1.0,True,True,True,100.0,,,,exposure_only_no_risk_signal
jc,2023,3,JC115,Grove St PATH,40.71938758002043,-74.04311536319287,6739,0,0.0,0.0,54.73927072434983,False,credible,1.0,0.0,1.0,True,True,True,100.0,,,,exposure_only_no_risk_signal
jc,2020,1,3186,Grove St PATH,40.71958611647166,-74.04311746358871,6648,0,0.0,0.0,55.48855977909049,False,credible,1.0,0.0,1.0,True,True,True,100.0,,,,exposure_only_no_risk_signal
jc,2019,3,3186,Grove St PATH,40.71958611647166,-74.04311746358871,6599,0,0.0,0.0,55.90058272638181,False,credible,1.0,0.0,1.0,True,True,True,100.0,,,,exposure_only_no_risk_signal
jc,2023,12,HB102,Hoboken Terminal - River St & Hudson Pl,40.73610832427135,-74.02914191944951,6284,0,0.0,0.0,58.70272842320075,False,credible,1.0,0.0,1.0,True,True,True,100.0,,,,exposure_only_no_risk_signal
jc,2023,1,JC115,Grove St PATH,40.719391683354985,-74.04310800115312,6113,0,0.0,0.0,60.34482993806535,False,credible,1.0,0.0,1.0,True,True,True,100.0,,,,exposure_only_no_risk_signal
jc,2020,8,3199,Newport Pkwy,40.7287448,-74.0321082,6100,0,0.0,0.0,60.47343367399894,False,credible,1.0,0.0,1.0,True,True,True,100.0,,,,exposure_only_no_risk_signal
jc,2025,1,HB102,Hoboken Terminal - River St & Hudson Pl,40.7360676564825,-74.02912706136703,6074,0,0.0,0.0,60.73229262617608,False,credible,1.0,0.0,1.0,True,True,True,100.0,,,,exposure_only_no_risk_signal
jc,2023,2,JC115,Grove St PATH,40.7193933499684,-74.04310546990855,5981,0,0.0,0.0,61.67663357488606,False,credible,1.0,0.0,1.0,True,True,True,100.0,,,,exposure_only_no_risk_signal
jc,2020,9,3186,Grove St PATH,40.71958611647166,-74.04311746358871,5721,0,0.0,0.0,64.47962688540352,False,credible,1.0,0.0,1.0,True,True,True,100.0,,,,exposure_only_no_risk_signal
jc,2019,1,3186,Grove St PATH,40.71958611647166,-74.04311746358871,5647,0,0.0,0.0,65.32458746438702,False,credible,1.0,0.0,1.0,True,True,True,100.0,,,,exposure_only_no_risk_signal
jc,2020,2,3186,Grove St PATH,40.71958611647166,-74.04311746358871,5437,0,0.0,0.0,67.84770009405803,False,credible,1.0,0.0,1.0,True,True,True,100.0,,,,exposure_only_no_risk_signal
jc,2020,7,3199,Newport Pkwy,40.7287448,-74.0321082,5373,0,0.0,0.0,68.65586179255416,False,credible,1.0,0.0,1.0,True,True,True,100.0,,,,exposure_only_no_risk_signal
jc,2019,12,3186,Grove St PATH,40.71958611647166,-74.04311746358871,5289,0,0.0,0.0,69.74625551359303,False,credible,1.0,0.0,1.0,True,True,True,100.0,,,,exposure_only_no_risk_signal
jc,2019,2,3186,Grove St PATH,40.71958611647166,-74.04311746358871,5221,0,0.0,0.0,70.6546534019141,False,credible,1.0,0.0,1.0,True,True,True,100.0,,,,exposure_only_no_risk_signal
jc,2020,6,3199,Newport Pkwy,40.7287448,-74.0321082,5221,0,0.0,0.0,70.6546534019141,False,credible,1.0,0.0,1.0,True,True,True,100.0,,,,exposure_only_no_risk_signal
jc,2025,12,JC115,Grove St PATH,40.71941,-74.04309,4814,0,0.0,0.0,76.6281565042363,False,insufficient_data,1.0,0.0,1.0,True,True,True,100.0,,,,exposure_only_no_risk_signal
jc,2025,2,JC115,Grove St PATH,40.71941,-74.04309,4797,0,0.0,0.0,76.89971761755129,False,insufficient_data,1.0,0.0,1.0,True,True,True,100.0,,,,exposure_only_no_risk_signal
jc,2020,5,3192,Liberty Light Rail,40.7112423,-74.0557013,4795,0,0.0,0.0,76.93179257797571,False,insufficient_data,1.0,0.0,1.0,True,True,True,100.0,,,,exposure_only_no_risk_signal
jc,2020,10,3186,Grove St PATH,40.71958611647166,-74.04311746358871,4498,0,0.0,0.0,82.01154855744632,False,insufficient_data,1.0,0.0,1.0,True,True,True,100.0,,,,exposure_only_no_risk_signal
jc,2020,11,3186,Grove St PATH,40.71958611647166,-74.04311746358871,3289,0,0.0,0.0,112.15808616947204,False,insufficient_data,1.0,0.0,1.0,True,True,True,100.0,,,,exposure_only_no_risk_signal
jc,2020,3,3186,Grove St PATH,40.71958611647166,-74.04311746358871,2978,0,0.0,0.0,123.87103606829871,False,insufficient_data,1.0,0.0,1.0,True,True,True,100.0,,,,exposure_only_no_risk_signal
jc,2020,12,3186,Grove St PATH,40.71958611647166,-74.04311746358871,1709,0,0.0,0.0,215.85017285628643,False,insufficient_data,1.0,0.0,1.0,True,True,True,100.0,,,,exposure_only_no_risk_signal
jc,2020,4,3199,Newport Pkwy,40.7287448,-74.0321082,1345,0,0.0,0.0,274.26613041739296,False,insufficient_data,1.0,0.0,1.0,True,True,True,100.0,,,,exposure_only_no_risk_signal
jc,2025,12,HB106,River St & Newark St,40.73672227316332,-74.02900660353771,3724,0,0.0,0.0,99.056913375777,False,insufficient_data,0.9907407407407408,0.0,0.9907407407407408,True,True,True,99.07407407407408,,,,exposure_only_no_risk_signal
jc,2025,9,HB106,River St & Newark St,40.73672227316332,-74.02900660353771,8235,0,0.0,0.0,44.79513605481403,False,credible,0.9893617021276596,0.0,0.9893617021276596,True,True,True,98.93617021276596,,,,exposure_only_no_risk_signal
jc,2025,10,HB106,River St & Newark St,40.73672227316332,-74.02900660353771,7265,0,0.0,0.0,50.77604203873276,False,credible,0.9893617021276596,0.0,0.9893617021276596,True,True,True,98.93617021276596,,,,exposure_only_no_risk_signal
jc,2025,11,HB106,River St & Newark St,40.73672227316332,-74.02900660353771,5777,0,0.0,0.0,63.854586361674485,False,credible,0.9893617021276596,0.0,0.9893617021276596,True,True,True,98.93617021276596,,,,exposure_only_no_risk_signal
jc,2025,8,HB106,River St & Newark St,40.73672227316332,-74.02900660353771,6401,0,0.0,0.0,57.629736824151465,False,credible,0.9886363636363636,0.0,0.9886363636363636,True,True,True,98.86363636363636,,,,exposure_only_no_risk_signal
jc,2023,9,HB102,Hoboken Terminal - River St & Hudson Pl,40.73606695225828,-74.02917355322195,7890,0,0.0,0.0,46.75385873401693,False,credible,0.9882352941176471,0.0,0.9882352941176471,True,True,True,98.82352941176471,,,,exposure_only_no_risk_signal
jc,2025,6,HB101,Hoboken Terminal - Hudson St & Hudson Pl,40.73593758446329,-74.03030455112457,6280,0,0.0,0.0,58.740118696081765,False,credible,0.9882352941176471,0.0,0.9882352941176471,True,True,True,98.82352941176471,,,,exposure_only_no_risk_signal
jc,2025,1,JC115,Grove St PATH,40.71941,-74.04309,5437,0,0.0,0.0,67.84770009405803,False,credible,0.9882352941176471,0.0,0.9882352941176471,True,True,True,98.82352941176471,,,,exposure_only_no_risk_signal
jc,2025,5,JC115,Grove St PATH,40.71941,-74.04309,8111,0,0.0,0.0,45.4799587487848,False,credible,0.9880952380952381,0.0,0.9880952380952381,True,True,True,98.80952380952381,,,,exposure_only_no_risk_signal
jc,2025,7,HB101,Hoboken Terminal - Hudson St & Hudson Pl,40.73593758446329,-74.03030455112457,6075,0,0.0,0.0,60.72229554097012,False,credible,0.9880952380952381,0.0,0.9880952380952381,True,True,True,98.80952380952381,,,,exposure_only_no_risk_signal
jc,2023,10,HB102,Hoboken Terminal - River St & Hudson Pl,40.736086805277466,-74.02918135093597,8901,0,0.0,0.0,41.44342718923644,False,credible,0.9879518072289156,0.0,0.9879518072289156,True,True,True,98.79518072289156,,,,exposure_only_no_risk_signal
jc,2023,8,HB102,Hoboken Terminal - River St & Hudson Pl,40.7360833841714,-74.02916164607339,7935,0,0.0,0.0,46.48871397749131,False,credible,0.9879518072289156,0.0,0.9879518072289156,True,True,True,98.79518072289156,,,,exposure_only_no_risk_signal
jc,2025,4,JC115,Grove St PATH,40.71941,-74.04309,7414,0,0.0,0.0,49.75559015529991,False,credible,0.9879518072289156,0.0,0.9879518072289156,True,True,True,98.79518072289156,,,,exposure_only_no_risk_signal
jc,2023,11,HB102,Hoboken Terminal - River St & Hudson Pl,40.73609408767084,-74.02914480354414,7317,0,0.0,0.0,50.415190024790704,False,credible,0.9879518072289156,0.0,0.9879518072289156,True,True,True,98.79518072289156,,,,exposure_only_no_risk_signal
jc,2025,3,JC115,Grove St PATH,40.71941,-74.04309,6847,0,0.0,0.0,53.87585006738624,False,credible,0.9879518072289156,0.0,0.9879518072289156,True,True,True,98.79518072289156,,,,exposure_only_no_risk_signal
jc,2023,12,JC115,Grove St PATH,40.71937808834487,-74.04313598882354,5406,0,0.0,0.0,68.23676385708352,False,credible,0.9879518072289156,0.0,0.9879518072289156,True,True,True,98.79518072289156,,,,exposure_only_no_risk_signal
jc,2025,2,JC066,Newport PATH,40.7272235,-74.0337589,3416,0,0.0,0.0,107.98827441785524,False,insufficient_data,0.9879518072289156,0.0,0.9879518072289156,True,True,True,98.79518072289156,,,,exposure_only_no_risk_signal
jc,2023,7,HB102,Hoboken Terminal - River St & Hudson Pl,40.73606384400837,-74.02917120553994,8595,0,0.0,0.0,42.91889998969093,False,credible,0.9878048780487805,0.0,0.9878048780487805,True,True,True,98.78048780487805,,,,exposure_only_no_risk_signal
jc,2023,5,HB102,Hoboken Terminal - River St & Hudson Pl,40.736078198790295,-74.0291254645379,8183,0,0.0,0.0,45.07979291352726,False,credible,0.9878048780487805,0.0,0.9878048780487805,True,True,True,98.78048780487805,,,,exposure_only_no_risk_signal
jc,2023,6,HB102,Hoboken Terminal - River St & Hudson Pl,40.73606067244855,-74.02915654695252,7785,0,0.0,0.0,47.38445027763565,False,credible,0.9878048780487805,0.0,0.9878048780487805,True,True,True,98.78048780487805,,,,exposure_only_no_risk_signal
jc,2023,4,HB102,Hoboken Terminal - River St & Hudson Pl,40.73607891197225,-74.0291261417714,7006,0,0.0,0.0,52.65314664735848,False,credible,0.9878048780487805,0.0,0.9878048780487805,True,True,True,98.78048780487805,,,,exposure_only_no_risk_signal
jc,2023,3,HB102,Hoboken Terminal - River St & Hudson Pl,40.736084990526784,-74.02912492507429,6169,0,0.0,0.0,59.79704091609556,False,credible,0.9878048780487805,0.0,0.9878048780487805,True,True,True,98.78048780487805,,,,exposure_only_no_risk_signal
jc,2023,1,HB102,Hoboken Terminal - River St & Hudson Pl,40.73608294046487,-74.02912541138993,5612,0,0.0,0.0,65.73199312391189,False,credible,0.9876543209876543,0.0,0.9876543209876543,True,True,True,98.76543209876543,,,,exposure_only_no_risk_signal
jc,2023,2,HB102,Hoboken Terminal - River St & Hudson Pl,40.736084038554125,-74.02913026872746,5324,0,0.0,0.0,69.2877433154383,False,credible,0.9876543209876543,0.0,0.9876543209876543,True,True,True,98.76543209876543,,,,exposure_only_no_risk_signal
jc,2025,12,HB101,Hoboken Terminal - Hudson St & Hudson Pl,40.73593758446329,-74.03030455112457,3122,0,0.0,0.0,118.15757380249632,False,insufficient_data,0.9814814814814815,0.0,0.9814814814814815,True,True,True,98.14814814814815,,,,exposure_only_no_risk_signal
jc,2019,9,3203,Hamilton Park,40.727595966,-74.044247311,5966,0,0.0,0.0,61.831703890612395,False,credible,0.9795918367346939,0.0,0.9795918367346939,True,True,True,97.95918367346938,,,,exposure_only_no_risk_signal
jc,2019,8,3203,Hamilton Park,40.727595966,-74.044247311,5555,0,0.0,0.0,66.40647082113296,False,credible,0.9795918367346939,0.0,0.9795918367346939,True,True,True,97.95918367346938,,,,exposure_only_no_risk_signal
jc,2020,9,3199,Newport Pkwy,40.7287448,-74.0321082,5158,0,0.0,0.0,71.51763191380255,False,credible,0.9795918367346939,0.0,0.9795918367346939,True,True,True,97.95918367346938,,,,exposure_only_no_risk_signal
jc,2019,7,3203,Hamilton Park,40.727595966,-74.044247311,5122,0,0.0,0.0,72.02029391085388,False,credible,0.9795918367346939,0.0,0.9795918367346939,True,True,True,97.95918367346938,,,,exposure_only_no_risk_signal
jc,2019,10,3203,Hamilton Park,40.727595966,-74.044247311,5073,0,0.0,0.0,72.71593641068274,False,credible,0.9795918367346939,0.0,0.9795918367346939,True,True,True,97.95918367346938,,,,exposure_only_no_risk_signal
jc,2020,7,3192,Liberty Light Rail,40.7112423,-74.0557013,4668,0,0.0,0.0,79.02483834862757,False,insufficient_data,0.9795918367346939,0.0,0.9795918367346939,True,True,True,97.95918367346938,,,,exposure_only_no_risk_signal
jc,2019,5,3203,Hamilton Park,40.727595966,-74.044247311,4397,0,0.0,0.0,83.89537080086275,False,insufficient_data,0.9795918367346939,0.0,0.9795918367346939,True,True,True,97.95918367346938,,,,exposure_only_no_risk_signal
jc,2019,11,3203,Hamilton Park,40.727595966,-74.044247311,3696,0,0.0,0.0,99.8073445377147,False,insufficient_data,0.9795918367346939,0.0,0.9795918367346939,True,True,True,97.95918367346938,,,,exposure_only_no_risk_signal
jc,2020,10,3199,Newport Pkwy,40.7287448,-74.03210820000001,3666,0,0.0,0.0,100.62409858466816,False,insufficient_data,0.9795918367346939,0.0,0.9795918367346939,True,True,True,97.95918367346938,,,,exposure_only_no_risk_signal
jc,2020,1,3195,Sip Ave,40.73089709786179,-74.06391263008118,2803,0,0.0,0.0,131.60468976503515,False,insufficient_data,0.9795918367346939,0.0,0.9795918367346939,True,True,True,97.95918367346938,,,,exposure_only_no_risk_signal
jc,2020,2,3195,Sip Ave,40.73089709786179,-74.06391263008118,2743,0,0.0,0.0,134.48339242121529,False,insufficient_data,0.9795918367346939,0.0,0.9795918367346939,True,True,True,97.95918367346938,,,,exposure_only_no_risk_signal
jc,2020,11,3199,Newport Pkwy,40.7287448,-74.0321082,2484,0,0.0,0.0,148.5056140947639,False,insufficient_data,0.9795918367346939,0.0,0.9795918367346939,True,True,True,97.95918367346938,,,,exposure_only_no_risk_signal
jc,2020,3,3203,Hamilton Park,40.727595966,-74.04424731099999,1781,0,0.0,0.0,207.12405694070384,False,insufficient_data,0.9795918367346939,0.0,0.9795918367346939,True,True,True,97.95918367346938,,,,exposure_only_no_risk_signal
jc,2020,8,3186,Grove St PATH,40.71958611647166,-74.04311746358871,5416,0,0.0,0.0,68.11077278644638,False,credible,0.9791666666666665,0.0,0.9791666666666665,True,True,True,97.91666666666666,,,,exposure_only_no_risk_signal
jc,2020,6,3192,Liberty Light Rail,40.7112423,-74.0557013,5210,0,0.0,0.0,70.80382829393349,False,credible,0.9791666666666665,0.0,0.9791666666666665,True,True,True,97.91666666666666,,,,exposure_only_no_risk_signal
jc,2019,6,3203,Hamilton Park,40.727595966,-74.044247311,4653,0,0.0,0.0,79.27959282428402,False,insufficient_data,0.9791666666666665,0.0,0.9791666666666665,True,True,True,97.91666666666666,,,,exposure_only_no_risk_signal
jc,2019,4,3183,Exchange Place,40.71624690000001,-74.0334588,3577,0,0.0,0.0,103.12774543231578,False,insufficient_data,0.9791666666666665,0.0,0.9791666666666665,True,True,True,97.91666666666666,,,,exposure_only_no_risk_signal
jc,2020,5,3199,Newport Pkwy,40.7287448,-74.0321082,3471,0,0.0,0.0,106.27713783099784,False,insufficient_data,0.9791666666666665,0.0,0.9791666666666665,True,True,True,97.91666666666666,,,,exposure_only_no_risk_signal
jc,2019,12,3195,Sip Ave,40.73089709786179,-74.06391263008118,2368,0,0.0,0.0,155.78038235278444,False,insufficient_data,0.9791666666666665,0.0,0.9791666666666665,True,True,True,97.91666666666666,,,,exposure_only_no_risk_signal
jc,2019,3,3203,Hamilton Park,40.727595966,-74.044247311,2353,0,0.0,0.0,156.77345746340566,False,insufficient_data,0.9791666666666665,0.0,0.9791666666666665,True,True,True,97.91666666666666,,,,exposure_only_no_risk_signal
jc,2019,1,3195,Sip Ave,40.73074262530658,-74.06378388404846,2176,0,0.0,0.0,169.52571020744188,False,insufficient_data,0.9791666666666665,0.0,0.9791666666666665,True,True,True,97.91666666666666,,,,exposure_only_no_risk_signal
jc,2019,2,3195,Sip Ave,40.73074262530658,-74.06378388404846,2102,0,0.0,0.0,175.4937894440502,False,insufficient_data,0.9791666666666665,0.0,0.9791666666666665,True,True,True,97.91666666666666,,,,exposure_only_no_risk_signal
jc,2020,12,3199,Newport Pkwy,40.7287448,-74.0321082,1464,0,0.0,0.0,251.97264030832892,False,insufficient_data,0.9791666666666665,0.0,0.9791666666666665,True,True,True,97.91666666666666,,,,exposure_only_no_risk_signal
jc,2020,4,3195,Sip Ave,40.73089709786179,-74.06391263008118,1004,0,0.0,0.0,367.4182723221051,False,insufficient_data,0.9791666666666665,0.0,0.9791666666666665,True,True,True,97.91666666666666,,,,exposure_only_no_risk_signal
jc,2025,9,HB101,Hoboken Terminal - Hudson St & Hudson Pl,40.73593758446329,-74.03030455112457,6140,0,0.0,0.0,60.079469936709046,False,credible,0.9787234042553191,0.0,0.9787234042553191,True,True,True,97.87234042553192,,,,exposure_only_no_risk_signal
jc,2025,10,HB101,Hoboken Terminal - Hudson St & Hudson Pl,40.73593758446329,-74.03030455112457,5895,0,0.0,0.0,62.5764114353509,False,credible,0.9787234042553191,0.0,0.9787234042553191,True,True,True,97.87234042553192,,,,exposure_only_no_risk_signal
jc,2025,11,HB101,Hoboken Terminal - Hudson St & Hudson Pl,40.73593758446329,-74.03030455112457,4293,0,0.0,0.0,85.92777670891999,False,insufficient_data,0.9787234042553191,0.0,0.9787234042553191,True,True,True,97.87234042553192,,,,exposure_only_no_risk_signal
jc,2025,8,HB101,Hoboken Terminal - Hudson St & Hudson Pl,40.73593758446329,-74.03030455112457,5588,0,0.0,0.0,66.01430662337035,False,credible,0.9772727272727273,0.0,0.9772727272727273,True,True,True,97.72727272727273,,,,exposure_only_no_risk_signal
jc,2025,6,HB106,River St & Newark St,40.73672227316332,-74.02900660353771,6056,0,0.0,0.0,60.91280472447053,False,credible,0.9764705882352941,0.0,0.9764705882352941,True,True,True,97.6470588235294,,,,exposure_only_no_risk_signal
jc,2023,9,HB103,South Waterfront Walkway - Sinatra Dr & 1 St,40.73700575299455,-74.02781640641226,5674,0,0.0,0.0,65.01373729492308,False,credible,0.9764705882352941,0.0,0.9764705882352941,True,True,True,97.6470588235294,,,,exposure_only_no_risk_signal
jc,2025,1,JC109,Bergen Ave & Sip Ave,40.73100888698729,-74.06443700194359,2566,0,0.0,0.0,143.75991637232795,False,insufficient_data,0.9764705882352941,0.0,0.9764705882352941,True,True,True,97.6470588235294,,,,exposure_only_no_risk_signal
jc,2025,7,HB106,River St & Newark St,40.73672227316332,-74.02900660353771,6028,0,0.0,0.0,61.195744096117046,False,credible,0.9761904761904762,0.0,0.9761904761904762,True,True,True,97.61904761904762,,,,exposure_only_no_risk_signal
jc,2025,5,HB101,Hoboken Terminal - Hudson St & Hudson Pl,40.73593758446329,-74.03030455112457,4580,0,0.0,0.0,80.54321952213833,False,insufficient_data,0.9761904761904762,0.0,0.9761904761904762,True,True,True,97.61904761904762,,,,exposure_only_no_risk_signal
jc,2023,8,HB103,South Waterfront Walkway - Sinatra Dr & 1 St,40.737000703475545,-74.02781328069334,7721,0,0.0,0.0,47.777223858488995,False,credible,0.9759036144578314,0.0,0.9759036144578314,True,True,True,97.59036144578313,,,,exposure_only_no_risk_signal
jc,2023,10,HB101,Hoboken Terminal - Hudson St & Hudson Pl,40.735923674633625,-74.03035907371256,5346,0,0.0,0.0,69.00260856928423,False,credible,0.9759036144578314,0.0,0.9759036144578314,True,True,True,97.59036144578313,,,,exposure_only_no_risk_signal
jc,2023,11,HB101,Hoboken Terminal - Hudson St & Hudson Pl,40.73594247361873,-74.03032167153235,4227,0,0.0,0.0,87.26944533035096,False,insufficient_data,0.9759036144578314,0.0,0.9759036144578314,True,True,True,97.59036144578313,,,,exposure_only_no_risk_signal
jc,2025,4,HB105,City Hall - Washington St & 1 St,40.73736,-74.03097,4126,0,0.0,0.0,89.40570659510266,False,insufficient_data,0.9759036144578314,0.0,0.9759036144578314,True,True,True,97.59036144578313,,,,exposure_only_no_risk_signal
jc,2025,3,HB105,City Hall - Washington St & 1 St,40.73736,-74.03097,3553,0,0.0,0.0,103.8243584045577,False,insufficient_data,0.9759036144578314,0.0,0.9759036144578314,True,True,True,97.59036144578313,,,,exposure_only_no_risk_signal
jc,2023,12,HB101,Hoboken Terminal - Hudson St & Hudson Pl,40.73595035024172,-74.03032471873202,3473,0,0.0,0.0,106.21593590883775,False,insufficient_data,0.9759036144578314,0.0,0.9759036144578314,True,True,True,97.59036144578313,,,,exposure_only_no_risk_signal
jc,2025,2,HB102,Hoboken Terminal - River St & Hudson Pl,40.7360676564825,-74.02912706136703,2596,0,0.0,0.0,142.09859222318704,False,insufficient_data,0.9759036144578314,0.0,0.9759036144578314,True,True,True,97.59036144578313,,,,exposure_only_no_risk_signal
jc,2023,7,HB103,South Waterfront Walkway - Sinatra Dr & 1 St,40.73700285117071,-74.02779696850664,7836,0,0.0,0.0,47.0760522474979,False,credible,0.975609756097561,0.0,0.975609756097561,True,True,True,97.5609756097561,,,,exposure_only_no_risk_signal
jc,2023,6,HB103,South Waterfront Walkway - Sinatra Dr & 1 St,40.73699868763075,-74.02779772295703,6950,0,0.0,0.0,53.0774022174667,False,credible,0.975609756097561,0.0,0.975609756097561,True,True,True,97.5609756097561,,,,exposure_only_no_risk_signal
jc,2023,5,HB103,South Waterfront Walkway - Sinatra Dr & 1 St,40.7369957288428,-74.02777717099444,6812,0,0.0,0.0,54.15266374213058,False,credible,0.975609756097561,0.0,0.975609756097561,True,True,True,97.5609756097561,,,,exposure_only_no_risk_signal
jc,2023,4,HB103,South Waterfront Walkway - Sinatra Dr & 1 St,40.737001117789134,-74.02777371434965,5971,0,0.0,0.0,61.779927216780024,False,credible,0.975609756097561,0.0,0.975609756097561,True,True,True,97.5609756097561,,,,exposure_only_no_risk_signal
jc,2023,3,HB103,South Waterfront Walkway - Sinatra Dr & 1 St,40.737005781351805,-74.02776965259532,4272,0,0.0,0.0,86.35017448768575,False,insufficient_data,0.975609756097561,0.0,0.975609756097561,True,True,True,97.5609756097561,,,,exposure_only_no_risk_signal
jc,2023,1,HB103,South Waterfront Walkway - Sinatra Dr & 1 St,40.73700606599511,-74.02777276737602,3548,0,0.0,0.0,103.97067232564643,False,insufficient_data,0.9753086419753086,0.0,0.9753086419753086,True,True,True,97.53086419753086,,,,exposure_only_no_risk_signal
jc,2023,2,HB103,South Waterfront Walkway - Sinatra Dr & 1 St,40.73701307301256,-74.02777032729627,3310,0,0.0,0.0,111.4465091877322,False,insufficient_data,0.9753086419753086,0.0,0.9753086419753086,True,True,True,97.53086419753086,,,,exposure_only_no_risk_signal
jc,2025,12,JC109,Bergen Ave & Sip Ave,40.73100888698729,-74.06443700194359,2506,0,0.0,0.0,147.2018936198697,False,insufficient_data,0.9722222222222221,0.0,0.9722222222222221,True,True,True,97.22222222222221,,,,exposure_only_no_risk_signal
jc,2025,9,JC009,Hamilton Park,40.727595966,-74.044247311,5239,0,0.0,0.0,70.41190025031372,False,credible,0.9680851063829787,0.0,0.9680851063829787,True,True,True,96.80851063829788,,,,exposure_only_no_risk_signal
jc,2025,10,JC009,Hamilton Park,40.727595966,-74.044247311,4465,0,0.0,0.0,82.61768094320124,False,insufficient_data,0.9680851063829787,0.0,0.9680851063829787,True,True,True,96.80851063829788,,,,exposure_only_no_risk_signal
jc,2025,11,JC109,Bergen Ave & Sip Ave,40.73100888698728,-74.06443700194359,3339,0,0.0,0.0,110.47857005432571,False,insufficient_data,0.9680851063829787,0.0,0.9680851063829787,True,True,True,96.80851063829788,,,,exposure_only_no_risk_signal
jc,2025,8,JC066,Newport PATH,40.7272235,-74.0337589,5143,0,0.0,0.0,71.72621921279284,False,credible,0.9659090909090909,0.0,0.9659090909090909,True,True,True,96.5909090909091,,,,exposure_only_no_risk_signal
jc,2023,9,HB101,Hoboken Terminal - Hudson St & Hudson Pl,40.73594049824784,-74.03033735057183,5181,0,0.0,0.0,71.20014387403852,False,credible,0.9647058823529412,0.0,0.9647058823529412,True,True,True,96.47058823529412,,,,exposure_only_no_risk_signal
jc,2025,6,JC009,Hamilton Park,40.727595966,-74.044247311,4359,0,0.0,0.0,84.62673673122127,False,insufficient_data,0.9647058823529412,0.0,0.9647058823529412,True,True,True,96.47058823529412,,,,exposure_only_no_risk_signal
jc,2025,1,HB105,City Hall - Washington St & 1 St,40.73736,-74.03097,2521,0,0.0,0.0,146.32603943331756,False,insufficient_data,0.9647058823529412,0.0,0.9647058823529412,True,True,True,96.47058823529412,,,,exposure_only_no_risk_signal
jc,2025,7,JC009,Hamilton Park,40.727595966,-74.044247311,4803,0,0.0,0.0,76.8036530109085,False,insufficient_data,0.9642857142857143,0.0,0.9642857142857143,True,True,True,96.42857142857143,,,,exposure_only_no_risk_signal
jc,2025,5,JC009,Hamilton Park,40.727595966,-74.044247311,4427,0,0.0,0.0,83.32684558649052,False,insufficient_data,0.9642857142857143,0.0,0.9642857142857143,True,True,True,96.42857142857143,,,,exposure_only_no_risk_signal
jc,2023,8,HB101,Hoboken Terminal - Hudson St & Hudson Pl,40.73592145009643,-74.0303450943056,5916,0,0.0,0.0,62.354284214231505,False,credible,0.963855421686747,0.0,0.963855421686747,True,True,True,96.3855421686747,,,,exposure_only_no_risk_signal
jc,2023,10,HB103,South Waterfront Walkway - Sinatra Dr & 1 St,40.73700256648674,-74.02781119218405,5217,0,0.0,0.0,70.70882603246953,False,credible,0.963855421686747,0.0,0.963855421686747,True,True,True,96.3855421686747,,,,exposure_only_no_risk_signal
jc,2025,4,HB101,Hoboken Terminal - Hudson St & Hudson Pl,40.73593758446329,-74.03030455112457,3849,0,0.0,0.0,95.83994424821864,False,insufficient_data,0.963855421686747,0.0,0.963855421686747,True,True,True,96.3855421686747,,,,exposure_only_no_risk_signal
jc,2023,11,JC066,Newport PATH,40.727220628735296,-74.03375353514467,3599,0,0.0,0.0,102.49734521016771,False,insufficient_data,0.963855421686747,0.0,0.963855421686747,True,True,True,96.3855421686747,,,,exposure_only_no_risk_signal
jc,2025,3,HB101,Hoboken Terminal - Hudson St & Hudson Pl,40.73593758446329,-74.03030455112457,3293,0,0.0,0.0,112.02184798402477,False,insufficient_data,0.963855421686747,0.0,0.963855421686747,True,True,True,96.3855421686747,,,,exposure_only_no_risk_signal
jc,2023,12,JC109,Bergen Ave & Sip Ave,40.73103561443395,-74.06439843701943,2865,0,0.0,0.0,128.7566999690728,False,insufficient_data,0.963855421686747,0.0,0.963855421686747,True,True,True,96.3855421686747,,,,exposure_only_no_risk_signal
jc,2025,2,JC109,Bergen Ave & Sip Ave,40.73100888698729,-74.06443700194359,2376,0,0.0,0.0,155.25586928088956,False,insufficient_data,0.963855421686747,0.0,0.963855421686747,True,True,True,96.3855421686747,,,,exposure_only_no_risk_signal
jc,2023,7,HB201,12 St & Sinatra Dr N,40.75055565241202,-74.02409715349522,6677,0,0.0,0.0,55.247558096659205,False,credible,0.9634146341463414,0.0,0.9634146341463414,True,True,True,96.34146341463415,,,,exposure_only_no_risk_signal
jc,2023,6,HB101,Hoboken Terminal - Hudson St & Hudson Pl,40.735929190881066,-74.03033414604117,5345,0,0.0,0.0,69.01551831831497,False,credible,0.9634146341463414,0.0,0.9634146341463414,True,True,True,96.34146341463415,,,,exposure_only_no_risk_signal
jc,2023,5,HB101,Hoboken Terminal - Hudson St & Hudson Pl,40.7359363553464,-74.03031438740885,5022,0,0.0,0.0,73.45438976730259,False,credible,0.9634146341463414,0.0,0.9634146341463414,True,True,True,96.34146341463415,,,,exposure_only_no_risk_signal
jc,2023,4,HB101,Hoboken Terminal - Hudson St & Hudson Pl,40.73593616668612,-74.03031323524796,4221,0,0.0,0.0,87.39349571461585,False,insufficient_data,0.9634146341463414,0.0,0.9634146341463414,True,True,True,96.34146341463415,,,,exposure_only_no_risk_signal
jc,2023,3,HB101,Hoboken Terminal - Hudson St & Hudson Pl,40.73593634017804,-74.03031421289617,3596,0,0.0,0.0,102.58285467502601,False,insufficient_data,0.9634146341463414,0.0,0.9634146341463414,True,True,True,96.34146341463415,,,,exposure_only_no_risk_signal
jc,2023,1,HB101,Hoboken Terminal - Hudson St & Hudson Pl,40.73593659279116,-74.03031441312852,3464,0,0.0,0.0,106.49190110028682,False,insufficient_data,0.9629629629629629,0.0,0.9629629629629629,True,True,True,96.29629629629629,,,,exposure_only_no_risk_signal
jc,2023,2,HB101,Hoboken Terminal - Hudson St & Hudson Pl,40.73593737789129,-74.03031498776375,3258,0,0.0,0.0,113.22527483468188,False,insufficient_data,0.9629629629629629,0.0,0.9629629629629629,True,True,True,96.29629629629629,,,,exposure_only_no_risk_signal
jc,2025,12,HB603,8 St & Washington St,40.74598388291562,-74.02819901704788,2160,0,0.0,0.0,170.78145620897848,False,insufficient_data,0.9629629629629629,0.0,0.9629629629629629,True,True,True,96.29629629629629,,,,exposure_only_no_risk_signal
jc,2019,9,3792,Columbus Dr at Exchange Pl,40.71687,-74.03281,4854,0,0.0,0.0,75.99669250337733,False,insufficient_data,0.9591836734693877,0.0,0.9591836734693877,True,True,True,95.91836734693877,,,,exposure_only_no_risk_signal
jc,2019,8,3792,Columbus Dr at Exchange Pl,40.71687,-74.03281,4807,0,0.0,0.0,76.73974316858613,False,insufficient_data,0.9591836734693877,0.0,0.9591836734693877,True,True,True,95.91836734693877,,,,exposure_only_no_risk_signal
jc,2020,7,3186,Grove St PATH,40.71958611647166,-74.04311746358871,4658,0,0.0,0.0,79.19449235968088,False,insufficient_data,0.9591836734693877,0.0,0.9591836734693877,True,True,True,95.91836734693877,,,,exposure_only_no_risk_signal
jc,2020,9,3192,Liberty Light Rail,40.7112423,-74.0557013,4125,0,0.0,0.0,89.42738070579237,False,insufficient_data,0.9591836734693877,0.0,0.9591836734693877,True,True,True,95.91836734693877,,,,exposure_only_no_risk_signal
jc,2019,7,3639,Harborside,40.7192517,-74.034234,4060,0,0.0,0.0,90.85909985502303,False,insufficient_data,0.9591836734693877,0.0,0.9591836734693877,True,True,True,95.91836734693877,,,,exposure_only_no_risk_signal
jc,2019,10,3792,Columbus Dr at Exchange Pl,40.71687,-74.03281,4054,0,0.0,0.0,90.99357311578528,False,insufficient_data,0.9591836734693877,0.0,0.9591836734693877,True,True,True,95.91836734693877,,,,exposure_only_no_risk_signal
jc,2019,11,3195,Sip Ave,40.73089709786179,-74.06391263008118,3238,0,0.0,0.0,113.9246279837534,False,insufficient_data,0.9591836734693877,0.0,0.9591836734693877,True,True,True,95.91836734693877,,,,exposure_only_no_risk_signal
jc,2019,5,3202,Newport PATH,40.7272235,-74.0337589,3207,0,0.0,0.0,115.02586386385829,False,insufficient_data,0.9591836734693877,0.0,0.9591836734693877,True,True,True,95.91836734693877,,,,exposure_only_no_risk_signal
jc,2020,10,3202,Newport PATH,40.7272235,-74.0337589,2857,0,0.0,0.0,129.11723675582553,False,insufficient_data,0.9591836734693877,0.0,0.9591836734693877,True,True,True,95.91836734693877,,,,exposure_only_no_risk_signal
jc,2020,1,3203,Hamilton Park,40.727595966,-74.044247311,2669,0,0.0,0.0,138.21204399078064,False,insufficient_data,0.9591836734693877,0.0,0.9591836734693877,True,True,True,95.91836734693877,,,,exposure_only_no_risk_signal
jc,2020,2,3203,Hamilton Park,40.727595966,-74.044247311,2253,0,0.0,0.0,163.73188877558525,False,insufficient_data,0.9591836734693877,0.0,0.9591836734693877,True,True,True,95.91836734693877,,,,exposure_only_no_risk_signal
jc,2020,11,3192,Liberty Light Rail,40.7112423,-74.0557013,1979,0,0.0,0.0,186.40118514976933,False,insufficient_data,0.9591836734693877,0.0,0.9591836734693877,True,True,True,95.91836734693877,,,,exposure_only_no_risk_signal
jc,2020,3,3639,Harborside,40.7192517,-74.034234,1694,0,0.0,0.0,217.76147899137754,False,insufficient_data,0.9591836734693877,0.0,0.9591836734693877,True,True,True,95.91836734693877,,,,exposure_only_no_risk_signal
jc,2020,8,3192,Liberty Light Rail,40.7112423,-74.0557013,4823,0,0.0,0.0,76.48516388376395,False,insufficient_data,0.9583333333333335,0.0,0.9583333333333335,True,True,True,95.83333333333334,,,,exposure_only_no_risk_signal
jc,2020,6,3186,Grove St PATH,40.71958611647166,-74.04311746358871,3890,0,0.0,0.0,94.8298060183531,False,insufficient_data,0.9583333333333335,0.0,0.9583333333333335,True,True,True,95.83333333333334,,,,exposure_only_no_risk_signal
jc,2019,6,3639,Harborside,40.7192517,-74.034234,3605,0,0.0,0.0,102.32675323478323,False,insufficient_data,0.9583333333333335,0.0,0.9583333333333335,True,True,True,95.83333333333334,,,,exposure_only_no_risk_signal
jc,2019,4,3203,Hamilton Park,40.727595966,-74.044247311,3417,0,0.0,0.0,107.95667117687842,False,insufficient_data,0.9583333333333335,0.0,0.9583333333333335,True,True,True,95.83333333333334,,,,exposure_only_no_risk_signal
jc,2019,3,3195,Sip Ave,40.73089709786179,-74.06391263008118,2325,0,0.0,0.0,158.66148189737356,False,insufficient_data,0.9583333333333335,0.0,0.9583333333333335,True,True,True,95.83333333333334,,,,exposure_only_no_risk_signal
jc,2020,5,3186,Grove St PATH,40.71958611647166,-74.04311746358871,2169,0,0.0,0.0,170.0728194612234,False,insufficient_data,0.9583333333333335,0.0,0.9583333333333335,True,True,True,95.83333333333334,,,,exposure_only_no_risk_signal
jc,2019,1,3203,Hamilton Park,40.727595966,-74.044247311,2056,0,0.0,0.0,179.4202069121564,False,insufficient_data,0.9583333333333335,0.0,0.9583333333333335,True,True,True,95.83333333333334,,,,exposure_only_no_risk_signal
jc,2019,2,3203,Hamilton Park,40.727595966,-74.044247311,1941,0,0.0,0.0,190.05046131447375,False,insufficient_data,0.9583333333333335,0.0,0.9583333333333335,True,True,True,95.83333333333334,,,,exposure_only_no_risk_signal
jc,2019,12,3203,Hamilton Park,40.727595966,-74.044247311,1931,0,0.0,0.0,191.03466877855698,False,insufficient_data,0.9583333333333335,0.0,0.9583333333333335,True,True,True,95.83333333333334,,,,exposure_only_no_risk_signal
jc,2020,12,3195,Sip Ave,40.73089709786179,-74.06391263008118,1118,0,0.0,0.0,329.95343954507473,False,insufficient_data,0.9583333333333335,0.0,0.9583333333333335,True,True,True,95.83333333333334,,,,exposure_only_no_risk_signal
jc,2020,4,3276,Marin Light Rail,40.71458403535893,-74.04281705617905,820,0,0.0,0.0,449.863348062675,False,insufficient_data,0.9583333333333335,0.0,0.9583333333333335,True,True,True,95.83333333333334,,,,exposure_only_no_risk_signal
jc,2025,9,HB609,River St & 1 St,40.73721535335381,-74.02886540972803,4740,0,0.0,0.0,77.82446105725602,False,insufficient_data,0.9574468085106383,0.0,0.9574468085106383,True,True,True,95.74468085106383,,,,exposure_only_no_risk_signal
jc,2025,10,HB502,11 St & Washington St,40.74998490907138,-74.02715027332306,4357,0,0.0,0.0,84.66558306435473,False,insufficient_data,0.9574468085106383,0.0,0.9574468085106383,True,True,True,95.74468085106383,,,,exposure_only_no_risk_signal
jc,2025,11,JC009,Hamilton Park,40.72759596600001,-74.044247311,3324,0,0.0,0.0,110.97711955818097,False,insufficient_data,0.9574468085106383,0.0,0.9574468085106383,True,True,True,95.74468085106383,,,,exposure_only_no_risk_signal
jc,2025,8,JC009,Hamilton Park,40.727595966,-74.044247311,4879,0,0.0,0.0,75.60728538868489,False,insufficient_data,0.9545454545454546,0.0,0.9545454545454546,True,True,True,95.45454545454545,,,,exposure_only_no_risk_signal
jc,2025,12,HB609,River St & 1 St,40.73721535335381,-74.02886540972803,1982,0,0.0,0.0,186.11904410262036,False,insufficient_data,0.9537037037037037,0.0,0.9537037037037037,True,True,True,95.37037037037037,,,,exposure_only_no_risk_signal
jc,2023,9,HB105,City Hall - Washington St & 1 St,40.73729950422968,-74.03103897818751,4766,0,0.0,0.0,77.39990461842079,False,insufficient_data,0.9529411764705881,0.0,0.9529411764705881,True,True,True,95.29411764705881,,,,exposure_only_no_risk_signal
jc,2025,6,JC008,Newport Pkwy,40.7287448,-74.0321082,4282,0,0.0,0.0,86.1485159765048,False,insufficient_data,0.9529411764705881,0.0,0.9529411764705881,True,True,True,95.29411764705881,,,,exposure_only_no_risk_signal
jc,2025,1,HB101,Hoboken Terminal - Hudson St & Hudson Pl,40.73593758446329,-74.03030455112457,2300,0,0.0,0.0,160.38606322234503,False,insufficient_data,0.9529411764705881,0.0,0.9529411764705881,True,True,True,95.29411764705881,,,,exposure_only_no_risk_signal
jc,2025,7,JC116,Exchange Pl,40.71636596185077,-74.034343957901,4628,0,0.0,0.0,79.70785337324838,False,insufficient_data,0.9523809523809522,0.0,0.9523809523809522,True,True,True,95.23809523809523,,,,exposure_only_no_risk_signal
jc,2025,5,JC105,Hoboken Ave at Monmouth St,40.73520838045357,-74.04696375131607,4181,0,0.0,0.0,88.22959708476287,False,insufficient_data,0.9523809523809522,0.0,0.9523809523809522,True,True,True,95.23809523809523,,,,exposure_only_no_risk_signal
jc,2023,8,JC066,Newport PATH,40.72721897919993,-74.03376375832714,5872,0,0.0,0.0,62.82151658913378,False,credible,0.9518072289156626,0.0,0.9518072289156626,True,True,True,95.18072289156626,,,,exposure_only_no_risk_signal
jc,2023,10,HB105,City Hall - Washington St & 1 St,40.73731835775107,-74.03104269708356,4834,0,0.0,0.0,76.31111820674256,False,insufficient_data,0.9518072289156626,0.0,0.9518072289156626,True,True,True,95.18072289156626,,,,exposure_only_no_risk_signal
jc,2025,4,JC009,Hamilton Park,40.727595966,-74.044247311,3725,0,0.0,0.0,99.03032091581035,False,insufficient_data,0.9518072289156626,0.0,0.9518072289156626,True,True,True,95.18072289156626,,,,exposure_only_no_risk_signal
jc,2023,11,HB105,City Hall - Washington St & 1 St,40.73731426200306,-74.03099973186814,3372,0,0.0,0.0,109.39737408404315,False,insufficient_data,0.9518072289156626,0.0,0.9518072289156626,True,True,True,95.18072289156626,,,,exposure_only_no_risk_signal
jc,2025,3,JC066,Newport PATH,40.7272235,-74.0337589,3199,0,0.0,0.0,115.31351841556534,False,insufficient_data,0.9518072289156626,0.0,0.9518072289156626,True,True,True,95.18072289156626,,,,exposure_only_no_risk_signal
jc,2023,12,JC066,Newport PATH,40.72721994164797,-74.03375581507326,2657,0,0.0,0.0,138.83626097530808,False,insufficient_data,0.9518072289156626,0.0,0.9518072289156626,True,True,True,95.18072289156626,,,,exposure_only_no_risk_signal
jc,2025,2,HB105,City Hall - Washington St & 1 St,40.73736,-74.03097,2229,0,0.0,0.0,165.49481624557808,False,insufficient_data,0.9518072289156626,0.0,0.9518072289156626,True,True,True,95.18072289156626,,,,exposure_only_no_risk_signal
jc,2023,7,JC066,Newport PATH,40.72723256543748,-74.03376701562449,5566,0,0.0,0.0,66.27523273650621,False,credible,0.951219512195122,0.0,0.951219512195122,True,True,True,95.1219512195122,,,,exposure_only_no_risk_signal
jc,2023,6,JC066,Newport PATH,40.72723296688344,-74.03376200201696,4993,0,0.0,0.0,73.88102251379802,False,insufficient_data,0.951219512195122,0.0,0.951219512195122,True,True,True,95.1219512195122,,,,exposure_only_no_risk_signal
jc,2023,5,JC066,Newport PATH,40.72722180774532,-74.03375620043307,4692,0,0.0,0.0,78.62061922663972,False,insufficient_data,0.951219512195122,0.0,0.951219512195122,True,True,True,95.1219512195122,,,,exposure_only_no_risk_signal
jc,2023,4,HB105,City Hall - Washington St & 1 St,40.73734127942468,-74.03098197428261,4069,0,0.0,0.0,90.65813354912596,False,insufficient_data,0.951219512195122,0.0,0.951219512195122,True,True,True,95.1219512195122,,,,exposure_only_no_risk_signal
jc,2023,3,HB105,City Hall - Washington St & 1 St,40.73733851844438,-74.03098305576235,3299,0,0.0,0.0,111.81811015804593,False,insufficient_data,0.951219512195122,0.0,0.951219512195122,True,True,True,95.1219512195122,,,,exposure_only_no_risk_signal
jc,2023,1,HB105,City Hall - Washington St & 1 St,40.737338681624,-74.03098272348967,3000,0,0.0,0.0,122.9626484704645,False,insufficient_data,0.9506172839506174,0.0,0.9506172839506174,True,True,True,95.06172839506173,,,,exposure_only_no_risk_signal
jc,2023,2,JC109,Bergen Ave & Sip Ave,40.73103247339554,-74.06443521538377,2693,0,0.0,0.0,136.98029907589807,False,insufficient_data,0.9506172839506174,0.0,0.9506172839506174,True,True,True,95.06172839506173,,,,exposure_only_no_risk_signal
jc,2025,9,JC066,Newport PATH,40.7272235,-74.0337589,4638,0,0.0,0.0,79.53599512966656,False,insufficient_data,0.946808510638298,0.0,0.946808510638298,True,True,True,94.68085106382979,,,,exposure_only_no_risk_signal
jc,2025,10,HB609,River St & 1 St,40.73721535335381,-74.02886540972803,4293,0,0.0,0.0,85.92777670891999,False,insufficient_data,0.946808510638298,0.0,0.946808510638298,True,True,True,94.68085106382979,,,,exposure_only_no_risk_signal
jc,2025,11,HB502,11 St & Washington St,40.74998490907138,-74.02715027332306,3176,0,0.0,0.0,116.14859742172341,False,insufficient_data,0.946808510638298,0.0,0.946808510638298,True,True,True,94.68085106382979,,,,exposure_only_no_risk_signal
jc,2025,12,HB501,Columbus Park - Clinton St & 9 St,40.74816121065145,-74.0324530005455,1952,0,0.0,0.0,188.9794802312467,False,insufficient_data,0.9444444444444444,0.0,0.9444444444444444,True,True,True,94.44444444444444,,,,exposure_only_no_risk_signal
jc,2025,8,JC008,Newport Pkwy,40.7287448,-74.0321082,4764,0,0.0,0.0,77.43239828114893,False,insufficient_data,0.9431818181818182,0.0,0.9431818181818182,True,True,True,94.31818181818183,,,,exposure_only_no_risk_signal
jc,2023,9,JC008,Newport Pkwy,40.72875161092366,-74.0321254899797,4436,0,0.0,0.0,83.15778751383984,False,insufficient_data,0.9411764705882352,0.0,0.9411764705882352,True,True,True,94.11764705882352,,,,exposure_only_no_risk_signal
jc,2025,6,HB202,14 St Ferry - 14 St & Shipyard Ln,40.75296063046496,-74.02435272932053,4121,0,0.0,0.0,89.5141823371496,False,insufficient_data,0.9411764705882352,0.0,0.9411764705882352,True,True,True,94.11764705882352,,,,exposure_only_no_risk_signal
jc,2025,1,JC009,Hamilton Park,40.727595966,-74.044247311,2235,0,0.0,0.0,165.05053485968392,False,insufficient_data,0.9411764705882352,0.0,0.9411764705882352,True,True,True,94.11764705882352,,,,exposure_only_no_risk_signal
jc,2025,7,JC008,Newport Pkwy,40.7287448,-74.0321082,4444,0,0.0,0.0,83.00808852641619,False,insufficient_data,0.9404761904761905,0.0,0.9404761904761905,True,True,True,94.04761904761905,,,,exposure_only_no_risk_signal
jc,2025,5,HB105,City Hall - Washington St & 1 St,40.73736,-74.03097,4171,0,0.0,0.0,88.44112812548396,False,insufficient_data,0.9404761904761905,0.0,0.9404761904761905,True,True,True,94.04761904761905,,,,exposure_only_no_risk_signal
jc,2023,8,HB105,City Hall - Washington St & 1 St,40.737324506234096,-74.03100765598867,5505,0,0.0,0.0,67.00961769507603,False,credible,0.9397590361445783,0.0,0.9397590361445783,True,True,True,93.97590361445783,,,,exposure_only_no_risk_signal
jc,2023,10,JC066,Newport PATH,40.7272279856603,-74.03378407004013,4294,0,0.0,0.0,85.90776558253226,False,insufficient_data,0.9397590361445783,0.0,0.9397590361445783,True,True,True,93.97590361445783,,,,exposure_only_no_risk_signal
jc,2025,4,JC066,Newport PATH,40.7272235,-74.0337589,3594,0,0.0,0.0,102.63994029254133,False,insufficient_data,0.9397590361445783,0.0,0.9397590361445783,True,True,True,93.97590361445783,,,,exposure_only_no_risk_signal
jc,2023,11,JC009,Hamilton Park,40.72757077725588,-74.0442419776149,3361,0,0.0,0.0,109.75541368979279,False,insufficient_data,0.9397590361445783,0.0,0.9397590361445783,True,True,True,93.97590361445783,,,,exposure_only_no_risk_signal
jc,2025,3,JC109,Bergen Ave & Sip Ave,40.73100888698729,-74.06443700194359,3114,0,0.0,0.0,118.46112569408912,False,insufficient_data,0.9397590361445783,0.0,0.9397590361445783,True,True,True,93.97590361445783,,,,exposure_only_no_risk_signal
jc,2023,12,JC009,Hamilton Park,40.72758902252436,-74.04423608571258,2621,0,0.0,0.0,140.74320694826156,False,insufficient_data,0.9397590361445783,0.0,0.9397590361445783,True,True,True,93.97590361445783,,,,exposure_only_no_risk_signal
jc,2025,2,JC009,Hamilton Park,40.727595966,-74.044247311,2102,0,0.0,0.0,175.4937894440502,False,insufficient_data,0.9397590361445783,0.0,0.9397590361445783,True,True,True,93.97590361445783,,,,exposure_only_no_risk_signal
jc,2023,7,HB101,Hoboken Terminal - Hudson St & Hudson Pl,40.73591178726746,-74.03034154367174,5446,0,0.0,0.0,67.73557572739507,False,credible,0.9390243902439024,0.0,0.9390243902439024,True,True,True,93.90243902439023,,,,exposure_only_no_risk_signal
jc,2023,6,HB105,City Hall - Washington St & 1 St,40.737327419597655,-74.03100221422497,4854,0,0.0,0.0,75.99669250337733,False,insufficient_data,0.9390243902439024,0.0,0.9390243902439024,True,True,True,93.90243902439023,,,,exposure_only_no_risk_signal
jc,2023,5,HB105,City Hall - Washington St & 1 St,40.73734632309395,-74.0309807774099,4545,0,0.0,0.0,81.16346433694028,False,insufficient_data,0.9390243902439024,0.0,0.9390243902439024,True,True,True,93.90243902439023,,,,exposure_only_no_risk_signal
jc,2023,4,JC066,Newport PATH,40.72722180962886,-74.03375513685036,3923,0,0.0,0.0,94.0321043618133,False,insufficient_data,0.9390243902439024,0.0,0.9390243902439024,True,True,True,93.90243902439023,,,,exposure_only_no_risk_signal
jc,2023,3,JC109,Bergen Ave & Sip Ave,40.73103633568599,-74.06443311106761,3284,0,0.0,0.0,112.32885061248281,False,insufficient_data,0.9390243902439024,0.0,0.9390243902439024,True,True,True,93.90243902439023,,,,exposure_only_no_risk_signal
jc,2019,8,3639,Harborside,40.7192517,-74.034234,4696,0,0.0,0.0,78.55365106716216,False,insufficient_data,0.9387755102040817,0.0,0.9387755102040817,True,True,True,93.87755102040816,,,,exposure_only_no_risk_signal
jc,2019,9,3639,Harborside,40.7192517,-74.034234,4646,0,0.0,0.0,79.3990411991807,False,insufficient_data,0.9387755102040817,0.0,0.9387755102040817,True,True,True,93.87755102040816,,,,exposure_only_no_risk_signal
jc,2019,7,3195,Sip Ave,40.73089709786179,-74.06391263008118,3940,0,0.0,0.0,93.62638208411003,False,insufficient_data,0.9387755102040817,0.0,0.9387755102040817,True,True,True,93.87755102040816,,,,exposure_only_no_risk_signal
jc,2019,10,3195,Sip Ave,40.73089709786179,-74.06391263008118,3852,0,0.0,0.0,95.76530254709074,False,insufficient_data,0.9387755102040817,0.0,0.9387755102040817,True,True,True,93.87755102040816,,,,exposure_only_no_risk_signal
jc,2020,7,3203,Hamilton Park,40.727595966,-74.044247311,3537,0,0.0,0.0,104.29401905891817,False,insufficient_data,0.9387755102040817,0.0,0.9387755102040817,True,True,True,93.87755102040816,,,,exposure_only_no_risk_signal
jc,2020,9,3276,Marin Light Rail,40.71458403535894,-74.04281705617905,3436,0,0.0,0.0,107.35970471810056,False,insufficient_data,0.9387755102040817,0.0,0.9387755102040817,True,True,True,93.87755102040816,,,,exposure_only_no_risk_signal
jc,2019,5,3195,Sip Ave,40.73089709786179,-74.06391263008118,3167,0,0.0,0.0,116.47866921736455,False,insufficient_data,0.9387755102040817,0.0,0.9387755102040817,True,True,True,93.87755102040816,,,,exposure_only_no_risk_signal
jc,2019,11,3639,Harborside,40.7192517,-74.034234,2977,0,0.0,0.0,123.91264541867434,False,insufficient_data,0.9387755102040817,0.0,0.9387755102040817,True,True,True,93.87755102040816,,,,exposure_only_no_risk_signal
jc,2020,10,3203,Hamilton Park,40.727595966,-74.044247311,2623,0,0.0,0.0,140.63589226511382,False,insufficient_data,0.9387755102040817,0.0,0.9387755102040817,True,True,True,93.87755102040816,,,,exposure_only_no_risk_signal
jc,2020,1,3792,Columbus Dr at Exchange Pl,40.71687,-74.03281,2307,0,0.0,0.0,159.89941283545448,False,insufficient_data,0.9387755102040817,0.0,0.9387755102040817,True,True,True,93.87755102040816,,,,exposure_only_no_risk_signal
jc,2020,2,3639,Harborside,40.7192517,-74.034234,2145,0,0.0,0.0,171.97573212652378,False,insufficient_data,0.9387755102040817,0.0,0.9387755102040817,True,True,True,93.87755102040816,,,,exposure_only_no_risk_signal
jc,2020,11,3202,Newport PATH,40.7272235,-74.03375889999998,1922,0,0.0,0.0,191.9292119726293,False,insufficient_data,0.9387755102040817,0.0,0.9387755102040817,True,True,True,93.87755102040816,,,,exposure_only_no_risk_signal
jc,2020,3,3195,Sip Ave,40.7308970978618,-74.06391263008118,1689,0,0.0,0.0,218.40612516956398,False,insufficient_data,0.9387755102040817,0.0,0.9387755102040817,True,True,True,93.87755102040816,,,,exposure_only_no_risk_signal
jc,2023,1,JC109,Bergen Ave & Sip Ave,40.7310322833117,-74.06443877067925,2828,0,0.0,0.0,130.4412819700826,False,insufficient_data,0.9382716049382716,0.0,0.9382716049382716,True,True,True,93.82716049382715,,,,exposure_only_no_risk_signal
jc,2023,2,HB105,City Hall - Washington St & 1 St,40.73733657721539,-74.03099126297799,2651,0,0.0,0.0,139.15048865009186,False,insufficient_data,0.9382716049382716,0.0,0.9382716049382716,True,True,True,93.82716049382715,,,,exposure_only_no_risk_signal
jc,2020,8,3276,Marin Light Rail,40.71458403535893,-74.04281705617905,3821,0,0.0,0.0,96.5422521359313,False,insufficient_data,0.9375,0.0,0.9375,True,True,True,93.75,,,,exposure_only_no_risk_signal
jc,2019,6,3202,Newport PATH,40.7272235,-74.0337589,3503,0,0.0,0.0,105.30629329471697,False,insufficient_data,0.9375,0.0,0.9375,True,True,True,93.75,,,,exposure_only_no_risk_signal
jc,2020,6,3203,Hamilton Park,40.727595966,-74.044247311,3428,0,0.0,0.0,107.61025245373207,False,insufficient_data,0.9375,0.0,0.9375,True,True,True,93.75,,,,exposure_only_no_risk_signal
jc,2019,4,3195,Sip Ave,40.73089709786179,-74.06391263008118,2942,0,0.0,0.0,125.38679313779522,False,insufficient_data,0.9375,0.0,0.9375,True,True,True,93.75,,,,exposure_only_no_risk_signal
jc,2019,3,3183,Exchange Place,40.7162469,-74.0334588,2280,0,0.0,0.0,161.7929585137691,False,insufficient_data,0.9375,0.0,0.9375,True,True,True,93.75,,,,exposure_only_no_risk_signal
jc,2020,5,3205,JC Medical Center,40.71653978099194,-74.0496379137039,2143,0,0.0,0.0,172.13623210984298,False,insufficient_data,0.9375,0.0,0.9375,True,True,True,93.75,,,,exposure_only_no_risk_signal
jc,2019,1,3183,Exchange Place,40.7162469,-74.0334588,1803,0,0.0,0.0,204.59675286266972,False,insufficient_data,0.9375,0.0,0.9375,True,True,True,93.75,,,,exposure_only_no_risk_signal
jc,2019,12,3202,Newport PATH,40.7272235,-74.0337589,1704,0,0.0,0.0,216.4835360395502,False,insufficient_data,0.9375,0.0,0.9375,True,True,True,93.75,,,,exposure_only_no_risk_signal
jc,2019,2,3183,Exchange Place,40.7162469,-74.0334588,1661,0,0.0,0.0,222.08786599120623,False,insufficient_data,0.9375,0.0,0.9375,True,True,True,93.75,,,,exposure_only_no_risk_signal
jc,2020,12,3276,Marin Light Rail,40.71458403535893,-74.04281705617905,964,0,0.0,0.0,382.6638437877526,False,insufficient_data,0.9375,0.0,0.9375,True,True,True,93.75,,,,exposure_only_no_risk_signal
jc,2020,4,3186,Grove St PATH,40.71958611647166,-74.04311746358871,752,0,0.0,0.0,490.5424806002574,False,insufficient_data,0.9375,0.0,0.9375,True,True,True,93.75,,,,exposure_only_no_risk_signal
jc,2025,9,JC116,Exchange Pl,40.71636596185077,-74.034343957901,4600,0,0.0,0.0,80.19303161117251,False,insufficient_data,0.9361702127659575,0.0,0.9361702127659575,True,True,True,93.61702127659575,,,,exposure_only_no_risk_signal
jc,2025,10,HB501,Columbus Park - Clinton St & 9 St,40.74816121065146,-74.0324530005455,4141,0,0.0,0.0,89.0818511015198,False,insufficient_data,0.9361702127659575,0.0,0.9361702127659575,True,True,True,93.61702127659575,,,,exposure_only_no_risk_signal
jc,2025,11,HB603,8 St & Washington St,40.74598388291562,-74.02819901704788,3067,0,0.0,0.0,120.27647388698844,False,insufficient_data,0.9361702127659575,0.0,0.9361702127659575,True,True,True,93.61702127659575,,,,exposure_only_no_risk_signal
jc,2025,12,JC009,Hamilton Park,40.727595966,-74.044247311,1916,0,0.0,0.0,192.53024290782542,False,insufficient_data,0.9351851851851852,0.0,0.9351851851851852,True,True,True,93.51851851851852,,,,exposure_only_no_risk_signal
jc,2025,8,JC116,Exchange Pl,40.71636596185077,-74.034343957901,4600,0,0.0,0.0,80.19303161117251,False,insufficient_data,0.9318181818181818,0.0,0.9318181818181818,True,True,True,93.18181818181817,,,,exposure_only_no_risk_signal
jc,2023,9,JC009,Hamilton Park,40.72756599757691,-74.04423966665281,4137,0,0.0,0.0,89.16798293724766,False,insufficient_data,0.9294117647058823,0.0,0.9294117647058823,True,True,True,92.94117647058823,,,,exposure_only_no_risk_signal
jc,2025,6,JC116,Exchange Pl,40.71636596185077,-74.034343957901,4117,0,0.0,0.0,89.60115263818157,False,insufficient_data,0.9294117647058823,0.0,0.9294117647058823,True,True,True,92.94117647058823,,,,exposure_only_no_risk_signal
jc,2025,1,JC066,Newport PATH,40.7272235,-74.0337589,2213,0,0.0,0.0,166.69134451486377,False,insufficient_data,0.9294117647058823,0.0,0.9294117647058823,True,True,True,92.94117647058823,,,,exposure_only_no_risk_signal
jc,2025,7,HB202,14 St Ferry - 14 St & Shipyard Ln,40.75296063046496,-74.02435272932053,4299,0,0.0,0.0,85.80784959557887,False,insufficient_data,0.9285714285714286,0.0,0.9285714285714286,True,True,True,92.85714285714286,,,,exposure_only_no_risk_signal
jc,2025,5,JC066,Newport PATH,40.7272235,-74.0337589,4154,0,0.0,0.0,88.80306822614192,False,insufficient_data,0.9285714285714286,0.0,0.9285714285714286,True,True,True,92.85714285714286,,,,exposure_only_no_risk_signal
jc,2023,8,HB201,12 St & Sinatra Dr N,40.75056263460698,-74.02409721372165,5221,0,0.0,0.0,70.6546534019141,False,credible,0.927710843373494,0.0,0.927710843373494,True,True,True,92.7710843373494,,,,exposure_only_no_risk_signal
jc,2023,10,JC009,Hamilton Park,40.727573253449634,-74.04421908114499,4242,0,0.0,0.0,86.96085464672171,False,insufficient_data,0.927710843373494,0.0,0.927710843373494,True,True,True,92.7710843373494,,,,exposure_only_no_risk_signal
jc,2025,4,JC116,Exchange Pl,40.71636596185077,-74.034343957901,3384,0,0.0,0.0,109.00944013339054,False,insufficient_data,0.927710843373494,0.0,0.927710843373494,True,True,True,92.7710843373494,,,,exposure_only_no_risk_signal
jc,2023,11,JC109,Bergen Ave & Sip Ave,40.73105170158552,-74.06441755519745,3231,0,0.0,0.0,114.17144704778505,False,insufficient_data,0.927710843373494,0.0,0.927710843373494,True,True,True,92.7710843373494,,,,exposure_only_no_risk_signal
jc,2025,3,JC009,Hamilton Park,40.727595966,-74.044247311,3080,0,0.0,0.0,119.76881344525763,False,insufficient_data,0.927710843373494,0.0,0.927710843373494,True,True,True,92.7710843373494,,,,exposure_only_no_risk_signal
jc,2023,12,HB609,River St & 1 St,40.73721896044556,-74.02885591921732,2431,0,0.0,0.0,151.7432930528151,False,insufficient_data,0.927710843373494,0.0,0.927710843373494,True,True,True,92.7710843373494,,,,exposure_only_no_risk_signal
jc,2025,2,JC116,Exchange Pl,40.71636596185077,-74.034343957901,1915,0,0.0,0.0,192.63078089367806,False,insufficient_data,0.927710843373494,0.0,0.927710843373494,True,True,True,92.7710843373494,,,,exposure_only_no_risk_signal
jc,2023,7,HB105,City Hall - Washington St & 1 St,40.73732733027447,-74.03100178799487,5334,0,0.0,0.0,69.15784503400704,False,credible,0.926829268292683,0.0,0.926829268292683,True,True,True,92.6829268292683,,,,exposure_only_no_risk_signal
jc,2023,6,JC009,Hamilton Park,40.72758616546206,-74.04425125662063,4480,0,0.0,0.0,82.34105924361462,False,insufficient_data,0.926829268292683,0.0,0.926829268292683,True,True,True,92.6829268292683,,,,exposure_only_no_risk_signal
jc,2023,5,JC009,Hamilton Park,40.72758726415452,-74.04424745934666,4304,0,0.0,0.0,85.7081657554353,False,insufficient_data,0.926829268292683,0.0,0.926829268292683,True,True,True,92.6829268292683,,,,exposure_only_no_risk_signal
jc,2023,4,JC109,Bergen Ave & Sip Ave,40.73103469428359,-74.0644367016494,3603,0,0.0,0.0,102.38355409697296,False,insufficient_data,0.926829268292683,0.0,0.926829268292683,True,True,True,92.6829268292683,,,,exposure_only_no_risk_signal
jc,2023,3,JC066,Newport PATH,40.72722127414532,-74.03375327387491,3014,0,0.0,0.0,122.39148819223409,False,insufficient_data,0.926829268292683,0.0,0.926829268292683,True,True,True,92.6829268292683,,,,exposure_only_no_risk_signal
jc,2023,1,JC066,Newport PATH,40.72722086121067,-74.0337535852598,2625,0,0.0,0.0,140.5287411091023,False,insufficient_data,0.9259259259259259,0.0,0.9259259259259259,True,True,True,92.5925925925926,,,,exposure_only_no_risk_signal
jc,2023,2,JC066,Newport PATH,40.72721734375528,-74.0337521751797,2415,0,0.0,0.0,152.7486316403286,False,insufficient_data,0.9259259259259259,0.0,0.9259259259259259,True,True,True,92.5925925925926,,,,exposure_only_no_risk_signal
jc,2025,12,HB502,11 St & Washington St,40.74998490907138,-74.02715027332306,1893,0,0.0,0.0,194.86949044447624,False,insufficient_data,0.9259259259259259,0.0,0.9259259259259259,True,True,True,92.5925925925926,,,,exposure_only_no_risk_signal
jc,2025,9,HB202,14 St Ferry - 14 St & Shipyard Ln,40.75296063046496,-74.02435272932053,4581,0,0.0,0.0,80.5256375052158,False,insufficient_data,0.925531914893617,0.0,0.925531914893617,True,True,True,92.5531914893617,,,,exposure_only_no_risk_signal
jc,2025,10,HB603,8 St & Washington St,40.74598388291562,-74.02819901704788,4137,0,0.0,0.0,89.16798293724766,False,insufficient_data,0.925531914893617,0.0,0.925531914893617,True,True,True,92.5531914893617,,,,exposure_only_no_risk_signal
jc,2025,11,JC066,Newport PATH,40.7272235,-74.0337589,3052,0,0.0,0.0,120.86760989888386,False,insufficient_data,0.925531914893617,0.0,0.925531914893617,True,True,True,92.5531914893617,,,,exposure_only_no_risk_signal
jc,2025,8,JC052,Liberty Light Rail,40.7112423,-74.0557013,4401,0,0.0,0.0,83.81911961176858,False,insufficient_data,0.9204545454545454,0.0,0.9204545454545454,True,True,True,92.04545454545455,,,,exposure_only_no_risk_signal
jc,2019,8,3202,Newport PATH,40.7272235,-74.0337589,4556,0,0.0,0.0,80.9675033826588,False,insufficient_data,0.9183673469387756,0.0,0.9183673469387756,True,True,True,91.83673469387756,,,,exposure_only_no_risk_signal
jc,2019,9,3202,Newport PATH,40.7272235,-74.0337589,4446,0,0.0,0.0,82.97074795577902,False,insufficient_data,0.9183673469387756,0.0,0.9183673469387756,True,True,True,91.83673469387756,,,,exposure_only_no_risk_signal
jc,2019,10,3639,Harborside,40.7192517,-74.034234,3840,0,0.0,0.0,96.06456911755039,False,insufficient_data,0.9183673469387756,0.0,0.9183673469387756,True,True,True,91.83673469387756,,,,exposure_only_no_risk_signal
jc,2019,7,3202,Newport PATH,40.7272235,-74.0337589,3700,0,0.0,0.0,99.69944470578204,False,insufficient_data,0.9183673469387756,0.0,0.9183673469387756,True,True,True,91.83673469387756,,,,exposure_only_no_risk_signal
jc,2020,9,3202,Newport PATH,40.7272235,-74.0337589,3381,0,0.0,0.0,109.10616545737756,False,insufficient_data,0.9183673469387756,0.0,0.9183673469387756,True,True,True,91.83673469387756,,,,exposure_only_no_risk_signal
jc,2020,7,3276,Marin Light Rail,40.71458403535893,-74.04281705617905,3243,0,0.0,0.0,113.74898100875532,False,insufficient_data,0.9183673469387756,0.0,0.9183673469387756,True,True,True,91.83673469387756,,,,exposure_only_no_risk_signal
jc,2019,5,3639,Harborside,40.7192517,-74.034234,2926,0,0.0,0.0,126.07243520553436,False,insufficient_data,0.9183673469387756,0.0,0.9183673469387756,True,True,True,91.83673469387756,,,,exposure_only_no_risk_signal
jc,2019,11,3792,Columbus Dr at Exchange Pl,40.71687,-74.03281,2809,0,0.0,0.0,131.32358327212302,False,insufficient_data,0.9183673469387756,0.0,0.9183673469387756,True,True,True,91.83673469387756,,,,exposure_only_no_risk_signal
jc,2020,10,3192,Liberty Light Rail,40.7112423,-74.0557013,2609,0,0.0,0.0,141.3905501768469,False,insufficient_data,0.9183673469387756,0.0,0.9183673469387756,True,True,True,91.83673469387756,,,,exposure_only_no_risk_signal
jc,2020,1,3639,Harborside,40.7192517,-74.034234,2184,0,0.0,0.0,168.90473690997874,False,insufficient_data,0.9183673469387756,0.0,0.9183673469387756,True,True,True,91.83673469387756,,,,exposure_only_no_risk_signal
jc,2020,2,3202,Newport PATH,40.7272235,-74.0337589,1942,0,0.0,0.0,189.9525980491213,False,insufficient_data,0.9183673469387756,0.0,0.9183673469387756,True,True,True,91.83673469387756,,,,exposure_only_no_risk_signal
jc,2020,11,3276,Marin Light Rail,40.714584035358925,-74.04281705617905,1816,0,0.0,0.0,203.13212853050305,False,insufficient_data,0.9183673469387756,0.0,0.9183673469387756,True,True,True,91.83673469387756,,,,exposure_only_no_risk_signal
jc,2020,3,3276,Marin Light Rail,40.71458403535893,-74.04281705617905,1434,0,0.0,0.0,257.24403445703877,False,insufficient_data,0.9183673469387756,0.0,0.9183673469387756,True,True,True,91.83673469387756,,,,exposure_only_no_risk_signal
jc,2025,6,JC105,Hoboken Ave at Monmouth St,40.73520838045357,-74.04696375131607,4033,0,0.0,0.0,91.46738046402022,False,insufficient_data,0.9176470588235294,0.0,0.9176470588235294,True,True,True,91.76470588235294,,,,exposure_only_no_risk_signal
jc,2023,9,JC109,Bergen Ave & Sip Ave,40.73102943508853,-74.06440276032261,3764,0,0.0,0.0,98.00423629420656,False,insufficient_data,0.9176470588235294,0.0,0.9176470588235294,True,True,True,91.76470588235294,,,,exposure_only_no_risk_signal
jc,2025,1,HB603,8 St & Washington St,40.74598388291562,-74.02819901704788,2188,0,0.0,0.0,168.59595311306833,False,insufficient_data,0.9176470588235294,0.0,0.9176470588235294,True,True,True,91.76470588235294,,,,exposure_only_no_risk_signal
jc,2025,7,HB502,11 St & Washington St,40.74998490907138,-74.02715027332306,4173,0,0.0,0.0,88.39874081269915,False,insufficient_data,0.9166666666666665,0.0,0.9166666666666665,True,True,True,91.66666666666666,,,,exposure_only_no_risk_signal
jc,2025,5,HB202,14 St Ferry - 14 St & Shipyard Ln,40.75296063046496,-74.02435272932053,3778,0,0.0,0.0,97.64106548739902,False,insufficient_data,0.9166666666666665,0.0,0.9166666666666665,True,True,True,91.66666666666666,,,,exposure_only_no_risk_signal
jc,2020,8,3203,Hamilton Park,40.727595966,-74.044247311,3553,0,0.0,0.0,103.8243584045577,False,insufficient_data,0.9166666666666665,0.0,0.9166666666666665,True,True,True,91.66666666666666,,,,exposure_only_no_risk_signal
jc,2019,6,3195,Sip Ave,40.73089709786179,-74.06391263008118,3196,0,0.0,0.0,115.42176014123703,False,insufficient_data,0.9166666666666665,0.0,0.9166666666666665,True,True,True,91.66666666666666,,,,exposure_only_no_risk_signal
jc,2020,6,3792,Columbus Dr at Exchange Pl,40.71687,-74.03281,3196,0,0.0,0.0,115.42176014123703,False,insufficient_data,0.9166666666666665,0.0,0.9166666666666665,True,True,True,91.66666666666666,,,,exposure_only_no_risk_signal
jc,2019,4,3202,Newport PATH,40.7272235,-74.0337589,2792,0,0.0,0.0,132.1231896172613,False,insufficient_data,0.9166666666666665,0.0,0.9166666666666665,True,True,True,91.66666666666666,,,,exposure_only_no_risk_signal
jc,2020,5,3276,Marin Light Rail,40.71458403535893,-74.04281705617905,2058,0,0.0,0.0,179.245843251406,False,insufficient_data,0.9166666666666665,0.0,0.9166666666666665,True,True,True,91.66666666666666,,,,exposure_only_no_risk_signal
jc,2019,3,3202,Newport PATH,40.7272235,-74.0337589,1870,0,0.0,0.0,197.26628096865966,False,insufficient_data,0.9166666666666665,0.0,0.9166666666666665,True,True,True,91.66666666666666,,,,exposure_only_no_risk_signal
jc,2025,12,JC066,Newport PATH,40.7272235,-74.0337589,1836,0,0.0,0.0,200.91936024585704,False,insufficient_data,0.9166666666666665,0.0,0.9166666666666665,True,True,True,91.66666666666666,,,,exposure_only_no_risk_signal
jc,2019,12,3792,Columbus Dr at Exchange Pl,40.71687,-74.03281,1660,0,0.0,0.0,222.22165386228525,False,insufficient_data,0.9166666666666665,0.0,0.9166666666666665,True,True,True,91.66666666666666,,,,exposure_only_no_risk_signal
jc,2019,1,3202,Newport PATH,40.7272235,-74.0337589,1614,0,0.0,0.0,228.55510868116082,False,insufficient_data,0.9166666666666665,0.0,0.9166666666666665,True,True,True,91.66666666666666,,,,exposure_only_no_risk_signal
jc,2019,2,3202,Newport PATH,40.7272235,-74.0337589,1497,0,0.0,0.0,246.41813320734371,False,insufficient_data,0.9166666666666665,0.0,0.9166666666666665,True,True,True,91.66666666666666,,,,exposure_only_no_risk_signal
jc,2020,12,3203,Hamilton Park,40.727595966,-74.044247311,901,0,0.0,0.0,409.42058314250113,False,insufficient_data,0.9166666666666665,0.0,0.9166666666666665,True,True,True,91.66666666666666,,,,exposure_only_no_risk_signal
jc,2020,4,3639,Harborside,40.7192517,-74.034234,723,0,0.0,0.0,510.2184583836702,False,insufficient_data,0.9166666666666665,0.0,0.9166666666666665,True,True,True,91.66666666666666,,,,exposure_only_no_risk_signal
jc,2023,8,JC008,Newport Pkwy,40.72876215667444,-74.0321060114679,4887,0,0.0,0.0,75.48351655645459,False,insufficient_data,0.9156626506024097,0.0,0.9156626506024097,True,True,True,91.56626506024097,,,,exposure_only_no_risk_signal
jc,2023,10,JC008,Newport Pkwy,40.72873642617198,-74.03211752772846,3927,0,0.0,0.0,93.93632427079031,False,insufficient_data,0.9156626506024097,0.0,0.9156626506024097,True,True,True,91.56626506024097,,,,exposure_only_no_risk_signal
jc,2025,4,JC109,Bergen Ave & Sip Ave,40.73100888698728,-74.06443700194359,3219,0,0.0,0.0,114.59706288020922,False,insufficient_data,0.9156626506024097,0.0,0.9156626506024097,True,True,True,91.56626506024097,,,,exposure_only_no_risk_signal
jc,2025,3,JC116,Exchange Pl,40.71636596185077,-74.034343957901,3058,0,0.0,0.0,120.63045958515157,False,insufficient_data,0.9156626506024097,0.0,0.9156626506024097,True,True,True,91.56626506024097,,,,exposure_only_no_risk_signal
jc,2023,11,HB603,8 St & Washington St,40.74598077595504,-74.0281796713896,3032,0,0.0,0.0,121.66488964755725,False,insufficient_data,0.9156626506024097,0.0,0.9156626506024097,True,True,True,91.56626506024097,,,,exposure_only_no_risk_signal
jc,2023,12,HB105,City Hall - Washington St & 1 St,40.737316394088914,-74.03100298999003,2407,0,0.0,0.0,153.2563130084726,False,insufficient_data,0.9156626506024097,0.0,0.9156626506024097,True,True,True,91.56626506024097,,,,exposure_only_no_risk_signal
jc,2025,2,HB609,River St & 1 St,40.73721535335381,-74.02886540972803,1869,0,0.0,0.0,197.37182740042456,False,insufficient_data,0.9156626506024097,0.0,0.9156626506024097,True,True,True,91.56626506024097,,,,exposure_only_no_risk_signal
jc,2025,9,HB502,11 St & Washington St,40.74998490907138,-74.02715027332306,4445,0,0.0,0.0,82.98941404080844,False,insufficient_data,0.9148936170212765,0.0,0.9148936170212765,True,True,True,91.48936170212765,,,,exposure_only_no_risk_signal
jc,2025,10,JC116,Exchange Pl,40.71636596185077,-74.034343957901,4124,0,0.0,0.0,89.44906532769,False,insufficient_data,0.9148936170212765,0.0,0.9148936170212765,True,True,True,91.48936170212765,,,,exposure_only_no_risk_signal
jc,2025,11,HB501,Columbus Park - Clinton St & 9 St,40.74816121065146,-74.0324530005455,3049,0,0.0,0.0,120.98653506441245,False,insufficient_data,0.9148936170212765,0.0,0.9148936170212765,True,True,True,91.48936170212765,,,,exposure_only_no_risk_signal
jc,2023,7,JC008,Newport Pkwy,40.72875816578648,-74.03210274552268,4674,0,0.0,0.0,78.92339439696053,False,insufficient_data,0.9146341463414634,0.0,0.9146341463414634,True,True,True,91.46341463414635,,,,exposure_only_no_risk_signal
jc,2023,6,JC008,Newport Pkwy,40.72874628788541,-74.03212410231501,4349,0,0.0,0.0,84.8213256866851,False,insufficient_data,0.9146341463414634,0.0,0.9146341463414634,True,True,True,91.46341463414635,,,,exposure_only_no_risk_signal
jc,2023,5,HB202,14 St Ferry - 14 St & Shipyard Ln,40.752941704550345,-74.0243344483091,4271,0,0.0,0.0,86.37039227613991,False,insufficient_data,0.9146341463414634,0.0,0.9146341463414634,True,True,True,91.46341463414635,,,,exposure_only_no_risk_signal
jc,2023,4,JC008,Newport Pkwy,40.72874576526327,-74.03210415003802,3392,0,0.0,0.0,108.75234239722687,False,insufficient_data,0.9146341463414634,0.0,0.9146341463414634,True,True,True,91.46341463414635,,,,exposure_only_no_risk_signal
jc,2023,3,JC009,Hamilton Park,40.72757430750869,-74.04425708410513,2686,0,0.0,0.0,137.3372842186871,False,insufficient_data,0.9146341463414634,0.0,0.9146341463414634,True,True,True,91.46341463414635,,,,exposure_only_no_risk_signal
jc,2023,1,JC009,Hamilton Park,40.72758032855625,-74.04424702856214,2551,0,0.0,0.0,144.60523144311782,False,insufficient_data,0.9135802469135803,0.0,0.9135802469135803,True,True,True,91.35802469135803,,,,exposure_only_no_risk_signal
jc,2023,2,JC003,City Hall,40.71772587674821,-74.0438480477866,2371,0,0.0,0.0,155.5832751629665,False,insufficient_data,0.9135802469135803,0.0,0.9135802469135803,True,True,True,91.35802469135803,,,,exposure_only_no_risk_signal
jc,2025,8,HB202,14 St Ferry - 14 St & Shipyard Ln,40.75296063046496,-74.02435272932053,4172,0,0.0,0.0,88.41992938911638,False,insufficient_data,0.9090909090909091,0.0,0.9090909090909091,True,True,True,90.9090909090909,,,,exposure_only_no_risk_signal
jc,2025,12,HB612,Newark St & Washington St,40.73681,-74.0309,1749,0,0.0,0.0,210.91363374007634,False,insufficient_data,0.9074074074074074,0.0,0.9074074074074074,True,True,True,90.74074074074075,,,,exposure_only_no_risk_signal
jc,2025,6,HB502,11 St & Washington St,40.74998490907138,-74.02715027332306,3997,0,0.0,0.0,92.2912047564157,False,insufficient_data,0.9058823529411765,0.0,0.9058823529411765,True,True,True,90.58823529411765,,,,exposure_only_no_risk_signal
jc,2023,9,JC105,Hoboken Ave at Monmouth St,40.735211982265184,-74.04689967996859,3718,0,0.0,0.0,99.21676853453295,False,insufficient_data,0.9058823529411765,0.0,0.9058823529411765,True,True,True,90.58823529411765,,,,exposure_only_no_risk_signal
jc,2025,1,HB609,River St & 1 St,40.73721535335381,-74.02886540972803,2169,0,0.0,0.0,170.0728194612234,False,insufficient_data,0.9058823529411765,0.0,0.9058823529411765,True,True,True,90.58823529411765,,,,exposure_only_no_risk_signal
jc,2025,7,JC013,Marin Light Rail,40.71458403535893,-74.04281705617905,4114,0,0.0,0.0,89.66649134939075,False,insufficient_data,0.9047619047619048,0.0,0.9047619047619048,True,True,True,90.47619047619048,,,,exposure_only_no_risk_signal
jc,2025,5,HB502,11 St & Washington St,40.74998490907138,-74.02715027332306,3664,0,0.0,0.0,100.67902440267292,False,insufficient_data,0.9047619047619048,0.0,0.9047619047619048,True,True,True,90.47619047619048,,,,exposure_only_no_risk_signal
jc,2025,9,HB501,Columbus Park - Clinton St & 9 St,40.74816121065146,-74.0324530005455,4314,0,0.0,0.0,85.50949128683207,False,insufficient_data,0.9042553191489362,0.0,0.9042553191489362,True,True,True,90.42553191489363,,,,exposure_only_no_risk_signal
jc,2025,10,JC109,Bergen Ave & Sip Ave,40.73100888698729,-74.06443700194359,3884,0,0.0,0.0,94.97629902456065,False,insufficient_data,0.9042553191489362,0.0,0.9042553191489362,True,True,True,90.42553191489363,,,,exposure_only_no_risk_signal
jc,2025,11,JC116,Exchange Pl,40.71636596185077,-74.034343957901,2935,0,0.0,0.0,125.68584170745947,False,insufficient_data,0.9042553191489362,0.0,0.9042553191489362,True,True,True,90.42553191489363,,,,exposure_only_no_risk_signal
jc,2023,8,JC009,Hamilton Park,40.7275710066411,-74.0442391182847,4666,0,0.0,0.0,79.05871097543796,False,insufficient_data,0.9036144578313254,0.0,0.9036144578313254,True,True,True,90.36144578313254,,,,exposure_only_no_risk_signal
jc,2023,10,HB501,Columbus Park - Clinton St & 9 St,40.74815732353318,-74.0324700224365,3923,0,0.0,0.0,94.0321043618133,False,insufficient_data,0.9036144578313254,0.0,0.9036144578313254,True,True,True,90.36144578313254,,,,exposure_only_no_risk_signal
jc,2025,4,JC008,Newport Pkwy,40.7287448,-74.0321082,3146,0,0.0,0.0,117.25618099535714,False,insufficient_data,0.9036144578313254,0.0,0.9036144578313254,True,True,True,90.36144578313254,,,,exposure_only_no_risk_signal
jc,2023,11,HB103,South Waterfront Walkway - Sinatra Dr & 1 St,40.73701056527698,-74.0277718807197,3004,0,0.0,0.0,122.79891658168894,False,insufficient_data,0.9036144578313254,0.0,0.9036144578313254,True,True,True,90.36144578313254,,,,exposure_only_no_risk_signal
jc,2025,3,HB502,11 St & Washington St,40.74998490907138,-74.02715027332306,2839,0,0.0,0.0,129.9358736919315,False,insufficient_data,0.9036144578313254,0.0,0.9036144578313254,True,True,True,90.36144578313254,,,,exposure_only_no_risk_signal
jc,2023,12,HB603,8 St & Washington St,40.745981979835065,-74.02816143957972,2390,0,0.0,0.0,154.34642067422322,False,insufficient_data,0.9036144578313254,0.0,0.9036144578313254,True,True,True,90.36144578313254,,,,exposure_only_no_risk_signal
jc,2025,2,JC008,Newport Pkwy,40.7287448,-74.0321082,1718,0,0.0,0.0,214.71940943620112,False,insufficient_data,0.9036144578313254,0.0,0.9036144578313254,True,True,True,90.36144578313254,,,,exposure_only_no_risk_signal
jc,2023,7,JC009,Hamilton Park,40.72758910688526,-74.04425098518801,4654,0,0.0,0.0,79.26255810300677,False,insufficient_data,0.9024390243902439,0.0,0.9024390243902439,True,True,True,90.2439024390244,,,,exposure_only_no_risk_signal
jc,2023,6,HB201,12 St & Sinatra Dr N,40.750584523449625,-74.02407424533338,4330,0,0.0,0.0,85.19352088022946,False,insufficient_data,0.9024390243902439,0.0,0.9024390243902439,True,True,True,90.2439024390244,,,,exposure_only_no_risk_signal
jc,2023,5,JC008,Newport Pkwy,40.72874530818372,-74.03210620134159,4242,0,0.0,0.0,86.96085464672171,False,insufficient_data,0.9024390243902439,0.0,0.9024390243902439,True,True,True,90.2439024390244,,,,exposure_only_no_risk_signal
jc,2023,4,JC009,Hamilton Park,40.72758583464551,-74.04424843236924,3323,0,0.0,0.0,111.01051622371156,False,insufficient_data,0.9024390243902439,0.0,0.9024390243902439,True,True,True,90.2439024390244,,,,exposure_only_no_risk_signal
jc,2023,3,JC008,Newport Pkwy,40.728746407955775,-74.03210311120472,2374,0,0.0,0.0,155.38666613790798,False,insufficient_data,0.9024390243902439,0.0,0.9024390243902439,True,True,True,90.2439024390244,,,,exposure_only_no_risk_signal
jc,2023,2,JC009,Hamilton Park,40.72758099165498,-74.04424994393497,2168,0,0.0,0.0,170.1512663336686,False,insufficient_data,0.9012345679012346,0.0,0.9012345679012346,True,True,True,90.12345679012346,,,,exposure_only_no_risk_signal
jc,2023,1,JC008,Newport Pkwy,40.72874576253714,-74.03210406974372,2154,0,0.0,0.0,171.2571705716776,False,insufficient_data,0.9012345679012346,0.0,0.9012345679012346,True,True,True,90.12345679012346,,,,exposure_only_no_risk_signal
jc,2025,12,HB402,Madison St & 1 St,40.73879,-74.0393,1737,0,0.0,0.0,212.37072274691627,False,insufficient_data,0.8981481481481481,0.0,0.8981481481481481,False,True,True,89.81481481481481,,,,exposure_only_no_risk_signal
jc,2019,9,3195,Sip Ave,40.73089709786179,-74.06391263008118,4115,0,0.0,0.0,89.64470119353427,False,insufficient_data,0.8979591836734694,0.0,0.8979591836734694,False,True,True,89.79591836734694,,,,exposure_only_no_risk_signal
jc,2019,8,3276,Marin Light Rail,40.71458403535893,-74.04281705617905,3922,0,0.0,0.0,94.05607991111513,False,insufficient_data,0.8979591836734694,0.0,0.8979591836734694,False,True,True,89.79591836734694,,,,exposure_only_no_risk_signal
jc,2019,10,3202,Newport PATH,40.7272235,-74.0337589,3701,0,0.0,0.0,99.67250619059539,False,insufficient_data,0.8979591836734694,0.0,0.8979591836734694,False,True,True,89.79591836734694,,,,exposure_only_no_risk_signal
jc,2019,7,3276,Marin Light Rail,40.71458403535893,-74.04281705617905,3286,0,0.0,0.0,112.26048247455678,False,insufficient_data,0.8979591836734694,0.0,0.8979591836734694,False,True,True,89.79591836734694,,,,exposure_only_no_risk_signal
jc,2020,9,3203,Hamilton Park,40.727595966,-74.044247311,3262,0,0.0,0.0,113.08643329595142,False,insufficient_data,0.8979591836734694,0.0,0.8979591836734694,False,True,True,89.79591836734694,,,,exposure_only_no_risk_signal
jc,2020,7,3792,Columbus Dr at Exchange Pl,40.71687,-74.03281,2991,0,0.0,0.0,123.33264640969358,False,insufficient_data,0.8979591836734694,0.0,0.8979591836734694,False,True,True,89.79591836734694,,,,exposure_only_no_risk_signal
jc,2019,11,3202,Newport PATH,40.7272235,-74.0337589,2617,0,0.0,0.0,140.9583283956414,False,insufficient_data,0.8979591836734694,0.0,0.8979591836734694,False,True,True,89.79591836734694,,,,exposure_only_no_risk_signal
jc,2019,5,3276,Marin Light Rail,40.71458403535893,-74.04281705617905,2578,0,0.0,0.0,143.090746862449,False,insufficient_data,0.8979591836734694,0.0,0.8979591836734694,False,True,True,89.79591836734694,,,,exposure_only_no_risk_signal
jc,2020,10,3195,Sip Ave,40.73089709786179,-74.06391263008118,2283,0,0.0,0.0,161.58035278641853,False,insufficient_data,0.8979591836734694,0.0,0.8979591836734694,False,True,True,89.79591836734694,,,,exposure_only_no_risk_signal
jc,2020,1,3202,Newport PATH,40.7272235,-74.0337589,1942,0,0.0,0.0,189.9525980491213,False,insufficient_data,0.8979591836734694,0.0,0.8979591836734694,False,True,True,89.79591836734694,,,,exposure_only_no_risk_signal
jc,2020,2,3792,Columbus Dr at Exchange Pl,40.71687,-74.03281,1925,0,0.0,0.0,191.63010151241224,False,insufficient_data,0.8979591836734694,0.0,0.8979591836734694,False,True,True,89.79591836734694,,,,exposure_only_no_risk_signal
jc,2020,11,3203,Hamilton Park,40.72759596600001,-74.044247311,1764,0,0.0,0.0,209.12015045997364,False,insufficient_data,0.8979591836734694,0.0,0.8979591836734694,False,True,True,89.79591836734694,,,,exposure_only_no_risk_signal
jc,2020,3,3202,Newport PATH,40.7272235,-74.0337589,1373,0,0.0,0.0,268.6729391197331,False,insufficient_data,0.8979591836734694,0.0,0.8979591836734694,False,True,True,89.79591836734694,,,,exposure_only_no_risk_signal
jc,2025,8,JC013,Marin Light Rail,40.71458403535893,-74.04281705617905,4154,0,0.0,0.0,88.80306822614192,False,insufficient_data,0.8977272727272727,0.0,0.8977272727272727,False,True,True,89.77272727272727,,,,exposure_only_no_risk_signal
jc,2020,8,3792,Columbus Dr at Exchange Pl,40.71687,-74.03281,3382,0,0.0,0.0,109.07390461602411,False,insufficient_data,0.8958333333333335,0.0,0.8958333333333335,False,True,True,89.58333333333334,,,,exposure_only_no_risk_signal
jc,2019,6,3184,Paulus Hook,40.7141454,-74.0335519,3126,0,0.0,0.0,118.00638048988918,False,insufficient_data,0.8958333333333335,0.0,0.8958333333333335,False,True,True,89.58333333333334,,,,exposure_only_no_risk_signal
jc,2020,6,3639,Harborside,40.7192517,-74.034234,2975,0,0.0,0.0,123.9959480374432,False,insufficient_data,0.8958333333333335,0.0,0.8958333333333335,False,True,True,89.58333333333334,,,,exposure_only_no_risk_signal
jc,2019,4,3639,Harborside,40.7192517,-74.034234,2746,0,0.0,0.0,134.33646955986654,False,insufficient_data,0.8958333333333335,0.0,0.8958333333333335,False,True,True,89.58333333333334,,,,exposure_only_no_risk_signal
jc,2020,5,3203,Hamilton Park,40.727595966,-74.044247311,2015,0,0.0,0.0,183.07094065081566,False,insufficient_data,0.8958333333333335,0.0,0.8958333333333335,False,True,True,89.58333333333334,,,,exposure_only_no_risk_signal
jc,2019,3,3639,Harborside,40.7192517,-74.034234,1807,0,0.0,0.0,204.1438546825642,False,insufficient_data,0.8958333333333335,0.0,0.8958333333333335,False,True,True,89.58333333333334,,,,exposure_only_no_risk_signal
jc,2019,12,3639,Harborside,40.7192517,-74.034234,1638,0,0.0,0.0,225.20631587997164,False,insufficient_data,0.8958333333333335,0.0,0.8958333333333335,False,True,True,89.58333333333334,,,,exposure_only_no_risk_signal
jc,2019,1,3639,Harborside,40.7192517,-74.034234,1478,0,0.0,0.0,249.58588999417697,False,insufficient_data,0.8958333333333335,0.0,0.8958333333333335,False,True,True,89.58333333333334,,,,exposure_only_no_risk_signal
jc,2019,2,3639,Harborside,40.7192517,-74.034234,1372,0,0.0,0.0,268.86876487710896,False,insufficient_data,0.8958333333333335,0.0,0.8958333333333335,False,True,True,89.58333333333334,,,,exposure_only_no_risk_signal
jc,2020,12,3187,Warren St,40.7211236,-74.03805095,796,0,0.0,0.0,463.4270670997406,False,insufficient_data,0.8958333333333335,0.0,0.8958333333333335,False,True,True,89.58333333333334,,,,exposure_only_no_risk_signal
jc,2020,4,3203,Hamilton Park,40.727595966,-74.044247311,715,0,0.0,0.0,515.9271963795713,False,insufficient_data,0.8958333333333335,0.0,0.8958333333333335,False,True,True,89.58333333333334,,,,exposure_only_no_risk_signal
jc,2025,6,JC013,Marin Light Rail,40.71458403535893,-74.04281705617905,3988,0,0.0,0.0,92.49948480727019,False,insufficient_data,0.8941176470588236,0.0,0.8941176470588236,False,True,True,89.41176470588236,,,,exposure_only_no_risk_signal
jc,2023,9,HB201,12 St & Sinatra Dr N,40.75052284223174,-74.0241228772509,3577,0,0.0,0.0,103.12774543231578,False,insufficient_data,0.8941176470588236,0.0,0.8941176470588236,False,True,True,89.41176470588236,,,,exposure_only_no_risk_signal
jc,2025,1,JC116,Exchange Pl,40.71636596185077,-74.034343957901,2016,0,0.0,0.0,182.98013165247696,False,insufficient_data,0.8941176470588236,0.0,0.8941176470588236,False,True,True,89.41176470588236,,,,exposure_only_no_risk_signal
jc,2025,9,JC109,Bergen Ave & Sip Ave,40.73100888698729,-74.06443700194359,4202,0,0.0,0.0,87.78865906982236,False,insufficient_data,0.8936170212765957,0.0,0.8936170212765957,False,True,True,89.36170212765957,,,,exposure_only_no_risk_signal
jc,2025,10,HB202,14 St Ferry - 14 St & Shipyard Ln,40.75296063046496,-74.02435272932053,3853,0,0.0,0.0,95.74044780986077,False,insufficient_data,0.8936170212765957,0.0,0.8936170212765957,False,True,True,89.36170212765957,,,,exposure_only_no_risk_signal
jc,2025,11,HB609,River St & 1 St,40.73721535335381,-74.02886540972803,2811,0,0.0,0.0,131.23014778064515,False,insufficient_data,0.8936170212765957,0.0,0.8936170212765957,False,True,True,89.36170212765957,,,,exposure_only_no_risk_signal
jc,2025,7,JC105,Hoboken Ave at Monmouth St,40.73520838045357,-74.04696375131607,4095,0,0.0,0.0,90.08252635198865,False,insufficient_data,0.8928571428571429,0.0,0.8928571428571429,False,True,True,89.28571428571429,,,,exposure_only_no_risk_signal
jc,2025,5,JC109,Bergen Ave & Sip Ave,40.73100888698729,-74.06443700194359,3662,0,0.0,0.0,100.73401021610964,False,insufficient_data,0.8928571428571429,0.0,0.8928571428571429,False,True,True,89.28571428571429,,,,exposure_only_no_risk_signal
jc,2023,8,JC013,Marin Light Rail,40.714598843326776,-74.04281186799962,4458,0,0.0,0.0,82.74740812278904,False,insufficient_data,0.891566265060241,0.0,0.891566265060241,False,True,True,89.1566265060241,,,,exposure_only_no_risk_signal
jc,2023,10,HB603,8 St & Washington St,40.74595430025832,-74.02820144562001,3860,0,0.0,0.0,95.56682523611231,False,insufficient_data,0.891566265060241,0.0,0.891566265060241,False,True,True,89.1566265060241,,,,exposure_only_no_risk_signal
jc,2025,4,HB609,River St & 1 St,40.73721535335381,-74.02886540972803,3045,0,0.0,0.0,121.14546647336405,False,insufficient_data,0.891566265060241,0.0,0.891566265060241,False,True,True,89.1566265060241,,,,exposure_only_no_risk_signal
jc,2023,11,HB609,River St & 1 St,40.73723168127827,-74.02885946827293,2976,0,0.0,0.0,123.9542827323231,False,insufficient_data,0.891566265060241,0.0,0.891566265060241,False,True,True,89.1566265060241,,,,exposure_only_no_risk_signal
jc,2025,3,HB603,8 St & Washington St,40.74598388291562,-74.02819901704788,2777,0,0.0,0.0,132.83685466740855,False,insufficient_data,0.891566265060241,0.0,0.891566265060241,False,True,True,89.1566265060241,,,,exposure_only_no_risk_signal
jc,2023,12,HB502,11 St & Washington St,40.749980459050754,-74.02720392598877,2286,0,0.0,0.0,161.36830507934977,False,insufficient_data,0.891566265060241,0.0,0.891566265060241,False,True,True,89.1566265060241,,,,exposure_only_no_risk_signal
jc,2025,2,HB501,Columbus Park - Clinton St & 9 St,40.74816121065146,-74.0324530005455,1642,0,0.0,0.0,224.65770122496562,False,insufficient_data,0.891566265060241,0.0,0.891566265060241,False,True,True,89.1566265060241,,,,exposure_only_no_risk_signal
jc,2023,7,JC013,Marin Light Rail,40.71460010798899,-74.04281177845904,4272,0,0.0,0.0,86.35017448768575,False,insufficient_data,0.8902439024390244,0.0,0.8902439024390244,False,True,True,89.02439024390245,,,,exposure_only_no_risk_signal
jc,2023,5,HB502,11 St & Washington St,40.74998686802587,-74.02717081602393,3924,0,0.0,0.0,94.00814103246522,False,insufficient_data,0.8902439024390244,0.0,0.8902439024390244,False,True,True,89.02439024390245,,,,exposure_only_no_risk_signal
jc,2023,6,HB202,14 St Ferry - 14 St & Shipyard Ln,40.75288777087035,-74.02434532561288,3847,0,0.0,0.0,95.88977005754965,False,insufficient_data,0.8902439024390244,0.0,0.8902439024390244,False,True,True,89.02439024390245,,,,exposure_only_no_risk_signal
jc,2023,4,HB502,11 St & Washington St,40.749988527378086,-74.02717583672043,3070,0,0.0,0.0,120.15893987341809,False,insufficient_data,0.8902439024390244,0.0,0.8902439024390244,False,True,True,89.02439024390245,,,,exposure_only_no_risk_signal
jc,2023,3,JC003,City Hall,40.71772689354923,-74.04384697335361,2285,0,0.0,0.0,161.43892578179148,False,insufficient_data,0.8902439024390244,0.0,0.8902439024390244,False,True,True,89.02439024390245,,,,exposure_only_no_risk_signal
jc,2023,1,HB502,11 St & Washington St,40.74999066883026,-74.02718259203088,2151,0,0.0,0.0,171.49602297135914,False,insufficient_data,0.8888888888888888,0.0,0.8888888888888888,False,True,True,88.88888888888889,,,,exposure_only_no_risk_signal
jc,2023,2,JC008,Newport Pkwy,40.72874049661316,-74.03210496400793,2143,0,0.0,0.0,172.13623210984298,False,insufficient_data,0.8888888888888888,0.0,0.8888888888888888,False,True,True,88.88888888888889,,,,exposure_only_no_risk_signal
jc,2025,12,HB303,Clinton St & 7 St,40.74542,-74.03332,1718,0,0.0,0.0,214.71940943620112,False,insufficient_data,0.8888888888888888,0.0,0.8888888888888888,False,True,True,88.88888888888889,,,,exposure_only_no_risk_signal
jc,2025,8,JC109,Bergen Ave & Sip Ave,40.73100888698729,-74.06443700194359,4114,0,0.0,0.0,89.66649134939075,False,insufficient_data,0.8863636363636364,0.0,0.8863636363636364,False,True,True,88.63636363636364,,,,exposure_only_no_risk_signal
jc,2025,9,JC008,Newport Pkwy,40.7287448,-74.0321082,4150,0,0.0,0.0,88.8886615449141,False,insufficient_data,0.8829787234042553,0.0,0.8829787234042553,False,True,True,88.29787234042553,,,,exposure_only_no_risk_signal
jc,2025,10,JC066,Newport PATH,40.7272235,-74.0337589,3848,0,0.0,0.0,95.86485067863659,False,insufficient_data,0.8829787234042553,0.0,0.8829787234042553,False,True,True,88.29787234042553,,,,exposure_only_no_risk_signal
jc,2025,11,HB103,South Waterfront Walkway - Sinatra Dr & 1 St,40.73698221818716,-74.02778059244156,2562,0,0.0,0.0,143.98436589047367,False,insufficient_data,0.8829787234042553,0.0,0.8829787234042553,False,True,True,88.29787234042553,,,,exposure_only_no_risk_signal
jc,2025,6,JC109,Bergen Ave & Sip Ave,40.73100888698729,-74.06443700194359,3682,0,0.0,0.0,100.18684014432198,False,insufficient_data,0.8823529411764706,0.0,0.8823529411764706,False,True,True,88.23529411764706,,,,exposure_only_no_risk_signal
jc,2023,9,HB502,11 St & Washington St,40.74990039263428,-74.02723804402942,3501,0,0.0,0.0,105.36645113150342,False,insufficient_data,0.8823529411764706,0.0,0.8823529411764706,False,True,True,88.23529411764706,,,,exposure_only_no_risk_signal
jc,2025,1,HB501,Columbus Park - Clinton St & 9 St,40.74816121065146,-74.0324530005455,2012,0,0.0,0.0,183.3439092501956,False,insufficient_data,0.8823529411764706,0.0,0.8823529411764706,False,True,True,88.23529411764706,,,,exposure_only_no_risk_signal
jc,2025,7,JC109,Bergen Ave & Sip Ave,40.73100888698729,-74.06443700194359,4057,0,0.0,0.0,90.9262867664268,False,insufficient_data,0.8809523809523809,0.0,0.8809523809523809,False,True,True,88.09523809523809,,,,exposure_only_no_risk_signal
jc,2025,5,JC008,Newport Pkwy,40.7287448,-74.0321082,3587,0,0.0,0.0,102.84024126328228,False,insufficient_data,0.8809523809523809,0.0,0.8809523809523809,False,True,True,88.09523809523809,,,,exposure_only_no_risk_signal
jc,2025,12,HB105,City Hall - Washington St & 1 St,40.73736,-74.03097,1606,0,0.0,0.0,229.6936148265215,False,insufficient_data,0.8796296296296297,0.0,0.8796296296296297,False,True,True,87.96296296296296,,,,exposure_only_no_risk_signal
jc,2023,8,HB607,Hudson St & 4 St,40.74092398301613,-74.02862366083609,4224,0,0.0,0.0,87.33142647050036,False,insufficient_data,0.8795180722891566,0.0,0.8795180722891566,False,True,True,87.95180722891565,,,,exposure_only_no_risk_signal
jc,2023,10,HB502,11 St & Washington St,40.749949726437016,-74.02723852877502,3730,0,0.0,0.0,98.89757249635215,False,insufficient_data,0.8795180722891566,0.0,0.8795180722891566,False,True,True,87.95180722891565,,,,exposure_only_no_risk_signal
jc,2025,4,HB502,11 St & Washington St,40.74998490907138,-74.02715027332306,2997,0,0.0,0.0,123.0857342046692,False,insufficient_data,0.8795180722891566,0.0,0.8795180722891566,False,True,True,87.95180722891565,,,,exposure_only_no_risk_signal
jc,2023,11,HB501,Columbus Park - Clinton St & 9 St,40.7481725215662,-74.03246128564156,2968,0,0.0,0.0,124.28839131111641,False,insufficient_data,0.8795180722891566,0.0,0.8795180722891566,False,True,True,87.95180722891565,,,,exposure_only_no_risk_signal
jc,2025,3,HB501,Columbus Park - Clinton St & 9 St,40.74816121065146,-74.0324530005455,2761,0,0.0,0.0,133.6066444807655,False,insufficient_data,0.8795180722891566,0.0,0.8795180722891566,False,True,True,87.95180722891565,,,,exposure_only_no_risk_signal
jc,2023,12,HB501,Columbus Park - Clinton St & 9 St,40.74817153805248,-74.03245335035307,2257,0,0.0,0.0,163.44171263242956,False,insufficient_data,0.8795180722891566,0.0,0.8795180722891566,False,True,True,87.95180722891565,,,,exposure_only_no_risk_signal
jc,2025,2,HB603,8 St & Washington St,40.74598388291562,-74.02819901704788,1641,0,0.0,0.0,224.7946041507578,False,insufficient_data,0.8795180722891566,0.0,0.8795180722891566,False,True,True,87.95180722891565,,,,exposure_only_no_risk_signal
jc,2023,7,JC109,Bergen Ave & Sip Ave,40.73103357385609,-74.06438138739301,4082,0,0.0,0.0,90.36941337858735,False,insufficient_data,0.878048780487805,0.0,0.878048780487805,False,True,True,87.8048780487805,,,,exposure_only_no_risk_signal
jc,2023,6,JC013,Marin Light Rail,40.71458581021064,-74.04281708646944,3756,0,0.0,0.0,98.21297801155312,False,insufficient_data,0.878048780487805,0.0,0.878048780487805,False,True,True,87.8048780487805,,,,exposure_only_no_risk_signal
jc,2023,5,HB201,12 St & Sinatra Dr N,40.75060999063779,-74.02403775292728,3718,0,0.0,0.0,99.21676853453295,False,insufficient_data,0.878048780487805,0.0,0.878048780487805,False,True,True,87.8048780487805,,,,exposure_only_no_risk_signal
jc,2023,4,HB202,14 St Ferry - 14 St & Shipyard Ln,40.75292864618715,-74.02432418930992,3031,0,0.0,0.0,121.70502982889921,False,insufficient_data,0.878048780487805,0.0,0.878048780487805,False,True,True,87.8048780487805,,,,exposure_only_no_risk_signal
jc,2023,3,JC105,Hoboken Ave at Monmouth St,40.73522710561667,-74.04694325566396,2279,0,0.0,0.0,161.8639514749423,False,insufficient_data,0.878048780487805,0.0,0.878048780487805,False,True,True,87.8048780487805,,,,exposure_only_no_risk_signal
jc,2019,8,3195,Sip Ave,40.73089709786179,-74.06391263008118,3888,0,0.0,0.0,94.87858678276584,False,insufficient_data,0.8775510204081632,0.0,0.8775510204081632,False,True,True,87.75510204081633,,,,exposure_only_no_risk_signal
jc,2019,9,3276,Marin Light Rail,40.71458403535893,-74.04281705617905,3575,0,0.0,0.0,103.18543927591428,False,insufficient_data,0.8775510204081632,0.0,0.8775510204081632,False,True,True,87.75510204081633,,,,exposure_only_no_risk_signal
jc,2019,10,3276,Marin Light Rail,40.71458403535893,-74.04281705617905,3138,0,0.0,0.0,117.55511326048233,False,insufficient_data,0.8775510204081632,0.0,0.8775510204081632,False,True,True,87.75510204081633,,,,exposure_only_no_risk_signal
jc,2020,9,3792,Columbus Dr at Exchange Pl,40.71687,-74.03281,3092,0,0.0,0.0,119.30399269449985,False,insufficient_data,0.8775510204081632,0.0,0.8775510204081632,False,True,True,87.75510204081633,,,,exposure_only_no_risk_signal
jc,2020,7,3639,Harborside,40.7192517,-74.034234,2844,0,0.0,0.0,129.7074350954267,False,insufficient_data,0.8775510204081632,0.0,0.8775510204081632,False,True,True,87.75510204081633,,,,exposure_only_no_risk_signal
jc,2019,5,3183,Exchange Place,40.7162469,-74.0334588,2518,0,0.0,0.0,146.5003754612365,False,insufficient_data,0.8775510204081632,0.0,0.8775510204081632,False,True,True,87.75510204081633,,,,exposure_only_no_risk_signal
jc,2019,7,3211,Newark Ave,40.72152515,-74.046304543,2503,0,0.0,0.0,147.37832417554677,False,insufficient_data,0.8775510204081632,0.0,0.8775510204081632,False,True,True,87.75510204081633,,,,exposure_only_no_risk_signal
jc,2020,10,3276,Marin Light Rail,40.71458403535893,-74.04281705617905,2279,0,0.0,0.0,161.8639514749423,False,insufficient_data,0.8775510204081632,0.0,0.8775510204081632,False,True,True,87.75510204081633,,,,exposure_only_no_risk_signal
jc,2019,11,3276,Marin Light Rail,40.71458403535893,-74.04281705617905,2198,0,0.0,0.0,167.82891056023365,False,insufficient_data,0.8775510204081632,0.0,0.8775510204081632,False,True,True,87.75510204081633,,,,exposure_only_no_risk_signal
jc,2020,1,3276,Marin Light Rail,40.71458403535894,-74.04281705617905,1752,0,0.0,0.0,210.55248025764473,False,insufficient_data,0.8775510204081632,0.0,0.8775510204081632,False,True,True,87.75510204081633,,,,exposure_only_no_risk_signal
jc,2020,11,3195,Sip Ave,40.73089709786179,-74.06391263008118,1661,0,0.0,0.0,222.08786599120623,False,insufficient_data,0.8775510204081632,0.0,0.8775510204081632,False,True,True,87.75510204081633,,,,exposure_only_no_risk_signal
jc,2020,2,3276,Marin Light Rail,40.71458403535893,-74.04281705617905,1462,0,0.0,0.0,252.31733612270418,False,insufficient_data,0.8775510204081632,0.0,0.8775510204081632,False,True,True,87.75510204081633,,,,exposure_only_no_risk_signal
jc,2020,3,3192,Liberty Light Rail,40.7112423,-74.0557013,1361,0,0.0,0.0,271.0418408606859,False,insufficient_data,0.8775510204081632,0.0,0.8775510204081632,False,True,True,87.75510204081633,,,,exposure_only_no_risk_signal
jc,2023,1,HB603,8 St & Washington St,40.7459834517048,-74.02817534343912,2094,0,0.0,0.0,176.16425282301506,False,insufficient_data,0.8765432098765431,0.0,0.8765432098765431,False,True,True,87.65432098765432,,,,exposure_only_no_risk_signal
jc,2023,2,HB603,8 St & Washington St,40.74598623422471,-74.028173255642,2042,0,0.0,0.0,180.65031606826324,False,insufficient_data,0.8765432098765431,0.0,0.8765432098765431,False,True,True,87.65432098765432,,,,exposure_only_no_risk_signal
jc,2025,8,HB502,11 St & Washington St,40.74998490907138,-74.02715027332306,4094,0,0.0,0.0,90.10452990019382,False,insufficient_data,0.875,0.0,0.875,False,True,True,87.5,,,,exposure_only_no_risk_signal
jc,2020,8,3205,JC Medical Center,40.71653978099194,-74.0496379137039,3380,0,0.0,0.0,109.13844538798624,False,insufficient_data,0.875,0.0,0.875,False,True,True,87.5,,,,exposure_only_no_risk_signal
jc,2019,6,3276,Marin Light Rail,40.71458403535893,-74.04281705617905,3045,0,0.0,0.0,121.14546647336405,False,insufficient_data,0.875,0.0,0.875,False,True,True,87.5,,,,exposure_only_no_risk_signal
jc,2020,6,3276,Marin Light Rail,40.71458403535893,-74.04281705617905,2949,0,0.0,0.0,125.08916426293439,False,insufficient_data,0.875,0.0,0.875,False,True,True,87.5,,,,exposure_only_no_risk_signal
jc,2020,5,3639,Harborside,40.7192517,-74.03423399999998,1860,0,0.0,0.0,198.32685237171697,False,insufficient_data,0.875,0.0,0.875,False,True,True,87.5,,,,exposure_only_no_risk_signal
jc,2019,4,3199,Newport Pkwy,40.7287448,-74.0321082,1855,0,0.0,0.0,198.86142609778628,False,insufficient_data,0.875,0.0,0.875,False,True,True,87.5,,,,exposure_only_no_risk_signal
jc,2019,3,3185,City Hall,40.7177325,-74.043845,1443,0,0.0,0.0,255.63960180969752,False,insufficient_data,0.875,0.0,0.875,False,True,True,87.5,,,,exposure_only_no_risk_signal
jc,2019,12,3276,Marin Light Rail,40.71458403535893,-74.04281705617905,1311,0,0.0,0.0,281.3790582848158,False,insufficient_data,0.875,0.0,0.875,False,True,True,87.5,,,,exposure_only_no_risk_signal
jc,2019,1,3211,Newark Ave,40.72152515,-74.046304543,1149,0,0.0,0.0,321.05130148946347,False,insufficient_data,0.875,0.0,0.875,False,True,True,87.5,,,,exposure_only_no_risk_signal
jc,2019,2,3211,Newark Ave,40.72152515,-74.046304543,1046,0,0.0,0.0,352.66533978144696,False,insufficient_data,0.875,0.0,0.875,False,True,True,87.5,,,,exposure_only_no_risk_signal
jc,2020,4,3192,Liberty Light Rail,40.7112423,-74.0557013,707,0,0.0,0.0,521.7651278803304,False,insufficient_data,0.875,0.0,0.875,False,True,True,87.5,,,,exposure_only_no_risk_signal
jc,2025,9,JC105,Hoboken Ave at Monmouth St,40.73520838045357,-74.04696375131607,4057,0,0.0,0.0,90.9262867664268,False,insufficient_data,0.872340425531915,0.0,0.872340425531915,False,True,True,87.2340425531915,,,,exposure_only_no_risk_signal
jc,2025,10,JC105,Hoboken Ave at Monmouth St,40.73520838045357,-74.04696375131607,3616,0,0.0,0.0,102.01547162925708,False,insufficient_data,0.872340425531915,0.0,0.872340425531915,False,True,True,87.2340425531915,,,,exposure_only_no_risk_signal
jc,2025,11,HB402,Madison St & 1 St,40.73879,-74.0393,2544,0,0.0,0.0,145.00312319630248,False,insufficient_data,0.872340425531915,0.0,0.872340425531915,False,True,True,87.2340425531915,,,,exposure_only_no_risk_signal
jc,2023,9,JC116,Exchange Pl,40.716429169975854,-74.03439695749469,3461,0,0.0,0.0,106.58420844015994,False,insufficient_data,0.8705882352941177,0.0,0.8705882352941177,False,True,True,87.05882352941177,,,,exposure_only_no_risk_signal
jc,2025,6,HB103,South Waterfront Walkway - Sinatra Dr & 1 St,40.73698221818716,-74.02778059244156,3402,0,0.0,0.0,108.43267060887524,False,insufficient_data,0.8705882352941177,0.0,0.8705882352941177,False,True,True,87.05882352941177,,,,exposure_only_no_risk_signal
jc,2025,1,HB402,Madison St & 1 St,40.73879,-74.0393,1844,0,0.0,0.0,200.04769273936742,False,insufficient_data,0.8705882352941177,0.0,0.8705882352941177,False,True,True,87.05882352941177,,,,exposure_only_no_risk_signal
jc,2025,12,HB505,Willow Ave & 12 St,40.7518674823282,-74.03037697076797,1592,0,0.0,0.0,231.7135335498703,False,insufficient_data,0.8703703703703703,0.0,0.8703703703703703,False,True,True,87.03703703703704,,,,exposure_only_no_risk_signal
jc,2025,7,JC066,Newport PATH,40.7272235,-74.0337589,4021,0,0.0,0.0,91.74034951787951,False,insufficient_data,0.8690476190476191,0.0,0.8690476190476191,False,True,True,86.90476190476191,,,,exposure_only_no_risk_signal
jc,2025,5,HB609,River St & 1 St,40.73721535335381,-74.02886540972803,3302,0,0.0,0.0,111.71651890108829,False,insufficient_data,0.8690476190476191,0.0,0.8690476190476191,False,True,True,86.90476190476191,,,,exposure_only_no_risk_signal
jc,2023,8,JC116,Exchange Pl,40.716390620978345,-74.03439404110543,4211,0,0.0,0.0,87.60103191911506,False,insufficient_data,0.8674698795180723,0.0,0.8674698795180723,False,True,True,86.74698795180723,,,,exposure_only_no_risk_signal
jc,2023,10,JC109,Bergen Ave & Sip Ave,40.73102190713548,-74.06440288532067,3720,0,0.0,0.0,99.16342618585848,False,insufficient_data,0.8674698795180723,0.0,0.8674698795180723,False,True,True,86.74698795180723,,,,exposure_only_no_risk_signal
jc,2025,4,JC105,Hoboken Ave at Monmouth St,40.73520838045357,-74.04696375131607,2886,0,0.0,0.0,127.81980090484876,False,insufficient_data,0.8674698795180723,0.0,0.8674698795180723,False,True,True,86.74698795180723,,,,exposure_only_no_risk_signal
jc,2023,11,HB502,11 St & Washington St,40.74997896887748,-74.02720174390714,2871,0,0.0,0.0,128.48761595659823,False,insufficient_data,0.8674698795180723,0.0,0.8674698795180723,False,True,True,86.74698795180723,,,,exposure_only_no_risk_signal
jc,2025,3,HB609,River St & 1 St,40.73721535335381,-74.02886540972803,2660,0,0.0,0.0,138.67967872608781,False,insufficient_data,0.8674698795180723,0.0,0.8674698795180723,False,True,True,86.74698795180723,,,,exposure_only_no_risk_signal
jc,2023,12,HB103,South Waterfront Walkway - Sinatra Dr & 1 St,40.73701789029958,-74.02777231274833,2239,0,0.0,0.0,164.75567012567822,False,insufficient_data,0.8674698795180723,0.0,0.8674698795180723,False,True,True,86.74698795180723,,,,exposure_only_no_risk_signal
jc,2025,2,HB602,Stevens - River Ter & 6 St,40.74313282710551,-74.02698867022991,1639,0,0.0,0.0,225.06891117229623,False,insufficient_data,0.8674698795180723,0.0,0.8674698795180723,False,True,True,86.74698795180723,,,,exposure_only_no_risk_signal
jc,2023,7,HB502,11 St & Washington St,40.749974055568266,-74.02720182883014,4060,0,0.0,0.0,90.85909985502303,False,insufficient_data,0.8658536585365852,0.0,0.8658536585365852,False,True,True,86.58536585365853,,,,exposure_only_no_risk_signal
jc,2023,6,JC105,Hoboken Ave at Monmouth St,40.73521953782704,-74.04694352507379,3708,0,0.0,0.0,99.4843434227059,False,insufficient_data,0.8658536585365852,0.0,0.8658536585365852,False,True,True,86.58536585365853,,,,exposure_only_no_risk_signal
jc,2023,5,JC109,Bergen Ave & Sip Ave,40.731027359658405,-74.06443658506993,3546,0,0.0,0.0,104.02931342678892,False,insufficient_data,0.8658536585365852,0.0,0.8658536585365852,False,True,True,86.58536585365853,,,,exposure_only_no_risk_signal
jc,2023,4,HB607,Hudson St & 4 St,40.74096394983175,-74.02859804632818,2968,0,0.0,0.0,124.28839131111641,False,insufficient_data,0.8658536585365852,0.0,0.8658536585365852,False,True,True,86.58536585365853,,,,exposure_only_no_risk_signal
jc,2023,3,HB502,11 St & Washington St,40.749990881115046,-74.02718803976272,2250,0,0.0,0.0,163.95019796061936,False,insufficient_data,0.8658536585365852,0.0,0.8658536585365852,False,True,True,86.58536585365853,,,,exposure_only_no_risk_signal
jc,2020,12,3205,JC Medical Center,40.71653978099194,-74.0496379137039,770,0,0.0,0.0,479.07525378103054,False,insufficient_data,0.8645833333333335,0.0,0.8645833333333335,False,True,True,86.45833333333334,,,,exposure_only_no_risk_signal
jc,2020,12,3639,Harborside,40.7192517,-74.034234,770,0,0.0,0.0,479.07525378103054,False,insufficient_data,0.8645833333333335,0.0,0.8645833333333335,False,True,True,86.45833333333334,,,,exposure_only_no_risk_signal
jc,2023,1,JC105,Hoboken Ave at Monmouth St,40.73522762045297,-74.04694286261116,2049,0,0.0,0.0,180.03316027886459,False,insufficient_data,0.8641975308641975,0.0,0.8641975308641975,False,True,True,86.41975308641975,,,,exposure_only_no_risk_signal
jc,2023,2,JC105,Hoboken Ave at Monmouth St,40.73522606475491,-74.04694531987946,1858,0,0.0,0.0,198.54033660462517,False,insufficient_data,0.8641975308641975,0.0,0.8641975308641975,False,True,True,86.41975308641975,,,,exposure_only_no_risk_signal
jc,2025,8,JC105,Hoboken Ave at Monmouth St,40.73520838045357,-74.04696375131607,4037,0,0.0,0.0,91.3767514023764,False,insufficient_data,0.8636363636363636,0.0,0.8636363636363636,False,True,True,86.36363636363636,,,,exposure_only_no_risk_signal
jc,2025,9,HB603,8 St & Washington St,40.74598388291562,-74.02819901704788,3965,0,0.0,0.0,93.03605180615222,False,insufficient_data,0.8617021276595744,0.0,0.8617021276595744,False,True,True,86.17021276595744,,,,exposure_only_no_risk_signal
jc,2025,10,HB505,Willow Ave & 12 St,40.7518674823282,-74.03037697076797,3587,0,0.0,0.0,102.84024126328228,False,insufficient_data,0.8617021276595744,0.0,0.8617021276595744,False,True,True,86.17021276595744,,,,exposure_only_no_risk_signal
jc,2025,11,HB601,Church Sq Park - 5 St & Park Ave,40.74265933273143,-74.03223305940628,2499,0,0.0,0.0,147.61422385409904,False,insufficient_data,0.8617021276595744,0.0,0.8617021276595744,False,True,True,86.17021276595744,,,,exposure_only_no_risk_signal
jc,2025,12,JC116,Exchange Pl,40.71636596185077,-74.034343957901,1543,0,0.0,0.0,239.07190240531014,False,insufficient_data,0.8611111111111112,0.0,0.8611111111111112,False,True,True,86.11111111111111,,,,exposure_only_no_risk_signal
jc,2023,9,HB603,8 St & Washington St,40.745900869945146,-74.0282482809165,3415,0,0.0,0.0,108.01989616731876,False,insufficient_data,0.8588235294117647,0.0,0.8588235294117647,False,True,True,85.88235294117646,,,,exposure_only_no_risk_signal
jc,2025,6,JC098,Washington St,40.7242941,-74.0354826,3397,0,0.0,0.0,108.59227124268283,False,insufficient_data,0.8588235294117647,0.0,0.8588235294117647,False,True,True,85.88235294117646,,,,exposure_only_no_risk_signal
jc,2025,1,HB502,11 St & Washington St,40.74998490907138,-74.02715027332306,1779,0,0.0,0.0,207.35691141730945,False,insufficient_data,0.8588235294117647,0.0,0.8588235294117647,False,True,True,85.88235294117646,,,,exposure_only_no_risk_signal
jc,2025,7,HB609,River St & 1 St,40.73721535335381,-74.02886540972803,3935,0,0.0,0.0,93.74534826210764,False,insufficient_data,0.8571428571428571,0.0,0.8571428571428571,False,True,True,85.71428571428571,,,,exposure_only_no_risk_signal
jc,2025,5,HB103,South Waterfront Walkway - Sinatra Dr & 1 St,40.73698221818716,-74.02778059244156,3296,0,0.0,0.0,111.91988635054415,False,insufficient_data,0.8571428571428571,0.0,0.8571428571428571,False,True,True,85.71428571428571,,,,exposure_only_no_risk_signal
jc,2019,8,3199,Newport Pkwy,40.7287448,-74.0321082,3170,0,0.0,0.0,116.36843703829449,False,insufficient_data,0.8571428571428571,0.0,0.8571428571428571,False,True,True,85.71428571428571,,,,exposure_only_no_risk_signal
jc,2019,9,3199,Newport Pkwy,40.7287448,-74.0321082,3028,0,0.0,0.0,121.82560944894107,False,insufficient_data,0.8571428571428571,0.0,0.8571428571428571,False,True,True,85.71428571428571,,,,exposure_only_no_risk_signal
jc,2020,9,3195,Sip Ave,40.73089709786179,-74.06391263008118,2911,0,0.0,0.0,126.72206987680985,False,insufficient_data,0.8571428571428571,0.0,0.8571428571428571,False,True,True,85.71428571428571,,,,exposure_only_no_risk_signal
jc,2020,7,3202,Newport PATH,40.7272235,-74.0337589,2835,0,0.0,0.0,130.11920473065027,False,insufficient_data,0.8571428571428571,0.0,0.8571428571428571,False,True,True,85.71428571428571,,,,exposure_only_no_risk_signal
jc,2019,7,3199,Newport Pkwy,40.7287448,-74.0321082,2498,0,0.0,0.0,147.67331681801184,False,insufficient_data,0.8571428571428571,0.0,0.8571428571428571,False,True,True,85.71428571428571,,,,exposure_only_no_risk_signal
jc,2019,10,3638,Washington St,40.7242941,-74.0354826,2297,0,0.0,0.0,160.5955356601626,False,insufficient_data,0.8571428571428571,0.0,0.8571428571428571,False,True,True,85.71428571428571,,,,exposure_only_no_risk_signal
jc,2020,10,3205,JC Medical Center,40.71653978099194,-74.0496379137039,2158,0,0.0,0.0,170.93973374021942,False,insufficient_data,0.8571428571428571,0.0,0.8571428571428571,False,True,True,85.71428571428571,,,,exposure_only_no_risk_signal
jc,2019,5,3199,Newport Pkwy,40.7287448,-74.0321082,2039,0,0.0,0.0,180.91610858822636,False,insufficient_data,0.8571428571428571,0.0,0.8571428571428571,False,True,True,85.71428571428571,,,,exposure_only_no_risk_signal
jc,2019,11,3187,Warren St,40.7211236,-74.03805095,1758,0,0.0,0.0,209.83387111000772,False,insufficient_data,0.8571428571428571,0.0,0.8571428571428571,False,True,True,85.71428571428571,,,,exposure_only_no_risk_signal
jc,2020,11,3205,JC Medical Center,40.71653978099194,-74.0496379137039,1562,0,0.0,0.0,236.1638574976911,False,insufficient_data,0.8571428571428571,0.0,0.8571428571428571,False,True,True,85.71428571428571,,,,exposure_only_no_risk_signal
jc,2020,1,3185,City Hall,40.7177325,-74.043845,1526,0,0.0,0.0,241.7352197977677,False,insufficient_data,0.8571428571428571,0.0,0.8571428571428571,False,True,True,85.71428571428571,,,,exposure_only_no_risk_signal
jc,2020,2,3185,City Hall,40.7177325,-74.043845,1391,0,0.0,0.0,265.19622243809744,False,insufficient_data,0.8571428571428571,0.0,0.8571428571428571,False,True,True,85.71428571428571,,,,exposure_only_no_risk_signal
jc,2020,3,3199,Newport Pkwy,40.7287448,-74.0321082,1334,0,0.0,0.0,276.52769521093967,False,insufficient_data,0.8571428571428571,0.0,0.8571428571428571,False,True,True,85.71428571428571,,,,exposure_only_no_risk_signal
jc,2023,8,JC109,Bergen Ave & Sip Ave,40.730999745305226,-74.06434269506437,4168,0,0.0,0.0,88.50478536741687,False,insufficient_data,0.8554216867469878,0.0,0.8554216867469878,False,True,True,85.54216867469879,,,,exposure_only_no_risk_signal
jc,2023,10,JC105,Hoboken Ave at Monmouth St,40.73519826392971,-74.0468420520846,3545,0,0.0,0.0,104.05865879023796,False,insufficient_data,0.8554216867469878,0.0,0.8554216867469878,False,True,True,85.54216867469879,,,,exposure_only_no_risk_signal
jc,2025,4,HB603,8 St & Washington St,40.74598388291562,-74.02819901704788,2845,0,0.0,0.0,129.66184372983957,False,insufficient_data,0.8554216867469878,0.0,0.8554216867469878,False,True,True,85.54216867469879,,,,exposure_only_no_risk_signal
jc,2023,11,JC008,Newport Pkwy,40.72875044865075,-74.03210079791062,2827,0,0.0,0.0,130.487423208841,False,insufficient_data,0.8554216867469878,0.0,0.8554216867469878,False,True,True,85.54216867469879,,,,exposure_only_no_risk_signal
jc,2025,3,JC008,Newport Pkwy,40.7287448,-74.0321082,2550,0,0.0,0.0,144.66193937701706,False,insufficient_data,0.8554216867469878,0.0,0.8554216867469878,False,True,True,85.54216867469879,,,,exposure_only_no_risk_signal
jc,2023,12,JC116,Exchange Pl,40.71637934801169,-74.03436751431983,2137,0,0.0,0.0,172.61953458652013,False,insufficient_data,0.8554216867469878,0.0,0.8554216867469878,False,True,True,85.54216867469879,,,,exposure_only_no_risk_signal
jc,2025,2,JC014,Columbus Drive,40.71835519823214,-74.03891444206238,1519,0,0.0,0.0,242.84920698577585,False,insufficient_data,0.8554216867469878,0.0,0.8554216867469878,False,True,True,85.54216867469879,,,,exposure_only_no_risk_signal
jc,2020,8,3202,Newport PATH,40.7272235,-74.0337589,3350,0,0.0,0.0,110.11580460041597,False,insufficient_data,0.8541666666666665,0.0,0.8541666666666665,False,True,True,85.41666666666666,,,,exposure_only_no_risk_signal
jc,2019,6,3199,Newport Pkwy,40.7287448,-74.0321082,2553,0,0.0,0.0,144.49194884895948,False,insufficient_data,0.8541666666666665,0.0,0.8541666666666665,False,True,True,85.41666666666666,,,,exposure_only_no_risk_signal
jc,2020,6,3205,JC Medical Center,40.71653978099194,-74.0496379137039,2459,0,0.0,0.0,150.0154312368416,False,insufficient_data,0.8541666666666665,0.0,0.8541666666666665,False,True,True,85.41666666666666,,,,exposure_only_no_risk_signal
jc,2020,5,3792,Columbus Dr at Exchange Pl,40.71687,-74.03281,1835,0,0.0,0.0,201.0288530852281,False,insufficient_data,0.8541666666666665,0.0,0.8541666666666665,False,True,True,85.41666666666666,,,,exposure_only_no_risk_signal
jc,2019,4,3276,Marin Light Rail,40.71458403535893,-74.04281705617905,1832,0,0.0,0.0,201.35804880534585,False,insufficient_data,0.8541666666666665,0.0,0.8541666666666665,False,True,True,85.41666666666666,,,,exposure_only_no_risk_signal
jc,2019,3,3276,Marin Light Rail,40.71458403535893,-74.04281705617905,1419,0,0.0,0.0,259.9633160052104,False,insufficient_data,0.8541666666666665,0.0,0.8541666666666665,False,True,True,85.41666666666666,,,,exposure_only_no_risk_signal
jc,2019,12,3269,Brunswick & 6th,40.72601172964625,-74.05038893222809,1099,0,0.0,0.0,335.6578211204673,False,insufficient_data,0.8541666666666665,0.0,0.8541666666666665,False,True,True,85.41666666666666,,,,exposure_only_no_risk_signal
jc,2019,1,3185,City Hall,40.7177325,-74.043845,1070,0,0.0,0.0,344.7550891695267,False,insufficient_data,0.8541666666666665,0.0,0.8541666666666665,False,True,True,85.41666666666666,,,,exposure_only_no_risk_signal
jc,2019,2,3185,City Hall,40.7177325,-74.043845,1022,0,0.0,0.0,360.9471090131052,False,insufficient_data,0.8541666666666665,0.0,0.8541666666666665,False,True,True,85.41666666666666,,,,exposure_only_no_risk_signal
jc,2020,4,3267,Morris Canal,40.7124188237569,-74.03852552175522,659,0,0.0,0.0,559.7692646606882,False,insufficient_data,0.8541666666666665,0.0,0.8541666666666665,False,True,True,85.41666666666666,,,,exposure_only_no_risk_signal
jc,2023,7,JC104,Harborside,40.71928807679674,-74.03426563156101,3808,0,0.0,0.0,96.87183440425251,False,insufficient_data,0.8536585365853658,0.0,0.8536585365853658,False,True,True,85.36585365853658,,,,exposure_only_no_risk_signal
jc,2023,6,HB502,11 St & Washington St,40.74992706294444,-74.02723316588767,3568,0,0.0,0.0,103.38787707718429,False,insufficient_data,0.8536585365853658,0.0,0.8536585365853658,False,True,True,85.36585365853658,,,,exposure_only_no_risk_signal
jc,2023,5,JC052,Liberty Light Rail,40.71124781963607,-74.05569864152294,3465,0,0.0,0.0,106.46116750689568,False,insufficient_data,0.8536585365853658,0.0,0.8536585365853658,False,True,True,85.36585365853658,,,,exposure_only_no_risk_signal
jc,2023,4,JC105,Hoboken Ave at Monmouth St,40.73522283741352,-74.04694779487693,2950,0,0.0,0.0,125.04676115640459,False,insufficient_data,0.8536585365853658,0.0,0.8536585365853658,False,True,True,85.36585365853658,,,,exposure_only_no_risk_signal
jc,2023,3,HB603,8 St & Washington St,40.74598440914837,-74.02817345990042,2243,0,0.0,0.0,164.4618570715085,False,insufficient_data,0.8536585365853658,0.0,0.8536585365853658,False,True,True,85.36585365853658,,,,exposure_only_no_risk_signal
jc,2025,8,HB103,South Waterfront Walkway - Sinatra Dr & 1 St,40.73698221818716,-74.02778059244156,3917,0,0.0,0.0,94.1761412845018,False,insufficient_data,0.8522727272727273,0.0,0.8522727272727273,False,True,True,85.22727272727273,,,,exposure_only_no_risk_signal
jc,2023,1,JC003,City Hall,40.717733691693205,-74.04385522964351,1972,0,0.0,0.0,187.06285264269448,False,insufficient_data,0.8518518518518519,0.0,0.8518518518518519,False,True,True,85.18518518518519,,,,exposure_only_no_risk_signal
jc,2023,2,HB502,11 St & Washington St,40.74998834604887,-74.02719064340482,1843,0,0.0,0.0,200.15623733662156,False,insufficient_data,0.8518518518518519,0.0,0.8518518518518519,False,True,True,85.18518518518519,,,,exposure_only_no_risk_signal
jc,2025,12,HB103,South Waterfront Walkway - Sinatra Dr & 1 St,40.73698221818716,-74.02778059244156,1533,0,0.0,0.0,240.63140600873683,False,insufficient_data,0.8518518518518519,0.0,0.8518518518518519,False,True,True,85.18518518518519,,,,exposure_only_no_risk_signal
jc,2025,9,JC014,Columbus Drive,40.71835519823214,-74.03891444206238,3843,0,0.0,0.0,95.98957726031578,False,insufficient_data,0.851063829787234,0.0,0.851063829787234,False,True,True,85.1063829787234,,,,exposure_only_no_risk_signal
jc,2025,10,HB103,South Waterfront Walkway - Sinatra Dr & 1 St,40.73698221818716,-74.02778059244156,3582,0,0.0,0.0,102.98379268883124,False,insufficient_data,0.851063829787234,0.0,0.851063829787234,False,True,True,85.1063829787234,,,,exposure_only_no_risk_signal
jc,2025,11,HB303,Clinton St & 7 St,40.74542,-74.03332,2492,0,0.0,0.0,148.02887055031843,False,insufficient_data,0.851063829787234,0.0,0.851063829787234,False,True,True,85.1063829787234,,,,exposure_only_no_risk_signal
jc,2023,9,JC013,Marin Light Rail,40.71467355434312,-74.04276445927967,3378,0,0.0,0.0,109.20306258478199,False,insufficient_data,0.8470588235294118,0.0,0.8470588235294118,False,True,True,84.70588235294117,,,,exposure_only_no_risk_signal
jc,2025,6,JC052,Liberty Light Rail,40.7112423,-74.0557013,3304,0,0.0,0.0,111.64889388964696,False,insufficient_data,0.8470588235294118,0.0,0.8470588235294118,False,True,True,84.70588235294117,,,,exposure_only_no_risk_signal
jc,2025,1,JC008,Newport Pkwy,40.7287448,-74.0321082,1717,0,0.0,0.0,214.8444644213125,False,insufficient_data,0.8470588235294118,0.0,0.8470588235294118,False,True,True,84.70588235294117,,,,exposure_only_no_risk_signal
jc,2025,7,HB201,12 St & Sinatra Dr N,40.75060414236896,-74.02402013540268,3786,0,0.0,0.0,97.43474522223812,False,insufficient_data,0.8452380952380952,0.0,0.8452380952380952,False,True,True,84.52380952380952,,,,exposure_only_no_risk_signal
jc,2025,5,JC013,Marin Light Rail,40.71458403535893,-74.04281705617905,3284,0,0.0,0.0,112.32885061248281,False,insufficient_data,0.8452380952380952,0.0,0.8452380952380952,False,True,True,84.52380952380952,,,,exposure_only_no_risk_signal
jc,2023,8,HB502,11 St & Washington St,40.74992225202169,-74.02721851790508,4064,0,0.0,0.0,90.76967160713423,False,insufficient_data,0.8433734939759038,0.0,0.8433734939759038,False,True,True,84.33734939759037,,,,exposure_only_no_risk_signal
jc,2023,10,JC116,Exchange Pl,40.71640572431506,-74.03439595396308,3376,0,0.0,0.0,109.26775634223743,False,insufficient_data,0.8433734939759038,0.0,0.8433734939759038,False,True,True,84.33734939759037,,,,exposure_only_no_risk_signal
jc,2025,4,HB602,Stevens - River Ter & 6 St,40.74313282710551,-74.02698867022991,2809,0,0.0,0.0,131.32358327212302,False,insufficient_data,0.8433734939759038,0.0,0.8433734939759038,False,True,True,84.33734939759037,,,,exposure_only_no_risk_signal
jc,2023,11,JC116,Exchange Pl,40.716375819083744,-74.03436757781687,2582,0,0.0,0.0,142.8690725838085,False,insufficient_data,0.8433734939759038,0.0,0.8433734939759038,False,True,True,84.33734939759037,,,,exposure_only_no_risk_signal
jc,2025,3,HB103,South Waterfront Walkway - Sinatra Dr & 1 St,40.73698221818716,-74.02778059244156,2470,0,0.0,0.0,149.34734632040224,False,insufficient_data,0.8433734939759038,0.0,0.8433734939759038,False,True,True,84.33734939759037,,,,exposure_only_no_risk_signal
jc,2023,12,JC008,Newport Pkwy,40.728749450318425,-74.03209857096935,2012,0,0.0,0.0,183.3439092501956,False,insufficient_data,0.8433734939759038,0.0,0.8433734939759038,False,True,True,84.33734939759037,,,,exposure_only_no_risk_signal
jc,2025,2,HB502,11 St & Washington St,40.74998490907138,-74.02715027332306,1513,0,0.0,0.0,243.8122573769951,False,insufficient_data,0.8433734939759038,0.0,0.8433734939759038,False,True,True,84.33734939759037,,,,exposure_only_no_risk_signal
jc,2025,12,HB202,14 St Ferry - 14 St & Shipyard Ln,40.75296063046496,-74.02435272932053,1515,0,0.0,0.0,243.49039301082084,False,insufficient_data,0.8425925925925926,0.0,0.8425925925925926,False,True,True,84.25925925925925,,,,exposure_only_no_risk_signal
jc,2023,7,HB607,Hudson St & 4 St,40.74091116707716,-74.02865275572324,3752,0,0.0,0.0,98.31768267894284,False,insufficient_data,0.8414634146341463,0.0,0.8414634146341463,False,True,True,84.14634146341463,,,,exposure_only_no_risk_signal
jc,2023,6,JC116,Exchange Pl,40.71639376823735,-74.03438082224432,3566,0,0.0,0.0,103.44586242607782,False,insufficient_data,0.8414634146341463,0.0,0.8414634146341463,False,True,True,84.14634146341463,,,,exposure_only_no_risk_signal
jc,2023,5,HB607,Hudson St & 4 St,40.74096617418977,-74.02859882332244,3390,0,0.0,0.0,108.81650307120753,False,insufficient_data,0.8414634146341463,0.0,0.8414634146341463,False,True,True,84.14634146341463,,,,exposure_only_no_risk_signal
jc,2023,4,JC052,Liberty Light Rail,40.71124313827471,-74.05570033197614,2934,0,0.0,0.0,125.72867941765288,False,insufficient_data,0.8414634146341463,0.0,0.8414634146341463,False,True,True,84.14634146341463,,,,exposure_only_no_risk_signal
jc,2023,3,HB607,Hudson St & 4 St,40.74096230511792,-74.0285952872885,2015,0,0.0,0.0,183.07094065081566,False,insufficient_data,0.8414634146341463,0.0,0.8414634146341463,False,True,True,84.14634146341463,,,,exposure_only_no_risk_signal
jc,2025,8,HB201,12 St & Sinatra Dr N,40.75060414236896,-74.02402013540268,3892,0,0.0,0.0,94.78107538833339,False,insufficient_data,0.8409090909090909,0.0,0.8409090909090909,False,True,True,84.0909090909091,,,,exposure_only_no_risk_signal
jc,2025,9,JC013,Marin Light Rail,40.71458403535893,-74.04281705617905,3804,0,0.0,0.0,96.97369753191207,False,insufficient_data,0.8404255319148937,0.0,0.8404255319148937,False,True,True,84.04255319148936,,,,exposure_only_no_risk_signal
jc,2025,10,JC008,Newport Pkwy,40.7287448,-74.0321082,3487,0,0.0,0.0,105.78948821663136,False,insufficient_data,0.8404255319148937,0.0,0.8404255319148937,False,True,True,84.04255319148936,,,,exposure_only_no_risk_signal
jc,2025,11,JC105,Hoboken Ave at Monmouth St,40.73520838045357,-74.04696375131607,2455,0,0.0,0.0,150.25985556472241,False,insufficient_data,0.8404255319148937,0.0,0.8404255319148937,False,True,True,84.04255319148936,,,,exposure_only_no_risk_signal
jc,2023,1,HB202,14 St Ferry - 14 St & Shipyard Ln,40.75292597885425,-74.02431178790675,1878,0,0.0,0.0,196.42595602310624,False,insufficient_data,0.839506172839506,0.0,0.839506172839506,False,True,True,83.9506172839506,,,,exposure_only_no_risk_signal
jc,2023,2,HB303,Clinton St & 7 St,40.74541616942397,-74.03333158415438,1736,0,0.0,0.0,212.4930561125539,False,insufficient_data,0.839506172839506,0.0,0.839506172839506,False,True,True,83.9506172839506,,,,exposure_only_no_risk_signal
jc,2020,9,3639,Harborside,40.7192517,-74.034234,2905,0,0.0,0.0,126.98380220702015,False,insufficient_data,0.8367346938775511,0.0,0.8367346938775511,False,True,True,83.6734693877551,,,,exposure_only_no_risk_signal
jc,2019,9,3638,Washington St,40.7242941,-74.0354826,2876,0,0.0,0.0,128.2642369302481,False,insufficient_data,0.8367346938775511,0.0,0.8367346938775511,False,True,True,83.6734693877551,,,,exposure_only_no_risk_signal
jc,2020,7,3205,JC Medical Center,40.71653978099194,-74.0496379137039,2824,0,0.0,0.0,130.62604299270308,False,insufficient_data,0.8367346938775511,0.0,0.8367346938775511,False,True,True,83.6734693877551,,,,exposure_only_no_risk_signal
jc,2019,8,3638,Washington St,40.7242941,-74.0354826,2674,0,0.0,0.0,137.95360710972085,False,insufficient_data,0.8367346938775511,0.0,0.8367346938775511,False,True,True,83.6734693877551,,,,exposure_only_no_risk_signal
jc,2019,7,3184,Paulus Hook,40.7141454,-74.0335519,2486,0,0.0,0.0,148.38614055164663,False,insufficient_data,0.8367346938775511,0.0,0.8367346938775511,False,True,True,83.6734693877551,,,,exposure_only_no_risk_signal
jc,2019,10,3187,Warren St,40.7211236,-74.03805095,2219,0,0.0,0.0,166.2406243404207,False,insufficient_data,0.8367346938775511,0.0,0.8367346938775511,False,True,True,83.6734693877551,,,,exposure_only_no_risk_signal
jc,2020,10,3792,Columbus Dr at Exchange Pl,40.71687,-74.03281,2060,0,0.0,0.0,179.07181816087066,False,insufficient_data,0.8367346938775511,0.0,0.8367346938775511,False,True,True,83.6734693877551,,,,exposure_only_no_risk_signal
jc,2019,5,3184,Paulus Hook,40.7141454,-74.0335519,2032,0,0.0,0.0,181.53934321426846,False,insufficient_data,0.8367346938775511,0.0,0.8367346938775511,False,True,True,83.6734693877551,,,,exposure_only_no_risk_signal
jc,2019,11,3269,Brunswick & 6th,40.72601172964625,-74.05038893222809,1586,0,0.0,0.0,232.59012951538054,False,insufficient_data,0.8367346938775511,0.0,0.8367346938775511,False,True,True,83.6734693877551,,,,exposure_only_no_risk_signal
jc,2020,1,3211,Newark Ave,40.72152515,-74.046304543,1437,0,0.0,0.0,256.7069905437673,False,insufficient_data,0.8367346938775511,0.0,0.8367346938775511,False,True,True,83.6734693877551,,,,exposure_only_no_risk_signal
jc,2020,11,3185,City Hall,40.7177325,-74.043845,1375,0,0.0,0.0,268.28214211737713,False,insufficient_data,0.8367346938775511,0.0,0.8367346938775511,False,True,True,83.6734693877551,,,,exposure_only_no_risk_signal
jc,2020,2,3199,Newport Pkwy,40.7287448,-74.0321082,1316,0,0.0,0.0,280.3099889144328,False,insufficient_data,0.8367346938775511,0.0,0.8367346938775511,False,True,True,83.6734693877551,,,,exposure_only_no_risk_signal
jc,2020,3,3792,Columbus Dr at Exchange Pl,40.71687,-74.03281,1306,0,0.0,0.0,282.4563134849874,False,insufficient_data,0.8367346938775511,0.0,0.8367346938775511,False,True,True,83.6734693877551,,,,exposure_only_no_risk_signal
jc,2023,9,HB501,Columbus Park - Clinton St & 9 St,40.74806484992727,-74.03251786801914,3360,0,0.0,0.0,109.78807899148617,False,insufficient_data,0.8352941176470589,0.0,0.8352941176470589,False,True,True,83.52941176470588,,,,exposure_only_no_risk_signal
jc,2025,6,HB105,City Hall - Washington St & 1 St,40.73736,-74.03097,3301,0,0.0,0.0,111.7503621361386,False,insufficient_data,0.8352941176470589,0.0,0.8352941176470589,False,True,True,83.52941176470588,,,,exposure_only_no_risk_signal
jc,2025,1,HB305,9 St HBLR - Jackson St & 8 St,40.74790720968899,-74.03841152787209,1672,0,0.0,0.0,220.6267616096851,False,insufficient_data,0.8352941176470589,0.0,0.8352941176470589,False,True,True,83.52941176470588,,,,exposure_only_no_risk_signal
jc,2025,7,JC052,Liberty Light Rail,40.7112423,-74.0557013,3727,0,0.0,0.0,98.97717880638409,False,insufficient_data,0.8333333333333335,0.0,0.8333333333333335,False,True,True,83.33333333333334,,,,exposure_only_no_risk_signal
jc,2025,5,HB501,Columbus Park - Clinton St & 9 St,40.74816121065146,-74.0324530005455,3234,0,0.0,0.0,114.06553661453108,False,insufficient_data,0.8333333333333335,0.0,0.8333333333333335,False,True,True,83.33333333333334,,,,exposure_only_no_risk_signal
jc,2020,8,3639,Harborside,40.7192517,-74.034234,3123,0,0.0,0.0,118.11973916471135,False,insufficient_data,0.8333333333333335,0.0,0.8333333333333335,False,True,True,83.33333333333334,,,,exposure_only_no_risk_signal
jc,2019,6,3211,Newark Ave,40.72152515,-74.046304543,2306,0,0.0,0.0,159.96875343078645,False,insufficient_data,0.8333333333333335,0.0,0.8333333333333335,False,True,True,83.33333333333334,,,,exposure_only_no_risk_signal
jc,2020,6,3202,Newport PATH,40.7272235,-74.0337589,2280,0,0.0,0.0,161.7929585137691,False,insufficient_data,0.8333333333333335,0.0,0.8333333333333335,False,True,True,83.33333333333334,,,,exposure_only_no_risk_signal
jc,2019,4,3185,City Hall,40.7177325,-74.043845,1809,0,0.0,0.0,203.918156667437,False,insufficient_data,0.8333333333333335,0.0,0.8333333333333335,False,True,True,83.33333333333334,,,,exposure_only_no_risk_signal
jc,2020,5,3185,City Hall,40.7177325,-74.043845,1618,0,0.0,0.0,227.99007751013195,False,insufficient_data,0.8333333333333335,0.0,0.8333333333333335,False,True,True,83.33333333333334,,,,exposure_only_no_risk_signal
jc,2025,12,HB305,9 St HBLR - Jackson St & 8 St,40.74790720968899,-74.03841152787209,1488,0,0.0,0.0,247.9085654646462,False,insufficient_data,0.8333333333333335,0.0,0.8333333333333335,False,True,True,83.33333333333334,,,,exposure_only_no_risk_signal
jc,2019,3,3211,Newark Ave,40.72152515,-74.046304543,1325,0,0.0,0.0,278.4059965369008,False,insufficient_data,0.8333333333333335,0.0,0.8333333333333335,False,True,True,83.33333333333334,,,,exposure_only_no_risk_signal
jc,2019,12,3199,Newport Pkwy,40.7287448,-74.0321082,1092,0,0.0,0.0,337.8094738199575,False,insufficient_data,0.8333333333333335,0.0,0.8333333333333335,False,True,True,83.33333333333334,,,,exposure_only_no_risk_signal
jc,2019,1,3276,Marin Light Rail,40.71458403535893,-74.04281705617905,1044,0,0.0,0.0,353.34094388064517,False,insufficient_data,0.8333333333333335,0.0,0.8333333333333335,False,True,True,83.33333333333334,,,,exposure_only_no_risk_signal
jc,2019,2,3276,Marin Light Rail,40.71458403535893,-74.04281705617905,1004,0,0.0,0.0,367.4182723221051,False,insufficient_data,0.8333333333333335,0.0,0.8333333333333335,False,True,True,83.33333333333334,,,,exposure_only_no_risk_signal
jc,2020,12,3638,Washington St,40.7242941,-74.0354826,750,0,0.0,0.0,491.850593881858,False,insufficient_data,0.8333333333333335,0.0,0.8333333333333335,False,True,True,83.33333333333334,,,,exposure_only_no_risk_signal
jc,2020,4,3184,Paulus Hook,40.7141454,-74.0335519,554,0,0.0,0.0,665.8627173490859,False,insufficient_data,0.8333333333333335,0.0,0.8333333333333335,False,True,True,83.33333333333334,,,,exposure_only_no_risk_signal
jc,2023,8,JC104,Harborside,40.71925842938887,-74.03424287051436,4040,0,0.0,0.0,91.30889737905781,False,insufficient_data,0.8313253012048193,0.0,0.8313253012048193,False,True,True,83.13253012048193,,,,exposure_only_no_risk_signal
jc,2023,10,JC013,Marin Light Rail,40.71465099026258,-74.04279825220951,3330,0,0.0,0.0,110.77716078420227,False,insufficient_data,0.8313253012048193,0.0,0.8313253012048193,False,True,True,83.13253012048193,,,,exposure_only_no_risk_signal
jc,2025,4,HB103,South Waterfront Walkway - Sinatra Dr & 1 St,40.73698221818716,-74.02778059244156,2773,0,0.0,0.0,133.02846931532403,False,insufficient_data,0.8313253012048193,0.0,0.8313253012048193,False,True,True,83.13253012048193,,,,exposure_only_no_risk_signal
jc,2023,11,JC105,Hoboken Ave at Monmouth St,40.73522779431479,-74.04692177668964,2579,0,0.0,0.0,143.0352638276051,False,insufficient_data,0.8313253012048193,0.0,0.8313253012048193,False,True,True,83.13253012048193,,,,exposure_only_no_risk_signal
jc,2025,3,HB202,14 St Ferry - 14 St & Shipyard Ln,40.75296063046496,-74.02435272932053,2458,0,0.0,0.0,150.0764627385653,False,insufficient_data,0.8313253012048193,0.0,0.8313253012048193,False,True,True,83.13253012048193,,,,exposure_only_no_risk_signal
jc,2023,12,HB303,Clinton St & 7 St,40.74539953721294,-74.03334802569935,1999,0,0.0,0.0,184.53624082610983,False,insufficient_data,0.8313253012048193,0.0,0.8313253012048193,False,True,True,83.13253012048193,,,,exposure_only_no_risk_signal
jc,2025,2,HB402,Madison St & 1 St,40.73879,-74.0393,1507,0,0.0,0.0,244.78297638446818,False,insufficient_data,0.8313253012048193,0.0,0.8313253012048193,False,True,True,83.13253012048193,,,,exposure_only_no_risk_signal
jc,2025,9,JC006,Warren St,40.7211236,-74.03805095,3787,0,0.0,0.0,97.40901648043136,False,insufficient_data,0.8297872340425532,0.0,0.8297872340425532,False,True,True,82.97872340425532,,,,exposure_only_no_risk_signal
jc,2025,10,HB601,Church Sq Park - 5 St & Park Ave,40.74265933273143,-74.03223305940628,3481,0,0.0,0.0,105.97183148847846,False,insufficient_data,0.8297872340425532,0.0,0.8297872340425532,False,True,True,82.97872340425532,,,,exposure_only_no_risk_signal
jc,2025,8,JC014,Columbus Drive,40.71835519823214,-74.03891444206238,3839,0,0.0,0.0,96.0895924489173,False,insufficient_data,0.8295454545454546,0.0,0.8295454545454546,False,True,True,82.95454545454545,,,,exposure_only_no_risk_signal
jc,2023,7,JC105,Hoboken Ave at Monmouth St,40.73520053573724,-74.04687931483392,3698,0,0.0,0.0,99.7533654438598,False,insufficient_data,0.8292682926829268,0.0,0.8292682926829268,False,True,True,82.92682926829268,,,,exposure_only_no_risk_signal
jc,2023,6,JC003,City Hall,40.71773378684975,-74.04383978287272,3512,0,0.0,0.0,105.03643092579543,False,insufficient_data,0.8292682926829268,0.0,0.8292682926829268,False,True,True,82.92682926829268,,,,exposure_only_no_risk_signal
jc,2023,5,HB603,8 St & Washington St,40.74598349961213,-74.02818653597377,3382,0,0.0,0.0,109.07390461602411,False,insufficient_data,0.8292682926829268,0.0,0.8292682926829268,False,True,True,82.92682926829268,,,,exposure_only_no_risk_signal
jc,2023,4,JC003,City Hall,40.71772730621576,-74.04384786146322,2869,0,0.0,0.0,128.5771855738562,False,insufficient_data,0.8292682926829268,0.0,0.8292682926829268,False,True,True,82.92682926829268,,,,exposure_only_no_risk_signal
jc,2023,3,HB202,14 St Ferry - 14 St & Shipyard Ln,40.75292070859928,-74.02432158117023,1940,0,0.0,0.0,190.14842546979048,False,insufficient_data,0.8292682926829268,0.0,0.8292682926829268,False,True,True,82.92682926829268,,,,exposure_only_no_risk_signal
jc,2023,1,HB303,Clinton St & 7 St,40.74542145176555,-74.033328925295,1800,0,0.0,0.0,204.9377474507742,False,insufficient_data,0.8271604938271605,0.0,0.8271604938271605,False,True,True,82.71604938271605,,,,exposure_only_no_risk_signal
jc,2023,2,JC013,Marin Light Rail,40.71458468072531,-74.04281389862588,1601,0,0.0,0.0,230.4109590327255,False,insufficient_data,0.8271604938271605,0.0,0.8271604938271605,False,True,True,82.71604938271605,,,,exposure_only_no_risk_signal
jc,2025,11,HB202,14 St Ferry - 14 St & Shipyard Ln,40.75296063046496,-74.02435272932053,2451,0,0.0,0.0,150.50507768722707,False,insufficient_data,0.824468085106383,0.0,0.824468085106383,False,True,True,82.4468085106383,,,,exposure_only_no_risk_signal
jc,2025,11,HB612,Newark St & Washington St,40.73681,-74.0309,2451,0,0.0,0.0,150.50507768722707,False,insufficient_data,0.824468085106383,0.0,0.824468085106383,False,True,True,82.4468085106383,,,,exposure_only_no_risk_signal
jc,2025,12,HB301,4 St & Grand St,40.7422579775645,-74.03511106967926,1446,0,0.0,0.0,255.1092291918351,False,insufficient_data,0.8240740740740741,0.0,0.8240740740740741,False,True,True,82.4074074074074,,,,exposure_only_no_risk_signal
jc,2023,9,HB303,Clinton St & 7 St,40.74535644105919,-74.03336030768698,3317,0,0.0,0.0,111.21131908694407,False,insufficient_data,0.8235294117647058,0.0,0.8235294117647058,False,True,True,82.35294117647058,,,,exposure_only_no_risk_signal
jc,2025,6,HB501,Columbus Park - Clinton St & 9 St,40.74816121065147,-74.0324530005455,3293,0,0.0,0.0,112.02184798402477,False,insufficient_data,0.8235294117647058,0.0,0.8235294117647058,False,True,True,82.35294117647058,,,,exposure_only_no_risk_signal
jc,2025,1,HB303,Clinton St & 7 St,40.74542,-74.03332,1594,0,0.0,0.0,231.42280138732343,False,insufficient_data,0.8235294117647058,0.0,0.8235294117647058,False,True,True,82.35294117647058,,,,exposure_only_no_risk_signal
jc,2025,7,HB103,South Waterfront Walkway - Sinatra Dr & 1 St,40.73698221818716,-74.02778059244156,3696,0,0.0,0.0,99.8073445377147,False,insufficient_data,0.8214285714285714,0.0,0.8214285714285714,False,True,True,82.14285714285714,,,,exposure_only_no_risk_signal
jc,2025,5,HB603,8 St & Washington St,40.74598388291562,-74.02819901704788,3174,0,0.0,0.0,116.22178494372828,False,insufficient_data,0.8214285714285714,0.0,0.8214285714285714,False,True,True,82.14285714285714,,,,exposure_only_no_risk_signal
jc,2023,8,HB603,8 St & Washington St,40.74594341014753,-74.02819881384765,3766,0,0.0,0.0,97.95218943478321,False,insufficient_data,0.8192771084337349,0.0,0.8192771084337349,False,True,True,81.92771084337349,,,,exposure_only_no_risk_signal
jc,2023,10,HB201,12 St & Sinatra Dr N,40.750519778359056,-74.02415058122946,3313,0,0.0,0.0,111.3455917329893,False,insufficient_data,0.8192771084337349,0.0,0.8192771084337349,False,True,True,81.92771084337349,,,,exposure_only_no_risk_signal
jc,2025,4,HB501,Columbus Park - Clinton St & 9 St,40.74816121065146,-74.0324530005455,2765,0,0.0,0.0,133.4133618124389,False,insufficient_data,0.8192771084337349,0.0,0.8192771084337349,False,True,True,81.92771084337349,,,,exposure_only_no_risk_signal
jc,2023,11,JC013,Marin Light Rail,40.714584853539165,-74.0428146610987,2539,0,0.0,0.0,145.28867483709868,False,insufficient_data,0.8192771084337349,0.0,0.8192771084337349,False,True,True,81.92771084337349,,,,exposure_only_no_risk_signal
jc,2025,3,JC014,Columbus Drive,40.71835519823214,-74.03891444206238,2437,0,0.0,0.0,151.36969446507734,False,insufficient_data,0.8192771084337349,0.0,0.8192771084337349,False,True,True,81.92771084337349,,,,exposure_only_no_risk_signal
jc,2023,12,JC105,Hoboken Ave at Monmouth St,40.73523523195093,-74.04693546192433,1988,0,0.0,0.0,185.55731660532874,False,insufficient_data,0.8192771084337349,0.0,0.8192771084337349,False,True,True,81.92771084337349,,,,exposure_only_no_risk_signal
jc,2025,2,HB202,14 St Ferry - 14 St & Shipyard Ln,40.75296063046496,-74.02435272932053,1433,0,0.0,0.0,257.4235487867366,False,insufficient_data,0.8192771084337349,0.0,0.8192771084337349,False,True,True,81.92771084337349,,,,exposure_only_no_risk_signal
jc,2025,9,HB505,Willow Ave & 12 St,40.7518674823282,-74.03037697076797,3586,0,0.0,0.0,102.86891952353417,False,insufficient_data,0.8191489361702128,0.0,0.8191489361702128,False,True,True,81.91489361702128,,,,exposure_only_no_risk_signal
jc,2025,10,JC013,Marin Light Rail,40.71458403535893,-74.04281705617905,3276,0,0.0,0.0,112.60315793998582,False,insufficient_data,0.8191489361702128,0.0,0.8191489361702128,False,True,True,81.91489361702128,,,,exposure_only_no_risk_signal
jc,2025,8,HB609,River St & 1 St,40.73721535335381,-74.02886540972803,3713,0,0.0,0.0,99.35037581777365,False,insufficient_data,0.8181818181818182,0.0,0.8181818181818182,False,True,True,81.81818181818183,,,,exposure_only_no_risk_signal
jc,2023,7,JC052,Liberty Light Rail,40.711295492370944,-74.05564177069776,3590,0,0.0,0.0,102.75430234300656,False,insufficient_data,0.8170731707317073,0.0,0.8170731707317073,False,True,True,81.70731707317073,,,,exposure_only_no_risk_signal
jc,2023,5,JC105,Hoboken Ave at Monmouth St,40.73521836256488,-74.04695237100238,3342,0,0.0,0.0,110.37939719072219,False,insufficient_data,0.8170731707317073,0.0,0.8170731707317073,False,True,True,81.70731707317073,,,,exposure_only_no_risk_signal
jc,2023,6,HB607,Hudson St & 4 St,40.74093811383108,-74.0286258771453,3335,0,0.0,0.0,110.61107808437588,False,insufficient_data,0.8170731707317073,0.0,0.8170731707317073,False,True,True,81.70731707317073,,,,exposure_only_no_risk_signal
jc,2023,4,JC013,Marin Light Rail,40.71458488820774,-74.04281543197862,2771,0,0.0,0.0,133.12448408927952,False,insufficient_data,0.8170731707317073,0.0,0.8170731707317073,False,True,True,81.70731707317073,,,,exposure_only_no_risk_signal
jc,2023,3,HB303,Clinton St & 7 St,40.74541754684982,-74.03332979853961,1931,0,0.0,0.0,191.03466877855698,False,insufficient_data,0.8170731707317073,0.0,0.8170731707317073,False,True,True,81.70731707317073,,,,exposure_only_no_risk_signal
jc,2019,9,3211,Newark Ave,40.72152515,-74.046304543,2791,0,0.0,0.0,132.17052863181425,False,insufficient_data,0.8163265306122449,0.0,0.8163265306122449,False,True,True,81.63265306122449,,,,exposure_only_no_risk_signal
jc,2020,9,3205,JC Medical Center,40.71653978099194,-74.0496379137039,2780,0,0.0,0.0,132.69350554366673,False,insufficient_data,0.8163265306122449,0.0,0.8163265306122449,False,True,True,81.63265306122449,,,,exposure_only_no_risk_signal
jc,2020,7,3195,Sip Ave,40.73089709786179,-74.06391263008118,2695,0,0.0,0.0,136.87864393743732,False,insufficient_data,0.8163265306122449,0.0,0.8163265306122449,False,True,True,81.63265306122449,,,,exposure_only_no_risk_signal
jc,2019,8,3211,Newark Ave,40.72152515,-74.046304543,2648,0,0.0,0.0,139.30813648466523,False,insufficient_data,0.8163265306122449,0.0,0.8163265306122449,False,True,True,81.63265306122449,,,,exposure_only_no_risk_signal
jc,2019,7,3792,Columbus Dr at Exchange Pl,40.71687,-74.03281,2280,0,0.0,0.0,161.7929585137691,False,insufficient_data,0.8163265306122449,0.0,0.8163265306122449,False,True,True,81.63265306122449,,,,exposure_only_no_risk_signal
jc,2019,10,3199,Newport Pkwy,40.7287448,-74.0321082,2121,0,0.0,0.0,173.92170929344343,False,insufficient_data,0.8163265306122449,0.0,0.8163265306122449,False,True,True,81.63265306122449,,,,exposure_only_no_risk_signal
jc,2020,10,3639,Harborside,40.7192517,-74.034234,1983,0,0.0,0.0,186.025186793441,False,insufficient_data,0.8163265306122449,0.0,0.8163265306122449,False,True,True,81.63265306122449,,,,exposure_only_no_risk_signal
jc,2019,5,3185,City Hall,40.7177325,-74.043845,1920,0,0.0,0.0,192.12913823510078,False,insufficient_data,0.8163265306122449,0.0,0.8163265306122449,False,True,True,81.63265306122449,,,,exposure_only_no_risk_signal
jc,2020,1,3269,Brunswick & 6th,40.72601172964625,-74.05038893222809,1427,0,0.0,0.0,258.5059182981034,False,insufficient_data,0.8163265306122449,0.0,0.8163265306122449,False,True,True,81.63265306122449,,,,exposure_only_no_risk_signal
jc,2019,11,3199,Newport Pkwy,40.7287448,-74.0321082,1425,0,0.0,0.0,258.86873362203056,False,insufficient_data,0.8163265306122449,0.0,0.8163265306122449,False,True,True,81.63265306122449,,,,exposure_only_no_risk_signal
jc,2020,11,3639,Harborside,40.7192517,-74.034234,1300,0,0.0,0.0,283.7599580087643,False,insufficient_data,0.8163265306122449,0.0,0.8163265306122449,False,True,True,81.63265306122449,,,,exposure_only_no_risk_signal
jc,2020,2,3211,Newark Ave,40.72152515,-74.046304543,1279,0,0.0,0.0,288.41903472352897,False,insufficient_data,0.8163265306122449,0.0,0.8163265306122449,False,True,True,81.63265306122449,,,,exposure_only_no_risk_signal
jc,2020,3,3185,City Hall,40.7177325,-74.043845,1076,0,0.0,0.0,342.8326630217412,False,insufficient_data,0.8163265306122449,0.0,0.8163265306122449,False,True,True,81.63265306122449,,,,exposure_only_no_risk_signal
jc,2023,1,HB402,Madison St & 1 St,40.73878842115972,-74.03927915430995,1797,0,0.0,0.0,205.27988058508265,False,insufficient_data,0.8148148148148148,0.0,0.8148148148148148,False,True,True,81.48148148148148,,,,exposure_only_no_risk_signal
jc,2023,2,HB607,Hudson St & 4 St,40.74095880651095,-74.02859339602614,1576,0,0.0,0.0,234.0659552102751,False,insufficient_data,0.8148148148148148,0.0,0.8148148148148148,False,True,True,81.48148148148148,,,,exposure_only_no_risk_signal
jc,2025,12,JC105,Hoboken Ave at Monmouth St,40.73520838045357,-74.04696375131607,1441,0,0.0,0.0,255.99441041734457,False,insufficient_data,0.8148148148148148,0.0,0.8148148148148148,False,True,True,81.48148148148148,,,,exposure_only_no_risk_signal
jc,2020,8,3195,Sip Ave,40.73089709786179,-74.06391263008118,3059,0,0.0,0.0,120.59102497920678,False,insufficient_data,0.8125,0.0,0.8125,False,True,True,81.25,,,,exposure_only_no_risk_signal
jc,2020,6,3184,Paulus Hook,40.7141454,-74.0335519,2279,0,0.0,0.0,161.8639514749423,False,insufficient_data,0.8125,0.0,0.8125,False,True,True,81.25,,,,exposure_only_no_risk_signal
jc,2019,6,3185,City Hall,40.7177325,-74.043845,2236,0,0.0,0.0,164.97671977253736,False,insufficient_data,0.8125,0.0,0.8125,False,True,True,81.25,,,,exposure_only_no_risk_signal
jc,2019,4,3211,Newark Ave,40.72152515,-74.046304543,1790,0,0.0,0.0,206.08265106781764,False,insufficient_data,0.8125,0.0,0.8125,False,True,True,81.25,,,,exposure_only_no_risk_signal
jc,2020,5,3267,Morris Canal,40.7124188237569,-74.03852552175522,1511,0,0.0,0.0,244.13497379973103,False,insufficient_data,0.8125,0.0,0.8125,False,True,True,81.25,,,,exposure_only_no_risk_signal
jc,2019,3,3269,Brunswick & 6th,40.72601172964625,-74.05038893222809,1154,0,0.0,0.0,319.66026465458714,False,insufficient_data,0.8125,0.0,0.8125,False,True,True,81.25,,,,exposure_only_no_risk_signal
jc,2019,12,3187,Warren St,40.7211236,-74.03805095,1084,0,0.0,0.0,340.3025326673372,False,insufficient_data,0.8125,0.0,0.8125,False,True,True,81.25,,,,exposure_only_no_risk_signal
jc,2019,1,3272,Jersey & 3rd,40.72333158646436,-74.04595255851744,1029,0,0.0,0.0,358.491686502812,False,insufficient_data,0.8125,0.0,0.8125,False,True,True,81.25,,,,exposure_only_no_risk_signal
jc,2019,2,3209,Brunswick St,40.7241765,-74.0506564,964,0,0.0,0.0,382.6638437877526,False,insufficient_data,0.8125,0.0,0.8125,False,True,True,81.25,,,,exposure_only_no_risk_signal
jc,2020,12,3185,City Hall,40.7177325,-74.043845,746,0,0.0,0.0,494.4878624817608,False,insufficient_data,0.8125,0.0,0.8125,False,True,True,81.25,,,,exposure_only_no_risk_signal
jc,2020,4,3202,Newport PATH,40.7272235,-74.0337589,524,0,0.0,0.0,703.9846286476976,False,insufficient_data,0.8125,0.0,0.8125,False,True,True,81.25,,,,exposure_only_no_risk_signal
jc,2025,6,JC014,Columbus Drive,40.71835519823214,-74.03891444206238,3244,0,0.0,0.0,113.71391658797582,False,insufficient_data,0.8117647058823529,0.0,0.8117647058823529,False,True,True,81.17647058823529,,,,exposure_only_no_risk_signal
jc,2023,9,HB202,14 St Ferry - 14 St & Shipyard Ln,40.75278794823628,-74.02438055832428,3177,0,0.0,0.0,116.11203821573608,False,insufficient_data,0.8117647058823529,0.0,0.8117647058823529,False,True,True,81.17647058823529,,,,exposure_only_no_risk_signal
jc,2025,1,HB103,South Waterfront Walkway - Sinatra Dr & 1 St,40.73698221818716,-74.02778059244156,1557,0,0.0,0.0,236.92225138817824,False,insufficient_data,0.8117647058823529,0.0,0.8117647058823529,False,True,True,81.17647058823529,,,,exposure_only_no_risk_signal
jc,2025,7,HB105,City Hall - Washington St & 1 St,40.73736,-74.03097,3556,0,0.0,0.0,103.73676755101054,False,insufficient_data,0.8095238095238095,0.0,0.8095238095238095,False,True,True,80.95238095238095,,,,exposure_only_no_risk_signal
jc,2025,5,JC052,Liberty Light Rail,40.7112423,-74.0557013,3156,0,0.0,0.0,116.88464683504232,False,insufficient_data,0.8095238095238095,0.0,0.8095238095238095,False,True,True,80.95238095238095,,,,exposure_only_no_risk_signal
jc,2025,9,JC052,Liberty Light Rail,40.7112423,-74.0557013,3521,0,0.0,0.0,104.7679481429689,False,insufficient_data,0.8085106382978722,0.0,0.8085106382978722,False,True,True,80.85106382978722,,,,exposure_only_no_risk_signal
jc,2025,10,HB612,Newark St & Washington St,40.73681,-74.0309,3259,0,0.0,0.0,113.19053249812627,False,insufficient_data,0.8085106382978722,0.0,0.8085106382978722,False,True,True,80.85106382978722,,,,exposure_only_no_risk_signal
jc,2025,11,HB505,Willow Ave & 12 St,40.7518674823282,-74.03037697076797,2405,0,0.0,0.0,153.38376108581852,False,insufficient_data,0.8085106382978722,0.0,0.8085106382978722,False,True,True,80.85106382978722,,,,exposure_only_no_risk_signal
jc,2023,8,JC052,Liberty Light Rail,40.71130474187888,-74.05562939606779,3762,0,0.0,0.0,98.05633849319338,False,insufficient_data,0.8072289156626506,0.0,0.8072289156626506,False,True,True,80.72289156626506,,,,exposure_only_no_risk_signal
jc,2023,10,HB303,Clinton St & 7 St,40.74535506746219,-74.03341849095082,3280,0,0.0,0.0,112.46583701566875,False,insufficient_data,0.8072289156626506,0.0,0.8072289156626506,False,True,True,80.72289156626506,,,,exposure_only_no_risk_signal
jc,2025,4,HB202,14 St Ferry - 14 St & Shipyard Ln,40.75296063046496,-74.02435272932053,2602,0,0.0,0.0,141.7709244471151,False,insufficient_data,0.8072289156626506,0.0,0.8072289156626506,False,True,True,80.72289156626506,,,,exposure_only_no_risk_signal
jc,2023,11,HB303,Clinton St & 7 St,40.74541497730672,-74.03333858249813,2480,0,0.0,0.0,148.74513927878772,False,insufficient_data,0.8072289156626506,0.0,0.8072289156626506,False,True,True,80.72289156626506,,,,exposure_only_no_risk_signal
jc,2025,3,HB602,Stevens - River Ter & 6 St,40.74313282710551,-74.02698867022991,2386,0,0.0,0.0,154.60517410368547,False,insufficient_data,0.8072289156626506,0.0,0.8072289156626506,False,True,True,80.72289156626506,,,,exposure_only_no_risk_signal
jc,2023,12,HB402,Madison St & 1 St,40.738784162219616,-74.0392570336498,1958,0,0.0,0.0,188.40038070040526,False,insufficient_data,0.8072289156626506,0.0,0.8072289156626506,False,True,True,80.72289156626506,,,,exposure_only_no_risk_signal
jc,2025,2,HB305,9 St HBLR - Jackson St & 8 St,40.74790720968899,-74.03841152787209,1422,0,0.0,0.0,259.4148701908534,False,insufficient_data,0.8072289156626506,0.0,0.8072289156626506,False,True,True,80.72289156626506,,,,exposure_only_no_risk_signal
jc,2025,8,JC006,Warren St,40.7211236,-74.03805095,3681,0,0.0,0.0,100.21405743314142,False,insufficient_data,0.8068181818181818,0.0,0.8068181818181818,False,True,True,80.68181818181817,,,,exposure_only_no_risk_signal
jc,2025,12,JC014,Columbus Drive,40.71835519823214,-74.03891444206238,1431,0,0.0,0.0,257.78333012675995,False,insufficient_data,0.8055555555555556,0.0,0.8055555555555556,False,True,True,80.55555555555556,,,,exposure_only_no_risk_signal
jc,2023,7,HB203,Bloomfield St & 15 St,40.75440550057122,-74.02663458264895,3555,0,0.0,0.0,103.76594807634137,False,insufficient_data,0.804878048780488,0.0,0.804878048780488,False,True,True,80.48780487804879,,,,exposure_only_no_risk_signal
jc,2023,5,JC104,Harborside,40.719255145588775,-74.0342335991266,3278,0,0.0,0.0,112.53445558614811,False,insufficient_data,0.804878048780488,0.0,0.804878048780488,False,True,True,80.48780487804879,,,,exposure_only_no_risk_signal
jc,2023,6,JC104,Harborside,40.71926531487657,-74.03424004919871,3219,0,0.0,0.0,114.59706288020922,False,insufficient_data,0.804878048780488,0.0,0.804878048780488,False,True,True,80.48780487804879,,,,exposure_only_no_risk_signal
jc,2023,4,HB603,8 St & Washington St,40.74598451595325,-74.02817736108007,2652,0,0.0,0.0,139.09801863174718,False,insufficient_data,0.804878048780488,0.0,0.804878048780488,False,True,True,80.48780487804879,,,,exposure_only_no_risk_signal
jc,2023,3,JC013,Marin Light Rail,40.71458551393568,-74.04281464125887,1908,0,0.0,0.0,193.33749759506998,False,insufficient_data,0.804878048780488,0.0,0.804878048780488,False,True,True,80.48780487804879,,,,exposure_only_no_risk_signal
jc,2023,1,JC104,Harborside,40.71926047163683,-74.03422882411104,1765,0,0.0,0.0,209.00166878832496,False,insufficient_data,0.8024691358024691,0.0,0.8024691358024691,False,True,True,80.24691358024691,,,,exposure_only_no_risk_signal
jc,2023,2,JC104,Harborside,40.719258984747455,-74.03422881836416,1568,0,0.0,0.0,235.2601692674704,False,insufficient_data,0.8024691358024691,0.0,0.8024691358024691,False,True,True,80.24691358024691,,,,exposure_only_no_risk_signal
jc,2025,6,HB603,8 St & Washington St,40.74598388291562,-74.02819901704788,3166,0,0.0,0.0,116.51545970037698,False,insufficient_data,0.8,0.0,0.8,False,True,True,80.0,,,,exposure_only_no_risk_signal
jc,2023,9,JC098,Washington St,40.72429190232516,-74.03550526554504,3138,0,0.0,0.0,117.55511326048233,False,insufficient_data,0.8,0.0,0.8,False,True,True,80.0,,,,exposure_only_no_risk_signal
jc,2025,1,JC014,Columbus Drive,40.71835519823214,-74.03891444206238,1550,0,0.0,0.0,237.99222284606034,False,insufficient_data,0.8,0.0,0.8,False,True,True,80.0,,,,exposure_only_no_risk_signal
jc,2025,9,HB611,4 St & River St,40.7408139,-74.0274062,3514,0,0.0,0.0,104.97664923488716,False,insufficient_data,0.7978723404255319,0.0,0.7978723404255319,False,False,True,79.7872340425532,,,,exposure_only_no_risk_signal
jc,2025,10,JC014,Columbus Drive,40.71835519823214,-74.03891444206238,3158,0,0.0,0.0,116.8106223595293,False,insufficient_data,0.7978723404255319,0.0,0.7978723404255319,False,False,True,79.7872340425532,,,,exposure_only_no_risk_signal
jc,2025,11,JC013,Marin Light Rail,40.71458403535893,-74.04281705617905,2395,0,0.0,0.0,154.02419432626036,False,insufficient_data,0.7978723404255319,0.0,0.7978723404255319,False,False,True,79.7872340425532,,,,exposure_only_no_risk_signal
jc,2025,7,JC014,Columbus Drive,40.71835519823214,-74.03891444206238,3550,0,0.0,0.0,103.9120972989841,False,insufficient_data,0.7976190476190478,0.0,0.7976190476190478,False,False,True,79.76190476190477,,,,exposure_only_no_risk_signal
jc,2025,5,JC116,Exchange Pl,40.71636596185077,-74.034343957901,3154,0,0.0,0.0,116.95876519067646,False,insufficient_data,0.7976190476190478,0.0,0.7976190476190478,False,False,True,79.76190476190477,,,,exposure_only_no_risk_signal
jc,2025,12,JC013,Marin Light Rail,40.71458403535893,-74.04281705617905,1427,0,0.0,0.0,258.5059182981034,False,insufficient_data,0.7962962962962963,0.0,0.7962962962962963,False,False,True,79.62962962962963,,,,exposure_only_no_risk_signal
jc,2019,8,3187,Warren St,40.7211236,-74.03805095,2612,0,0.0,0.0,141.2281567424937,False,insufficient_data,0.7959183673469387,0.0,0.7959183673469387,False,False,True,79.59183673469387,,,,exposure_only_no_risk_signal
jc,2019,9,3187,Warren St,40.7211236,-74.03805095,2604,0,0.0,0.0,141.66203740836926,False,insufficient_data,0.7959183673469387,0.0,0.7959183673469387,False,False,True,79.59183673469387,,,,exposure_only_no_risk_signal
jc,2020,9,3187,Warren St,40.7211236,-74.03805095,2348,0,0.0,0.0,157.10730213432433,False,insufficient_data,0.7959183673469387,0.0,0.7959183673469387,False,False,True,79.59183673469387,,,,exposure_only_no_risk_signal
jc,2020,7,3185,City Hall,40.7177325,-74.043845,2277,0,0.0,0.0,162.00612446701516,False,insufficient_data,0.7959183673469387,0.0,0.7959183673469387,False,False,True,79.59183673469387,,,,exposure_only_no_risk_signal
jc,2019,7,3638,Washington St,40.7242941,-74.0354826,2230,0,0.0,0.0,165.42060332349484,False,insufficient_data,0.7959183673469387,0.0,0.7959183673469387,False,False,True,79.59183673469387,,,,exposure_only_no_risk_signal
jc,2019,10,3211,Newark Ave,40.72152515,-74.046304543,1987,0,0.0,0.0,185.65070227045473,False,insufficient_data,0.7959183673469387,0.0,0.7959183673469387,False,False,True,79.59183673469387,,,,exposure_only_no_risk_signal
jc,2020,10,3187,Warren St,40.7211236,-74.03805095,1913,0,0.0,0.0,192.8321721962329,False,insufficient_data,0.7959183673469387,0.0,0.7959183673469387,False,False,True,79.59183673469387,,,,exposure_only_no_risk_signal
jc,2019,5,3267,Morris Canal,40.7124188237569,-74.03852552175522,1877,0,0.0,0.0,196.53060490750855,False,insufficient_data,0.7959183673469387,0.0,0.7959183673469387,False,False,True,79.59183673469387,,,,exposure_only_no_risk_signal
jc,2019,11,3185,City Hall,40.7177325,-74.043845,1415,0,0.0,0.0,260.69819463702726,False,insufficient_data,0.7959183673469387,0.0,0.7959183673469387,False,False,True,79.59183673469387,,,,exposure_only_no_risk_signal
jc,2020,1,3187,Warren St,40.7211236,-74.03805095,1309,0,0.0,0.0,281.8089728123709,False,insufficient_data,0.7959183673469387,0.0,0.7959183673469387,False,False,True,79.59183673469387,,,,exposure_only_no_risk_signal
jc,2020,11,3187,Warren St,40.7211236,-74.03805095,1288,0,0.0,0.0,286.4036843256161,False,insufficient_data,0.7959183673469387,0.0,0.7959183673469387,False,False,True,79.59183673469387,,,,exposure_only_no_risk_signal
jc,2020,2,3269,Brunswick & 6th,40.72601172964625,-74.05038893222809,1148,0,0.0,0.0,321.3309629019107,False,insufficient_data,0.7959183673469387,0.0,0.7959183673469387,False,False,True,79.59183673469387,,,,exposure_only_no_risk_signal
jc,2020,3,3211,Newark Ave,40.72152515,-74.046304543,985,0,0.0,0.0,374.50552833644014,False,insufficient_data,0.7959183673469387,0.0,0.7959183673469387,False,False,True,79.59183673469387,,,,exposure_only_no_risk_signal
jc,2025,8,HB501,Columbus Park - Clinton St & 9 St,40.74816121065146,-74.0324530005455,3650,0,0.0,0.0,101.06519052366946,False,insufficient_data,0.7954545454545454,0.0,0.7954545454545454,False,False,True,79.54545454545455,,,,exposure_only_no_risk_signal
jc,2023,8,HB501,Columbus Park - Clinton St & 9 St,40.74810450961011,-74.03247280576942,3680,0,0.0,0.0,100.24128951396563,False,insufficient_data,0.7951807228915662,0.0,0.7951807228915662,False,False,True,79.51807228915662,,,,exposure_only_no_risk_signal
jc,2023,10,HB202,14 St Ferry - 14 St & Shipyard Ln,40.75287343386655,-74.02436778899745,3182,0,0.0,0.0,115.9295868671884,False,insufficient_data,0.7951807228915662,0.0,0.7951807228915662,False,False,True,79.51807228915662,,,,exposure_only_no_risk_signal
jc,2025,4,JC013,Marin Light Rail,40.71458403535893,-74.04281705617905,2554,0,0.0,0.0,144.43537408433576,False,insufficient_data,0.7951807228915662,0.0,0.7951807228915662,False,False,True,79.51807228915662,,,,exposure_only_no_risk_signal
jc,2023,11,HB602,Stevens - River Ter & 6 St,40.74313936459403,-74.02699106996135,2394,0,0.0,0.0,154.08853191787534,False,insufficient_data,0.7951807228915662,0.0,0.7951807228915662,False,False,True,79.51807228915662,,,,exposure_only_no_risk_signal
jc,2025,3,HB601,Church Sq Park - 5 St & Park Ave,40.74265933273143,-74.03223305940628,2299,0,0.0,0.0,160.45582662522557,False,insufficient_data,0.7951807228915662,0.0,0.7951807228915662,False,False,True,79.51807228915662,,,,exposure_only_no_risk_signal
jc,2023,12,JC013,Marin Light Rail,40.714588656730704,-74.04282727697186,1861,0,0.0,0.0,198.2202823274549,False,insufficient_data,0.7951807228915662,0.0,0.7951807228915662,False,False,True,79.51807228915662,,,,exposure_only_no_risk_signal
jc,2025,2,HB303,Clinton St & 7 St,40.74542,-74.03332,1379,0,0.0,0.0,267.50394881174293,False,insufficient_data,0.7951807228915662,0.0,0.7951807228915662,False,False,True,79.51807228915662,,,,exposure_only_no_risk_signal
jc,2023,7,JC116,Exchange Pl,40.716409663588536,-74.0343774108698,3484,0,0.0,0.0,105.88058134655384,False,insufficient_data,0.7926829268292682,0.0,0.7926829268292682,False,False,True,79.26829268292683,,,,exposure_only_no_risk_signal
jc,2023,5,JC013,Marin Light Rail,40.7145848352282,-74.04281566916383,3223,0,0.0,0.0,114.45483878727693,False,insufficient_data,0.7926829268292682,0.0,0.7926829268292682,False,False,True,79.26829268292683,,,,exposure_only_no_risk_signal
jc,2023,6,HB501,Columbus Park - Clinton St & 9 St,40.74814542182699,-74.03246483293356,3168,0,0.0,0.0,116.44190196066714,False,insufficient_data,0.7926829268292682,0.0,0.7926829268292682,False,False,True,79.26829268292683,,,,exposure_only_no_risk_signal
jc,2023,4,JC116,Exchange Pl,40.716370554734326,-74.03435442009058,2517,0,0.0,0.0,146.5585798217694,False,insufficient_data,0.7926829268292682,0.0,0.7926829268292682,False,False,True,79.26829268292683,,,,exposure_only_no_risk_signal
jc,2023,3,JC052,Liberty Light Rail,40.7112439926744,-74.05569943270706,1898,0,0.0,0.0,194.35613562244126,False,insufficient_data,0.7926829268292682,0.0,0.7926829268292682,False,False,True,79.26829268292683,,,,exposure_only_no_risk_signal
jc,2020,8,3267,Morris Canal,40.7124188237569,-74.03852552175522,2662,0,0.0,0.0,138.5754866308766,False,insufficient_data,0.7916666666666665,0.0,0.7916666666666665,False,False,True,79.16666666666666,,,,exposure_only_no_risk_signal
jc,2019,6,3192,Liberty Light Rail,40.7112423,-74.0557013,2203,0,0.0,0.0,167.44800064066888,False,insufficient_data,0.7916666666666665,0.0,0.7916666666666665,False,False,True,79.16666666666666,,,,exposure_only_no_risk_signal
jc,2020,6,3185,City Hall,40.7177325,-74.043845,2138,0,0.0,0.0,172.53879579578745,False,insufficient_data,0.7916666666666665,0.0,0.7916666666666665,False,False,True,79.16666666666666,,,,exposure_only_no_risk_signal
jc,2019,4,3638,Washington St,40.7242941,-74.0354826,1727,0,0.0,0.0,213.60043162211556,False,insufficient_data,0.7916666666666665,0.0,0.7916666666666665,False,False,True,79.16666666666666,,,,exposure_only_no_risk_signal
jc,2020,5,3184,Paulus Hook,40.7141454,-74.0335519,1403,0,0.0,0.0,262.92797249564757,False,insufficient_data,0.7916666666666665,0.0,0.7916666666666665,False,False,True,79.16666666666666,,,,exposure_only_no_risk_signal
jc,2019,3,3213,Van Vorst Park,40.71848892,-74.047726625,1127,0,0.0,0.0,327.3184963721327,False,insufficient_data,0.7916666666666665,0.0,0.7916666666666665,False,False,True,79.16666666666666,,,,exposure_only_no_risk_signal
jc,2019,12,3185,City Hall,40.7177325,-74.043845,987,0,0.0,0.0,373.74665188591035,False,insufficient_data,0.7916666666666665,0.0,0.7916666666666665,False,False,True,79.16666666666666,,,,exposure_only_no_risk_signal
jc,2019,1,3269,Brunswick & 6th,40.72601172964625,-74.05038893222809,954,0,0.0,0.0,386.67499519013995,False,insufficient_data,0.7916666666666665,0.0,0.7916666666666665,False,False,True,79.16666666666666,,,,exposure_only_no_risk_signal
jc,2019,2,3272,Jersey & 3rd,40.72333158646436,-74.04595255851744,927,0,0.0,0.0,397.9373736908236,False,insufficient_data,0.7916666666666665,0.0,0.7916666666666665,False,False,True,79.16666666666666,,,,exposure_only_no_risk_signal
jc,2020,12,3202,Newport PATH,40.7272235,-74.0337589,728,0,0.0,0.0,506.71421072993616,False,insufficient_data,0.7916666666666665,0.0,0.7916666666666665,False,False,True,79.16666666666666,,,,exposure_only_no_risk_signal
jc,2020,4,3205,JC Medical Center,40.71653978099194,-74.0496379137039,512,0,0.0,0.0,720.484268381628,False,insufficient_data,0.7916666666666665,0.0,0.7916666666666665,False,False,True,79.16666666666666,,,,exposure_only_no_risk_signal
jc,2023,1,HB607,Hudson St & 4 St,40.74096109074193,-74.02859524346364,1726,0,0.0,0.0,213.72418621749335,False,insufficient_data,0.7901234567901234,0.0,0.7901234567901234,False,False,True,79.01234567901234,,,,exposure_only_no_risk_signal
jc,2023,2,HB305,9 St HBLR - Jackson St & 8 St,40.74793116896988,-74.03841096757279,1503,0,0.0,0.0,245.4344280847595,False,insufficient_data,0.7901234567901234,0.0,0.7901234567901234,False,False,True,79.01234567901234,,,,exposure_only_no_risk_signal
jc,2025,6,HB609,River St & 1 St,40.73721535335381,-74.02886540972803,3111,0,0.0,0.0,118.57536014509597,False,insufficient_data,0.7882352941176471,0.0,0.7882352941176471,False,False,True,78.82352941176471,,,,exposure_only_no_risk_signal
jc,2023,9,JC104,Harborside,40.71929514616934,-74.03424902257126,3057,0,0.0,0.0,120.66991999064231,False,insufficient_data,0.7882352941176471,0.0,0.7882352941176471,False,False,True,78.82352941176471,,,,exposure_only_no_risk_signal
jc,2025,1,HB408,Marshall St & 2 St,40.740802,-74.042521,1545,0,0.0,0.0,238.7624242144942,False,insufficient_data,0.7882352941176471,0.0,0.7882352941176471,False,False,True,78.82352941176471,,,,exposure_only_no_risk_signal
jc,2025,9,HB601,Church Sq Park - 5 St & Park Ave,40.74265933273143,-74.03223305940628,3503,0,0.0,0.0,105.30629329471697,False,insufficient_data,0.7872340425531915,0.0,0.7872340425531915,False,False,True,78.72340425531915,,,,exposure_only_no_risk_signal
jc,2025,10,HB611,4 St & River St,40.7408139,-74.0274062,3143,0,0.0,0.0,117.36810226261328,False,insufficient_data,0.7872340425531915,0.0,0.7872340425531915,False,False,True,78.72340425531915,,,,exposure_only_no_risk_signal
jc,2025,11,HB611,4 St & River St,40.7408139,-74.0274062,2336,0,0.0,0.0,157.91436019323353,False,insufficient_data,0.7872340425531915,0.0,0.7872340425531915,False,False,True,78.72340425531915,,,,exposure_only_no_risk_signal
jc,2025,12,HB601,Church Sq Park - 5 St & Park Ave,40.74265933273143,-74.03223305940628,1404,0,0.0,0.0,262.7407018599669,False,insufficient_data,0.7870370370370371,0.0,0.7870370370370371,False,False,True,78.70370370370371,,,,exposure_only_no_risk_signal
jc,2025,7,JC006,Warren St,40.7211236,-74.03805095,3490,0,0.0,0.0,105.69855169380902,False,insufficient_data,0.7857142857142857,0.0,0.7857142857142857,False,False,True,78.57142857142857,,,,exposure_only_no_risk_signal
jc,2025,5,JC014,Columbus Drive,40.71835519823214,-74.03891444206238,3008,0,0.0,0.0,122.63562015006436,False,insufficient_data,0.7857142857142857,0.0,0.7857142857142857,False,False,True,78.57142857142857,,,,exposure_only_no_risk_signal
jc,2025,8,HB603,8 St & Washington St,40.74598388291562,-74.02819901704788,3409,0,0.0,0.0,108.21001625444222,False,insufficient_data,0.7840909090909091,0.0,0.7840909090909091,False,False,True,78.4090909090909,,,,exposure_only_no_risk_signal
jc,2023,8,HB202,14 St Ferry - 14 St & Shipyard Ln,40.75283183523426,-74.02438201911127,3579,0,0.0,0.0,103.07011606912366,False,insufficient_data,0.7831325301204819,0.0,0.7831325301204819,False,False,True,78.3132530120482,,,,exposure_only_no_risk_signal
jc,2023,10,JC003,City Hall,40.71775378873956,-74.04386701136877,2945,0,0.0,0.0,125.25906465582123,False,insufficient_data,0.7831325301204819,0.0,0.7831325301204819,False,False,True,78.3132530120482,,,,exposure_only_no_risk_signal
jc,2025,4,HB402,Madison St & 1 St,40.73879,-74.0393,2392,0,0.0,0.0,154.21736848302405,False,insufficient_data,0.7831325301204819,0.0,0.7831325301204819,False,False,True,78.3132530120482,,,,exposure_only_no_risk_signal
jc,2023,11,HB202,14 St Ferry - 14 St & Shipyard Ln,40.75286881697353,-74.02431511466546,2377,0,0.0,0.0,155.19055339141505,False,insufficient_data,0.7831325301204819,0.0,0.7831325301204819,False,False,True,78.3132530120482,,,,exposure_only_no_risk_signal
jc,2025,3,JC105,Hoboken Ave at Monmouth St,40.73520838045357,-74.04696375131607,2265,0,0.0,0.0,162.86443506021791,False,insufficient_data,0.7831325301204819,0.0,0.7831325301204819,False,False,True,78.3132530120482,,,,exposure_only_no_risk_signal
jc,2023,12,HB202,14 St Ferry - 14 St & Shipyard Ln,40.75287485916167,-74.02430008739043,1857,0,0.0,0.0,198.64725116391682,False,insufficient_data,0.7831325301204819,0.0,0.7831325301204819,False,False,True,78.3132530120482,,,,exposure_only_no_risk_signal
jc,2025,2,JC003,City Hall,40.7177325,-74.043845,1366,0,0.0,0.0,270.0497404182969,False,insufficient_data,0.7831325301204819,0.0,0.7831325301204819,False,False,True,78.3132530120482,,,,exposure_only_no_risk_signal
jc,2023,7,JC003,City Hall,40.71773394354118,-74.04384946175087,3472,0,0.0,0.0,106.24652805627694,False,insufficient_data,0.7804878048780488,0.0,0.7804878048780488,False,False,True,78.04878048780488,,,,exposure_only_no_risk_signal
jc,2023,5,JC003,City Hall,40.71773504519212,-74.04384931412568,3175,0,0.0,0.0,116.18517965713183,False,insufficient_data,0.7804878048780488,0.0,0.7804878048780488,False,False,True,78.04878048780488,,,,exposure_only_no_risk_signal
jc,2023,6,JC052,Liberty Light Rail,40.7112495995591,-74.05568676879479,3161,0,0.0,0.0,116.69976128168096,False,insufficient_data,0.7804878048780488,0.0,0.7804878048780488,False,False,True,78.04878048780488,,,,exposure_only_no_risk_signal
jc,2023,4,HB501,Columbus Park - Clinton St & 9 St,40.74817455192137,-74.03245501417672,2481,0,0.0,0.0,148.68518557492686,False,insufficient_data,0.7804878048780488,0.0,0.7804878048780488,False,False,True,78.04878048780488,,,,exposure_only_no_risk_signal
jc,2023,3,HB201,12 St & Sinatra Dr N,40.75061533108239,-74.02404991515282,1862,0,0.0,0.0,198.113826751554,False,insufficient_data,0.7804878048780488,0.0,0.7804878048780488,False,False,True,78.04878048780488,,,,exposure_only_no_risk_signal
jc,2023,1,JC013,Marin Light Rail,40.71458499210774,-74.0428127727383,1718,0,0.0,0.0,214.71940943620112,False,insufficient_data,0.7777777777777779,0.0,0.7777777777777779,False,False,True,77.77777777777779,,,,exposure_only_no_risk_signal
jc,2023,2,HB402,Madison St & 1 St,40.73878870782188,-74.03927243060174,1499,0,0.0,0.0,246.08935651193698,False,insufficient_data,0.7777777777777779,0.0,0.7777777777777779,False,False,True,77.77777777777779,,,,exposure_only_no_risk_signal
jc,2025,12,HB611,4 St & River St,40.7408139,-74.0274062,1325,0,0.0,0.0,278.4059965369008,False,insufficient_data,0.7777777777777779,0.0,0.7777777777777779,False,False,True,77.77777777777779,,,,exposure_only_no_risk_signal
jc,2025,9,HB612,Newark St & Washington St,40.73681,-74.0309,3493,0,0.0,0.0,105.60777137457588,False,insufficient_data,0.776595744680851,0.0,0.776595744680851,False,False,True,77.6595744680851,,,,exposure_only_no_risk_signal
jc,2025,10,HB402,Madison St & 1 St,40.73879,-74.0393,3123,0,0.0,0.0,118.11973916471135,False,insufficient_data,0.776595744680851,0.0,0.776595744680851,False,False,True,77.6595744680851,,,,exposure_only_no_risk_signal
jc,2025,11,HB105,City Hall - Washington St & 1 St,40.73736,-74.03097,2323,0,0.0,0.0,158.7980823983614,False,insufficient_data,0.776595744680851,0.0,0.776595744680851,False,False,True,77.6595744680851,,,,exposure_only_no_risk_signal
jc,2025,6,HB611,4 St & River St,40.7408139,-74.0274062,3097,0,0.0,0.0,119.1113805009343,False,insufficient_data,0.7764705882352942,0.0,0.7764705882352942,False,False,True,77.64705882352942,,,,exposure_only_no_risk_signal
jc,2023,9,JC066,Newport PATH,40.727225675358845,-74.03378164742959,3044,0,0.0,0.0,121.1852645898139,False,insufficient_data,0.7764705882352942,0.0,0.7764705882352942,False,False,True,77.64705882352942,,,,exposure_only_no_risk_signal
jc,2025,1,JC013,Marin Light Rail,40.71458403535893,-74.04281705617905,1528,0,0.0,0.0,241.41881244201147,False,insufficient_data,0.7764705882352942,0.0,0.7764705882352942,False,False,True,77.64705882352942,,,,exposure_only_no_risk_signal
jc,2019,9,3185,City Hall,40.7177325,-74.043845,2497,0,0.0,0.0,147.73245711309312,False,insufficient_data,0.7755102040816326,0.0,0.7755102040816326,False,False,True,77.55102040816327,,,,exposure_only_no_risk_signal
jc,2020,9,3185,City Hall,40.7177325,-74.043845,2344,0,0.0,0.0,157.37540333250575,False,insufficient_data,0.7755102040816326,0.0,0.7755102040816326,False,False,True,77.55102040816327,,,,exposure_only_no_risk_signal
jc,2019,8,3267,Morris Canal,40.7124188237569,-74.03852552175522,2318,0,0.0,0.0,159.14061493157615,False,insufficient_data,0.7755102040816326,0.0,0.7755102040816326,False,False,True,77.55102040816327,,,,exposure_only_no_risk_signal
jc,2019,7,3267,Morris Canal,40.7124188237569,-74.03852552175522,2229,0,0.0,0.0,165.49481624557808,False,insufficient_data,0.7755102040816326,0.0,0.7755102040816326,False,False,True,77.55102040816327,,,,exposure_only_no_risk_signal
jc,2020,7,3267,Morris Canal,40.7124188237569,-74.03852552175522,2168,0,0.0,0.0,170.1512663336686,False,insufficient_data,0.7755102040816326,0.0,0.7755102040816326,False,False,True,77.55102040816327,,,,exposure_only_no_risk_signal
jc,2019,10,3185,City Hall,40.7177325,-74.043845,1975,0,0.0,0.0,186.77870653741445,False,insufficient_data,0.7755102040816326,0.0,0.7755102040816326,False,False,True,77.55102040816327,,,,exposure_only_no_risk_signal
jc,2020,10,3185,City Hall,40.7177325,-74.043845,1903,0,0.0,0.0,193.84547840850948,False,insufficient_data,0.7755102040816326,0.0,0.7755102040816326,False,False,True,77.55102040816327,,,,exposure_only_no_risk_signal
jc,2019,5,3211,Newark Ave,40.72152515,-74.046304543,1853,0,0.0,0.0,199.07606336286753,False,insufficient_data,0.7755102040816326,0.0,0.7755102040816326,False,False,True,77.55102040816327,,,,exposure_only_no_risk_signal
jc,2019,11,3211,Newark Ave,40.72152515,-74.046304543,1377,0,0.0,0.0,267.8924803278094,False,insufficient_data,0.7755102040816326,0.0,0.7755102040816326,False,False,True,77.55102040816327,,,,exposure_only_no_risk_signal
jc,2020,1,3199,Newport Pkwy,40.7287448,-74.0321082,1302,0,0.0,0.0,283.3240748167385,False,insufficient_data,0.7755102040816326,0.0,0.7755102040816326,False,False,True,77.55102040816327,,,,exposure_only_no_risk_signal
jc,2020,11,3638,Washington St,40.7242941,-74.0354826,1246,0,0.0,0.0,296.05774110063686,False,insufficient_data,0.7755102040816326,0.0,0.7755102040816326,False,False,True,77.55102040816327,,,,exposure_only_no_risk_signal
jc,2020,2,3273,Manila & 1st,40.72165072487999,-74.04288411140442,1082,0,0.0,0.0,340.93155768150973,False,insufficient_data,0.7755102040816326,0.0,0.7755102040816326,False,False,True,77.55102040816327,,,,exposure_only_no_risk_signal
jc,2020,3,3272,Jersey & 3rd,40.72333158646436,-74.04595255851744,908,0,0.0,0.0,406.2642570610061,False,insufficient_data,0.7755102040816326,0.0,0.7755102040816326,False,False,True,77.55102040816327,,,,exposure_only_no_risk_signal
jc,2025,7,HB501,Columbus Park - Clinton St & 9 St,40.74816121065147,-74.0324530005455,3464,0,0.0,0.0,106.49190110028682,False,insufficient_data,0.7738095238095238,0.0,0.7738095238095238,False,False,True,77.38095238095238,,,,exposure_only_no_risk_signal
jc,2025,5,HB611,4 St & River St,40.7408139,-74.0274062,2792,0,0.0,0.0,132.1231896172613,False,insufficient_data,0.7738095238095238,0.0,0.7738095238095238,False,False,True,77.38095238095238,,,,exposure_only_no_risk_signal
jc,2025,8,HB612,Newark St & Washington St,40.73680999999999,-74.0309,3319,0,0.0,0.0,111.14430413118215,False,insufficient_data,0.7727272727272727,0.0,0.7727272727272727,False,False,True,77.27272727272727,,,,exposure_only_no_risk_signal
jc,2023,8,JC105,Hoboken Ave at Monmouth St,40.73522010790255,-74.04690913649264,3536,0,0.0,0.0,104.32351397381039,False,insufficient_data,0.7710843373493976,0.0,0.7710843373493976,False,False,True,77.10843373493977,,,,exposure_only_no_risk_signal
jc,2023,10,HB408,Marshall St & 2 St,40.74074507459287,-74.04255123655827,2900,0,0.0,0.0,127.20273979703225,False,insufficient_data,0.7710843373493976,0.0,0.7710843373493976,False,False,True,77.10843373493977,,,,exposure_only_no_risk_signal
jc,2025,4,HB601,Church Sq Park - 5 St & Park Ave,40.74265933273143,-74.03223305940628,2381,0,0.0,0.0,154.92983847601576,False,insufficient_data,0.7710843373493976,0.0,0.7710843373493976,False,False,True,77.10843373493977,,,,exposure_only_no_risk_signal
jc,2023,11,JC003,City Hall,40.717731631320255,-74.04385438947031,2346,0,0.0,0.0,157.24123845327944,False,insufficient_data,0.7710843373493976,0.0,0.7710843373493976,False,False,True,77.10843373493977,,,,exposure_only_no_risk_signal
jc,2025,3,JC013,Marin Light Rail,40.71458403535893,-74.04281705617905,2262,0,0.0,0.0,163.08043563722086,False,insufficient_data,0.7710843373493976,0.0,0.7710843373493976,False,False,True,77.10843373493977,,,,exposure_only_no_risk_signal
jc,2023,12,HB201,12 St & Sinatra Dr N,40.75059566108225,-74.02409326582985,1754,0,0.0,0.0,210.31239761196895,False,insufficient_data,0.7710843373493976,0.0,0.7710843373493976,False,False,True,77.10843373493977,,,,exposure_only_no_risk_signal
jc,2025,2,JC013,Marin Light Rail,40.71458403535893,-74.04281705617905,1358,0,0.0,0.0,271.64060781398643,False,insufficient_data,0.7710843373493976,0.0,0.7710843373493976,False,False,True,77.10843373493977,,,,exposure_only_no_risk_signal
jc,2020,8,3638,Washington St,40.7242941,-74.0354826,2451,0,0.0,0.0,150.50507768722707,False,insufficient_data,0.7708333333333335,0.0,0.7708333333333335,False,False,True,77.08333333333334,,,,exposure_only_no_risk_signal
jc,2019,6,3638,Washington St,40.7242941,-74.0354826,2080,0,0.0,0.0,177.34997375547766,False,insufficient_data,0.7708333333333335,0.0,0.7708333333333335,False,False,True,77.08333333333334,,,,exposure_only_no_risk_signal
jc,2020,6,3267,Morris Canal,40.7124188237569,-74.03852552175522,2016,0,0.0,0.0,182.98013165247696,False,insufficient_data,0.7708333333333335,0.0,0.7708333333333335,False,False,True,77.08333333333334,,,,exposure_only_no_risk_signal
jc,2019,4,3192,Liberty Light Rail,40.7112423,-74.0557013,1673,0,0.0,0.0,220.49488667746178,False,insufficient_data,0.7708333333333335,0.0,0.7708333333333335,False,False,True,77.08333333333334,,,,exposure_only_no_risk_signal
jc,2020,5,3202,Newport PATH,40.7272235,-74.0337589,1397,0,0.0,0.0,264.0572264934814,False,insufficient_data,0.7708333333333335,0.0,0.7708333333333335,False,False,True,77.08333333333334,,,,exposure_only_no_risk_signal
jc,2019,3,3209,Brunswick St,40.7241765,-74.0506564,1123,0,0.0,0.0,328.4843681312498,False,insufficient_data,0.7708333333333335,0.0,0.7708333333333335,False,False,True,77.08333333333334,,,,exposure_only_no_risk_signal
jc,2019,12,3211,Newark Ave,40.72152515,-74.046304543,960,0,0.0,0.0,384.25827647020157,False,insufficient_data,0.7708333333333335,0.0,0.7708333333333335,False,False,True,77.08333333333334,,,,exposure_only_no_risk_signal
jc,2019,1,3199,Newport Pkwy,40.7287448,-74.0321082,902,0,0.0,0.0,408.96668005697734,False,insufficient_data,0.7708333333333335,0.0,0.7708333333333335,False,False,True,77.08333333333334,,,,exposure_only_no_risk_signal
jc,2019,2,3275,Columbus Drive,40.71835519823214,-74.03891444206238,861,0,0.0,0.0,428.4412838692143,False,insufficient_data,0.7708333333333335,0.0,0.7708333333333335,False,False,True,77.08333333333334,,,,exposure_only_no_risk_signal
jc,2020,12,3792,Columbus Dr at Exchange Pl,40.71687,-74.03281,700,0,0.0,0.0,526.9827791591337,False,insufficient_data,0.7708333333333335,0.0,0.7708333333333335,False,False,True,77.08333333333334,,,,exposure_only_no_risk_signal
jc,2020,4,3638,Washington St,40.7242941,-74.0354826,490,0,0.0,0.0,752.8325416559052,False,insufficient_data,0.7708333333333335,0.0,0.7708333333333335,False,False,True,77.08333333333334,,,,exposure_only_no_risk_signal
jc,2025,12,JC082,Manila & 1st,40.72165072487999,-74.04288411140442,1310,0,0.0,0.0,281.593851459079,False,insufficient_data,0.7685185185185185,0.0,0.7685185185185185,False,False,True,76.85185185185185,,,,exposure_only_no_risk_signal
jc,2023,7,JC006,Warren St,40.72112612409549,-74.03805239565352,3449,0,0.0,0.0,106.95504361014599,False,insufficient_data,0.7682926829268293,0.0,0.7682926829268293,False,False,True,76.82926829268293,,,,exposure_only_no_risk_signal
jc,2023,5,JC116,Exchange Pl,40.71636843292267,-74.0343535946527,3034,0,0.0,0.0,121.58468866558785,False,insufficient_data,0.7682926829268293,0.0,0.7682926829268293,False,False,True,76.82926829268293,,,,exposure_only_no_risk_signal
jc,2023,6,JC098,Washington St,40.7242931555604,-74.03551154721524,2958,0,0.0,0.0,124.70856842846301,False,insufficient_data,0.7682926829268293,0.0,0.7682926829268293,False,False,True,76.82926829268293,,,,exposure_only_no_risk_signal
jc,2023,4,JC098,Washington St,40.724289879860585,-74.03548735661488,2446,0,0.0,0.0,150.81273320171445,False,insufficient_data,0.7682926829268293,0.0,0.7682926829268293,False,False,True,76.82926829268293,,,,exposure_only_no_risk_signal
jc,2023,3,HB305,9 St HBLR - Jackson St & 8 St,40.7479270149488,-74.03841125892686,1845,0,0.0,0.0,199.93926580563334,False,insufficient_data,0.7682926829268293,0.0,0.7682926829268293,False,False,True,76.82926829268293,,,,exposure_only_no_risk_signal
jc,2025,9,HB201,12 St & Sinatra Dr N,40.75060414236895,-74.02402013540268,3458,0,0.0,0.0,106.67667594314446,False,insufficient_data,0.7659574468085107,0.0,0.7659574468085107,False,False,True,76.59574468085107,,,,exposure_only_no_risk_signal
jc,2025,10,HB303,Clinton St & 7 St,40.74542,-74.03332,3072,0,0.0,0.0,120.08071139693801,False,insufficient_data,0.7659574468085107,0.0,0.7659574468085107,False,False,True,76.59574468085107,,,,exposure_only_no_risk_signal
jc,2025,11,JC014,Columbus Drive,40.71835519823214,-74.03891444206238,2300,0,0.0,0.0,160.38606322234503,False,insufficient_data,0.7659574468085107,0.0,0.7659574468085107,False,False,True,76.59574468085107,,,,exposure_only_no_risk_signal
jc,2023,1,HB601,Church Sq Park - 5 St & Park Ave,40.74264281209115,-74.03224484556837,1674,0,0.0,0.0,220.36316930190773,False,insufficient_data,0.7654320987654321,0.0,0.7654320987654321,False,False,True,76.5432098765432,,,,exposure_only_no_risk_signal
jc,2023,2,HB202,14 St Ferry - 14 St & Shipyard Ln,40.7529180525051,-74.0243146738518,1498,0,0.0,0.0,246.2536351210905,False,insufficient_data,0.7654320987654321,0.0,0.7654320987654321,False,False,True,76.5432098765432,,,,exposure_only_no_risk_signal
jc,2023,9,HB602,Stevens - River Ter & 6 St,40.74306730408628,-74.02704391873658,3018,0,0.0,0.0,122.22927283346372,False,insufficient_data,0.7647058823529411,0.0,0.7647058823529411,False,False,True,76.47058823529412,,,,exposure_only_no_risk_signal
jc,2025,6,HB305,9 St HBLR - Jackson St & 8 St,40.74790720968899,-74.03841152787209,2850,0,0.0,0.0,129.43436681101528,False,insufficient_data,0.7647058823529411,0.0,0.7647058823529411,False,False,True,76.47058823529412,,,,exposure_only_no_risk_signal
jc,2025,1,HB601,Church Sq Park - 5 St & Park Ave,40.74265933273143,-74.03223305940628,1513,0,0.0,0.0,243.8122573769951,False,insufficient_data,0.7647058823529411,0.0,0.7647058823529411,False,False,True,76.47058823529412,,,,exposure_only_no_risk_signal
jc,2025,7,HB611,4 St & River St,40.7408139,-74.0274062,3391,0,0.0,0.0,108.78441327378164,False,insufficient_data,0.7619047619047619,0.0,0.7619047619047619,False,False,True,76.19047619047619,,,,exposure_only_no_risk_signal
jc,2025,5,HB305,9 St HBLR - Jackson St & 8 St,40.74790720968899,-74.03841152787209,2671,0,0.0,0.0,138.1085531304356,False,insufficient_data,0.7619047619047619,0.0,0.7619047619047619,False,False,True,76.19047619047619,,,,exposure_only_no_risk_signal
jc,2025,8,HB105,City Hall - Washington St & 1 St,40.73736,-74.03097,3284,0,0.0,0.0,112.32885061248281,False,insufficient_data,0.7613636363636364,0.0,0.7613636363636364,False,False,True,76.13636363636364,,,,exposure_only_no_risk_signal
jc,2025,12,JC055,McGinley Square,40.7253399253558,-74.06762212514877,1308,0,0.0,0.0,282.02442309739564,False,insufficient_data,0.7592592592592592,0.0,0.7592592592592592,False,False,True,75.92592592592592,,,,exposure_only_no_risk_signal
jc,2023,8,JC006,Warren St,40.721129375293714,-74.03803635202436,3475,0,0.0,0.0,106.1548044349334,False,insufficient_data,0.7590361445783133,0.0,0.7590361445783133,False,False,True,75.90361445783132,,,,exposure_only_no_risk_signal
jc,2023,10,HB611,4 St & River St,40.74081525475444,-74.02746423636455,2894,0,0.0,0.0,127.46646351464877,False,insufficient_data,0.7590361445783133,0.0,0.7590361445783133,False,False,True,75.90361445783132,,,,exposure_only_no_risk_signal
jc,2025,4,HB305,9 St HBLR - Jackson St & 8 St,40.74790720968899,-74.03841152787209,2378,0,0.0,0.0,155.12529243540519,False,insufficient_data,0.7590361445783133,0.0,0.7590361445783133,False,False,True,75.90361445783132,,,,exposure_only_no_risk_signal
jc,2023,11,HB305,9 St HBLR - Jackson St & 8 St,40.747924309333385,-74.03841212074892,2340,0,0.0,0.0,157.64442111598015,False,insufficient_data,0.7590361445783133,0.0,0.7590361445783133,False,False,True,75.90361445783132,,,,exposure_only_no_risk_signal
jc,2025,3,HB305,9 St HBLR - Jackson St & 8 St,40.74790720968899,-74.03841152787209,2211,0,0.0,0.0,166.84212818244845,False,insufficient_data,0.7590361445783133,0.0,0.7590361445783133,False,False,True,75.90361445783132,,,,exposure_only_no_risk_signal
jc,2023,12,HB305,9 St HBLR - Jackson St & 8 St,40.74791691609923,-74.03839297059963,1705,0,0.0,0.0,216.3565662236912,False,insufficient_data,0.7590361445783133,0.0,0.7590361445783133,False,False,True,75.90361445783132,,,,exposure_only_no_risk_signal
jc,2025,2,HB103,South Waterfront Walkway - Sinatra Dr & 1 St,40.73698221818716,-74.02778059244156,1347,0,0.0,0.0,273.858905279431,False,insufficient_data,0.7590361445783133,0.0,0.7590361445783133,False,False,True,75.90361445783132,,,,exposure_only_no_risk_signal
jc,2023,7,HB501,Columbus Park - Clinton St & 9 St,40.74814493639967,-74.0324542969045,3340,0,0.0,0.0,110.44549263814177,False,insufficient_data,0.7560975609756098,0.0,0.7560975609756098,False,False,True,75.60975609756098,,,,exposure_only_no_risk_signal
jc,2023,6,JC032,Newark Ave,40.721507318276,-74.04628756393643,2936,0,0.0,0.0,125.64303317826756,False,insufficient_data,0.7560975609756098,0.0,0.7560975609756098,False,False,True,75.60975609756098,,,,exposure_only_no_risk_signal
jc,2023,5,HB501,Columbus Park - Clinton St & 9 St,40.74817000596241,-74.03245379904082,2867,0,0.0,0.0,128.66688015744455,False,insufficient_data,0.7560975609756098,0.0,0.7560975609756098,False,False,True,75.60975609756098,,,,exposure_only_no_risk_signal
jc,2023,4,JC035,Van Vorst Park,40.71848332658268,-74.0477299357382,2437,0,0.0,0.0,151.36969446507734,False,insufficient_data,0.7560975609756098,0.0,0.7560975609756098,False,False,True,75.60975609756098,,,,exposure_only_no_risk_signal
jc,2023,3,JC032,Newark Ave,40.72151724332113,-74.04630012067668,1831,0,0.0,0.0,201.46802043221928,False,insufficient_data,0.7560975609756098,0.0,0.7560975609756098,False,False,True,75.60975609756098,,,,exposure_only_no_risk_signal
jc,2025,9,HB305,9 St HBLR - Jackson St & 8 St,40.74790720968899,-74.03841152787209,3414,0,0.0,0.0,108.05153644153297,False,insufficient_data,0.7553191489361702,0.0,0.7553191489361702,False,False,True,75.53191489361703,,,,exposure_only_no_risk_signal
jc,2025,10,HB305,9 St HBLR - Jackson St & 8 St,40.74790720968899,-74.03841152787209,3040,0,0.0,0.0,121.34471888532681,False,insufficient_data,0.7553191489361702,0.0,0.7553191489361702,False,False,True,75.53191489361703,,,,exposure_only_no_risk_signal
jc,2025,11,JC032,Newark Ave,40.72152515,-74.046304543,2288,0,0.0,0.0,161.22724886861607,False,insufficient_data,0.7553191489361702,0.0,0.7553191489361702,False,False,True,75.53191489361703,,,,exposure_only_no_risk_signal
jc,2019,9,3192,Liberty Light Rail,40.7112423,-74.0557013,2311,0,0.0,0.0,159.62265054582153,False,insufficient_data,0.7551020408163265,0.0,0.7551020408163265,False,False,True,75.51020408163265,,,,exposure_only_no_risk_signal
jc,2020,9,3638,Washington St,40.7242941,-74.0354826,2311,0,0.0,0.0,159.62265054582153,False,insufficient_data,0.7551020408163265,0.0,0.7551020408163265,False,False,True,75.51020408163265,,,,exposure_only_no_risk_signal
jc,2019,8,3185,City Hall,40.7177325,-74.043845,2245,0,0.0,0.0,164.31534316765857,False,insufficient_data,0.7551020408163265,0.0,0.7551020408163265,False,False,True,75.51020408163265,,,,exposure_only_no_risk_signal
jc,2019,7,3185,City Hall,40.7177325,-74.043845,2213,0,0.0,0.0,166.69134451486377,False,insufficient_data,0.7551020408163265,0.0,0.7551020408163265,False,False,True,75.51020408163265,,,,exposure_only_no_risk_signal
jc,2020,7,3184,Paulus Hook,40.7141454,-74.0335519,2147,0,0.0,0.0,171.81553116506453,False,insufficient_data,0.7551020408163265,0.0,0.7551020408163265,False,False,True,75.51020408163265,,,,exposure_only_no_risk_signal
jc,2019,10,3269,Brunswick & 6th,40.72601172964625,-74.05038893222809,1922,0,0.0,0.0,191.9292119726293,False,insufficient_data,0.7551020408163265,0.0,0.7551020408163265,False,False,True,75.51020408163265,,,,exposure_only_no_risk_signal
jc,2019,5,3638,Washington St,40.7242941,-74.0354826,1788,0,0.0,0.0,206.31316857460487,False,insufficient_data,0.7551020408163265,0.0,0.7551020408163265,False,False,True,75.51020408163265,,,,exposure_only_no_risk_signal
jc,2020,10,3267,Morris Canal,40.7124188237569,-74.03852552175522,1701,0,0.0,0.0,216.86534121775048,False,insufficient_data,0.7551020408163265,0.0,0.7551020408163265,False,False,True,75.51020408163265,,,,exposure_only_no_risk_signal
jc,2019,11,3278,Monmouth and 6th,40.72568548362901,-74.04879033565521,1347,0,0.0,0.0,273.858905279431,False,insufficient_data,0.7551020408163265,0.0,0.7551020408163265,False,False,True,75.51020408163265,,,,exposure_only_no_risk_signal
jc,2020,1,3273,Manila & 1st,40.72165072487999,-74.04288411140442,1298,0,0.0,0.0,284.1971844463741,False,insufficient_data,0.7551020408163265,0.0,0.7551020408163265,False,False,True,75.51020408163265,,,,exposure_only_no_risk_signal
jc,2020,11,3792,Columbus Dr at Exchange Pl,40.71687,-74.03281,1244,0,0.0,0.0,296.53371817636133,False,insufficient_data,0.7551020408163265,0.0,0.7551020408163265,False,False,True,75.51020408163265,,,,exposure_only_no_risk_signal
jc,2020,2,3272,Jersey & 3rd,40.72333158646436,-74.04595255851744,1054,0,0.0,0.0,349.98856300891225,False,insufficient_data,0.7551020408163265,0.0,0.7551020408163265,False,False,True,75.51020408163265,,,,exposure_only_no_risk_signal
jc,2020,3,3267,Morris Canal,40.7124188237569,-74.03852552175522,882,0,0.0,0.0,418.2403009199473,False,insufficient_data,0.7551020408163265,0.0,0.7551020408163265,False,False,True,75.51020408163265,,,,exposure_only_no_risk_signal
jc,2023,1,JC032,Newark Ave,40.721517870738005,-74.04630358846556,1626,0,0.0,0.0,226.86835511155812,False,insufficient_data,0.7530864197530864,0.0,0.7530864197530864,False,False,True,75.30864197530865,,,,exposure_only_no_risk_signal
jc,2023,2,JC052,Liberty Light Rail,40.71124412208192,-74.05570042688083,1477,0,0.0,0.0,249.75487163939985,False,insufficient_data,0.7530864197530864,0.0,0.7530864197530864,False,False,True,75.30864197530865,,,,exposure_only_no_risk_signal
jc,2023,9,JC003,City Hall,40.71774738362771,-74.04385709522722,2884,0,0.0,0.0,127.90844154347903,False,insufficient_data,0.7529411764705882,0.0,0.7529411764705882,False,False,True,75.29411764705883,,,,exposure_only_no_risk_signal
jc,2025,6,HB402,Madison St & 1 St,40.73879,-74.0393,2840,0,0.0,0.0,129.89012162373012,False,insufficient_data,0.7529411764705882,0.0,0.7529411764705882,False,False,True,75.29411764705883,,,,exposure_only_no_risk_signal
jc,2025,1,HB602,Stevens - River Ter & 6 St,40.74313282710551,-74.02698867022991,1485,0,0.0,0.0,248.40939084942326,False,insufficient_data,0.7529411764705882,0.0,0.7529411764705882,False,False,True,75.29411764705883,,,,exposure_only_no_risk_signal
jc,2025,7,JC098,Washington St,40.7242941,-74.0354826,3360,0,0.0,0.0,109.78807899148617,False,insufficient_data,0.75,0.0,0.75,False,False,True,75.0,,,,exposure_only_no_risk_signal
jc,2025,8,JC098,Washington St,40.7242941,-74.0354826,3203,0,0.0,0.0,115.16951152400672,False,insufficient_data,0.75,0.0,0.75,False,False,True,75.0,,,,exposure_only_no_risk_signal
jc,2025,5,JC082,Manila & 1st,40.72165072487999,-74.04288411140442,2662,0,0.0,0.0,138.5754866308766,False,insufficient_data,0.75,0.0,0.75,False,False,True,75.0,,,,exposure_only_no_risk_signal
jc,2020,8,3187,Warren St,40.7211236,-74.03805095,2443,0,0.0,0.0,150.99793099115576,False,insufficient_data,0.75,0.0,0.75,False,False,True,75.0,,,,exposure_only_no_risk_signal
jc,2019,6,3267,Morris Canal,40.7124188237569,-74.03852552175522,2065,0,0.0,0.0,178.63823022343513,False,insufficient_data,0.75,0.0,0.75,False,False,True,75.0,,,,exposure_only_no_risk_signal
jc,2020,6,3195,Sip Ave,40.73089709786179,-74.06391263008118,1962,0,0.0,0.0,188.01628206493044,False,insufficient_data,0.75,0.0,0.75,False,False,True,75.0,,,,exposure_only_no_risk_signal
jc,2019,4,3269,Brunswick & 6th,40.72601172964625,-74.05038893222809,1538,0,0.0,0.0,239.84911925318178,False,insufficient_data,0.75,0.0,0.75,False,False,True,75.0,,,,exposure_only_no_risk_signal
jc,2020,5,3638,Washington St,40.7242941,-74.0354826,1387,0,0.0,0.0,265.96102769386704,False,insufficient_data,0.75,0.0,0.75,False,False,True,75.0,,,,exposure_only_no_risk_signal
jc,2025,12,HB408,Marshall St & 2 St,40.740802,-74.042521,1288,0,0.0,0.0,286.4036843256161,False,insufficient_data,0.75,0.0,0.75,False,False,True,75.0,,,,exposure_only_no_risk_signal
jc,2019,3,3272,Jersey & 3rd,40.72333158646436,-74.04595255851744,1092,0,0.0,0.0,337.8094738199575,False,insufficient_data,0.75,0.0,0.75,False,False,True,75.0,,,,exposure_only_no_risk_signal
jc,2019,12,3272,Jersey & 3rd,40.72333158646436,-74.04595255851744,904,0,0.0,0.0,408.0618865170283,False,insufficient_data,0.75,0.0,0.75,False,False,True,75.0,,,,exposure_only_no_risk_signal
jc,2019,1,3275,Columbus Drive,40.71835519823215,-74.03891444206238,889,0,0.0,0.0,414.9470702040422,False,insufficient_data,0.75,0.0,0.75,False,False,True,75.0,,,,exposure_only_no_risk_signal
jc,2019,2,3269,Brunswick & 6th,40.72601172964625,-74.05038893222809,852,0,0.0,0.0,432.9670720791004,False,insufficient_data,0.75,0.0,0.75,False,False,True,75.0,,,,exposure_only_no_risk_signal
jc,2020,12,3267,Morris Canal,40.7124188237569,-74.03852552175522,623,0,0.0,0.0,592.1154822012737,False,insufficient_data,0.75,0.0,0.75,False,False,True,75.0,,,,exposure_only_no_risk_signal
jc,2020,4,3792,Columbus Dr at Exchange Pl,40.71687,-74.03281,486,0,0.0,0.0,759.0286942621267,False,insufficient_data,0.75,0.0,0.75,False,False,True,75.0,,,,exposure_only_no_risk_signal
jc,2023,8,JC003,City Hall,40.71773488340886,-74.04384483674674,3451,0,0.0,0.0,106.89305865296828,False,insufficient_data,0.7469879518072289,0.0,0.7469879518072289,False,False,True,74.69879518072288,,,,exposure_only_no_risk_signal
jc,2025,4,JC014,Columbus Drive,40.71835519823214,-74.03891444206238,2376,0,0.0,0.0,155.25586928088956,False,insufficient_data,0.7469879518072289,0.0,0.7469879518072289,False,False,True,74.69879518072288,,,,exposure_only_no_risk_signal
jc,2023,11,JC014,Columbus Drive,40.71842686379616,-74.03888560005402,2309,0,0.0,0.0,159.76091182823453,False,insufficient_data,0.7469879518072289,0.0,0.7469879518072289,False,False,True,74.69879518072288,,,,exposure_only_no_risk_signal
jc,2025,3,HB303,Clinton St & 7 St,40.74542,-74.03332,2141,0,0.0,0.0,172.2970319530096,False,insufficient_data,0.7469879518072289,0.0,0.7469879518072289,False,False,True,74.69879518072288,,,,exposure_only_no_risk_signal
jc,2023,12,JC032,Newark Ave,40.72152250342055,-74.0462711113854,1697,0,0.0,0.0,217.3765146796662,False,insufficient_data,0.7469879518072289,0.0,0.7469879518072289,False,False,True,74.69879518072288,,,,exposure_only_no_risk_signal
jc,2025,2,HB601,Church Sq Park - 5 St & Park Ave,40.74265933273143,-74.03223305940628,1317,0,0.0,0.0,280.09714913545446,False,insufficient_data,0.7469879518072289,0.0,0.7469879518072289,False,False,True,74.69879518072288,,,,exposure_only_no_risk_signal
jc,2025,9,HB103,South Waterfront Walkway - Sinatra Dr & 1 St,40.73698221818716,-74.02778059244156,3395,0,0.0,0.0,108.65624312559456,False,insufficient_data,0.7446808510638298,0.0,0.7446808510638298,False,False,True,74.46808510638297,,,,exposure_only_no_risk_signal
jc,2025,10,HB105,City Hall - Washington St & 1 St,40.73736,-74.03097,3026,0,0.0,0.0,121.90612868849755,False,insufficient_data,0.7446808510638298,0.0,0.7446808510638298,False,False,True,74.46808510638297,,,,exposure_only_no_risk_signal
jc,2025,11,JC008,Newport Pkwy,40.7287448,-74.0321082,2277,0,0.0,0.0,162.00612446701516,False,insufficient_data,0.7446808510638298,0.0,0.7446808510638298,False,False,True,74.46808510638297,,,,exposure_only_no_risk_signal
jc,2023,7,HB603,8 St & Washington St,40.74590016885914,-74.02822138500282,3337,0,0.0,0.0,110.54478436062138,False,insufficient_data,0.7439024390243902,0.0,0.7439024390243902,False,False,True,74.39024390243902,,,,exposure_only_no_risk_signal
jc,2023,6,HB603,8 St & Washington St,40.745942005759225,-74.02821243182808,2920,0,0.0,0.0,126.33148815458682,False,insufficient_data,0.7439024390243902,0.0,0.7439024390243902,False,False,True,74.39024390243902,,,,exposure_only_no_risk_signal
jc,2023,5,JC006,Warren St,40.721123415216745,-74.03804850428828,2782,0,0.0,0.0,132.59811121904872,False,insufficient_data,0.7439024390243902,0.0,0.7439024390243902,False,False,True,74.39024390243902,,,,exposure_only_no_risk_signal
jc,2023,4,JC104,Harborside,40.71925652812077,-74.03423271970198,2426,0,0.0,0.0,152.05603685547962,False,insufficient_data,0.7439024390243902,0.0,0.7439024390243902,False,False,True,74.39024390243902,,,,exposure_only_no_risk_signal
jc,2023,3,JC104,Harborside,40.719257536212055,-74.03423064638392,1792,0,0.0,0.0,205.85264810903658,False,insufficient_data,0.7439024390243902,0.0,0.7439024390243902,False,False,True,74.39024390243902,,,,exposure_only_no_risk_signal
jc,2023,9,JC052,Liberty Light Rail,40.71131063752992,-74.0556578333375,2796,0,0.0,0.0,131.93417217861,False,insufficient_data,0.7411764705882353,0.0,0.7411764705882353,False,False,True,74.11764705882354,,,,exposure_only_no_risk_signal
jc,2025,6,HB408,Marshall St & 2 St,40.740802,-74.042521,2737,0,0.0,0.0,134.77820438852524,False,insufficient_data,0.7411764705882353,0.0,0.7411764705882353,False,False,True,74.11764705882354,,,,exposure_only_no_risk_signal
jc,2025,1,HB202,14 St Ferry - 14 St & Shipyard Ln,40.75296063046496,-74.02435272932053,1451,0,0.0,0.0,254.2301484571975,False,insufficient_data,0.7411764705882353,0.0,0.7411764705882353,False,False,True,74.11764705882354,,,,exposure_only_no_risk_signal
jc,2023,10,HB305,9 St HBLR - Jackson St & 8 St,40.747859754868855,-74.03845330227601,2866,0,0.0,0.0,128.7117743933683,False,insufficient_data,0.7409638554216867,0.0,0.7409638554216867,False,False,True,74.09638554216868,,,,exposure_only_no_risk_signal
jc,2023,10,HB402,Madison St & 1 St,40.73876826570877,-74.0392746455042,2866,0,0.0,0.0,128.7117743933683,False,insufficient_data,0.7409638554216867,0.0,0.7409638554216867,False,False,True,74.09638554216868,,,,exposure_only_no_risk_signal
jc,2023,1,JC052,Liberty Light Rail,40.71124444580261,-74.05568267082867,1611,0,0.0,0.0,228.98072340868623,False,insufficient_data,0.7407407407407408,0.0,0.7407407407407408,False,False,True,74.07407407407408,,,,exposure_only_no_risk_signal
jc,2023,2,JC032,Newark Ave,40.72151572871249,-74.04630137160083,1433,0,0.0,0.0,257.4235487867366,False,insufficient_data,0.7407407407407408,0.0,0.7407407407407408,False,False,True,74.07407407407408,,,,exposure_only_no_risk_signal
jc,2025,12,JC032,Newark Ave,40.72152515,-74.046304543,1251,0,0.0,0.0,294.87445676370385,False,insufficient_data,0.7407407407407408,0.0,0.7407407407407408,False,False,True,74.07407407407408,,,,exposure_only_no_risk_signal
jc,2025,8,HB611,4 St & River St,40.7408139,-74.0274062,3187,0,0.0,0.0,115.7477080048301,False,insufficient_data,0.7386363636363636,0.0,0.7386363636363636,False,False,True,73.86363636363636,,,,exposure_only_no_risk_signal
jc,2025,7,HB603,8 St & Washington St,40.74598388291562,-74.02819901704788,3354,0,0.0,0.0,109.98447984835825,False,insufficient_data,0.7380952380952381,0.0,0.7380952380952381,False,False,True,73.80952380952381,,,,exposure_only_no_risk_signal
jc,2025,5,JC006,Warren St,40.7211236,-74.03805095,2656,0,0.0,0.0,138.88853366392829,False,insufficient_data,0.7380952380952381,0.0,0.7380952380952381,False,False,True,73.80952380952381,,,,exposure_only_no_risk_signal
jc,2023,8,HB402,Madison St & 1 St,40.73875137044612,-74.03925490974636,3396,0,0.0,0.0,108.62424776542801,False,insufficient_data,0.7349397590361445,0.0,0.7349397590361445,False,False,True,73.49397590361446,,,,exposure_only_no_risk_signal
jc,2025,4,HB303,Clinton St & 7 St,40.74542,-74.03332,2346,0,0.0,0.0,157.24123845327944,False,insufficient_data,0.7349397590361445,0.0,0.7349397590361445,False,False,True,73.49397590361446,,,,exposure_only_no_risk_signal
jc,2023,11,HB201,12 St & Sinatra Dr N,40.750612490908125,-74.02409028172013,2266,0,0.0,0.0,162.79256196442788,False,insufficient_data,0.7349397590361445,0.0,0.7349397590361445,False,False,True,73.49397590361446,,,,exposure_only_no_risk_signal
jc,2025,3,HB402,Madison St & 1 St,40.73879,-74.0393,2127,0,0.0,0.0,173.43109798372993,False,insufficient_data,0.7349397590361445,0.0,0.7349397590361445,False,False,True,73.49397590361446,,,,exposure_only_no_risk_signal
jc,2023,12,JC003,City Hall,40.71772604825538,-74.04383384996451,1672,0,0.0,0.0,220.6267616096851,False,insufficient_data,0.7349397590361445,0.0,0.7349397590361445,False,False,True,73.49397590361446,,,,exposure_only_no_risk_signal
jc,2025,2,JC105,Hoboken Ave at Monmouth St,40.73520838045357,-74.04696375131607,1289,0,0.0,0.0,286.181493724898,False,insufficient_data,0.7349397590361445,0.0,0.7349397590361445,False,False,True,73.49397590361446,,,,exposure_only_no_risk_signal
jc,2020,9,3267,Morris Canal,40.7124188237569,-74.03852552175522,2277,0,0.0,0.0,162.00612446701516,False,insufficient_data,0.7346938775510204,0.0,0.7346938775510204,False,False,True,73.46938775510205,,,,exposure_only_no_risk_signal
jc,2019,9,3267,Morris Canal,40.7124188237569,-74.03852552175522,2228,0,0.0,0.0,165.56909578608327,False,insufficient_data,0.7346938775510204,0.0,0.7346938775510204,False,False,True,73.46938775510205,,,,exposure_only_no_risk_signal
jc,2019,7,3187,Warren St,40.7211236,-74.03805095,2196,0,0.0,0.0,167.98176020555263,False,insufficient_data,0.7346938775510204,0.0,0.7346938775510204,False,False,True,73.46938775510205,,,,exposure_only_no_risk_signal
jc,2019,8,3192,Liberty Light Rail,40.7112423,-74.0557013,2158,0,0.0,0.0,170.93973374021942,False,insufficient_data,0.7346938775510204,0.0,0.7346938775510204,False,False,True,73.46938775510205,,,,exposure_only_no_risk_signal
jc,2020,7,3187,Warren St,40.7211236,-74.03805095,2066,0,0.0,0.0,178.55176447792522,False,insufficient_data,0.7346938775510204,0.0,0.7346938775510204,False,False,True,73.46938775510205,,,,exposure_only_no_risk_signal
jc,2019,10,3272,Jersey & 3rd,40.72333158646436,-74.04595255851744,1856,0,0.0,0.0,198.7542809328629,False,insufficient_data,0.7346938775510204,0.0,0.7346938775510204,False,False,True,73.46938775510205,,,,exposure_only_no_risk_signal
jc,2019,5,3192,Liberty Light Rail,40.7112423,-74.0557013,1773,0,0.0,0.0,208.05862685357783,False,insufficient_data,0.7346938775510204,0.0,0.7346938775510204,False,False,True,73.46938775510205,,,,exposure_only_no_risk_signal
jc,2020,10,3638,Washington St,40.7242941,-74.0354826,1662,0,0.0,0.0,221.95423911636195,False,insufficient_data,0.7346938775510204,0.0,0.7346938775510204,False,False,True,73.46938775510205,,,,exposure_only_no_risk_signal
jc,2019,11,3275,Columbus Drive,40.71835519823214,-74.03891444206238,1295,0,0.0,0.0,284.8555563022344,False,insufficient_data,0.7346938775510204,0.0,0.7346938775510204,False,False,True,73.46938775510205,,,,exposure_only_no_risk_signal
jc,2020,1,3278,Monmouth and 6th,40.72568548362901,-74.04879033565521,1217,0,0.0,0.0,303.1125270430514,False,insufficient_data,0.7346938775510204,0.0,0.7346938775510204,False,False,True,73.46938775510205,,,,exposure_only_no_risk_signal
jc,2020,11,3267,Morris Canal,40.7124188237569,-74.03852552175522,1110,0,0.0,0.0,332.3314823526068,False,insufficient_data,0.7346938775510204,0.0,0.7346938775510204,False,False,True,73.46938775510205,,,,exposure_only_no_risk_signal
jc,2020,2,3187,Warren St,40.7211236,-74.03805095,1043,0,0.0,0.0,353.6797175564655,False,insufficient_data,0.7346938775510204,0.0,0.7346938775510204,False,False,True,73.46938775510205,,,,exposure_only_no_risk_signal
jc,2020,3,3187,Warren St,40.7211236,-74.03805095,860,0,0.0,0.0,428.9394714085971,False,insufficient_data,0.7346938775510204,0.0,0.7346938775510204,False,False,True,73.46938775510205,,,,exposure_only_no_risk_signal
jc,2025,9,JC082,Manila & 1st,40.72165072487999,-74.04288411140442,3324,0,0.0,0.0,110.97711955818097,False,insufficient_data,0.7340425531914893,0.0,0.7340425531914893,False,False,True,73.40425531914893,,,,exposure_only_no_risk_signal
jc,2025,10,HB201,12 St & Sinatra Dr N,40.75060414236896,-74.02402013540268,3000,0,0.0,0.0,122.9626484704645,False,insufficient_data,0.7340425531914893,0.0,0.7340425531914893,False,False,True,73.40425531914893,,,,exposure_only_no_risk_signal
jc,2025,11,JC006,Warren St,40.7211236,-74.03805095,2208,0,0.0,0.0,167.06881585660938,False,insufficient_data,0.7340425531914893,0.0,0.7340425531914893,False,False,True,73.40425531914893,,,,exposure_only_no_risk_signal
jc,2023,7,HB402,Madison St & 1 St,40.738781422891385,-74.03925811492618,3256,0,0.0,0.0,113.29482352929777,False,insufficient_data,0.7317073170731707,0.0,0.7317073170731707,False,False,True,73.17073170731707,,,,exposure_only_no_risk_signal
jc,2023,6,JC109,Bergen Ave & Sip Ave,40.73105567078928,-74.06433433360567,2869,0,0.0,0.0,128.5771855738562,False,insufficient_data,0.7317073170731707,0.0,0.7317073170731707,False,False,True,73.17073170731707,,,,exposure_only_no_risk_signal
jc,2023,5,JC032,Newark Ave,40.72152028497461,-74.04630285583424,2757,0,0.0,0.0,133.80048799832917,False,insufficient_data,0.7317073170731707,0.0,0.7317073170731707,False,False,True,73.17073170731707,,,,exposure_only_no_risk_signal
jc,2023,4,HB201,12 St & Sinatra Dr N,40.75061305189349,-74.0240432412546,2425,0,0.0,0.0,152.1187403758324,False,insufficient_data,0.7317073170731707,0.0,0.7317073170731707,False,False,True,73.17073170731707,,,,exposure_only_no_risk_signal
jc,2023,3,HB501,Columbus Park - Clinton St & 9 St,40.74817632014981,-74.03245362904013,1787,0,0.0,0.0,206.42862082338752,False,insufficient_data,0.7317073170731707,0.0,0.7317073170731707,False,False,True,73.17073170731707,,,,exposure_only_no_risk_signal
jc,2025,12,JC008,Newport Pkwy,40.7287448,-74.0321082,1248,0,0.0,0.0,295.5832895924628,False,insufficient_data,0.7314814814814815,0.0,0.7314814814814815,False,False,True,73.14814814814815,,,,exposure_only_no_risk_signal
jc,2023,9,JC006,Warren St,40.72116846467073,-74.0380287036011,2786,0,0.0,0.0,132.40773345706876,False,insufficient_data,0.7294117647058823,0.0,0.7294117647058823,False,False,True,72.94117647058823,,,,exposure_only_no_risk_signal
jc,2025,6,JC032,Newark Ave,40.72152515,-74.046304543,2722,0,0.0,0.0,135.52092043034295,False,insufficient_data,0.7294117647058823,0.0,0.7294117647058823,False,False,True,72.94117647058823,,,,exposure_only_no_risk_signal
jc,2020,8,3185,City Hall,40.7177325,-74.043845,2297,0,0.0,0.0,160.5955356601626,False,insufficient_data,0.7291666666666665,0.0,0.7291666666666665,False,False,True,72.91666666666666,,,,exposure_only_no_risk_signal
jc,2019,6,3187,Warren St,40.7211236,-74.03805095,2033,0,0.0,0.0,181.4500469313298,False,insufficient_data,0.7291666666666665,0.0,0.7291666666666665,False,False,True,72.91666666666666,,,,exposure_only_no_risk_signal
jc,2020,6,3638,Washington St,40.7242941,-74.0354826,1866,0,0.0,0.0,197.6891454509076,False,insufficient_data,0.7291666666666665,0.0,0.7291666666666665,False,False,True,72.91666666666666,,,,exposure_only_no_risk_signal
jc,2019,4,3267,Morris Canal,40.7124188237569,-74.03852552175522,1448,0,0.0,0.0,254.75686837803423,False,insufficient_data,0.7291666666666665,0.0,0.7291666666666665,False,False,True,72.91666666666666,,,,exposure_only_no_risk_signal
jc,2020,5,3187,Warren St,40.7211236,-74.03805095,1330,0,0.0,0.0,277.35935745217563,False,insufficient_data,0.7291666666666665,0.0,0.7291666666666665,False,False,True,72.91666666666666,,,,exposure_only_no_risk_signal
jc,2019,3,3270,Jersey & 6th St,40.72528910781132,-74.04557168483734,1061,0,0.0,0.0,347.6794961464595,False,insufficient_data,0.7291666666666665,0.0,0.7291666666666665,False,False,True,72.91666666666666,,,,exposure_only_no_risk_signal
jc,2019,12,3275,Columbus Drive,40.71835519823214,-74.03891444206238,900,0,0.0,0.0,409.8754949015484,False,insufficient_data,0.7291666666666665,0.0,0.7291666666666665,False,False,True,72.91666666666666,,,,exposure_only_no_risk_signal
jc,2019,1,3209,Brunswick St,40.72417649999999,-74.0506564,861,0,0.0,0.0,428.4412838692143,False,insufficient_data,0.7291666666666665,0.0,0.7291666666666665,False,False,True,72.91666666666666,,,,exposure_only_no_risk_signal
jc,2019,2,3184,Paulus Hook,40.7141454,-74.0335519,844,0,0.0,0.0,437.07102536894973,False,insufficient_data,0.7291666666666665,0.0,0.7291666666666665,False,False,True,72.91666666666666,,,,exposure_only_no_risk_signal
jc,2020,12,3192,Liberty Light Rail,40.7112423,-74.0557013,614,0,0.0,0.0,600.7946993670904,False,insufficient_data,0.7291666666666665,0.0,0.7291666666666665,False,False,True,72.91666666666666,,,,exposure_only_no_risk_signal
jc,2023,1,JC098,Washington St,40.724289663445,-74.0354822417325,1600,0,0.0,0.0,230.55496588212094,False,insufficient_data,0.7283950617283951,0.0,0.7283950617283951,False,False,True,72.8395061728395,,,,exposure_only_no_risk_signal
jc,2023,2,HB304,7 St & Monroe St,40.74642444223831,-74.03801662434803,1432,0,0.0,0.0,257.603313834772,False,insufficient_data,0.7283950617283951,0.0,0.7283950617283951,False,False,True,72.8395061728395,,,,exposure_only_no_risk_signal
jc,2025,8,JC032,Newark Ave,40.72152515,-74.046304543,3073,0,0.0,0.0,120.04163534376622,False,insufficient_data,0.7272727272727273,0.0,0.7272727272727273,False,False,True,72.72727272727273,,,,exposure_only_no_risk_signal
jc,2025,7,HB402,Madison St & 1 St,40.73879,-74.0393,3329,0,0.0,0.0,110.81043719176736,False,insufficient_data,0.7261904761904762,0.0,0.7261904761904762,False,False,True,72.61904761904762,,,,exposure_only_no_risk_signal
jc,2025,5,HB601,Church Sq Park - 5 St & Park Ave,40.74265933273143,-74.03223305940628,2653,0,0.0,0.0,139.04558816863684,False,insufficient_data,0.7261904761904762,0.0,0.7261904761904762,False,False,True,72.61904761904762,,,,exposure_only_no_risk_signal
jc,2025,1,HB301,4 St & Grand St,40.7422579775645,-74.03511106967926,1393,0,0.0,0.0,264.8154669141375,False,insufficient_data,0.7235294117647058,0.0,0.7235294117647058,False,False,True,72.35294117647058,,,,exposure_only_no_risk_signal
jc,2025,1,HB506,Grand St & 14 St,40.75409,-74.0316,1393,0,0.0,0.0,264.8154669141375,False,insufficient_data,0.7235294117647058,0.0,0.7235294117647058,False,False,True,72.35294117647058,,,,exposure_only_no_risk_signal
jc,2025,9,HB303,Clinton St & 7 St,40.74542,-74.03332,3318,0,0.0,0.0,111.17780151036574,False,insufficient_data,0.723404255319149,0.0,0.723404255319149,False,False,True,72.3404255319149,,,,exposure_only_no_risk_signal
jc,2025,10,JC006,Warren St,40.7211236,-74.03805095,2974,0,0.0,0.0,124.03764136227086,False,insufficient_data,0.723404255319149,0.0,0.723404255319149,False,False,True,72.3404255319149,,,,exposure_only_no_risk_signal
jc,2025,11,HB305,9 St HBLR - Jackson St & 8 St,40.74790720968899,-74.03841152787209,2207,0,0.0,0.0,167.14451536537996,False,insufficient_data,0.723404255319149,0.0,0.723404255319149,False,False,True,72.3404255319149,,,,exposure_only_no_risk_signal
jc,2023,8,HB401,Southwest Park - Jackson St & Observer Hwy,40.73754741483643,-74.0416578529211,3351,0,0.0,0.0,110.08294402011147,False,insufficient_data,0.7228915662650602,0.0,0.7228915662650602,False,False,True,72.28915662650603,,,,exposure_only_no_risk_signal
jc,2023,10,JC104,Harborside,40.71929913343616,-74.03429310378156,2817,0,0.0,0.0,130.9506373487375,False,insufficient_data,0.7228915662650602,0.0,0.7228915662650602,False,False,True,72.28915662650603,,,,exposure_only_no_risk_signal
jc,2025,4,JC052,Liberty Light Rail,40.7112423,-74.0557013,2342,0,0.0,0.0,157.50979735755487,False,insufficient_data,0.7228915662650602,0.0,0.7228915662650602,False,False,True,72.28915662650603,,,,exposure_only_no_risk_signal
jc,2023,11,JC032,Newark Ave,40.72151912452383,-74.04629955489332,2203,0,0.0,0.0,167.44800064066888,False,insufficient_data,0.7228915662650602,0.0,0.7228915662650602,False,False,True,72.28915662650603,,,,exposure_only_no_risk_signal
jc,2025,3,JC052,Liberty Light Rail,40.7112423,-74.0557013,2112,0,0.0,0.0,174.66285294100072,False,insufficient_data,0.7228915662650602,0.0,0.7228915662650602,False,False,True,72.28915662650603,,,,exposure_only_no_risk_signal
jc,2023,12,JC082,Manila & 1st,40.72167294831615,-74.04289074002102,1656,0,0.0,0.0,222.75842114214583,False,insufficient_data,0.7228915662650602,0.0,0.7228915662650602,False,False,True,72.28915662650603,,,,exposure_only_no_risk_signal
jc,2025,2,JC052,Liberty Light Rail,40.7112423,-74.0557013,1261,0,0.0,0.0,292.5360391842931,False,insufficient_data,0.7228915662650602,0.0,0.7228915662650602,False,False,True,72.28915662650603,,,,exposure_only_no_risk_signal
jc,2025,12,HB401,Southwest Park - Jackson St & Observer Hwy,40.73755127245804,-74.04166370630264,1245,0,0.0,0.0,296.29553848304704,False,insufficient_data,0.7222222222222221,0.0,0.7222222222222221,False,False,True,72.22222222222221,,,,exposure_only_no_risk_signal
jc,2023,7,JC014,Columbus Drive,40.718452214263,-74.03887595164119,3106,0,0.0,0.0,118.76624127861994,False,insufficient_data,0.7195121951219512,0.0,0.7195121951219512,False,False,True,71.95121951219512,,,,exposure_only_no_risk_signal
jc,2023,6,HB506,Grand St & 14 St,40.75403494852885,-74.03161431083345,2842,0,0.0,0.0,129.79871407860435,False,insufficient_data,0.7195121951219512,0.0,0.7195121951219512,False,False,True,71.95121951219512,,,,exposure_only_no_risk_signal
jc,2023,5,HB303,Clinton St & 7 St,40.74541864585694,-74.03332525509354,2726,0,0.0,0.0,135.3220636138641,False,insufficient_data,0.7195121951219512,0.0,0.7195121951219512,False,False,True,71.95121951219512,,,,exposure_only_no_risk_signal
jc,2023,4,HB303,Clinton St & 7 St,40.74541718428269,-74.03332931719679,2363,0,0.0,0.0,156.11000652196088,False,insufficient_data,0.7195121951219512,0.0,0.7195121951219512,False,False,True,71.95121951219512,,,,exposure_only_no_risk_signal
jc,2023,3,JC098,Washington St,40.72428997449132,-74.0354817378717,1785,0,0.0,0.0,206.65991339573864,False,insufficient_data,0.7195121951219512,0.0,0.7195121951219512,False,False,True,71.95121951219512,,,,exposure_only_no_risk_signal
jc,2020,4,3187,Warren St,40.7211236,-74.03805095,479,0,0.0,0.0,770.1209716313017,False,insufficient_data,0.71875,0.0,0.71875,False,False,True,71.875,,,,exposure_only_no_risk_signal
jc,2020,4,3275,Columbus Drive,40.71835519823214,-74.03891444206238,479,0,0.0,0.0,770.1209716313017,False,insufficient_data,0.71875,0.0,0.71875,False,False,True,71.875,,,,exposure_only_no_risk_signal
jc,2025,6,HB601,Church Sq Park - 5 St & Park Ave,40.74265933273143,-74.03223305940628,2714,0,0.0,0.0,135.92039256130934,False,insufficient_data,0.7176470588235294,0.0,0.7176470588235294,False,False,True,71.76470588235294,,,,exposure_only_no_risk_signal
jc,2023,9,HB402,Madison St & 1 St,40.73876882204178,-74.03927954509615,2673,0,0.0,0.0,138.00521713856847,False,insufficient_data,0.7176470588235294,0.0,0.7176470588235294,False,False,True,71.76470588235294,,,,exposure_only_no_risk_signal
jc,2023,1,HB305,9 St HBLR - Jackson St & 8 St,40.74792783462411,-74.03841075900263,1564,0,0.0,0.0,235.86185767991915,False,insufficient_data,0.7160493827160493,0.0,0.7160493827160493,False,False,True,71.60493827160494,,,,exposure_only_no_risk_signal
jc,2023,2,HB601,Church Sq Park - 5 St & Park Ave,40.742657986685565,-74.03224670949358,1418,0,0.0,0.0,260.1466469755949,False,insufficient_data,0.7160493827160493,0.0,0.7160493827160493,False,False,True,71.60493827160494,,,,exposure_only_no_risk_signal
jc,2025,8,HB305,9 St HBLR - Jackson St & 8 St,40.74790720968899,-74.03841152787209,3026,0,0.0,0.0,121.90612868849755,False,insufficient_data,0.7159090909090909,0.0,0.7159090909090909,False,False,True,71.5909090909091,,,,exposure_only_no_risk_signal
jc,2025,7,JC082,Manila & 1st,40.72165072487999,-74.04288411140442,3259,0,0.0,0.0,113.19053249812627,False,insufficient_data,0.7142857142857143,0.0,0.7142857142857143,False,False,True,71.42857142857143,,,,exposure_only_no_risk_signal
jc,2025,5,HB402,Madison St & 1 St,40.73879,-74.0393,2615,0,0.0,0.0,141.06613591257877,False,insufficient_data,0.7142857142857143,0.0,0.7142857142857143,False,False,True,71.42857142857143,,,,exposure_only_no_risk_signal
jc,2019,9,3275,Columbus Drive,40.71835519823214,-74.03891444206238,2203,0,0.0,0.0,167.44800064066888,False,insufficient_data,0.7142857142857143,0.0,0.7142857142857143,False,False,True,71.42857142857143,,,,exposure_only_no_risk_signal
jc,2019,7,3192,Liberty Light Rail,40.7112423,-74.0557013,2136,0,0.0,0.0,172.7003489753715,False,insufficient_data,0.7142857142857143,0.0,0.7142857142857143,False,False,True,71.42857142857143,,,,exposure_only_no_risk_signal
jc,2019,8,3275,Columbus Drive,40.71835519823214,-74.03891444206238,2134,0,0.0,0.0,172.8622049725368,False,insufficient_data,0.7142857142857143,0.0,0.7142857142857143,False,False,True,71.42857142857143,,,,exposure_only_no_risk_signal
jc,2020,7,3638,Washington St,40.7242941,-74.0354826,1973,0,0.0,0.0,186.9680412627438,False,insufficient_data,0.7142857142857143,0.0,0.7142857142857143,False,False,True,71.42857142857143,,,,exposure_only_no_risk_signal
jc,2019,10,3267,Morris Canal,40.7124188237569,-74.03852552175522,1815,0,0.0,0.0,203.24404705861903,False,insufficient_data,0.7142857142857143,0.0,0.7142857142857143,False,False,True,71.42857142857143,,,,exposure_only_no_risk_signal
jc,2020,9,3211,Newark Ave,40.72152515,-74.046304543,1800,0,0.0,0.0,204.9377474507742,False,insufficient_data,0.7142857142857143,0.0,0.7142857142857143,False,False,True,71.42857142857143,,,,exposure_only_no_risk_signal
jc,2019,5,3187,Warren St,40.7211236,-74.03805095,1609,0,0.0,0.0,229.26534829794502,False,insufficient_data,0.7142857142857143,0.0,0.7142857142857143,False,False,True,71.42857142857143,,,,exposure_only_no_risk_signal
jc,2020,10,3275,Columbus Drive,40.71835519823214,-74.03891444206238,1359,0,0.0,0.0,271.4407251003632,False,insufficient_data,0.7142857142857143,0.0,0.7142857142857143,False,False,True,71.42857142857143,,,,exposure_only_no_risk_signal
jc,2019,11,3272,Jersey & 3rd,40.72333158646436,-74.04595255851744,1291,0,0.0,0.0,285.738145167617,False,insufficient_data,0.7142857142857143,0.0,0.7142857142857143,False,False,True,71.42857142857143,,,,exposure_only_no_risk_signal
jc,2020,1,3272,Jersey & 3rd,40.72333158646436,-74.04595255851744,1210,0,0.0,0.0,304.86607058792856,False,insufficient_data,0.7142857142857143,0.0,0.7142857142857143,False,False,True,71.42857142857143,,,,exposure_only_no_risk_signal
jc,2020,2,3275,Columbus Drive,40.71835519823214,-74.03891444206238,1022,0,0.0,0.0,360.9471090131052,False,insufficient_data,0.7142857142857143,0.0,0.7142857142857143,False,False,True,71.42857142857143,,,,exposure_only_no_risk_signal
jc,2020,11,3213,Van Vorst Park,40.71848892,-74.047726625,1010,0,0.0,0.0,365.23558951623124,False,insufficient_data,0.7142857142857143,0.0,0.7142857142857143,False,False,True,71.42857142857143,,,,exposure_only_no_risk_signal
jc,2020,3,3184,Paulus Hook,40.7141454,-74.0335519,813,0,0.0,0.0,453.73671022311623,False,insufficient_data,0.7142857142857143,0.0,0.7142857142857143,False,False,True,71.42857142857143,,,,exposure_only_no_risk_signal
jc,2025,12,HB602,Stevens - River Ter & 6 St,40.74313282710551,-74.02698867022991,1237,0,0.0,0.0,298.2117586187498,False,insufficient_data,0.7129629629629629,0.0,0.7129629629629629,False,False,True,71.29629629629629,,,,exposure_only_no_risk_signal
jc,2025,9,HB402,Madison St & 1 St,40.73879,-74.0393,3300,0,0.0,0.0,111.78422588224046,False,insufficient_data,0.7127659574468085,0.0,0.7127659574468085,False,False,True,71.27659574468085,,,,exposure_only_no_risk_signal
jc,2025,10,JC082,Manila & 1st,40.72165072487999,-74.04288411140442,2924,0,0.0,0.0,126.15866806135209,False,insufficient_data,0.7127659574468085,0.0,0.7127659574468085,False,False,True,71.27659574468085,,,,exposure_only_no_risk_signal
jc,2025,11,HB408,Marshall St & 2 St,40.740802,-74.042521,2078,0,0.0,0.0,177.52066670423173,False,insufficient_data,0.7127659574468085,0.0,0.7127659574468085,False,False,True,71.27659574468085,,,,exposure_only_no_risk_signal
jc,2023,8,JC032,Newark Ave,40.72153615762781,-74.04627804565153,3303,0,0.0,0.0,111.68269615846003,False,insufficient_data,0.7108433734939759,0.0,0.7108433734939759,False,False,True,71.08433734939759,,,,exposure_only_no_risk_signal
jc,2023,10,JC052,Liberty Light Rail,40.71133167456557,-74.0556752301866,2776,0,0.0,0.0,132.88470656030026,False,insufficient_data,0.7108433734939759,0.0,0.7108433734939759,False,False,True,71.08433734939759,,,,exposure_only_no_risk_signal
jc,2025,4,JC032,Newark Ave,40.72152515,-74.046304543,2312,0,0.0,0.0,159.55360960700412,False,insufficient_data,0.7108433734939759,0.0,0.7108433734939759,False,False,True,71.08433734939759,,,,exposure_only_no_risk_signal
jc,2023,11,JC052,Liberty Light Rail,40.71124832253793,-74.05570069214106,2162,0,0.0,0.0,170.62347151313298,False,insufficient_data,0.7108433734939759,0.0,0.7108433734939759,False,False,True,71.08433734939759,,,,exposure_only_no_risk_signal
jc,2025,3,HB611,4 St & River St,40.7408139,-74.0274062,2058,0,0.0,0.0,179.245843251406,False,insufficient_data,0.7108433734939759,0.0,0.7108433734939759,False,False,True,71.08433734939759,,,,exposure_only_no_risk_signal
jc,2023,12,JC014,Columbus Drive,40.71846479962657,-74.03888391133047,1644,0,0.0,0.0,224.38439501909582,False,insufficient_data,0.7108433734939759,0.0,0.7108433734939759,False,False,True,71.08433734939759,,,,exposure_only_no_risk_signal
jc,2025,2,HB408,Marshall St & 2 St,40.740802,-74.042521,1250,0,0.0,0.0,295.11035632911484,False,insufficient_data,0.7108433734939759,0.0,0.7108433734939759,False,False,True,71.08433734939759,,,,exposure_only_no_risk_signal
jc,2020,8,3184,Paulus Hook,40.7141454,-74.0335519,2223,0,0.0,0.0,165.94149591155804,False,insufficient_data,0.7083333333333335,0.0,0.7083333333333335,False,False,True,70.83333333333334,,,,exposure_only_no_risk_signal
jc,2019,6,3275,Columbus Drive,40.71835519823214,-74.03891444206238,1843,0,0.0,0.0,200.15623733662156,False,insufficient_data,0.7083333333333335,0.0,0.7083333333333335,False,False,True,70.83333333333334,,,,exposure_only_no_risk_signal
jc,2020,6,3187,Warren St,40.7211236,-74.03805095,1835,0,0.0,0.0,201.0288530852281,False,insufficient_data,0.7083333333333335,0.0,0.7083333333333335,False,False,True,70.83333333333334,,,,exposure_only_no_risk_signal
jc,2019,4,3272,Jersey & 3rd,40.72333158646436,-74.04595255851744,1445,0,0.0,0.0,255.28577537120657,False,insufficient_data,0.7083333333333335,0.0,0.7083333333333335,False,False,True,70.83333333333334,,,,exposure_only_no_risk_signal
jc,2020,5,3213,Van Vorst Park,40.71848892,-74.047726625,1202,0,0.0,0.0,306.8951292940046,False,insufficient_data,0.7083333333333335,0.0,0.7083333333333335,False,False,True,70.83333333333334,,,,exposure_only_no_risk_signal
jc,2019,3,3199,Newport Pkwy,40.7287448,-74.0321082,1029,0,0.0,0.0,358.491686502812,False,insufficient_data,0.7083333333333335,0.0,0.7083333333333335,False,False,True,70.83333333333334,,,,exposure_only_no_risk_signal
jc,2019,12,3278,Monmouth and 6th,40.72568548362901,-74.04879033565521,873,0,0.0,0.0,422.5520565995344,False,insufficient_data,0.7083333333333335,0.0,0.7083333333333335,False,False,True,70.83333333333334,,,,exposure_only_no_risk_signal
jc,2019,1,3640,Journal Square,40.73367,-74.0625,859,0,0.0,0.0,429.43881887240224,False,insufficient_data,0.7083333333333335,0.0,0.7083333333333335,False,False,True,70.83333333333334,,,,exposure_only_no_risk_signal
jc,2019,2,3270,Jersey & 6th St,40.72528910781132,-74.04557168483734,840,0,0.0,0.0,439.1523159659447,False,insufficient_data,0.7083333333333335,0.0,0.7083333333333335,False,False,True,70.83333333333334,,,,exposure_only_no_risk_signal
jc,2020,12,3209,Brunswick St,40.7241765,-74.0506564,547,0,0.0,0.0,674.3838124522733,False,insufficient_data,0.7083333333333335,0.0,0.7083333333333335,False,False,True,70.83333333333334,,,,exposure_only_no_risk_signal
jc,2023,7,JC032,Newark Ave,40.721527226611634,-74.04628656944557,3065,0,0.0,0.0,120.35495771986737,False,insufficient_data,0.7073170731707318,0.0,0.7073170731707318,False,False,True,70.73170731707317,,,,exposure_only_no_risk_signal
jc,2023,6,JC006,Warren St,40.721119535537824,-74.03805835276039,2838,0,0.0,0.0,129.9816580026052,False,insufficient_data,0.7073170731707318,0.0,0.7073170731707318,False,False,True,70.73170731707317,,,,exposure_only_no_risk_signal
jc,2023,5,JC014,Columbus Drive,40.71838156284216,-74.03890207852405,2699,0,0.0,0.0,136.6757856285267,False,insufficient_data,0.7073170731707318,0.0,0.7073170731707318,False,False,True,70.73170731707317,,,,exposure_only_no_risk_signal
jc,2023,4,JC006,Warren St,40.721121806964206,-74.03804343773135,2319,0,0.0,0.0,159.07199025933312,False,insufficient_data,0.7073170731707318,0.0,0.7073170731707318,False,False,True,70.73170731707317,,,,exposure_only_no_risk_signal
jc,2023,3,HB402,Madison St & 1 St,40.73879039504918,-74.03927972775014,1769,0,0.0,0.0,208.5290816344791,False,insufficient_data,0.7073170731707318,0.0,0.7073170731707318,False,False,True,70.73170731707317,,,,exposure_only_no_risk_signal
jc,2025,6,JC006,Warren St,40.7211236,-74.03805095,2702,0,0.0,0.0,136.524036051589,False,insufficient_data,0.7058823529411765,0.0,0.7058823529411765,False,False,True,70.58823529411765,,,,exposure_only_no_risk_signal
jc,2023,9,JC014,Columbus Drive,40.71847140831359,-74.03885907328255,2635,0,0.0,0.0,139.9954252035649,False,insufficient_data,0.7058823529411765,0.0,0.7058823529411765,False,False,True,70.58823529411765,,,,exposure_only_no_risk_signal
jc,2025,1,JC105,Hoboken Ave at Monmouth St,40.73520838045357,-74.04696375131607,1325,0,0.0,0.0,278.4059965369008,False,insufficient_data,0.7058823529411765,0.0,0.7058823529411765,False,False,True,70.58823529411765,,,,exposure_only_no_risk_signal
jc,2025,8,HB402,Madison St & 1 St,40.73879,-74.0393,3003,0,0.0,0.0,122.8398086618027,False,insufficient_data,0.7045454545454546,0.0,0.7045454545454546,False,False,True,70.45454545454545,,,,exposure_only_no_risk_signal
jc,2023,1,JC082,Manila & 1st,40.72165544647174,-74.0428834473178,1561,0,0.0,0.0,236.31514760499263,False,insufficient_data,0.7037037037037037,0.0,0.7037037037037037,False,False,True,70.37037037037037,,,,exposure_only_no_risk_signal
jc,2023,2,HB602,Stevens - River Ter & 6 St,40.7431452977672,-74.02698256629758,1410,0,0.0,0.0,261.62265632013725,False,insufficient_data,0.7037037037037037,0.0,0.7037037037037037,False,False,True,70.37037037037037,,,,exposure_only_no_risk_signal
jc,2025,12,JC003,City Hall,40.7177325,-74.043845,1236,0,0.0,0.0,298.45303026811774,False,insufficient_data,0.7037037037037037,0.0,0.7037037037037037,False,False,True,70.37037037037037,,,,exposure_only_no_risk_signal
jc,2025,7,HB305,9 St HBLR - Jackson St & 8 St,40.74790720968899,-74.03841152787209,3253,0,0.0,0.0,113.39930692019476,False,insufficient_data,0.7023809523809522,0.0,0.7023809523809522,False,False,True,70.23809523809523,,,,exposure_only_no_risk_signal
jc,2025,5,HB303,Clinton St & 7 St,40.74542,-74.03332,2601,0,0.0,0.0,141.82543076178143,False,insufficient_data,0.7023809523809522,0.0,0.7023809523809522,False,False,True,70.23809523809523,,,,exposure_only_no_risk_signal
jc,2025,9,JC032,Newark Ave,40.72152515,-74.046304543,3233,0,0.0,0.0,114.1008182528282,False,insufficient_data,0.7021276595744681,0.0,0.7021276595744681,False,False,True,70.2127659574468,,,,exposure_only_no_risk_signal
jc,2025,10,HB408,Marshall St & 2 St,40.740802,-74.042521,2868,0,0.0,0.0,128.62201722851938,False,insufficient_data,0.7021276595744681,0.0,0.7021276595744681,False,False,True,70.2127659574468,,,,exposure_only_no_risk_signal
jc,2025,11,HB301,4 St & Grand St,40.7422579775645,-74.03511106967926,2046,0,0.0,0.0,180.2971385197427,False,insufficient_data,0.7021276595744681,0.0,0.7021276595744681,False,False,True,70.2127659574468,,,,exposure_only_no_risk_signal
jc,2023,8,JC098,Washington St,40.72428131903487,-74.03551367077571,3298,0,0.0,0.0,111.85201498222969,False,insufficient_data,0.6987951807228916,0.0,0.6987951807228916,False,False,False,69.87951807228916,,,,exposure_only_no_risk_signal
jc,2023,10,HB506,Grand St & 14 St,40.75394941465105,-74.03164427223166,2754,0,0.0,0.0,133.9462401639047,False,insufficient_data,0.6987951807228916,0.0,0.6987951807228916,False,False,False,69.87951807228916,,,,exposure_only_no_risk_signal
jc,2025,4,HB201,12 St & Sinatra Dr N,40.75060414236896,-74.02402013540268,2291,0,0.0,0.0,161.01612632535728,False,insufficient_data,0.6987951807228916,0.0,0.6987951807228916,False,False,False,69.87951807228916,,,,exposure_only_no_risk_signal
jc,2023,11,HB304,7 St & Monroe St,40.74640165905464,-74.0380144606792,2135,0,0.0,0.0,172.78123906856842,False,insufficient_data,0.6987951807228916,0.0,0.6987951807228916,False,False,False,69.87951807228916,,,,exposure_only_no_risk_signal
jc,2025,3,HB506,Grand St & 14 St,40.75409,-74.0316,1990,0,0.0,0.0,185.37082683989624,False,insufficient_data,0.6987951807228916,0.0,0.6987951807228916,False,False,False,69.87951807228916,,,,exposure_only_no_risk_signal
jc,2023,12,JC052,Liberty Light Rail,40.7112724158957,-74.05569798866563,1598,0,0.0,0.0,230.84352028247406,False,insufficient_data,0.6987951807228916,0.0,0.6987951807228916,False,False,False,69.87951807228916,,,,exposure_only_no_risk_signal
jc,2025,2,JC032,Newark Ave,40.72152515,-74.046304543,1241,0,0.0,0.0,297.2505603637337,False,insufficient_data,0.6987951807228916,0.0,0.6987951807228916,False,False,False,69.87951807228916,,,,exposure_only_no_risk_signal
jc,2023,7,HB303,Clinton St & 7 St,40.74535226397024,-74.03335403062746,3035,0,0.0,0.0,121.54462781265025,False,insufficient_data,0.695121951219512,0.0,0.695121951219512,False,False,False,69.51219512195121,,,,exposure_only_no_risk_signal
jc,2023,6,JC014,Columbus Drive,40.71839971676295,-74.03890310370879,2816,0,0.0,0.0,130.99713970575056,False,insufficient_data,0.695121951219512,0.0,0.695121951219512,False,False,False,69.51219512195121,,,,exposure_only_no_risk_signal
jc,2023,5,JC082,Manila & 1st,40.7216531238185,-74.04288426275406,2633,0,0.0,0.0,140.1017643036056,False,insufficient_data,0.695121951219512,0.0,0.695121951219512,False,False,False,69.51219512195121,,,,exposure_only_no_risk_signal
jc,2023,4,HB402,Madison St & 1 St,40.73878809013677,-74.03927864057326,2252,0,0.0,0.0,163.80459387717298,False,insufficient_data,0.695121951219512,0.0,0.695121951219512,False,False,False,69.51219512195121,,,,exposure_only_no_risk_signal
jc,2023,3,HB601,Church Sq Park - 5 St & Park Ave,40.74265847984333,-74.03224400426085,1764,0,0.0,0.0,209.12015045997364,False,insufficient_data,0.695121951219512,0.0,0.695121951219512,False,False,False,69.51219512195121,,,,exposure_only_no_risk_signal
jc,2025,12,HB304,7 St & Monroe St,40.74641264837719,-74.03797701001167,1232,0,0.0,0.0,299.4220336131441,False,insufficient_data,0.6944444444444444,0.0,0.6944444444444444,False,False,False,69.44444444444444,,,,exposure_only_no_risk_signal
jc,2025,6,HB506,Grand St & 14 St,40.75409,-74.0316,2698,0,0.0,0.0,136.72644381445275,False,insufficient_data,0.6941176470588235,0.0,0.6941176470588235,False,False,False,69.41176470588235,,,,exposure_only_no_risk_signal
jc,2023,9,HB305,9 St HBLR - Jackson St & 8 St,40.74786186726431,-74.0383924227445,2567,0,0.0,0.0,143.70391328842757,False,insufficient_data,0.6941176470588235,0.0,0.6941176470588235,False,False,False,69.41176470588235,,,,exposure_only_no_risk_signal
jc,2025,1,HB407,Adams St & 2 St,40.73981372311843,-74.03690412640572,1308,0,0.0,0.0,282.02442309739564,False,insufficient_data,0.6941176470588235,0.0,0.6941176470588235,False,False,False,69.41176470588235,,,,exposure_only_no_risk_signal
jc,2019,9,3272,Jersey & 3rd,40.72333158646436,-74.04595255851744,2133,0,0.0,0.0,172.94324679390226,False,insufficient_data,0.6938775510204082,0.0,0.6938775510204082,False,False,False,69.38775510204081,,,,exposure_only_no_risk_signal
jc,2019,8,3184,Paulus Hook,40.7141454,-74.0335519,2030,0,0.0,0.0,181.71819971004606,False,insufficient_data,0.6938775510204082,0.0,0.6938775510204082,False,False,False,69.38775510204081,,,,exposure_only_no_risk_signal
jc,2019,7,3269,Brunswick & 6th,40.72601172964625,-74.05038893222809,1974,0,0.0,0.0,186.87332594295518,False,insufficient_data,0.6938775510204082,0.0,0.6938775510204082,False,False,False,69.38775510204081,,,,exposure_only_no_risk_signal
jc,2020,7,3211,Newark Ave,40.72152515,-74.04630454300002,1935,0,0.0,0.0,190.6397650704876,False,insufficient_data,0.6938775510204082,0.0,0.6938775510204082,False,False,False,69.38775510204081,,,,exposure_only_no_risk_signal
jc,2020,9,3213,Van Vorst Park,40.71848892,-74.047726625,1776,0,0.0,0.0,207.70717647037924,False,insufficient_data,0.6938775510204082,0.0,0.6938775510204082,False,False,False,69.38775510204081,,,,exposure_only_no_risk_signal
jc,2019,10,3275,Columbus Drive,40.71835519823213,-74.03891444206238,1757,0,0.0,0.0,209.95329846977432,False,insufficient_data,0.6938775510204082,0.0,0.6938775510204082,False,False,False,69.38775510204081,,,,exposure_only_no_risk_signal
jc,2019,5,3269,Brunswick & 6th,40.72601172964625,-74.05038893222809,1480,0,0.0,0.0,249.24861176445506,False,insufficient_data,0.6938775510204082,0.0,0.6938775510204082,False,False,False,69.38775510204081,,,,exposure_only_no_risk_signal
jc,2020,10,3211,Newark Ave,40.72152515,-74.046304543,1345,0,0.0,0.0,274.26613041739296,False,insufficient_data,0.6938775510204082,0.0,0.6938775510204082,False,False,False,69.38775510204081,,,,exposure_only_no_risk_signal
jc,2019,11,3267,Morris Canal,40.7124188237569,-74.03852552175522,1248,0,0.0,0.0,295.5832895924628,False,insufficient_data,0.6938775510204082,0.0,0.6938775510204082,False,False,False,69.38775510204081,,,,exposure_only_no_risk_signal
jc,2020,1,3638,Washington St,40.7242941,-74.0354826,1189,0,0.0,0.0,310.25058487081037,False,insufficient_data,0.6938775510204082,0.0,0.6938775510204082,False,False,False,69.38775510204081,,,,exposure_only_no_risk_signal
jc,2020,2,3638,Washington St,40.7242941,-74.0354826,988,0,0.0,0.0,373.3683658010056,False,insufficient_data,0.6938775510204082,0.0,0.6938775510204082,False,False,False,69.38775510204081,,,,exposure_only_no_risk_signal
jc,2020,11,3184,Paulus Hook,40.7141454,-74.0335519,982,0,0.0,0.0,375.64963891180605,False,insufficient_data,0.6938775510204082,0.0,0.6938775510204082,False,False,False,69.38775510204081,,,,exposure_only_no_risk_signal
jc,2020,3,3275,Columbus Drive,40.71835519823214,-74.03891444206238,805,0,0.0,0.0,458.24589492098573,False,insufficient_data,0.6938775510204082,0.0,0.6938775510204082,False,False,False,69.38775510204081,,,,exposure_only_no_risk_signal
jc,2025,8,JC082,Manila & 1st,40.72165072487999,-74.04288411140442,2974,0,0.0,0.0,124.03764136227086,False,insufficient_data,0.6931818181818182,0.0,0.6931818181818182,False,False,False,69.31818181818183,,,,exposure_only_no_risk_signal
jc,2025,9,HB602,Stevens - River Ter & 6 St,40.74313282710551,-74.02698867022991,3224,0,0.0,0.0,114.41933790675978,False,insufficient_data,0.6914893617021278,0.0,0.6914893617021278,False,False,False,69.14893617021278,,,,exposure_only_no_risk_signal
jc,2025,10,HB304,7 St & Monroe St,40.74641264837719,-74.03797701001167,2812,0,0.0,0.0,131.183479876029,False,insufficient_data,0.6914893617021278,0.0,0.6914893617021278,False,False,False,69.14893617021278,,,,exposure_only_no_risk_signal
jc,2025,11,HB401,Southwest Park - Jackson St & Observer Hwy,40.73755127245804,-74.04166370630264,2035,0,0.0,0.0,181.27171764687643,False,insufficient_data,0.6914893617021278,0.0,0.6914893617021278,False,False,False,69.14893617021278,,,,exposure_only_no_risk_signal
jc,2023,1,HB304,7 St & Monroe St,40.746421721159,-74.03800924847692,1539,0,0.0,0.0,239.6932718722505,False,insufficient_data,0.691358024691358,0.0,0.691358024691358,False,False,False,69.1358024691358,,,,exposure_only_no_risk_signal
jc,2023,2,JC082,Manila & 1st,40.7216553112361,-74.04288353050246,1393,0,0.0,0.0,264.8154669141375,False,insufficient_data,0.691358024691358,0.0,0.691358024691358,False,False,False,69.1358024691358,,,,exposure_only_no_risk_signal
jc,2025,7,HB612,Newark St & Washington St,40.73681,-74.0309,3197,0,0.0,0.0,115.38565699449282,False,insufficient_data,0.6904761904761905,0.0,0.6904761904761905,False,False,False,69.04761904761905,,,,exposure_only_no_risk_signal
jc,2025,5,JC104,Harborside,40.7192517,-74.034234,2460,0,0.0,0.0,149.954449354225,False,insufficient_data,0.6904761904761905,0.0,0.6904761904761905,False,False,False,69.04761904761905,,,,exposure_only_no_risk_signal
jc,2020,8,3213,Van Vorst Park,40.71848891999999,-74.047726625,1938,0,0.0,0.0,190.34465707502247,False,insufficient_data,0.6875,0.0,0.6875,False,False,False,68.75,,,,exposure_only_no_risk_signal
jc,2020,6,3211,Newark Ave,40.72152515,-74.046304543,1810,0,0.0,0.0,203.80549470242738,False,insufficient_data,0.6875,0.0,0.6875,False,False,False,68.75,,,,exposure_only_no_risk_signal
jc,2019,6,3213,Van Vorst Park,40.71848892,-74.047726625,1686,0,0.0,0.0,218.7947481680863,False,insufficient_data,0.6875,0.0,0.6875,False,False,False,68.75,,,,exposure_only_no_risk_signal
jc,2019,4,3640,Journal Square,40.73367,-74.0625,1435,0,0.0,0.0,257.0647703215286,False,insufficient_data,0.6875,0.0,0.6875,False,False,False,68.75,,,,exposure_only_no_risk_signal
jc,2020,5,3211,Newark Ave,40.72152515,-74.046304543,1183,0,0.0,0.0,311.8241296799607,False,insufficient_data,0.6875,0.0,0.6875,False,False,False,68.75,,,,exposure_only_no_risk_signal
jc,2019,3,3187,Warren St,40.7211236,-74.03805095,1014,0,0.0,0.0,363.7948179599542,False,insufficient_data,0.6875,0.0,0.6875,False,False,False,68.75,,,,exposure_only_no_risk_signal
jc,2019,12,3638,Washington St,40.7242941,-74.0354826,855,0,0.0,0.0,431.447889370051,False,insufficient_data,0.6875,0.0,0.6875,False,False,False,68.75,,,,exposure_only_no_risk_signal
jc,2019,1,3278,Monmouth and 6th,40.72568548362901,-74.04879033565521,854,0,0.0,0.0,431.95309767142095,False,insufficient_data,0.6875,0.0,0.6875,False,False,False,68.75,,,,exposure_only_no_risk_signal
jc,2019,2,3213,Van Vorst Park,40.71848892,-74.047726625,815,0,0.0,0.0,452.6232459035504,False,insufficient_data,0.6875,0.0,0.6875,False,False,False,68.75,,,,exposure_only_no_risk_signal
jc,2020,12,3275,Columbus Drive,40.71835519823214,-74.03891444206238,530,0,0.0,0.0,696.014991342252,False,insufficient_data,0.6875,0.0,0.6875,False,False,False,68.75,,,,exposure_only_no_risk_signal
jc,2020,4,3185,City Hall,40.7177325,-74.043845,470,0,0.0,0.0,784.8679689604118,False,insufficient_data,0.6875,0.0,0.6875,False,False,False,68.75,,,,exposure_only_no_risk_signal
jc,2023,8,HB303,Clinton St & 7 St,40.74538784663056,-74.03333876501505,3259,0,0.0,0.0,113.19053249812627,False,insufficient_data,0.6867469879518072,0.0,0.6867469879518072,False,False,False,68.67469879518072,,,,exposure_only_no_risk_signal
jc,2023,10,JC006,Warren St,40.721178902258295,-74.03806180512392,2741,0,0.0,0.0,134.58151966851278,False,insufficient_data,0.6867469879518072,0.0,0.6867469879518072,False,False,False,68.67469879518072,,,,exposure_only_no_risk_signal
jc,2025,4,JC082,Manila & 1st,40.72165072487999,-74.04288411140442,2245,0,0.0,0.0,164.31534316765857,False,insufficient_data,0.6867469879518072,0.0,0.6867469879518072,False,False,False,68.67469879518072,,,,exposure_only_no_risk_signal
jc,2023,11,JC098,Washington St,40.7243031372673,-74.0354991850176,2120,0,0.0,0.0,174.003747835563,False,insufficient_data,0.6867469879518072,0.0,0.6867469879518072,False,False,False,68.67469879518072,,,,exposure_only_no_risk_signal
jc,2025,3,HB201,12 St & Sinatra Dr N,40.75060414236896,-74.02402013540268,1951,0,0.0,0.0,189.07634311193928,False,insufficient_data,0.6867469879518072,0.0,0.6867469879518072,False,False,False,68.67469879518072,,,,exposure_only_no_risk_signal
jc,2023,12,HB506,Grand St & 14 St,40.75406175967088,-74.03158663654533,1585,0,0.0,0.0,232.73687407658898,False,insufficient_data,0.6867469879518072,0.0,0.6867469879518072,False,False,False,68.67469879518072,,,,exposure_only_no_risk_signal
jc,2025,2,HB407,Adams St & 2 St,40.73981372311843,-74.03690412640572,1217,0,0.0,0.0,303.1125270430514,False,insufficient_data,0.6867469879518072,0.0,0.6867469879518072,False,False,False,68.67469879518072,,,,exposure_only_no_risk_signal
jc,2025,12,HB201,12 St & Sinatra Dr N,40.75060414236896,-74.02402013540268,1219,0,0.0,0.0,302.61521362706605,False,insufficient_data,0.6851851851851852,0.0,0.6851851851851852,False,False,False,68.51851851851852,,,,exposure_only_no_risk_signal
jc,2023,7,HB401,Southwest Park - Jackson St & Observer Hwy,40.73755897146986,-74.0416739947209,2990,0,0.0,0.0,123.37389478641924,False,insufficient_data,0.6829268292682927,0.0,0.6829268292682927,False,False,False,68.29268292682927,,,,exposure_only_no_risk_signal
jc,2023,6,HB303,Clinton St & 7 St,40.7454122912586,-74.03333374856398,2707,0,0.0,0.0,136.2718675328384,False,insufficient_data,0.6829268292682927,0.0,0.6829268292682927,False,False,False,68.29268292682927,,,,exposure_only_no_risk_signal
jc,2023,5,JC035,Van Vorst Park,40.71848508233232,-74.04772853147348,2621,0,0.0,0.0,140.74320694826156,False,insufficient_data,0.6829268292682927,0.0,0.6829268292682927,False,False,False,68.29268292682927,,,,exposure_only_no_risk_signal
jc,2023,4,HB305,9 St HBLR - Jackson St & 8 St,40.747923344713946,-74.03841221298994,2220,0,0.0,0.0,166.1657411763034,False,insufficient_data,0.6829268292682927,0.0,0.6829268292682927,False,False,False,68.29268292682927,,,,exposure_only_no_risk_signal
jc,2023,3,JC006,Warren St,40.72112071952368,-74.03803887779041,1732,0,0.0,0.0,212.98380220057365,False,insufficient_data,0.6829268292682927,0.0,0.6829268292682927,False,False,False,68.29268292682927,,,,exposure_only_no_risk_signal
jc,2025,6,JC082,Manila & 1st,40.72165072487999,-74.04288411140442,2673,0,0.0,0.0,138.00521713856847,False,insufficient_data,0.6823529411764706,0.0,0.6823529411764706,False,False,False,68.23529411764706,,,,exposure_only_no_risk_signal
jc,2025,1,JC052,Liberty Light Rail,40.7112423,-74.0557013,1307,0,0.0,0.0,282.2402030691611,False,insufficient_data,0.6823529411764706,0.0,0.6823529411764706,False,False,False,68.23529411764706,,,,exposure_only_no_risk_signal
jc,2025,8,HB601,Church Sq Park - 5 St & Park Ave,40.74265933273143,-74.03223305940628,2933,0,0.0,0.0,125.77154633869537,False,insufficient_data,0.6818181818181818,0.0,0.6818181818181818,False,False,False,68.18181818181817,,,,exposure_only_no_risk_signal
jc,2025,9,HB401,Southwest Park - Jackson St & Observer Hwy,40.73755127245804,-74.04166370630264,3214,0,0.0,0.0,114.77534082495133,False,insufficient_data,0.6808510638297872,0.0,0.6808510638297872,False,False,False,68.08510638297872,,,,exposure_only_no_risk_signal
jc,2025,10,HB301,4 St & Grand St,40.7422579775645,-74.03511106967926,2775,0,0.0,0.0,132.9325929410427,False,insufficient_data,0.6808510638297872,0.0,0.6808510638297872,False,False,False,68.08510638297872,,,,exposure_only_no_risk_signal
jc,2025,11,JC082,Manila & 1st,40.72165072487999,-74.04288411140442,2019,0,0.0,0.0,182.7082443840483,False,insufficient_data,0.6808510638297872,0.0,0.6808510638297872,False,False,False,68.08510638297872,,,,exposure_only_no_risk_signal
jc,2023,1,HB409,Clinton St & Newark St,40.73744250524008,-74.03570324980356,1512,0,0.0,0.0,243.97350886996927,False,insufficient_data,0.6790123456790124,0.0,0.6790123456790124,False,False,False,67.90123456790124,,,,exposure_only_no_risk_signal
jc,2023,2,HB409,Clinton St & Newark St,40.73744286853564,-74.03570124568846,1361,0,0.0,0.0,271.0418408606859,False,insufficient_data,0.6790123456790124,0.0,0.6790123456790124,False,False,False,67.90123456790124,,,,exposure_only_no_risk_signal
jc,2025,7,JC032,Newark Ave,40.72152515,-74.046304543,3128,0,0.0,0.0,117.93092883995958,False,insufficient_data,0.6785714285714286,0.0,0.6785714285714286,False,False,False,67.85714285714286,,,,exposure_only_no_risk_signal
jc,2025,5,JC032,Newark Ave,40.72152515,-74.046304543,2458,0,0.0,0.0,150.0764627385653,False,insufficient_data,0.6785714285714286,0.0,0.6785714285714286,False,False,False,67.85714285714286,,,,exposure_only_no_risk_signal
jc,2023,9,HB401,Southwest Park - Jackson St & Observer Hwy,40.73753027443563,-74.04162668819697,2545,0,0.0,0.0,144.94614750938842,False,insufficient_data,0.6764705882352942,0.0,0.6764705882352942,False,False,False,67.64705882352942,,,,exposure_only_no_risk_signal
jc,2023,9,HB506,Grand St & 14 St,40.75394251183248,-74.03162010998062,2545,0,0.0,0.0,144.94614750938842,False,insufficient_data,0.6764705882352942,0.0,0.6764705882352942,False,False,False,67.64705882352942,,,,exposure_only_no_risk_signal
jc,2025,12,HB409,Clinton St & Newark St,40.73743,-74.03571,1208,0,0.0,0.0,305.3708157379086,False,insufficient_data,0.6759259259259259,0.0,0.6759259259259259,False,False,False,67.5925925925926,,,,exposure_only_no_risk_signal
jc,2023,8,JC014,Columbus Drive,40.718440491223205,-74.03888349670228,3111,0,0.0,0.0,118.57536014509597,False,insufficient_data,0.6746987951807228,0.0,0.6746987951807228,False,False,False,67.46987951807229,,,,exposure_only_no_risk_signal
jc,2023,10,HB602,Stevens - River Ter & 6 St,40.74311063771257,-74.02705788406969,2713,0,0.0,0.0,135.97049222683137,False,insufficient_data,0.6746987951807228,0.0,0.6746987951807228,False,False,False,67.46987951807229,,,,exposure_only_no_risk_signal
jc,2025,4,JC098,Washington St,40.7242941,-74.0354826,2243,0,0.0,0.0,164.4618570715085,False,insufficient_data,0.6746987951807228,0.0,0.6746987951807228,False,False,False,67.46987951807229,,,,exposure_only_no_risk_signal
jc,2023,11,JC006,Warren St,40.72112805374639,-74.03803546379379,2103,0,0.0,0.0,175.410340186112,False,insufficient_data,0.6746987951807228,0.0,0.6746987951807228,False,False,False,67.46987951807229,,,,exposure_only_no_risk_signal
jc,2025,3,JC023,Brunswick St,40.7241765,-74.0506564,1944,0,0.0,0.0,189.75717356553167,False,insufficient_data,0.6746987951807228,0.0,0.6746987951807228,False,False,False,67.46987951807229,,,,exposure_only_no_risk_signal
jc,2023,12,HB601,Church Sq Park - 5 St & Park Ave,40.74265849066499,-74.03225784796965,1571,0,0.0,0.0,234.810913692803,False,insufficient_data,0.6746987951807228,0.0,0.6746987951807228,False,False,False,67.46987951807229,,,,exposure_only_no_risk_signal
jc,2025,2,JC098,Washington St,40.7242941,-74.0354826,1200,0,0.0,0.0,307.4066211761613,False,insufficient_data,0.6746987951807228,0.0,0.6746987951807228,False,False,False,67.46987951807229,,,,exposure_only_no_risk_signal
jc,2019,9,3184,Paulus Hook,40.7141454,-74.0335519,2069,0,0.0,0.0,178.2928687343613,False,insufficient_data,0.673469387755102,0.0,0.673469387755102,False,False,False,67.3469387755102,,,,exposure_only_no_risk_signal
jc,2019,8,3209,Brunswick St,40.72417649999999,-74.0506564,1919,0,0.0,0.0,192.22925764012172,False,insufficient_data,0.673469387755102,0.0,0.673469387755102,False,False,False,67.3469387755102,,,,exposure_only_no_risk_signal
jc,2019,7,3275,Columbus Drive,40.71835519823214,-74.03891444206238,1833,0,0.0,0.0,201.24819716933632,False,insufficient_data,0.673469387755102,0.0,0.673469387755102,False,False,False,67.3469387755102,,,,exposure_only_no_risk_signal
jc,2020,9,3184,Paulus Hook,40.7141454,-74.0335519,1700,0,0.0,0.0,216.9929090655256,False,insufficient_data,0.673469387755102,0.0,0.673469387755102,False,False,False,67.3469387755102,,,,exposure_only_no_risk_signal
jc,2019,10,3209,Brunswick St,40.7241765,-74.0506564,1694,0,0.0,0.0,217.76147899137754,False,insufficient_data,0.673469387755102,0.0,0.673469387755102,False,False,False,67.3469387755102,,,,exposure_only_no_risk_signal
jc,2020,7,3213,Van Vorst Park,40.71848892,-74.047726625,1633,0,0.0,0.0,225.8958636934437,False,insufficient_data,0.673469387755102,0.0,0.673469387755102,False,False,False,67.3469387755102,,,,exposure_only_no_risk_signal
jc,2019,5,3640,Journal Square,40.73367,-74.0625,1476,0,0.0,0.0,249.9240822570417,False,insufficient_data,0.673469387755102,0.0,0.673469387755102,False,False,False,67.3469387755102,,,,exposure_only_no_risk_signal
jc,2020,10,3213,Van Vorst Park,40.71848892,-74.047726625,1341,0,0.0,0.0,275.08422476613987,False,insufficient_data,0.673469387755102,0.0,0.673469387755102,False,False,False,67.3469387755102,,,,exposure_only_no_risk_signal
jc,2019,11,3194,McGinley Square,40.7253399253558,-74.06762212514877,1242,0,0.0,0.0,297.0112281895278,False,insufficient_data,0.673469387755102,0.0,0.673469387755102,False,False,False,67.3469387755102,,,,exposure_only_no_risk_signal
jc,2020,1,3275,Columbus Drive,40.71835519823214,-74.03891444206238,1162,0,0.0,0.0,317.4595055175504,False,insufficient_data,0.673469387755102,0.0,0.673469387755102,False,False,False,67.3469387755102,,,,exposure_only_no_risk_signal
jc,2020,2,3267,Morris Canal,40.7124188237569,-74.03852552175522,973,0,0.0,0.0,379.12430155333357,False,insufficient_data,0.673469387755102,0.0,0.673469387755102,False,False,False,67.3469387755102,,,,exposure_only_no_risk_signal
jc,2020,11,3275,Columbus Drive,40.71835519823214,-74.03891444206238,960,0,0.0,0.0,384.25827647020157,False,insufficient_data,0.673469387755102,0.0,0.673469387755102,False,False,False,67.3469387755102,,,,exposure_only_no_risk_signal
jc,2023,7,HB506,Grand St & 14 St,40.75396665410169,-74.03162837818235,2901,0,0.0,0.0,127.1588919032725,False,insufficient_data,0.6707317073170732,0.0,0.6707317073170732,False,False,False,67.07317073170732,,,,exposure_only_no_risk_signal
jc,2023,5,JC110,JC Medical Center,40.71539136065024,-74.04969227516203,2604,0,0.0,0.0,141.66203740836926,False,insufficient_data,0.6707317073170732,0.0,0.6707317073170732,False,False,False,67.07317073170732,,,,exposure_only_no_risk_signal
jc,2023,6,HB401,Southwest Park - Jackson St & Observer Hwy,40.737549307519714,-74.04165750720217,2553,0,0.0,0.0,144.49194884895948,False,insufficient_data,0.6707317073170732,0.0,0.6707317073170732,False,False,False,67.07317073170732,,,,exposure_only_no_risk_signal
jc,2023,3,HB407,Adams St & 2 St,40.73980122662678,-74.03689310766642,1708,0,0.0,0.0,215.97654883571047,False,insufficient_data,0.6707317073170732,0.0,0.6707317073170732,False,False,False,67.07317073170732,,,,exposure_only_no_risk_signal
jc,2025,6,HB304,7 St & Monroe St,40.74641264837719,-74.03797701001167,2628,0,0.0,0.0,140.36832017176314,False,insufficient_data,0.6705882352941175,0.0,0.6705882352941175,False,False,False,67.05882352941175,,,,exposure_only_no_risk_signal
jc,2025,1,HB201,12 St & Sinatra Dr N,40.75060414236896,-74.02402013540268,1274,0,0.0,0.0,289.55097755996354,False,insufficient_data,0.6705882352941175,0.0,0.6705882352941175,False,False,False,67.05882352941175,,,,exposure_only_no_risk_signal
jc,2025,8,JC023,Brunswick St,40.7241765,-74.0506564,2851,0,0.0,0.0,129.38896717341058,False,insufficient_data,0.6704545454545454,0.0,0.6704545454545454,False,False,False,67.04545454545455,,,,exposure_only_no_risk_signal
jc,2025,9,JC098,Washington St,40.7242941,-74.0354826,3114,0,0.0,0.0,118.46112569408912,False,insufficient_data,0.6702127659574468,0.0,0.6702127659574468,False,False,False,67.02127659574468,,,,exposure_only_no_risk_signal
jc,2025,10,HB401,Southwest Park - Jackson St & Observer Hwy,40.73755127245804,-74.04166370630264,2760,0,0.0,0.0,133.6550526852875,False,insufficient_data,0.6702127659574468,0.0,0.6702127659574468,False,False,False,67.02127659574468,,,,exposure_only_no_risk_signal
jc,2025,11,JC003,City Hall,40.7177325,-74.043845,2004,0,0.0,0.0,184.07582106356963,False,insufficient_data,0.6702127659574468,0.0,0.6702127659574468,False,False,False,67.02127659574468,,,,exposure_only_no_risk_signal
jc,2025,7,HB303,Clinton St & 7 St,40.74542,-74.03332,2998,0,0.0,0.0,123.04467825596849,False,insufficient_data,0.6666666666666665,0.0,0.6666666666666665,False,False,False,66.66666666666666,,,,exposure_only_no_risk_signal
jc,2025,5,JC098,Washington St,40.7242941,-74.0354826,2444,0,0.0,0.0,150.93614787700227,False,insufficient_data,0.6666666666666665,0.0,0.6666666666666665,False,False,False,66.66666666666666,,,,exposure_only_no_risk_signal
jc,2020,8,3275,Columbus Drive,40.71835519823214,-74.03891444206238,1874,0,0.0,0.0,196.84522167096773,False,insufficient_data,0.6666666666666665,0.0,0.6666666666666665,False,False,False,66.66666666666666,,,,exposure_only_no_risk_signal
jc,2019,6,3272,Jersey & 3rd,40.72333158646436,-74.04595255851744,1634,0,0.0,0.0,225.7576165308406,False,insufficient_data,0.6666666666666665,0.0,0.6666666666666665,False,False,False,66.66666666666666,,,,exposure_only_no_risk_signal
jc,2020,6,3213,Van Vorst Park,40.71848892,-74.047726625,1616,0,0.0,0.0,228.27224344764454,False,insufficient_data,0.6666666666666665,0.0,0.6666666666666665,False,False,False,66.66666666666666,,,,exposure_only_no_risk_signal
jc,2023,1,JC006,Warren St,40.7211219052868,-74.03804108545266,1447,0,0.0,0.0,254.93292702929753,False,insufficient_data,0.6666666666666665,0.0,0.6666666666666665,False,False,False,66.66666666666666,,,,exposure_only_no_risk_signal
jc,2019,4,3213,Van Vorst Park,40.71848892,-74.047726625,1428,0,0.0,0.0,258.3248917446733,False,insufficient_data,0.6666666666666665,0.0,0.6666666666666665,False,False,False,66.66666666666666,,,,exposure_only_no_risk_signal
jc,2023,2,HB407,Adams St & 2 St,40.73979915974358,-74.03689155467943,1338,0,0.0,0.0,275.7010055391581,False,insufficient_data,0.6666666666666665,0.0,0.6666666666666665,False,False,False,66.66666666666666,,,,exposure_only_no_risk_signal
jc,2020,5,3195,Sip Ave,40.73089709786179,-74.06391263008118,1179,0,0.0,0.0,312.8820571767545,False,insufficient_data,0.6666666666666665,0.0,0.6666666666666665,False,False,False,66.66666666666666,,,,exposure_only_no_risk_signal
jc,2025,12,JC023,Brunswick St,40.7241765,-74.0506564,1109,0,0.0,0.0,332.63115005535934,False,insufficient_data,0.6666666666666665,0.0,0.6666666666666665,False,False,False,66.66666666666666,,,,exposure_only_no_risk_signal
jc,2019,3,3273,Manila & 1st,40.72165072487999,-74.04288411140442,1007,0,0.0,0.0,366.32367965381684,False,insufficient_data,0.6666666666666665,0.0,0.6666666666666665,False,False,False,66.66666666666666,,,,exposure_only_no_risk_signal
jc,2019,1,3273,Manila & 1st,40.72165072487999,-74.04288411140442,849,0,0.0,0.0,434.49699106171204,False,insufficient_data,0.6666666666666665,0.0,0.6666666666666665,False,False,False,66.66666666666666,,,,exposure_only_no_risk_signal
jc,2019,2,3199,Newport Pkwy,40.7287448,-74.0321082,794,0,0.0,0.0,464.59438968689363,False,insufficient_data,0.6666666666666665,0.0,0.6666666666666665,False,False,False,66.66666666666666,,,,exposure_only_no_risk_signal
jc,2020,12,3272,Jersey & 3rd,40.72333158646436,-74.04595255851744,517,0,0.0,0.0,713.5163354185562,False,insufficient_data,0.6666666666666665,0.0,0.6666666666666665,False,False,False,66.66666666666666,,,,exposure_only_no_risk_signal
jc,2020,4,3679,Bergen Ave,40.722103786686034,-74.07145500183105,458,0,0.0,0.0,805.4321952213834,False,insufficient_data,0.6666666666666665,0.0,0.6666666666666665,False,False,False,66.66666666666666,,,,exposure_only_no_risk_signal
jc,2023,4,HB602,Stevens - River Ter & 6 St,40.743143578118655,-74.02698106392235,2171,0,0.0,0.0,169.91614252021813,False,insufficient_data,0.6646341463414634,0.0,0.6646341463414634,False,False,False,66.46341463414635,,,,exposure_only_no_risk_signal
jc,2023,4,JC032,Newark Ave,40.72151789504698,-74.04630309103086,2171,0,0.0,0.0,169.91614252021813,False,insufficient_data,0.6646341463414634,0.0,0.6646341463414634,False,False,False,66.46341463414635,,,,exposure_only_no_risk_signal
jc,2020,3,3205,JC Medical Center,40.71653978099194,-74.0496379137039,763,0,0.0,0.0,483.4704395955354,False,insufficient_data,0.6632653061224489,0.0,0.6632653061224489,False,False,False,66.3265306122449,,,,exposure_only_no_risk_signal
jc,2020,3,3638,Washington St,40.7242941,-74.0354826,763,0,0.0,0.0,483.4704395955354,False,insufficient_data,0.6632653061224489,0.0,0.6632653061224489,False,False,False,66.3265306122449,,,,exposure_only_no_risk_signal
jc,2023,8,HB408,Marshall St & 2 St,40.74073850677804,-74.04254835472877,3065,0,0.0,0.0,120.35495771986737,False,insufficient_data,0.6626506024096386,0.0,0.6626506024096386,False,False,False,66.26506024096386,,,,exposure_only_no_risk_signal
jc,2023,10,JC032,Newark Ave,40.72154594303977,-74.04632284606456,2690,0,0.0,0.0,137.13306520869648,False,insufficient_data,0.6626506024096386,0.0,0.6626506024096386,False,False,False,66.26506024096386,,,,exposure_only_no_risk_signal
jc,2025,4,HB611,4 St & River St,40.7408139,-74.0274062,2207,0,0.0,0.0,167.14451536537996,False,insufficient_data,0.6626506024096386,0.0,0.6626506024096386,False,False,False,66.26506024096386,,,,exposure_only_no_risk_signal
jc,2023,11,HB601,Church Sq Park - 5 St & Park Ave,40.742655284917134,-74.03225509257275,2081,0,0.0,0.0,177.26475031782488,False,insufficient_data,0.6626506024096386,0.0,0.6626506024096386,False,False,False,66.26506024096386,,,,exposure_only_no_risk_signal
jc,2025,3,JC032,Newark Ave,40.72152515,-74.046304543,1930,0,0.0,0.0,191.13365047222462,False,insufficient_data,0.6626506024096386,0.0,0.6626506024096386,False,False,False,66.26506024096386,,,,exposure_only_no_risk_signal
jc,2023,12,HB408,Marshall St & 2 St,40.74075363061119,-74.04254197682,1526,0,0.0,0.0,241.7352197977677,False,insufficient_data,0.6626506024096386,0.0,0.6626506024096386,False,False,False,66.26506024096386,,,,exposure_only_no_risk_signal
jc,2025,2,JC082,Manila & 1st,40.72165072487999,-74.04288411140442,1191,0,0.0,0.0,309.72959312459574,False,insufficient_data,0.6626506024096386,0.0,0.6626506024096386,False,False,False,66.26506024096386,,,,exposure_only_no_risk_signal
jc,2025,9,HB105,City Hall - Washington St & 1 St,40.73736,-74.03097,3079,0,0.0,0.0,119.80771205306708,False,insufficient_data,0.6595744680851063,0.0,0.6595744680851063,False,False,False,65.95744680851064,,,,exposure_only_no_risk_signal
jc,2025,10,JC032,Newark Ave,40.72152515,-74.046304543,2755,0,0.0,0.0,133.8976208389813,False,insufficient_data,0.6595744680851063,0.0,0.6595744680851063,False,False,False,65.95744680851064,,,,exposure_only_no_risk_signal
jc,2025,11,HB304,7 St & Monroe St,40.74641264837719,-74.03797701001167,2000,0,0.0,0.0,184.44397270569675,False,insufficient_data,0.6595744680851063,0.0,0.6595744680851063,False,False,False,65.95744680851064,,,,exposure_only_no_risk_signal
jc,2025,8,JC104,Harborside,40.7192517,-74.034234,2845,0,0.0,0.0,129.66184372983957,False,insufficient_data,0.6590909090909091,0.0,0.6590909090909091,False,False,False,65.9090909090909,,,,exposure_only_no_risk_signal
jc,2025,6,HB201,12 St & Sinatra Dr N,40.75060414236896,-74.02402013540268,2607,0,0.0,0.0,141.49902010410185,False,insufficient_data,0.6588235294117646,0.0,0.6588235294117646,False,False,False,65.88235294117646,,,,exposure_only_no_risk_signal
jc,2023,9,HB203,Bloomfield St & 15 St,40.75440737296664,-74.02660797164808,2458,0,0.0,0.0,150.0764627385653,False,insufficient_data,0.6588235294117646,0.0,0.6588235294117646,False,False,False,65.88235294117646,,,,exposure_only_no_risk_signal
jc,2025,1,HB304,7 St & Monroe St,40.74641264837719,-74.03797701001167,1255,0,0.0,0.0,293.9346178576841,False,insufficient_data,0.6588235294117646,0.0,0.6588235294117646,False,False,False,65.88235294117646,,,,exposure_only_no_risk_signal
jc,2023,7,JC110,JC Medical Center,40.71540250187112,-74.04967710221204,2844,0,0.0,0.0,129.7074350954267,False,insufficient_data,0.6585365853658537,0.0,0.6585365853658537,False,False,False,65.85365853658537,,,,exposure_only_no_risk_signal
jc,2023,6,HB402,Madison St & 1 St,40.73874942483582,-74.03929249877437,2550,0,0.0,0.0,144.66193937701706,False,insufficient_data,0.6585365853658537,0.0,0.6585365853658537,False,False,False,65.85365853658537,,,,exposure_only_no_risk_signal
jc,2023,5,HB305,9 St HBLR - Jackson St & 8 St,40.747914390813975,-74.038415319534,2548,0,0.0,0.0,144.77548877998177,False,insufficient_data,0.6585365853658537,0.0,0.6585365853658537,False,False,False,65.85365853658537,,,,exposure_only_no_risk_signal
jc,2023,3,JC035,Van Vorst Park,40.71847952942411,-74.04773110395381,1667,0,0.0,0.0,221.28850954492714,False,insufficient_data,0.6585365853658537,0.0,0.6585365853658537,False,False,False,65.85365853658537,,,,exposure_only_no_risk_signal
jc,2025,12,HB407,Adams St & 2 St,40.73981372311843,-74.03690412640572,1105,0,0.0,0.0,333.83524471619324,False,insufficient_data,0.6574074074074074,0.0,0.6574074074074074,False,False,False,65.74074074074075,,,,exposure_only_no_risk_signal
jc,2019,12,3194,McGinley Square,40.7253399253558,-74.06762212514877,832,0,0.0,0.0,443.37493438869416,False,insufficient_data,0.65625,0.0,0.65625,False,False,False,65.625,,,,exposure_only_no_risk_signal
jc,2019,12,3209,Brunswick St,40.7241765,-74.0506564,832,0,0.0,0.0,443.37493438869416,False,insufficient_data,0.65625,0.0,0.65625,False,False,False,65.625,,,,exposure_only_no_risk_signal
jc,2025,7,JC104,Harborside,40.7192517,-74.034234,2858,0,0.0,0.0,129.0720592762049,False,insufficient_data,0.6547619047619048,0.0,0.6547619047619048,False,False,False,65.47619047619048,,,,exposure_only_no_risk_signal
jc,2025,5,HB201,12 St & Sinatra Dr N,40.75060414236896,-74.02402013540268,2435,0,0.0,0.0,151.4940227562191,False,insufficient_data,0.6547619047619048,0.0,0.6547619047619048,False,False,False,65.47619047619048,,,,exposure_only_no_risk_signal
jc,2023,1,JC081,Brunswick & 6th,40.72602408889091,-74.05039012585033,1405,0,0.0,0.0,262.55369780170355,False,insufficient_data,0.654320987654321,0.0,0.654320987654321,False,False,False,65.4320987654321,,,,exposure_only_no_risk_signal
jc,2023,2,HB501,Columbus Park - Clinton St & 9 St,40.748179764684544,-74.0324534678998,1334,0,0.0,0.0,276.52769521093967,False,insufficient_data,0.654320987654321,0.0,0.654320987654321,False,False,False,65.4320987654321,,,,exposure_only_no_risk_signal
jc,2019,9,3213,Van Vorst Park,40.71848891999999,-74.047726625,2011,0,0.0,0.0,183.4350797669784,False,insufficient_data,0.653061224489796,0.0,0.653061224489796,False,False,False,65.3061224489796,,,,exposure_only_no_risk_signal
jc,2019,8,3272,Jersey & 3rd,40.72333158646436,-74.04595255851744,1910,0,0.0,0.0,193.13504995360918,False,insufficient_data,0.653061224489796,0.0,0.653061224489796,False,False,False,65.3061224489796,,,,exposure_only_no_risk_signal
jc,2019,7,3272,Jersey & 3rd,40.72333158646436,-74.04595255851744,1811,0,0.0,0.0,203.69295715703672,False,insufficient_data,0.653061224489796,0.0,0.653061224489796,False,False,False,65.3061224489796,,,,exposure_only_no_risk_signal
jc,2020,9,3275,Columbus Drive,40.71835519823214,-74.03891444206238,1640,0,0.0,0.0,224.9316740313375,False,insufficient_data,0.653061224489796,0.0,0.653061224489796,False,False,False,65.3061224489796,,,,exposure_only_no_risk_signal
jc,2019,10,3184,Paulus Hook,40.7141454,-74.0335519,1625,0,0.0,0.0,227.0079664070114,False,insufficient_data,0.653061224489796,0.0,0.653061224489796,False,False,False,65.3061224489796,,,,exposure_only_no_risk_signal
jc,2020,7,3275,Columbus Drive,40.71835519823214,-74.03891444206238,1617,0,0.0,0.0,228.13107322906217,False,insufficient_data,0.653061224489796,0.0,0.653061224489796,False,False,False,65.3061224489796,,,,exposure_only_no_risk_signal
jc,2019,5,3272,Jersey & 3rd,40.72333158646436,-74.04595255851744,1465,0,0.0,0.0,251.80064533200925,False,insufficient_data,0.653061224489796,0.0,0.653061224489796,False,False,False,65.3061224489796,,,,exposure_only_no_risk_signal
jc,2020,10,3184,Paulus Hook,40.7141454,-74.0335519,1308,0,0.0,0.0,282.02442309739564,False,insufficient_data,0.653061224489796,0.0,0.653061224489796,False,False,False,65.3061224489796,,,,exposure_only_no_risk_signal
jc,2019,11,3640,Journal Square,40.73367,-74.0625,1166,0,0.0,0.0,316.3704506101145,False,insufficient_data,0.653061224489796,0.0,0.653061224489796,False,False,False,65.3061224489796,,,,exposure_only_no_risk_signal
jc,2020,2,3209,Brunswick St,40.7241765,-74.0506564,967,0,0.0,0.0,381.4766757098175,False,insufficient_data,0.653061224489796,0.0,0.653061224489796,False,False,False,65.3061224489796,,,,exposure_only_no_risk_signal
jc,2020,11,3209,Brunswick St,40.7241765,-74.0506564,918,0,0.0,0.0,401.83872049171407,False,insufficient_data,0.653061224489796,0.0,0.653061224489796,False,False,False,65.3061224489796,,,,exposure_only_no_risk_signal
jc,2023,8,HB203,Bloomfield St & 15 St,40.75444229144212,-74.02660489047928,2960,0,0.0,0.0,124.62430588222753,False,insufficient_data,0.6506024096385542,0.0,0.6506024096385542,False,False,False,65.06024096385542,,,,exposure_only_no_risk_signal
jc,2023,10,HB401,Southwest Park - Jackson St & Observer Hwy,40.73757226532108,-74.04163074218889,2659,0,0.0,0.0,138.73183355073093,False,insufficient_data,0.6506024096385542,0.0,0.6506024096385542,False,False,False,65.06024096385542,,,,exposure_only_no_risk_signal
jc,2025,4,JC003,City Hall,40.7177325,-74.043845,2147,0,0.0,0.0,171.81553116506453,False,insufficient_data,0.6506024096385542,0.0,0.6506024096385542,False,False,False,65.06024096385542,,,,exposure_only_no_risk_signal
jc,2023,11,HB402,Madison St & 1 St,40.73875064528081,-74.039263330087,2069,0,0.0,0.0,178.2928687343613,False,insufficient_data,0.6506024096385542,0.0,0.6506024096385542,False,False,False,65.06024096385542,,,,exposure_only_no_risk_signal
jc,2025,3,HB408,Marshall St & 2 St,40.740802,-74.042521,1906,0,0.0,0.0,193.54037010041634,False,insufficient_data,0.6506024096385542,0.0,0.6506024096385542,False,False,False,65.06024096385542,,,,exposure_only_no_risk_signal
jc,2023,12,HB304,7 St & Monroe St,40.74642054755064,-74.03803385835019,1525,0,0.0,0.0,241.89373469599576,False,insufficient_data,0.6506024096385542,0.0,0.6506024096385542,False,False,False,65.06024096385542,,,,exposure_only_no_risk_signal
jc,2025,2,JC103,Journal Square,40.73367,-74.0625,1189,0,0.0,0.0,310.25058487081037,False,insufficient_data,0.6506024096385542,0.0,0.6506024096385542,False,False,False,65.06024096385542,,,,exposure_only_no_risk_signal
jc,2025,9,JC104,Harborside,40.7192517,-74.034234,2993,0,0.0,0.0,123.25023234593837,False,insufficient_data,0.648936170212766,0.0,0.648936170212766,False,False,False,64.8936170212766,,,,exposure_only_no_risk_signal
jc,2025,10,JC098,Washington St,40.7242941,-74.0354826,2737,0,0.0,0.0,134.77820438852524,False,insufficient_data,0.648936170212766,0.0,0.648936170212766,False,False,False,64.8936170212766,,,,exposure_only_no_risk_signal
jc,2025,11,JC023,Brunswick St,40.7241765,-74.0506564,1927,0,0.0,0.0,191.43121194156384,False,insufficient_data,0.648936170212766,0.0,0.648936170212766,False,False,False,64.8936170212766,,,,exposure_only_no_risk_signal
jc,2025,12,JC098,Washington St,40.7242941,-74.0354826,1085,0,0.0,0.0,339.9888897800862,False,insufficient_data,0.6481481481481481,0.0,0.6481481481481481,False,False,False,64.81481481481481,,,,exposure_only_no_risk_signal
jc,2025,8,HB303,Clinton St & 7 St,40.74542,-74.03332,2836,0,0.0,0.0,130.07332348779744,False,insufficient_data,0.6477272727272727,0.0,0.6477272727272727,False,False,False,64.77272727272727,,,,exposure_only_no_risk_signal
jc,2025,6,HB612,Newark St & Washington St,40.73681,-74.0309,2588,0,0.0,0.0,142.5378459858553,False,insufficient_data,0.6470588235294117,0.0,0.6470588235294117,False,False,False,64.70588235294117,,,,exposure_only_no_risk_signal
jc,2023,9,JC082,Manila & 1st,40.72168342046895,-74.04286840924388,2427,0,0.0,0.0,151.99338500675466,False,insufficient_data,0.6470588235294117,0.0,0.6470588235294117,False,False,False,64.70588235294117,,,,exposure_only_no_risk_signal
jc,2025,1,JC082,Manila & 1st,40.72165072487999,-74.04288411140442,1245,0,0.0,0.0,296.29553848304704,False,insufficient_data,0.6470588235294117,0.0,0.6470588235294117,False,False,False,64.70588235294117,,,,exposure_only_no_risk_signal
jc,2023,7,HB305,9 St HBLR - Jackson St & 8 St,40.74788986980303,-74.0384189498202,2822,0,0.0,0.0,130.71861991899135,False,insufficient_data,0.6463414634146342,0.0,0.6463414634146342,False,False,False,64.63414634146342,,,,exposure_only_no_risk_signal
jc,2023,5,HB601,Church Sq Park - 5 St & Park Ave,40.74265898670214,-74.03223942644615,2545,0,0.0,0.0,144.94614750938842,False,insufficient_data,0.6463414634146342,0.0,0.6463414634146342,False,False,False,64.63414634146342,,,,exposure_only_no_risk_signal
jc,2023,6,JC082,Manila & 1st,40.72166894788299,-74.04288857763935,2537,0,0.0,0.0,145.40321064698207,False,insufficient_data,0.6463414634146342,0.0,0.6463414634146342,False,False,False,64.63414634146342,,,,exposure_only_no_risk_signal
jc,2023,4,JC082,Manila & 1st,40.72165382421795,-74.04288440546878,2096,0,0.0,0.0,175.9961571619244,False,insufficient_data,0.6463414634146342,0.0,0.6463414634146342,False,False,False,64.63414634146342,,,,exposure_only_no_risk_signal
jc,2023,3,HB304,7 St & Monroe St,40.74642279696808,-74.03801498594098,1666,0,0.0,0.0,221.42133578114857,False,insufficient_data,0.6463414634146342,0.0,0.6463414634146342,False,False,False,64.63414634146342,,,,exposure_only_no_risk_signal
jc,2020,8,3211,Newark Ave,40.72152515,-74.04630454299999,1813,0,0.0,0.0,203.46825450159596,False,insufficient_data,0.6458333333333335,0.0,0.6458333333333335,False,False,False,64.58333333333334,,,,exposure_only_no_risk_signal
jc,2020,6,3275,Columbus Drive,40.71835519823214,-74.03891444206238,1589,0,0.0,0.0,232.15100403486062,False,insufficient_data,0.6458333333333335,0.0,0.6458333333333335,False,False,False,64.58333333333334,,,,exposure_only_no_risk_signal
jc,2019,6,3269,Brunswick & 6th,40.72601172964625,-74.05038893222809,1561,0,0.0,0.0,236.31514760499263,False,insufficient_data,0.6458333333333335,0.0,0.6458333333333335,False,False,False,64.58333333333334,,,,exposure_only_no_risk_signal
jc,2019,4,3184,Paulus Hook,40.7141454,-74.0335519,1372,0,0.0,0.0,268.86876487710896,False,insufficient_data,0.6458333333333335,0.0,0.6458333333333335,False,False,False,64.58333333333334,,,,exposure_only_no_risk_signal
jc,2020,5,3275,Columbus Drive,40.71835519823214,-74.03891444206238,1097,0,0.0,0.0,336.269777038645,False,insufficient_data,0.6458333333333335,0.0,0.6458333333333335,False,False,False,64.58333333333334,,,,exposure_only_no_risk_signal
jc,2019,3,3267,Morris Canal,40.7124188237569,-74.03852552175522,985,0,0.0,0.0,374.50552833644014,False,insufficient_data,0.6458333333333335,0.0,0.6458333333333335,False,False,False,64.58333333333334,,,,exposure_only_no_risk_signal
jc,2019,1,3270,Jersey & 6th St,40.72528910781132,-74.04557168483734,815,0,0.0,0.0,452.6232459035504,False,insufficient_data,0.6458333333333335,0.0,0.6458333333333335,False,False,False,64.58333333333334,,,,exposure_only_no_risk_signal
jc,2019,2,3267,Morris Canal,40.7124188237569,-74.03852552175522,787,0,0.0,0.0,468.72674131053816,False,insufficient_data,0.6458333333333335,0.0,0.6458333333333335,False,False,False,64.58333333333334,,,,exposure_only_no_risk_signal
jc,2020,12,3273,Manila & 1st,40.72165072487999,-74.04288411140442,509,0,0.0,0.0,724.7307375469421,False,insufficient_data,0.6458333333333335,0.0,0.6458333333333335,False,False,False,64.58333333333334,,,,exposure_only_no_risk_signal
jc,2020,4,3213,Van Vorst Park,40.71848892,-74.047726625,442,0,0.0,0.0,834.5881117904831,False,insufficient_data,0.6458333333333335,0.0,0.6458333333333335,False,False,False,64.58333333333334,,,,exposure_only_no_risk_signal
jc,2025,7,HB601,Church Sq Park - 5 St & Park Ave,40.74265933273143,-74.03223305940628,2855,0,0.0,0.0,129.20768665898197,False,insufficient_data,0.6428571428571429,0.0,0.6428571428571429,False,False,False,64.28571428571429,,,,exposure_only_no_risk_signal
jc,2025,5,HB506,Grand St & 14 St,40.75409,-74.0316,2434,0,0.0,0.0,151.5562635215257,False,insufficient_data,0.6428571428571429,0.0,0.6428571428571429,False,False,False,64.28571428571429,,,,exposure_only_no_risk_signal
jc,2020,1,3267,Morris Canal,40.7124188237569,-74.03852552175522,1067,0,0.0,0.0,345.7244099450736,False,insufficient_data,0.6428571428571429,0.0,0.6428571428571429,False,False,False,64.28571428571429,,,,exposure_only_no_risk_signal
jc,2020,1,3270,Jersey & 6th St,40.72528910781132,-74.04557168483734,1067,0,0.0,0.0,345.7244099450736,False,insufficient_data,0.6428571428571429,0.0,0.6428571428571429,False,False,False,64.28571428571429,,,,exposure_only_no_risk_signal
jc,2023,1,JC035,Van Vorst Park,40.71847954407081,-74.04773158100578,1384,0,0.0,0.0,266.5375328117005,False,insufficient_data,0.6419753086419753,0.0,0.6419753086419753,False,False,False,64.19753086419753,,,,exposure_only_no_risk_signal
jc,2023,2,HB201,12 St & Sinatra Dr N,40.75061745063446,-74.02405345711085,1314,0,0.0,0.0,280.7366403435263,False,insufficient_data,0.6419753086419753,0.0,0.6419753086419753,False,False,False,64.19753086419753,,,,exposure_only_no_risk_signal
jc,2025,12,JC006,Warren St,40.7211236,-74.03805095,1080,0,0.0,0.0,341.56291241795697,False,insufficient_data,0.6388888888888888,0.0,0.6388888888888888,False,False,False,63.888888888888886,,,,exposure_only_no_risk_signal
jc,2023,8,JC110,JC Medical Center,40.715431162481295,-74.0496506049193,2925,0,0.0,0.0,126.1155368927841,False,insufficient_data,0.6385542168674698,0.0,0.6385542168674698,False,False,False,63.85542168674698,,,,exposure_only_no_risk_signal
jc,2023,10,JC098,Washington St,40.72428888546816,-74.0355094973184,2591,0,0.0,0.0,142.37280795499558,False,insufficient_data,0.6385542168674698,0.0,0.6385542168674698,False,False,False,63.85542168674698,,,,exposure_only_no_risk_signal
jc,2025,4,JC104,Harborside,40.7192517,-74.034234,2091,0,0.0,0.0,176.41699924026472,False,insufficient_data,0.6385542168674698,0.0,0.6385542168674698,False,False,False,63.85542168674698,,,,exposure_only_no_risk_signal
jc,2023,11,JC104,Harborside,40.71926670358337,-74.03422929554156,2041,0,0.0,0.0,180.7388267571747,False,insufficient_data,0.6385542168674698,0.0,0.6385542168674698,False,False,False,63.85542168674698,,,,exposure_only_no_risk_signal
jc,2025,3,JC003,City Hall,40.7177325,-74.04384500000002,1893,0,0.0,0.0,194.86949044447624,False,insufficient_data,0.6385542168674698,0.0,0.6385542168674698,False,False,False,63.85542168674698,,,,exposure_only_no_risk_signal
jc,2025,2,HB506,Grand St & 14 St,40.75409,-74.0316,1168,0,0.0,0.0,315.82872038646707,False,insufficient_data,0.6385542168674698,0.0,0.6385542168674698,False,False,False,63.85542168674698,,,,exposure_only_no_risk_signal
jc,2025,9,HB408,Marshall St & 2 St,40.740802,-74.042521,2951,0,0.0,0.0,125.00438678800187,False,insufficient_data,0.6382978723404256,0.0,0.6382978723404256,False,False,False,63.829787234042556,,,,exposure_only_no_risk_signal
jc,2025,10,JC023,Brunswick St,40.7241765,-74.0506564,2580,0,0.0,0.0,142.9798238028657,False,insufficient_data,0.6382978723404256,0.0,0.6382978723404256,False,False,False,63.829787234042556,,,,exposure_only_no_risk_signal
jc,2025,11,HB201,12 St & Sinatra Dr N,40.75060414236896,-74.02402013540268,1907,0,0.0,0.0,193.43888065621056,False,insufficient_data,0.6382978723404256,0.0,0.6382978723404256,False,False,False,63.829787234042556,,,,exposure_only_no_risk_signal
jc,2025,8,HB304,7 St & Monroe St,40.74641264837719,-74.03797701001167,2703,0,0.0,0.0,136.47352771416703,False,insufficient_data,0.6363636363636364,0.0,0.6363636363636364,False,False,False,63.63636363636363,,,,exposure_only_no_risk_signal
jc,2025,6,HB303,Clinton St & 7 St,40.74542,-74.03332,2510,0,0.0,0.0,146.96730892884204,False,insufficient_data,0.6352941176470588,0.0,0.6352941176470588,False,False,False,63.52941176470588,,,,exposure_only_no_risk_signal
jc,2023,9,HB408,Marshall St & 2 St,40.74072922912301,-74.04251895630655,2390,0,0.0,0.0,154.34642067422322,False,insufficient_data,0.6352941176470588,0.0,0.6352941176470588,False,False,False,63.52941176470588,,,,exposure_only_no_risk_signal
jc,2025,1,HB611,4 St & River St,40.7408139,-74.0274062,1225,0,0.0,0.0,301.1330166623621,False,insufficient_data,0.6352941176470588,0.0,0.6352941176470588,False,False,False,63.52941176470588,,,,exposure_only_no_risk_signal
jc,2023,7,HB601,Church Sq Park - 5 St & Park Ave,40.74263571848957,-74.03226785757774,2802,0,0.0,0.0,131.65165789128963,False,insufficient_data,0.6341463414634146,0.0,0.6341463414634146,False,False,False,63.41463414634146,,,,exposure_only_no_risk_signal
jc,2023,6,HB305,9 St HBLR - Jackson St & 8 St,40.74792022669289,-74.03841374149766,2529,0,0.0,0.0,145.86316544539088,False,insufficient_data,0.6341463414634146,0.0,0.6341463414634146,False,False,False,63.41463414634146,,,,exposure_only_no_risk_signal
jc,2023,5,HB402,Madison St & 1 St,40.73878985076342,-74.03928671179756,2460,0,0.0,0.0,149.954449354225,False,insufficient_data,0.6341463414634146,0.0,0.6341463414634146,False,False,False,63.41463414634146,,,,exposure_only_no_risk_signal
jc,2023,4,HB203,Bloomfield St & 15 St,40.75451298344598,-74.02657660738282,2027,0,0.0,0.0,181.98714623157056,False,insufficient_data,0.6341463414634146,0.0,0.6341463414634146,False,False,False,63.41463414634146,,,,exposure_only_no_risk_signal
jc,2023,3,HB409,Clinton St & Newark St,40.73744020993263,-74.03570087439427,1603,0,0.0,0.0,230.12348434896666,False,insufficient_data,0.6341463414634146,0.0,0.6341463414634146,False,False,False,63.41463414634146,,,,exposure_only_no_risk_signal
jc,2019,9,3269,Brunswick & 6th,40.72601172964625,-74.05038893222809,2000,0,0.0,0.0,184.44397270569675,False,insufficient_data,0.6326530612244898,0.0,0.6326530612244898,False,False,False,63.26530612244898,,,,exposure_only_no_risk_signal
jc,2019,8,3269,Brunswick & 6th,40.72601172964625,-74.05038893222809,1902,0,0.0,0.0,193.94739506382413,False,insufficient_data,0.6326530612244898,0.0,0.6326530612244898,False,False,False,63.26530612244898,,,,exposure_only_no_risk_signal
jc,2019,7,3270,Jersey & 6th St,40.72528910781132,-74.04557168483734,1808,0,0.0,0.0,204.03094325851416,False,insufficient_data,0.6326530612244898,0.0,0.6326530612244898,False,False,False,63.26530612244898,,,,exposure_only_no_risk_signal
jc,2019,10,3278,Monmouth and 6th,40.72568548362901,-74.04879033565521,1605,0,0.0,0.0,229.8367261130178,False,insufficient_data,0.6326530612244898,0.0,0.6326530612244898,False,False,False,63.26530612244898,,,,exposure_only_no_risk_signal
jc,2019,5,3213,Van Vorst Park,40.71848892,-74.047726625,1454,0,0.0,0.0,253.70560207110972,False,insufficient_data,0.6326530612244898,0.0,0.6326530612244898,False,False,False,63.26530612244898,,,,exposure_only_no_risk_signal
jc,2020,9,3272,Jersey & 3rd,40.72333158646436,-74.04595255851744,1363,0,0.0,0.0,270.6441272277282,False,insufficient_data,0.6326530612244898,0.0,0.6326530612244898,False,False,False,63.26530612244898,,,,exposure_only_no_risk_signal
jc,2020,7,3272,Jersey & 3rd,40.72333158646436,-74.04595255851744,1251,0,0.0,0.0,294.87445676370385,False,insufficient_data,0.6326530612244898,0.0,0.6326530612244898,False,False,False,63.26530612244898,,,,exposure_only_no_risk_signal
jc,2019,11,3270,Jersey & 6th St,40.72528910781132,-74.04557168483734,1145,0,0.0,0.0,322.1728780885533,False,insufficient_data,0.6326530612244898,0.0,0.6326530612244898,False,False,False,63.26530612244898,,,,exposure_only_no_risk_signal
jc,2020,10,3681,Grand St,40.71517767732029,-74.03768330812454,1030,0,0.0,0.0,358.1436363217413,False,insufficient_data,0.6326530612244898,0.0,0.6326530612244898,False,False,False,63.26530612244898,,,,exposure_only_no_risk_signal
jc,2020,2,3278,Monmouth and 6th,40.72568548362901,-74.04879033565521,962,0,0.0,0.0,383.45940271454634,False,insufficient_data,0.6326530612244898,0.0,0.6326530612244898,False,False,False,63.26530612244898,,,,exposure_only_no_risk_signal
jc,2020,11,3211,Newark Ave,40.72152515,-74.046304543,904,0,0.0,0.0,408.0618865170283,False,insufficient_data,0.6326530612244898,0.0,0.6326530612244898,False,False,False,63.26530612244898,,,,exposure_only_no_risk_signal
jc,2020,3,3269,Brunswick & 6th,40.72601172964625,-74.05038893222809,752,0,0.0,0.0,490.5424806002574,False,insufficient_data,0.6326530612244898,0.0,0.6326530612244898,False,False,False,63.26530612244898,,,,exposure_only_no_risk_signal
jc,2023,12,JC006,Warren St,40.72112100276592,-74.03804573825582,1518,0,0.0,0.0,243.00918670052278,False,insufficient_data,0.6325301204819277,0.0,0.6325301204819277,False,False,False,63.25301204819277,,,,exposure_only_no_risk_signal
jc,2023,12,JC104,Harborside,40.7192623678452,-74.03423025867875,1518,0,0.0,0.0,243.00918670052278,False,insufficient_data,0.6325301204819277,0.0,0.6325301204819277,False,False,False,63.25301204819277,,,,exposure_only_no_risk_signal
jc,2025,7,HB506,Grand St & 14 St,40.75409,-74.0316,2816,0,0.0,0.0,130.99713970575056,False,insufficient_data,0.6309523809523809,0.0,0.6309523809523809,False,False,False,63.095238095238095,,,,exposure_only_no_risk_signal
jc,2025,5,JC003,City Hall,40.7177325,-74.043845,2316,0,0.0,0.0,159.2780420601872,False,insufficient_data,0.6309523809523809,0.0,0.6309523809523809,False,False,False,63.095238095238095,,,,exposure_only_no_risk_signal
jc,2023,1,HB407,Adams St & 2 St,40.7398013219766,-74.03689455438335,1376,0,0.0,0.0,268.08716963037324,False,insufficient_data,0.6296296296296297,0.0,0.6296296296296297,False,False,False,62.96296296296296,,,,exposure_only_no_risk_signal
jc,2023,2,JC006,Warren St,40.72112096966409,-74.03803803519382,1295,0,0.0,0.0,284.8555563022344,False,insufficient_data,0.6296296296296297,0.0,0.6296296296296297,False,False,False,62.96296296296296,,,,exposure_only_no_risk_signal
jc,2025,12,JC102,Grand St,40.71517767732029,-74.03768330812454,1052,0,0.0,0.0,350.6539405051269,False,insufficient_data,0.6296296296296297,0.0,0.6296296296296297,False,False,False,62.96296296296296,,,,exposure_only_no_risk_signal
jc,2025,9,JC023,Brunswick St,40.7241765,-74.0506564,2901,0,0.0,0.0,127.1588919032725,False,insufficient_data,0.6276595744680851,0.0,0.6276595744680851,False,False,False,62.76595744680851,,,,exposure_only_no_risk_signal
jc,2025,10,HB409,Clinton St & Newark St,40.73743,-74.03571,2572,0,0.0,0.0,143.4245510930768,False,insufficient_data,0.6276595744680851,0.0,0.6276595744680851,False,False,False,62.76595744680851,,,,exposure_only_no_risk_signal
jc,2025,11,HB409,Clinton St & Newark St,40.73743,-74.03571,1903,0,0.0,0.0,193.84547840850948,False,insufficient_data,0.6276595744680851,0.0,0.6276595744680851,False,False,False,62.76595744680851,,,,exposure_only_no_risk_signal
jc,2023,8,HB409,Clinton St & Newark St,40.737442658036805,-74.03569849015885,2862,0,0.0,0.0,128.89166506337997,False,insufficient_data,0.6265060240963856,0.0,0.6265060240963856,False,False,False,62.65060240963856,,,,exposure_only_no_risk_signal
jc,2023,10,HB407,Adams St & 2 St,40.73977194518404,-74.0369085243582,2574,0,0.0,0.0,143.3131101054365,False,insufficient_data,0.6265060240963856,0.0,0.6265060240963856,False,False,False,62.65060240963856,,,,exposure_only_no_risk_signal
jc,2025,4,HB301,4 St & Grand St,40.7422579775645,-74.03511106967926,2084,0,0.0,0.0,177.00957073483374,False,insufficient_data,0.6265060240963856,0.0,0.6265060240963856,False,False,False,62.65060240963856,,,,exposure_only_no_risk_signal
jc,2023,11,JC082,Manila & 1st,40.72166593352816,-74.04288912534541,2033,0,0.0,0.0,181.4500469313298,False,insufficient_data,0.6265060240963856,0.0,0.6265060240963856,False,False,False,62.65060240963856,,,,exposure_only_no_risk_signal
jc,2025,3,JC082,Manila & 1st,40.72165072487999,-74.04288411140442,1854,0,0.0,0.0,198.9686868454118,False,insufficient_data,0.6265060240963856,0.0,0.6265060240963856,False,False,False,62.65060240963856,,,,exposure_only_no_risk_signal
jc,2025,2,HB301,4 St & Grand St,40.7422579775645,-74.03511106967926,1166,0,0.0,0.0,316.3704506101145,False,insufficient_data,0.6265060240963856,0.0,0.6265060240963856,False,False,False,62.65060240963856,,,,exposure_only_no_risk_signal
jc,2025,8,HB203,Bloomfield St & 15 St,40.75453,-74.02658,2699,0,0.0,0.0,136.6757856285267,False,insufficient_data,0.625,0.0,0.625,False,False,False,62.5,,,,exposure_only_no_risk_signal
jc,2019,6,3209,Brunswick St,40.7241765,-74.0506564,1554,0,0.0,0.0,237.379630251862,False,insufficient_data,0.625,0.0,0.625,False,False,False,62.5,,,,exposure_only_no_risk_signal
jc,2020,8,3272,Jersey & 3rd,40.72333158646436,-74.04595255851744,1461,0,0.0,0.0,252.49003792703184,False,insufficient_data,0.625,0.0,0.625,False,False,False,62.5,,,,exposure_only_no_risk_signal
jc,2019,4,3273,Manila & 1st,40.72165072487999,-74.04288411140442,1363,0,0.0,0.0,270.6441272277282,False,insufficient_data,0.625,0.0,0.625,False,False,False,62.5,,,,exposure_only_no_risk_signal
jc,2020,6,3791,Hoboken Ave at Monmouth St,40.73520838045357,-74.04696375131607,1281,0,0.0,0.0,287.96873178094734,False,insufficient_data,0.625,0.0,0.625,False,False,False,62.5,,,,exposure_only_no_risk_signal
jc,2019,3,3192,Liberty Light Rail,40.7112423,-74.0557013,978,0,0.0,0.0,377.1860382529586,False,insufficient_data,0.625,0.0,0.625,False,False,False,62.5,,,,exposure_only_no_risk_signal
jc,2020,5,3791,Hoboken Ave at Monmouth St,40.73520838045357,-74.04696375131607,911,0,0.0,0.0,404.92639452403245,False,insufficient_data,0.625,0.0,0.625,False,False,False,62.5,,,,exposure_only_no_risk_signal
jc,2019,12,3273,Manila & 1st,40.72165072487999,-74.04288411140442,813,0,0.0,0.0,453.73671022311623,False,insufficient_data,0.625,0.0,0.625,False,False,False,62.5,,,,exposure_only_no_risk_signal
jc,2019,1,3187,Warren St,40.72112359999999,-74.03805095,809,0,0.0,0.0,455.9801550202639,False,insufficient_data,0.625,0.0,0.625,False,False,False,62.5,,,,exposure_only_no_risk_signal
jc,2019,2,3640,Journal Square,40.73367,-74.0625,777,0,0.0,0.0,474.759260503724,False,insufficient_data,0.625,0.0,0.625,False,False,False,62.5,,,,exposure_only_no_risk_signal
jc,2020,12,3211,Newark Ave,40.72152515,-74.046304543,485,0,0.0,0.0,760.5937018791619,False,insufficient_data,0.625,0.0,0.625,False,False,False,62.5,,,,exposure_only_no_risk_signal
jc,2020,4,3211,Newark Ave,40.72152515,-74.046304543,425,0,0.0,0.0,867.9716362621024,False,insufficient_data,0.625,0.0,0.625,False,False,False,62.5,,,,exposure_only_no_risk_signal
jc,2025,6,JC003,City Hall,40.7177325,-74.043845,2428,0,0.0,0.0,151.93078476581283,False,insufficient_data,0.6235294117647059,0.0,0.6235294117647059,False,False,False,62.35294117647059,,,,exposure_only_no_risk_signal
jc,2023,9,JC032,Newark Ave,40.72156036378025,-74.04625405525347,2383,0,0.0,0.0,154.79980923684158,False,insufficient_data,0.6235294117647059,0.0,0.6235294117647059,False,False,False,62.35294117647059,,,,exposure_only_no_risk_signal
jc,2025,1,HB505,Willow Ave & 12 St,40.7518674823282,-74.03037697076797,1189,0,0.0,0.0,310.25058487081037,False,insufficient_data,0.6235294117647059,0.0,0.6235294117647059,False,False,False,62.35294117647059,,,,exposure_only_no_risk_signal
jc,2023,7,HB409,Clinton St & Newark St,40.73743210126979,-74.03570358775538,2754,0,0.0,0.0,133.9462401639047,False,insufficient_data,0.6219512195121951,0.0,0.6219512195121951,False,False,False,62.19512195121951,,,,exposure_only_no_risk_signal
jc,2023,6,JC110,JC Medical Center,40.71541508638047,-74.04968974728116,2525,0,0.0,0.0,146.0942358064925,False,insufficient_data,0.6219512195121951,0.0,0.6219512195121951,False,False,False,62.19512195121951,,,,exposure_only_no_risk_signal
jc,2023,5,HB304,7 St & Monroe St,40.74641844784979,-74.0380007574111,2408,0,0.0,0.0,153.19266836021328,False,insufficient_data,0.6219512195121951,0.0,0.6219512195121951,False,False,False,62.19512195121951,,,,exposure_only_no_risk_signal
jc,2023,4,HB304,7 St & Monroe St,40.74642085684336,-74.0380075733499,2018,0,0.0,0.0,182.79878365282138,False,insufficient_data,0.6219512195121951,0.0,0.6219512195121951,False,False,False,62.19512195121951,,,,exposure_only_no_risk_signal
jc,2023,3,JC082,Manila & 1st,40.7216558825948,-74.0428827228923,1602,0,0.0,0.0,230.267131967162,False,insufficient_data,0.6219512195121951,0.0,0.6219512195121951,False,False,False,62.19512195121951,,,,exposure_only_no_risk_signal
jc,2025,12,JC035,Van Vorst Park,40.71848892,-74.04772662499998,972,0,0.0,0.0,379.51434713106335,False,insufficient_data,0.6203703703703703,0.0,0.6203703703703703,False,False,False,62.03703703703704,,,,exposure_only_no_risk_signal
jc,2025,7,JC023,Brunswick St,40.7241765,-74.0506564,2794,0,0.0,0.0,132.0286132467407,False,insufficient_data,0.6190476190476191,0.0,0.6190476190476191,False,False,False,61.904761904761905,,,,exposure_only_no_risk_signal
jc,2025,5,HB408,Marshall St & 2 St,40.740802,-74.042521,2311,0,0.0,0.0,159.62265054582153,False,insufficient_data,0.6190476190476191,0.0,0.6190476190476191,False,False,False,61.904761904761905,,,,exposure_only_no_risk_signal
jc,2023,1,HB503,Madison St & 10 St,40.7499672091409,-74.03586559307544,1345,0,0.0,0.0,274.26613041739296,False,insufficient_data,0.6172839506172839,0.0,0.6172839506172839,False,False,False,61.72839506172839,,,,exposure_only_no_risk_signal
jc,2023,2,JC098,Washington St,40.7242893925461,-74.03548198533828,1280,0,0.0,0.0,288.1937073526512,False,insufficient_data,0.6172839506172839,0.0,0.6172839506172839,False,False,False,61.72839506172839,,,,exposure_only_no_risk_signal
jc,2025,9,HB409,Clinton St & Newark St,40.73743,-74.03571,2881,0,0.0,0.0,128.04163325629764,False,insufficient_data,0.6170212765957447,0.0,0.6170212765957447,False,False,False,61.702127659574465,,,,exposure_only_no_risk_signal
jc,2025,10,JC003,City Hall,40.7177325,-74.043845,2571,0,0.0,0.0,143.4803366049761,False,insufficient_data,0.6170212765957447,0.0,0.6170212765957447,False,False,False,61.702127659574465,,,,exposure_only_no_risk_signal
jc,2025,11,JC098,Washington St,40.7242941,-74.0354826,1811,0,0.0,0.0,203.69295715703672,False,insufficient_data,0.6170212765957447,0.0,0.6170212765957447,False,False,False,61.702127659574465,,,,exposure_only_no_risk_signal
jc,2023,8,HB301,4 St & Grand St,40.74225001243078,-74.03509087461525,2807,0,0.0,0.0,131.41715191000839,False,insufficient_data,0.6144578313253012,0.0,0.6144578313253012,False,False,False,61.44578313253012,,,,exposure_only_no_risk_signal
jc,2023,10,JC014,Columbus Drive,40.71846397850501,-74.03888115966302,2537,0,0.0,0.0,145.40321064698207,False,insufficient_data,0.6144578313253012,0.0,0.6144578313253012,False,False,False,61.44578313253012,,,,exposure_only_no_risk_signal
jc,2025,4,HB506,Grand St & 14 St,40.75409,-74.0316,2068,0,0.0,0.0,178.37908385463905,False,insufficient_data,0.6144578313253012,0.0,0.6144578313253012,False,False,False,61.44578313253012,,,,exposure_only_no_risk_signal
jc,2023,11,HB506,Grand St & 14 St,40.75403760884743,-74.03159670958777,1986,0,0.0,0.0,185.74418197955364,False,insufficient_data,0.6144578313253012,0.0,0.6144578313253012,False,False,False,61.44578313253012,,,,exposure_only_no_risk_signal
jc,2025,3,JC098,Washington St,40.7242941,-74.0354826,1838,0,0.0,0.0,200.70073199749376,False,insufficient_data,0.6144578313253012,0.0,0.6144578313253012,False,False,False,61.44578313253012,,,,exposure_only_no_risk_signal
jc,2023,12,HB611,4 St & River St,40.74082204461914,-74.0274103589729,1501,0,0.0,0.0,245.76145597028219,False,insufficient_data,0.6144578313253012,0.0,0.6144578313253012,False,False,False,61.44578313253012,,,,exposure_only_no_risk_signal
jc,2025,2,HB505,Willow Ave & 12 St,40.7518674823282,-74.03037697076797,1134,0,0.0,0.0,325.29801182662567,False,insufficient_data,0.6144578313253012,0.0,0.6144578313253012,False,False,False,61.44578313253012,,,,exposure_only_no_risk_signal
jc,2025,8,HB505,Willow Ave & 12 St,40.7518674823282,-74.03037697076797,2698,0,0.0,0.0,136.72644381445275,False,insufficient_data,0.6136363636363636,0.0,0.6136363636363636,False,False,False,61.36363636363637,,,,exposure_only_no_risk_signal
jc,2019,8,3270,Jersey & 6th St,40.72528910781132,-74.04557168483734,1839,0,0.0,0.0,200.59159619977896,False,insufficient_data,0.6122448979591837,0.0,0.6122448979591837,False,False,False,61.224489795918366,,,,exposure_only_no_risk_signal
jc,2019,9,3205,JC Medical Center,40.71653978099194,-74.0496379137039,1803,0,0.0,0.0,204.59675286266972,False,insufficient_data,0.6122448979591837,0.0,0.6122448979591837,False,False,False,61.224489795918366,,,,exposure_only_no_risk_signal
jc,2019,7,3209,Brunswick St,40.7241765,-74.0506564,1729,0,0.0,0.0,213.35335188628892,False,insufficient_data,0.6122448979591837,0.0,0.6122448979591837,False,False,False,61.224489795918366,,,,exposure_only_no_risk_signal
jc,2019,10,3194,McGinley Square,40.7253399253558,-74.06762212514877,1602,0,0.0,0.0,230.267131967162,False,insufficient_data,0.6122448979591837,0.0,0.6122448979591837,False,False,False,61.224489795918366,,,,exposure_only_no_risk_signal
jc,2019,5,3275,Columbus Drive,40.71835519823214,-74.03891444206238,1394,0,0.0,0.0,264.6254988603971,False,insufficient_data,0.6122448979591837,0.0,0.6122448979591837,False,False,False,61.224489795918366,,,,exposure_only_no_risk_signal
jc,2020,9,3270,Jersey & 6th St,40.72528910781132,-74.04557168483734,1311,0,0.0,0.0,281.3790582848158,False,insufficient_data,0.6122448979591837,0.0,0.6122448979591837,False,False,False,61.224489795918366,,,,exposure_only_no_risk_signal
jc,2020,7,3225,Baldwin at Montgomery,40.7236589,-74.0641943,1144,0,0.0,0.0,322.45449773723215,False,insufficient_data,0.6122448979591837,0.0,0.6122448979591837,False,False,False,61.224489795918366,,,,exposure_only_no_risk_signal
jc,2019,11,3209,Brunswick St,40.7241765,-74.0506564,1138,0,0.0,0.0,324.1546093245989,False,insufficient_data,0.6122448979591837,0.0,0.6122448979591837,False,False,False,61.224489795918366,,,,exposure_only_no_risk_signal
jc,2020,1,3209,Brunswick St,40.7241765,-74.0506564,1057,0,0.0,0.0,348.9952179861812,False,insufficient_data,0.6122448979591837,0.0,0.6122448979591837,False,False,False,61.224489795918366,,,,exposure_only_no_risk_signal
jc,2020,10,3209,Brunswick St,40.7241765,-74.0506564,990,0,0.0,0.0,372.6140862741349,False,insufficient_data,0.6122448979591837,0.0,0.6122448979591837,False,False,False,61.224489795918366,,,,exposure_only_no_risk_signal
jc,2020,2,3192,Liberty Light Rail,40.7112423,-74.0557013,946,0,0.0,0.0,389.9449740078156,False,insufficient_data,0.6122448979591837,0.0,0.6122448979591837,False,False,False,61.224489795918366,,,,exposure_only_no_risk_signal
jc,2020,11,3681,Grand St,40.71517767732029,-74.03768330812454,843,0,0.0,0.0,437.5894963361726,False,insufficient_data,0.6122448979591837,0.0,0.6122448979591837,False,False,False,61.224489795918366,,,,exposure_only_no_risk_signal
jc,2020,3,3213,Van Vorst Park,40.71848892,-74.047726625,742,0,0.0,0.0,497.15356524446565,False,insufficient_data,0.6122448979591837,0.0,0.6122448979591837,False,False,False,61.224489795918366,,,,exposure_only_no_risk_signal
jc,2025,6,HB203,Bloomfield St & 15 St,40.75453,-74.02658,2416,0,0.0,0.0,152.6854078689543,False,insufficient_data,0.611764705882353,0.0,0.611764705882353,False,False,False,61.1764705882353,,,,exposure_only_no_risk_signal
jc,2023,9,HB407,Adams St & 2 St,40.73975460760254,-74.03687574532229,2380,0,0.0,0.0,154.99493504680402,False,insufficient_data,0.611764705882353,0.0,0.611764705882353,False,False,False,61.1764705882353,,,,exposure_only_no_risk_signal
jc,2025,1,JC055,McGinley Square,40.7253399253558,-74.06762212514877,1176,0,0.0,0.0,313.6802256899605,False,insufficient_data,0.611764705882353,0.0,0.611764705882353,False,False,False,61.1764705882353,,,,exposure_only_no_risk_signal
jc,2025,12,HB608,2 St & Park Ave,40.73915272763702,-74.0330819785595,971,0,0.0,0.0,379.9051960982426,False,insufficient_data,0.6111111111111112,0.0,0.6111111111111112,False,False,False,61.111111111111114,,,,exposure_only_no_risk_signal
jc,2023,7,JC098,Washington St,40.72430036902471,-74.03549642776275,2685,0,0.0,0.0,137.38843404521174,False,insufficient_data,0.6097560975609756,0.0,0.6097560975609756,False,False,False,60.97560975609756,,,,exposure_only_no_risk_signal
jc,2023,6,HB409,Clinton St & Newark St,40.73743099250248,-74.03571133699465,2495,0,0.0,0.0,147.85087992440623,False,insufficient_data,0.6097560975609756,0.0,0.6097560975609756,False,False,False,60.97560975609756,,,,exposure_only_no_risk_signal
jc,2023,5,HB203,Bloomfield St & 15 St,40.75451797617881,-74.02657768943091,2388,0,0.0,0.0,154.47568903324688,False,insufficient_data,0.6097560975609756,0.0,0.6097560975609756,False,False,False,60.97560975609756,,,,exposure_only_no_risk_signal
jc,2023,4,HB506,Grand St & 14 St,40.754079679092754,-74.0315924787366,2016,0,0.0,0.0,182.98013165247696,False,insufficient_data,0.6097560975609756,0.0,0.6097560975609756,False,False,False,60.97560975609756,,,,exposure_only_no_risk_signal
jc,2023,3,HB602,Stevens - River Ter & 6 St,40.7431439569945,-74.02697664482828,1571,0,0.0,0.0,234.810913692803,False,insufficient_data,0.6097560975609756,0.0,0.6097560975609756,False,False,False,60.97560975609756,,,,exposure_only_no_risk_signal
jc,2025,7,HB304,7 St & Monroe St,40.74641264837719,-74.03797701001167,2729,0,0.0,0.0,135.17330355859053,False,insufficient_data,0.6071428571428571,0.0,0.6071428571428571,False,False,False,60.71428571428571,,,,exposure_only_no_risk_signal
jc,2025,5,HB203,Bloomfield St & 15 St,40.75453,-74.02658,2296,0,0.0,0.0,160.66548145095535,False,insufficient_data,0.6071428571428571,0.0,0.6071428571428571,False,False,False,60.71428571428571,,,,exposure_only_no_risk_signal
jc,2025,9,HB301,4 St & Grand St,40.7422579775645,-74.03511106967926,2862,0,0.0,0.0,128.89166506337997,False,insufficient_data,0.6063829787234043,0.0,0.6063829787234043,False,False,False,60.63829787234043,,,,exposure_only_no_risk_signal
jc,2025,10,JC052,Liberty Light Rail,40.7112423,-74.0557013,2485,0,0.0,0.0,148.445853284263,False,insufficient_data,0.6063829787234043,0.0,0.6063829787234043,False,False,False,60.63829787234043,,,,exposure_only_no_risk_signal
jc,2025,11,JC055,McGinley Square,40.7253399253558,-74.06762212514877,1803,0,0.0,0.0,204.59675286266972,False,insufficient_data,0.6063829787234043,0.0,0.6063829787234043,False,False,False,60.63829787234043,,,,exposure_only_no_risk_signal
jc,2023,1,HB506,Grand St & 14 St,40.75408006867491,-74.03159886347716,1335,0,0.0,0.0,276.3205583605944,False,insufficient_data,0.6049382716049383,0.0,0.6049382716049383,False,False,False,60.49382716049383,,,,exposure_only_no_risk_signal
jc,2023,2,JC014,Columbus Drive,40.71840504822986,-74.03889227798973,1279,0,0.0,0.0,288.41903472352897,False,insufficient_data,0.6049382716049383,0.0,0.6049382716049383,False,False,False,60.49382716049383,,,,exposure_only_no_risk_signal
jc,2019,6,3278,Monmouth and 6th,40.72568548362901,-74.04879033565521,1516,0,0.0,0.0,243.3297792951145,False,insufficient_data,0.6041666666666666,0.0,0.6041666666666666,False,False,False,60.416666666666664,,,,exposure_only_no_risk_signal
jc,2019,4,3187,Warren St,40.7211236,-74.03805095,1362,0,0.0,0.0,270.8428380406707,False,insufficient_data,0.6041666666666666,0.0,0.6041666666666666,False,False,False,60.416666666666664,,,,exposure_only_no_risk_signal
jc,2020,8,3225,Baldwin at Montgomery,40.7236589,-74.0641943,1293,0,0.0,0.0,285.29616814492925,False,insufficient_data,0.6041666666666666,0.0,0.6041666666666666,False,False,False,60.416666666666664,,,,exposure_only_no_risk_signal
jc,2020,6,3681,Grand St,40.71517767732029,-74.03768330812454,1277,0,0.0,0.0,288.8707481686715,False,insufficient_data,0.6041666666666666,0.0,0.6041666666666666,False,False,False,60.416666666666664,,,,exposure_only_no_risk_signal
jc,2019,3,3278,Monmouth and 6th,40.72568548362901,-74.04879033565521,973,0,0.0,0.0,379.12430155333357,False,insufficient_data,0.6041666666666666,0.0,0.6041666666666666,False,False,False,60.416666666666664,,,,exposure_only_no_risk_signal
jc,2020,5,3681,Grand St,40.71517767732029,-74.03768330812454,850,0,0.0,0.0,433.9858181310512,False,insufficient_data,0.6041666666666666,0.0,0.6041666666666666,False,False,False,60.416666666666664,,,,exposure_only_no_risk_signal
jc,2019,12,3267,Morris Canal,40.7124188237569,-74.03852552175522,796,0,0.0,0.0,463.4270670997406,False,insufficient_data,0.6041666666666666,0.0,0.6041666666666666,False,False,False,60.416666666666664,,,,exposure_only_no_risk_signal
jc,2019,1,3267,Morris Canal,40.7124188237569,-74.03852552175522,788,0,0.0,0.0,468.1319104205502,False,insufficient_data,0.6041666666666666,0.0,0.6041666666666666,False,False,False,60.416666666666664,,,,exposure_only_no_risk_signal
jc,2019,2,3278,Monmouth and 6th,40.72568548362901,-74.04879033565521,754,0,0.0,0.0,489.2413069116625,False,insufficient_data,0.6041666666666666,0.0,0.6041666666666666,False,False,False,60.416666666666664,,,,exposure_only_no_risk_signal
jc,2020,12,3213,Van Vorst Park,40.71848892,-74.047726625,479,0,0.0,0.0,770.1209716313017,False,insufficient_data,0.6041666666666666,0.0,0.6041666666666666,False,False,False,60.416666666666664,,,,exposure_only_no_risk_signal
jc,2020,4,3194,McGinley Square,40.7253399253558,-74.06762212514877,389,0,0.0,0.0,948.2980601835309,False,insufficient_data,0.6041666666666666,0.0,0.6041666666666666,False,False,False,60.416666666666664,,,,exposure_only_no_risk_signal
jc,2023,10,JC082,Manila & 1st,40.72169922614936,-74.0428797333614,2520,0,0.0,0.0,146.38410532198156,False,insufficient_data,0.6024096385542169,0.0,0.6024096385542169,False,False,False,60.24096385542169,,,,exposure_only_no_risk_signal
jc,2025,4,JC006,Warren St,40.7211236,-74.03805095,2055,0,0.0,0.0,179.50751601527665,False,insufficient_data,0.6024096385542169,0.0,0.6024096385542169,False,False,False,60.24096385542169,,,,exposure_only_no_risk_signal
jc,2023,11,HB408,Marshall St & 2 St,40.7407553168126,-74.04255280681106,1969,0,0.0,0.0,187.34786460710694,False,insufficient_data,0.6024096385542169,0.0,0.6024096385542169,False,False,False,60.24096385542169,,,,exposure_only_no_risk_signal
jc,2025,3,JC006,Warren St,40.7211236,-74.03805095,1821,0,0.0,0.0,202.57437968775045,False,insufficient_data,0.6024096385542169,0.0,0.6024096385542169,False,False,False,60.24096385542169,,,,exposure_only_no_risk_signal
jc,2023,12,HB409,Clinton St & Newark St,40.737457621494585,-74.03568293865334,1476,0,0.0,0.0,249.9240822570417,False,insufficient_data,0.6024096385542169,0.0,0.6024096385542169,False,False,False,60.24096385542169,,,,exposure_only_no_risk_signal
jc,2025,2,JC023,Brunswick St,40.7241765,-74.0506564,1123,0,0.0,0.0,328.4843681312498,False,insufficient_data,0.6024096385542169,0.0,0.6024096385542169,False,False,False,60.24096385542169,,,,exposure_only_no_risk_signal
jc,2025,8,JC110,JC Medical Center,40.71539114317,-74.04969155788422,2648,0,0.0,0.0,139.30813648466523,False,insufficient_data,0.6022727272727273,0.0,0.6022727272727273,False,False,False,60.22727272727273,,,,exposure_only_no_risk_signal
jc,2025,12,JC072,Morris Canal,40.7124188237569,-74.03852552175522,959,0,0.0,0.0,384.6589628898786,False,insufficient_data,0.6018518518518519,0.0,0.6018518518518519,False,False,False,60.18518518518518,,,,exposure_only_no_risk_signal
jc,2025,6,HB401,Southwest Park - Jackson St & Observer Hwy,40.73755127245804,-74.04166370630264,2378,0,0.0,0.0,155.12529243540519,False,insufficient_data,0.6,0.0,0.6,False,False,False,60.0,,,,exposure_only_no_risk_signal
jc,2023,9,HB505,Willow Ave & 12 St,40.75182351045096,-74.03037072054926,2285,0,0.0,0.0,161.43892578179148,False,insufficient_data,0.6,0.0,0.6,False,False,False,60.0,,,,exposure_only_no_risk_signal
jc,2025,1,JC098,Washington St,40.7242941,-74.0354826,1169,0,0.0,0.0,315.55855039469077,False,insufficient_data,0.6,0.0,0.6,False,False,False,60.0,,,,exposure_only_no_risk_signal
jc,2023,7,HB408,Marshall St & 2 St,40.74073042113019,-74.04253125419987,2645,0,0.0,0.0,139.46614193247393,False,insufficient_data,0.5975609756097561,0.0,0.5975609756097561,False,False,False,59.756097560975604,,,,exposure_only_no_risk_signal
jc,2023,6,JC035,Van Vorst Park,40.7184929704908,-74.04773151048785,2483,0,0.0,0.0,148.56542304123784,False,insufficient_data,0.5975609756097561,0.0,0.5975609756097561,False,False,False,59.756097560975604,,,,exposure_only_no_risk_signal
jc,2023,5,HB401,Southwest Park - Jackson St & Observer Hwy,40.73756289005593,-74.04166243231552,2386,0,0.0,0.0,154.60517410368547,False,insufficient_data,0.5975609756097561,0.0,0.5975609756097561,False,False,False,59.756097560975604,,,,exposure_only_no_risk_signal
jc,2023,4,JC014,Columbus Drive,40.71838964235459,-74.03889850909835,2002,0,0.0,0.0,184.25971299270407,False,insufficient_data,0.5975609756097561,0.0,0.5975609756097561,False,False,False,59.756097560975604,,,,exposure_only_no_risk_signal
jc,2023,3,HB506,Grand St & 14 St,40.75407897754457,-74.03159316263307,1548,0,0.0,0.0,238.2997063381095,False,insufficient_data,0.5975609756097561,0.0,0.5975609756097561,False,False,False,59.756097560975604,,,,exposure_only_no_risk_signal
jc,2023,8,HB304,7 St & Monroe St,40.74638292144624,-74.03801161358656,2805,0,0.0,0.0,131.51085397910643,False,insufficient_data,0.5963855421686747,0.0,0.5963855421686747,False,False,False,59.63855421686747,,,,exposure_only_no_risk_signal
jc,2023,8,HB305,9 St HBLR - Jackson St & 8 St,40.74791286417396,-74.03839852928668,2805,0,0.0,0.0,131.51085397910643,False,insufficient_data,0.5963855421686747,0.0,0.5963855421686747,False,False,False,59.63855421686747,,,,exposure_only_no_risk_signal
jc,2025,9,HB304,7 St & Monroe St,40.74641264837719,-74.03797701001167,2815,0,0.0,0.0,131.0436751017384,False,insufficient_data,0.5957446808510638,0.0,0.5957446808510638,False,False,False,59.57446808510638,,,,exposure_only_no_risk_signal
jc,2025,10,JC104,Harborside,40.7192517,-74.034234,2434,0,0.0,0.0,151.5562635215257,False,insufficient_data,0.5957446808510638,0.0,0.5957446808510638,False,False,False,59.57446808510638,,,,exposure_only_no_risk_signal
jc,2025,11,HB407,Adams St & 2 St,40.73981372311842,-74.03690412640572,1676,0,0.0,0.0,220.10020609271692,False,insufficient_data,0.5957446808510638,0.0,0.5957446808510638,False,False,False,59.57446808510638,,,,exposure_only_no_risk_signal
jc,2025,7,HB408,Marshall St & 2 St,40.740802,-74.042521,2675,0,0.0,0.0,137.90203566781068,False,insufficient_data,0.5952380952380952,0.0,0.5952380952380952,False,False,False,59.523809523809526,,,,exposure_only_no_risk_signal
jc,2025,5,HB304,7 St & Monroe St,40.74641264837719,-74.03797701001167,2288,0,0.0,0.0,161.22724886861607,False,insufficient_data,0.5952380952380952,0.0,0.5952380952380952,False,False,False,59.523809523809526,,,,exposure_only_no_risk_signal
jc,2023,1,JC014,Columbus Drive,40.71840181505688,-74.03889551450786,1325,0,0.0,0.0,278.4059965369008,False,insufficient_data,0.5925925925925926,0.0,0.5925925925925926,False,False,False,59.25925925925925,,,,exposure_only_no_risk_signal
jc,2025,12,JC081,Brunswick & 6th,40.72601172964625,-74.05038893222809,926,0,0.0,0.0,398.367111675371,False,insufficient_data,0.5925925925925926,0.0,0.5925925925925926,False,False,False,59.25925925925925,,,,exposure_only_no_risk_signal
jc,2019,8,3205,JC Medical Center,40.71653978099194,-74.0496379137039,1818,0,0.0,0.0,202.90866084235068,False,insufficient_data,0.5918367346938775,0.0,0.5918367346938775,False,False,False,59.183673469387756,,,,exposure_only_no_risk_signal
jc,2019,9,3278,Monmouth and 6th,40.72568548362901,-74.04879033565521,1798,0,0.0,0.0,205.16570935005203,False,insufficient_data,0.5918367346938775,0.0,0.5918367346938775,False,False,False,59.183673469387756,,,,exposure_only_no_risk_signal
jc,2019,7,3213,Van Vorst Park,40.71848892,-74.047726625,1660,0,0.0,0.0,222.22165386228525,False,insufficient_data,0.5918367346938775,0.0,0.5918367346938775,False,False,False,59.183673469387756,,,,exposure_only_no_risk_signal
jc,2019,10,3270,Jersey & 6th St,40.72528910781132,-74.04557168483734,1560,0,0.0,0.0,236.46663167397023,False,insufficient_data,0.5918367346938775,0.0,0.5918367346938775,False,False,False,59.183673469387756,,,,exposure_only_no_risk_signal
jc,2019,5,3270,Jersey & 6th St,40.72528910781132,-74.04557168483734,1384,0,0.0,0.0,266.5375328117005,False,insufficient_data,0.5918367346938775,0.0,0.5918367346938775,False,False,False,59.183673469387756,,,,exposure_only_no_risk_signal
jc,2020,9,3209,Brunswick St,40.7241765,-74.0506564,1289,0,0.0,0.0,286.181493724898,False,insufficient_data,0.5918367346938775,0.0,0.5918367346938775,False,False,False,59.183673469387756,,,,exposure_only_no_risk_signal
jc,2020,7,3270,Jersey & 6th St,40.72528910781132,-74.04557168483734,1127,0,0.0,0.0,327.3184963721327,False,insufficient_data,0.5918367346938775,0.0,0.5918367346938775,False,False,False,59.183673469387756,,,,exposure_only_no_risk_signal
jc,2019,11,3184,Paulus Hook,40.7141454,-74.0335519,1121,0,0.0,0.0,329.07042409580157,False,insufficient_data,0.5918367346938775,0.0,0.5918367346938775,False,False,False,59.183673469387756,,,,exposure_only_no_risk_signal
jc,2020,1,3279,Dixon Mills,40.721630142638354,-74.04996782541275,1026,0,0.0,0.0,359.5399078083758,False,insufficient_data,0.5918367346938775,0.0,0.5918367346938775,False,False,False,59.183673469387756,,,,exposure_only_no_risk_signal
jc,2020,10,3272,Jersey & 3rd,40.72333158646436,-74.04595255851744,972,0,0.0,0.0,379.51434713106335,False,insufficient_data,0.5918367346938775,0.0,0.5918367346938775,False,False,False,59.183673469387756,,,,exposure_only_no_risk_signal
jc,2020,2,3194,McGinley Square,40.7253399253558,-74.06762212514877,920,0,0.0,0.0,400.9651580558625,False,insufficient_data,0.5918367346938775,0.0,0.5918367346938775,False,False,False,59.183673469387756,,,,exposure_only_no_risk_signal
jc,2020,11,3272,Jersey & 3rd,40.72333158646436,-74.04595255851744,791,0,0.0,0.0,466.3564417337466,False,insufficient_data,0.5918367346938775,0.0,0.5918367346938775,False,False,False,59.183673469387756,,,,exposure_only_no_risk_signal
jc,2020,3,3273,Manila & 1st,40.72165072487999,-74.04288411140442,740,0,0.0,0.0,498.4972235289101,False,insufficient_data,0.5918367346938775,0.0,0.5918367346938775,False,False,False,59.183673469387756,,,,exposure_only_no_risk_signal
jc,2025,8,HB408,Marshall St & 2 St,40.740802,-74.042521,2634,0,0.0,0.0,140.04857456772723,False,insufficient_data,0.5909090909090909,0.0,0.5909090909090909,False,False,False,59.09090909090909,,,,exposure_only_no_risk_signal
jc,2023,10,HB304,7 St & Monroe St,40.74635910459296,-74.03803839855728,2468,0,0.0,0.0,149.4683733433523,False,insufficient_data,0.5903614457831325,0.0,0.5903614457831325,False,False,False,59.036144578313255,,,,exposure_only_no_risk_signal
jc,2025,4,HB304,7 St & Monroe St,40.74641264837719,-74.03797701001167,2047,0,0.0,0.0,180.20905980038765,False,insufficient_data,0.5903614457831325,0.0,0.5903614457831325,False,False,False,59.036144578313255,,,,exposure_only_no_risk_signal
jc,2023,11,HB611,4 St & River St,40.740823980352815,-74.02742359293984,1967,0,0.0,0.0,187.53835557264543,False,insufficient_data,0.5903614457831325,0.0,0.5903614457831325,False,False,False,59.036144578313255,,,,exposure_only_no_risk_signal
jc,2025,3,HB304,7 St & Monroe St,40.74641264837719,-74.03797701001167,1819,0,0.0,0.0,202.79711127619217,False,insufficient_data,0.5903614457831325,0.0,0.5903614457831325,False,False,False,59.036144578313255,,,,exposure_only_no_risk_signal
jc,2025,2,JC006,Warren St,40.7211236,-74.03805095,1101,0,0.0,0.0,335.04808847538015,False,insufficient_data,0.5903614457831325,0.0,0.5903614457831325,False,False,False,59.036144578313255,,,,exposure_only_no_risk_signal
jc,2025,6,JC104,Harborside,40.7192517,-74.034234,2309,0,0.0,0.0,159.76091182823453,False,insufficient_data,0.5882352941176471,0.0,0.5882352941176471,False,False,False,58.82352941176471,,,,exposure_only_no_risk_signal
jc,2023,9,JC072,Morris Canal,40.712446889490856,-74.0384393596543,2257,0,0.0,0.0,163.44171263242956,False,insufficient_data,0.5882352941176471,0.0,0.5882352941176471,False,False,False,58.82352941176471,,,,exposure_only_no_risk_signal
jc,2025,1,JC103,Journal Square,40.73367,-74.0625,1164,0,0.0,0.0,316.9140424496508,False,insufficient_data,0.5882352941176471,0.0,0.5882352941176471,False,False,False,58.82352941176471,,,,exposure_only_no_risk_signal
jc,2023,2,HB301,4 St & Grand St,40.74227048423844,-74.03508917492714,1200,0,0.0,0.0,307.4066211761613,False,insufficient_data,0.5864197530864198,0.0,0.5864197530864198,False,False,False,58.64197530864198,,,,exposure_only_no_risk_signal
jc,2023,2,HB503,Madison St & 10 St,40.74997584153435,-74.03586739490034,1200,0,0.0,0.0,307.4066211761613,False,insufficient_data,0.5864197530864198,0.0,0.5864197530864198,False,False,False,58.64197530864198,,,,exposure_only_no_risk_signal
jc,2023,7,JC082,Manila & 1st,40.721668583287865,-74.0428758391569,2535,0,0.0,0.0,145.51792718398167,False,insufficient_data,0.5853658536585366,0.0,0.5853658536585366,False,False,False,58.536585365853654,,,,exposure_only_no_risk_signal
jc,2023,5,HB409,Clinton St & Newark St,40.73743518186704,-74.03570575044238,2369,0,0.0,0.0,155.7146244877136,False,insufficient_data,0.5853658536585366,0.0,0.5853658536585366,False,False,False,58.536585365853654,,,,exposure_only_no_risk_signal
jc,2023,6,HB408,Marshall St & 2 St,40.74075060940825,-74.04255585169903,2358,0,0.0,0.0,156.44102858837724,False,insufficient_data,0.5853658536585366,0.0,0.5853658536585366,False,False,False,58.536585365853654,,,,exposure_only_no_risk_signal
jc,2023,4,HB401,Southwest Park - Jackson St & Observer Hwy,40.73756721498512,-74.04166231074493,1993,0,0.0,0.0,185.091793984643,False,insufficient_data,0.5853658536585366,0.0,0.5853658536585366,False,False,False,58.536585365853654,,,,exposure_only_no_risk_signal
jc,2023,3,JC014,Columbus Drive,40.7184090336372,-74.03889378037404,1530,0,0.0,0.0,241.10323229502845,False,insufficient_data,0.5853658536585366,0.0,0.5853658536585366,False,False,False,58.536585365853654,,,,exposure_only_no_risk_signal
jc,2025,9,JC110,JC Medical Center,40.71539114317,-74.04969155788422,2706,0,0.0,0.0,136.3222266856591,False,insufficient_data,0.5851063829787234,0.0,0.5851063829787234,False,False,False,58.51063829787234,,,,exposure_only_no_risk_signal
jc,2025,10,JC102,Grand St,40.71517767732029,-74.03768330812454,2398,0,0.0,0.0,153.83150350767036,False,insufficient_data,0.5851063829787234,0.0,0.5851063829787234,False,False,False,58.51063829787234,,,,exposure_only_no_risk_signal
jc,2025,11,JC102,Grand St,40.71517767732029,-74.03768330812454,1665,0,0.0,0.0,221.55432156840453,False,insufficient_data,0.5851063829787234,0.0,0.5851063829787234,False,False,False,58.51063829787234,,,,exposure_only_no_risk_signal
jc,2023,12,HB401,Southwest Park - Jackson St & Observer Hwy,40.73756378230209,-74.04165400831886,1469,0,0.0,0.0,251.115007087402,False,insufficient_data,0.5843373493975904,0.0,0.5843373493975904,False,False,False,58.43373493975904,,,,exposure_only_no_risk_signal
jc,2023,12,JC098,Washington St,40.7242935055278,-74.03548387309189,1469,0,0.0,0.0,251.115007087402,False,insufficient_data,0.5843373493975904,0.0,0.5843373493975904,False,False,False,58.43373493975904,,,,exposure_only_no_risk_signal
jc,2025,7,JC003,City Hall,40.7177325,-74.043845,2628,0,0.0,0.0,140.36832017176314,False,insufficient_data,0.5833333333333334,0.0,0.5833333333333334,False,False,False,58.333333333333336,,,,exposure_only_no_risk_signal
jc,2025,5,HB602,Stevens - River Ter & 6 St,40.74313282710551,-74.02698867022991,2213,0,0.0,0.0,166.69134451486377,False,insufficient_data,0.5833333333333334,0.0,0.5833333333333334,False,False,False,58.333333333333336,,,,exposure_only_no_risk_signal
jc,2019,6,3640,Journal Square,40.73367,-74.0625,1498,0,0.0,0.0,246.2536351210905,False,insufficient_data,0.5833333333333334,0.0,0.5833333333333334,False,False,False,58.333333333333336,,,,exposure_only_no_risk_signal
jc,2019,4,3270,Jersey & 6th St,40.72528910781132,-74.04557168483734,1338,0,0.0,0.0,275.7010055391581,False,insufficient_data,0.5833333333333334,0.0,0.5833333333333334,False,False,False,58.333333333333336,,,,exposure_only_no_risk_signal
jc,2020,8,3209,Brunswick St,40.7241765,-74.0506564,1287,0,0.0,0.0,286.626220210873,False,insufficient_data,0.5833333333333334,0.0,0.5833333333333334,False,False,False,58.333333333333336,,,,exposure_only_no_risk_signal
jc,2020,6,3272,Jersey & 3rd,40.72333158646436,-74.04595255851744,1265,0,0.0,0.0,291.6110240406273,False,insufficient_data,0.5833333333333334,0.0,0.5833333333333334,False,False,False,58.333333333333336,,,,exposure_only_no_risk_signal
jc,2019,3,3184,Paulus Hook,40.7141454,-74.0335519,956,0,0.0,0.0,385.8660516855581,False,insufficient_data,0.5833333333333334,0.0,0.5833333333333334,False,False,False,58.333333333333336,,,,exposure_only_no_risk_signal
jc,2025,12,JC020,Baldwin at Montgomery,40.7236589,-74.0641943,892,0,0.0,0.0,413.55150830873714,False,insufficient_data,0.5833333333333334,0.0,0.5833333333333334,False,False,False,58.333333333333336,,,,exposure_only_no_risk_signal
jc,2019,1,3213,Van Vorst Park,40.71848892,-74.047726625,786,0,0.0,0.0,469.32308576513174,False,insufficient_data,0.5833333333333334,0.0,0.5833333333333334,False,False,False,58.333333333333336,,,,exposure_only_no_risk_signal
jc,2019,12,3270,Jersey & 6th St,40.72528910781132,-74.04557168483734,777,0,0.0,0.0,474.759260503724,False,insufficient_data,0.5833333333333334,0.0,0.5833333333333334,False,False,False,58.333333333333336,,,,exposure_only_no_risk_signal
jc,2020,5,3273,Manila & 1st,40.72165072487999,-74.04288411140442,770,0,0.0,0.0,479.07525378103054,False,insufficient_data,0.5833333333333334,0.0,0.5833333333333334,False,False,False,58.333333333333336,,,,exposure_only_no_risk_signal
jc,2019,2,3187,Warren St,40.7211236,-74.03805095,716,0,0.0,0.0,515.206627669544,False,insufficient_data,0.5833333333333334,0.0,0.5833333333333334,False,False,False,58.333333333333336,,,,exposure_only_no_risk_signal
jc,2020,12,3225,Baldwin at Montgomery,40.7236589,-74.0641943,459,0,0.0,0.0,803.6774409834281,False,insufficient_data,0.5833333333333334,0.0,0.5833333333333334,False,False,False,58.333333333333336,,,,exposure_only_no_risk_signal
jc,2020,4,3483,Montgomery St,40.71942,-74.05099,364,0,0.0,0.0,1013.4284214598723,False,insufficient_data,0.5833333333333334,0.0,0.5833333333333334,False,False,False,58.333333333333336,,,,exposure_only_no_risk_signal
jc,2023,1,HB408,Marshall St & 2 St,40.74077930862318,-74.04253739524252,1303,0,0.0,0.0,283.1066350049068,False,insufficient_data,0.5802469135802469,0.0,0.5802469135802469,False,False,False,58.0246913580247,,,,exposure_only_no_risk_signal
jc,2025,8,JC003,City Hall,40.7177325,-74.043845,2623,0,0.0,0.0,140.63589226511382,False,insufficient_data,0.5795454545454546,0.0,0.5795454545454546,False,False,False,57.95454545454546,,,,exposure_only_no_risk_signal
jc,2023,8,HB506,Grand St & 14 St,40.75403706430889,-74.03159988377575,2796,0,0.0,0.0,131.93417217861,False,insufficient_data,0.5783132530120482,0.0,0.5783132530120482,False,False,False,57.831325301204814,,,,exposure_only_no_risk_signal
jc,2023,10,HB601,Church Sq Park - 5 St & Park Ave,40.74263089042022,-74.03229149994834,2458,0,0.0,0.0,150.0764627385653,False,insufficient_data,0.5783132530120482,0.0,0.5783132530120482,False,False,False,57.831325301204814,,,,exposure_only_no_risk_signal
jc,2025,4,HB408,Marshall St & 2 St,40.740802,-74.042521,2004,0,0.0,0.0,184.07582106356963,False,insufficient_data,0.5783132530120482,0.0,0.5783132530120482,False,False,False,57.831325301204814,,,,exposure_only_no_risk_signal
jc,2023,11,HB409,Clinton St & Newark St,40.73743379004532,-74.03569602285394,1876,0,0.0,0.0,196.6353653578857,False,insufficient_data,0.5783132530120482,0.0,0.5783132530120482,False,False,False,57.831325301204814,,,,exposure_only_no_risk_signal
jc,2025,3,HB301,4 St & Grand St,40.7422579775645,-74.03511106967926,1783,0,0.0,0.0,206.89172485215565,False,insufficient_data,0.5783132530120482,0.0,0.5783132530120482,False,False,False,57.831325301204814,,,,exposure_only_no_risk_signal
jc,2025,2,HB101,Hoboken Terminal - Hudson St & Hudson Pl,40.73593758446329,-74.03030455112457,1095,0,0.0,0.0,336.8839684122315,False,insufficient_data,0.5783132530120482,0.0,0.5783132530120482,False,False,False,57.831325301204814,,,,exposure_only_no_risk_signal
jc,2025,6,JC023,Brunswick St,40.7241765,-74.0506564,2297,0,0.0,0.0,160.5955356601626,False,insufficient_data,0.5764705882352941,0.0,0.5764705882352941,False,False,False,57.647058823529406,,,,exposure_only_no_risk_signal
jc,2023,9,HB304,7 St & Monroe St,40.74635072843103,-74.03800108449444,2253,0,0.0,0.0,163.73188877558525,False,insufficient_data,0.5764705882352941,0.0,0.5764705882352941,False,False,False,57.647058823529406,,,,exposure_only_no_risk_signal
jc,2025,1,JC006,Warren St,40.7211236,-74.03805095,1160,0,0.0,0.0,318.0068494925806,False,insufficient_data,0.5764705882352941,0.0,0.5764705882352941,False,False,False,57.647058823529406,,,,exposure_only_no_risk_signal
jc,2025,9,JC003,City Hall,40.7177325,-74.043845,2684,0,0.0,0.0,137.43962198636123,False,insufficient_data,0.574468085106383,0.0,0.574468085106383,False,False,False,57.446808510638306,,,,exposure_only_no_risk_signal
jc,2025,10,HB602,Stevens - River Ter & 6 St,40.74313282710551,-74.02698867022991,2381,0,0.0,0.0,154.92983847601576,False,insufficient_data,0.574468085106383,0.0,0.574468085106383,False,False,False,57.446808510638306,,,,exposure_only_no_risk_signal
jc,2025,11,HB602,Stevens - River Ter & 6 St,40.74313282710551,-74.02698867022991,1648,0,0.0,0.0,223.8397727010883,False,insufficient_data,0.574468085106383,0.0,0.574468085106383,False,False,False,57.446808510638306,,,,exposure_only_no_risk_signal
jc,2025,12,HB302,6 St & Grand St,40.7443978330956,-74.03450086712837,884,0,0.0,0.0,417.29405589524157,False,insufficient_data,0.5740740740740741,0.0,0.5740740740740741,False,False,False,57.407407407407405,,,,exposure_only_no_risk_signal
jc,2023,7,HB304,7 St & Monroe St,40.74634921481089,-74.03799798610511,2510,0,0.0,0.0,146.96730892884204,False,insufficient_data,0.573170731707317,0.0,0.573170731707317,False,False,False,57.3170731707317,,,,exposure_only_no_risk_signal
jc,2023,5,HB506,Grand St & 14 St,40.75408158552249,-74.03159494047496,2356,0,0.0,0.0,156.57383081977653,False,insufficient_data,0.573170731707317,0.0,0.573170731707317,False,False,False,57.3170731707317,,,,exposure_only_no_risk_signal
jc,2023,6,HB304,7 St & Monroe St,40.74636274451287,-74.0380237557847,2337,0,0.0,0.0,157.84678879392106,False,insufficient_data,0.573170731707317,0.0,0.573170731707317,False,False,False,57.3170731707317,,,,exposure_only_no_risk_signal
jc,2023,4,HB601,Church Sq Park - 5 St & Park Ave,40.74265844071363,-74.03224244633155,1926,0,0.0,0.0,191.53060509418148,False,insufficient_data,0.573170731707317,0.0,0.573170731707317,False,False,False,57.3170731707317,,,,exposure_only_no_risk_signal
jc,2023,3,JC055,McGinley Square,40.72535425848274,-74.0676090603047,1497,0,0.0,0.0,246.41813320734371,False,insufficient_data,0.573170731707317,0.0,0.573170731707317,False,False,False,57.3170731707317,,,,exposure_only_no_risk_signal
jc,2025,7,JC110,JC Medical Center,40.71539114317,-74.04969155788422,2582,0,0.0,0.0,142.8690725838085,False,insufficient_data,0.5714285714285714,0.0,0.5714285714285714,False,False,False,57.14285714285714,,,,exposure_only_no_risk_signal
jc,2025,5,HB401,Southwest Park - Jackson St & Observer Hwy,40.73755127245804,-74.04166370630264,2207,0,0.0,0.0,167.14451536537996,False,insufficient_data,0.5714285714285714,0.0,0.5714285714285714,False,False,False,57.14285714285714,,,,exposure_only_no_risk_signal
jc,2019,8,3213,Van Vorst Park,40.718488920000006,-74.047726625,1793,0,0.0,0.0,205.73783904706835,False,insufficient_data,0.5714285714285714,0.0,0.5714285714285714,False,False,False,57.14285714285714,,,,exposure_only_no_risk_signal
jc,2019,9,3273,Manila & 1st,40.72165072487999,-74.04288411140442,1790,0,0.0,0.0,206.08265106781764,False,insufficient_data,0.5714285714285714,0.0,0.5714285714285714,False,False,False,57.14285714285714,,,,exposure_only_no_risk_signal
jc,2019,7,3278,Monmouth and 6th,40.725685483629,-74.04879033565521,1628,0,0.0,0.0,226.58964705859555,False,insufficient_data,0.5714285714285714,0.0,0.5714285714285714,False,False,False,57.14285714285714,,,,exposure_only_no_risk_signal
jc,2019,10,3273,Manila & 1st,40.72165072487999,-74.04288411140442,1559,0,0.0,0.0,236.61831007786628,False,insufficient_data,0.5714285714285714,0.0,0.5714285714285714,False,False,False,57.14285714285714,,,,exposure_only_no_risk_signal
jc,2019,5,3209,Brunswick St,40.7241765,-74.0506564,1381,0,0.0,0.0,267.11654265850365,False,insufficient_data,0.5714285714285714,0.0,0.5714285714285714,False,False,False,57.14285714285714,,,,exposure_only_no_risk_signal
jc,2020,9,3681,Grand St,40.71517767732029,-74.03768330812454,1280,0,0.0,0.0,288.1937073526512,False,insufficient_data,0.5714285714285714,0.0,0.5714285714285714,False,False,False,57.14285714285714,,,,exposure_only_no_risk_signal
jc,2019,11,3192,Liberty Light Rail,40.7112423,-74.0557013,1113,0,0.0,0.0,331.43571016297716,False,insufficient_data,0.5714285714285714,0.0,0.5714285714285714,False,False,False,57.14285714285714,,,,exposure_only_no_risk_signal
jc,2020,7,3273,Manila & 1st,40.72165072487999,-74.04288411140442,1108,0,0.0,0.0,332.93135867454293,False,insufficient_data,0.5714285714285714,0.0,0.5714285714285714,False,False,False,57.14285714285714,,,,exposure_only_no_risk_signal
jc,2020,1,3184,Paulus Hook,40.7141454,-74.0335519,993,0,0.0,0.0,371.4883639591073,False,insufficient_data,0.5714285714285714,0.0,0.5714285714285714,False,False,False,57.14285714285714,,,,exposure_only_no_risk_signal
jc,2020,10,3270,Jersey & 6th St,40.72528910781132,-74.04557168483734,951,0,0.0,0.0,387.89479012764826,False,insufficient_data,0.5714285714285714,0.0,0.5714285714285714,False,False,False,57.14285714285714,,,,exposure_only_no_risk_signal
jc,2020,2,3270,Jersey & 6th St,40.72528910781132,-74.04557168483734,907,0,0.0,0.0,406.71217796184516,False,insufficient_data,0.5714285714285714,0.0,0.5714285714285714,False,False,False,57.14285714285714,,,,exposure_only_no_risk_signal
jc,2020,11,3273,Manila & 1st,40.72165072487999,-74.04288411140442,785,0,0.0,0.0,469.9209495686541,False,insufficient_data,0.5714285714285714,0.0,0.5714285714285714,False,False,False,57.14285714285714,,,,exposure_only_no_risk_signal
jc,2020,3,3194,McGinley Square,40.7253399253558,-74.06762212514877,675,0,0.0,0.0,546.5006598687312,False,insufficient_data,0.5714285714285714,0.0,0.5714285714285714,False,False,False,57.14285714285714,,,,exposure_only_no_risk_signal
jc,2025,8,JC072,Morris Canal,40.7124188237569,-74.03852552175522,2494,0,0.0,0.0,147.91016255468867,False,insufficient_data,0.5681818181818182,0.0,0.5681818181818182,False,False,False,56.81818181818182,,,,exposure_only_no_risk_signal
jc,2023,1,HB301,4 St & Grand St,40.7422681673313,-74.03508907607363,1301,0,0.0,0.0,283.5418488942302,False,insufficient_data,0.5679012345679012,0.0,0.5679012345679012,False,False,False,56.79012345679012,,,,exposure_only_no_risk_signal
jc,2023,2,HB203,Bloomfield St & 15 St,40.7545023678136,-74.02657556087237,1191,0,0.0,0.0,309.72959312459574,False,insufficient_data,0.5679012345679012,0.0,0.5679012345679012,False,False,False,56.79012345679012,,,,exposure_only_no_risk_signal
jc,2023,8,JC072,Morris Canal,40.712409586099255,-74.03850788426331,2758,0,0.0,0.0,133.75197440587147,False,insufficient_data,0.5662650602409639,0.0,0.5662650602409639,False,False,False,56.62650602409639,,,,exposure_only_no_risk_signal
jc,2023,10,HB301,4 St & Grand St,40.74223518722384,-74.0351264913379,2440,0,0.0,0.0,151.18358418499733,False,insufficient_data,0.5662650602409639,0.0,0.5662650602409639,False,False,False,56.62650602409639,,,,exposure_only_no_risk_signal
jc,2025,4,HB401,Southwest Park - Jackson St & Observer Hwy,40.73755127245804,-74.04166370630264,1949,0,0.0,0.0,189.27036706587663,False,insufficient_data,0.5662650602409639,0.0,0.5662650602409639,False,False,False,56.62650602409639,,,,exposure_only_no_risk_signal
jc,2023,11,HB407,Adams St & 2 St,40.73981440933593,-74.03688648950137,1847,0,0.0,0.0,199.72276416426286,False,insufficient_data,0.5662650602409639,0.0,0.5662650602409639,False,False,False,56.62650602409639,,,,exposure_only_no_risk_signal
jc,2025,2,HB611,4 St & River St,40.7408139,-74.0274062,1090,0,0.0,0.0,338.4293077168748,False,insufficient_data,0.5662650602409639,0.0,0.5662650602409639,False,False,False,56.62650602409639,,,,exposure_only_no_risk_signal
jc,2025,12,JC074,Jersey & 3rd,40.72333158646436,-74.04595255851744,882,0,0.0,0.0,418.2403009199473,False,insufficient_data,0.5648148148148148,0.0,0.5648148148148148,False,False,False,56.481481481481474,,,,exposure_only_no_risk_signal
jc,2023,9,HB409,Clinton St & Newark St,40.73746463404457,-74.03569719617457,2236,0,0.0,0.0,164.97671977253736,False,insufficient_data,0.5647058823529412,0.0,0.5647058823529412,False,False,False,56.470588235294116,,,,exposure_only_no_risk_signal
jc,2025,6,JC110,JC Medical Center,40.71539114317,-74.04969155788422,2224,0,0.0,0.0,165.86688192958343,False,insufficient_data,0.5647058823529412,0.0,0.5647058823529412,False,False,False,56.470588235294116,,,,exposure_only_no_risk_signal
jc,2025,1,JC023,Brunswick St,40.7241765,-74.0506564,1152,0,0.0,0.0,320.21523039183467,False,insufficient_data,0.5647058823529412,0.0,0.5647058823529412,False,False,False,56.470588235294116,,,,exposure_only_no_risk_signal
jc,2025,9,HB203,Bloomfield St & 15 St,40.75453,-74.02658,2653,0,0.0,0.0,139.04558816863684,False,insufficient_data,0.5638297872340425,0.0,0.5638297872340425,False,False,False,56.38297872340425,,,,exposure_only_no_risk_signal
jc,2025,10,JC055,McGinley Square,40.7253399253558,-74.06762212514877,2266,0,0.0,0.0,162.79256196442788,False,insufficient_data,0.5638297872340425,0.0,0.5638297872340425,False,False,False,56.38297872340425,,,,exposure_only_no_risk_signal
jc,2025,11,JC052,Liberty Light Rail,40.7112423,-74.0557013,1642,0,0.0,0.0,224.65770122496562,False,insufficient_data,0.5638297872340425,0.0,0.5638297872340425,False,False,False,56.38297872340425,,,,exposure_only_no_risk_signal
jc,2019,6,3270,Jersey & 6th St,40.72528910781132,-74.04557168483734,1472,0,0.0,0.0,250.6032237849141,False,insufficient_data,0.5625,0.0,0.5625,False,False,False,56.25,,,,exposure_only_no_risk_signal
jc,2019,4,3209,Brunswick St,40.7241765,-74.0506564,1307,0,0.0,0.0,282.2402030691611,False,insufficient_data,0.5625,0.0,0.5625,False,False,False,56.25,,,,exposure_only_no_risk_signal
jc,2020,8,3270,Jersey & 6th St,40.72528910781132,-74.04557168483734,1204,0,0.0,0.0,306.38533672042655,False,insufficient_data,0.5625,0.0,0.5625,False,False,False,56.25,,,,exposure_only_no_risk_signal
jc,2020,6,3225,Baldwin at Montgomery,40.7236589,-74.0641943,1070,0,0.0,0.0,344.7550891695267,False,insufficient_data,0.5625,0.0,0.5625,False,False,False,56.25,,,,exposure_only_no_risk_signal
jc,2019,1,3184,Paulus Hook,40.7141454,-74.0335519,770,0,0.0,0.0,479.07525378103054,False,insufficient_data,0.5625,0.0,0.5625,False,False,False,56.25,,,,exposure_only_no_risk_signal
jc,2020,5,3272,Jersey & 3rd,40.72333158646436,-74.04595255851744,767,0,0.0,0.0,480.94908137078687,False,insufficient_data,0.5625,0.0,0.5625,False,False,False,56.25,,,,exposure_only_no_risk_signal
jc,2019,12,3213,Van Vorst Park,40.71848892,-74.047726625,726,0,0.0,0.0,508.1101176465476,False,insufficient_data,0.5625,0.0,0.5625,False,False,False,56.25,,,,exposure_only_no_risk_signal
jc,2019,2,3273,Manila & 1st,40.72165072487999,-74.04288411140442,703,0,0.0,0.0,524.733919504116,False,insufficient_data,0.5625,0.0,0.5625,False,False,False,56.25,,,,exposure_only_no_risk_signal
jc,2020,12,3269,Brunswick & 6th,40.726011729646245,-74.05038893222809,457,0,0.0,0.0,807.1946289089574,False,insufficient_data,0.5625,0.0,0.5625,False,False,False,56.25,,,,exposure_only_no_risk_signal
jc,2020,4,3225,Baldwin at Montgomery,40.7236589,-74.0641943,334,0,0.0,0.0,1104.4549263814179,False,insufficient_data,0.5625,0.0,0.5625,False,False,False,56.25,,,,exposure_only_no_risk_signal
jc,2023,7,HB407,Adams St & 2 St,40.73978405227992,-74.03691136602946,2443,0,0.0,0.0,150.99793099115576,False,insufficient_data,0.5609756097560976,0.0,0.5609756097560976,False,False,False,56.09756097560976,,,,exposure_only_no_risk_signal
jc,2023,6,HB601,Church Sq Park - 5 St & Park Ave,40.74263692633083,-74.03226767720648,2311,0,0.0,0.0,159.62265054582153,False,insufficient_data,0.5609756097560976,0.0,0.5609756097560976,False,False,False,56.09756097560976,,,,exposure_only_no_risk_signal
jc,2023,5,JC102,Grand St,40.71516493202956,-74.03768379289754,2310,0,0.0,0.0,159.69175126034352,False,insufficient_data,0.5609756097560976,0.0,0.5609756097560976,False,False,False,56.09756097560976,,,,exposure_only_no_risk_signal
jc,2023,4,HB409,Clinton St & Newark St,40.73743818893153,-74.03570406747255,1913,0,0.0,0.0,192.8321721962329,False,insufficient_data,0.5609756097560976,0.0,0.5609756097560976,False,False,False,56.09756097560976,,,,exposure_only_no_risk_signal
jc,2023,3,JC116,Exchange Pl,40.71636886127494,-74.03435506159589,1484,0,0.0,0.0,248.57678262223283,False,insufficient_data,0.5609756097560976,0.0,0.5609756097560976,False,False,False,56.09756097560976,,,,exposure_only_no_risk_signal
jc,2025,3,HB505,Willow Ave & 12 St,40.7518674823282,-74.03037697076797,1695,0,0.0,0.0,217.63300614241507,False,insufficient_data,0.5602409638554217,0.0,0.5602409638554217,False,False,False,56.024096385542165,,,,exposure_only_no_risk_signal
jc,2025,3,JC102,Grand St,40.71517767732029,-74.03768330812454,1695,0,0.0,0.0,217.63300614241507,False,insufficient_data,0.5602409638554217,0.0,0.5602409638554217,False,False,False,56.024096385542165,,,,exposure_only_no_risk_signal
jc,2023,12,HB407,Adams St & 2 St,40.73979140748843,-74.03688279375298,1459,0,0.0,0.0,252.83615175558157,False,insufficient_data,0.5602409638554217,0.0,0.5602409638554217,False,False,False,56.024096385542165,,,,exposure_only_no_risk_signal
jc,2023,12,HB505,Willow Ave & 12 St,40.75187703828935,-74.03036874124807,1459,0,0.0,0.0,252.83615175558157,False,insufficient_data,0.5602409638554217,0.0,0.5602409638554217,False,False,False,56.024096385542165,,,,exposure_only_no_risk_signal
jc,2025,7,HB409,Clinton St & Newark St,40.73743,-74.03571,2572,0,0.0,0.0,143.4245510930768,False,insufficient_data,0.5595238095238095,0.0,0.5595238095238095,False,False,False,55.952380952380956,,,,exposure_only_no_risk_signal
jc,2025,5,JC035,Van Vorst Park,40.71848892,-74.047726625,2183,0,0.0,0.0,168.982109670817,False,insufficient_data,0.5595238095238095,0.0,0.5595238095238095,False,False,False,55.952380952380956,,,,exposure_only_no_risk_signal
jc,2025,8,JC035,Van Vorst Park,40.71848892,-74.047726625,2445,0,0.0,0.0,150.87441530118346,False,insufficient_data,0.5568181818181818,0.0,0.5568181818181818,False,False,False,55.68181818181818,,,,exposure_only_no_risk_signal
jc,2023,1,JC106,Columbus Dr at Exchange Pl,40.716877028405406,-74.03283056046486,1295,0,0.0,0.0,284.8555563022344,False,insufficient_data,0.5555555555555556,0.0,0.5555555555555556,False,False,False,55.55555555555556,,,,exposure_only_no_risk_signal
jc,2023,2,JC035,Van Vorst Park,40.71847948212252,-74.04773206599828,1159,0,0.0,0.0,318.2812298631523,False,insufficient_data,0.5555555555555556,0.0,0.5555555555555556,False,False,False,55.55555555555556,,,,exposure_only_no_risk_signal
jc,2025,12,JC103,Journal Square,40.73367,-74.0625,878,0,0.0,0.0,420.1457237031817,False,insufficient_data,0.5555555555555556,0.0,0.5555555555555556,False,False,False,55.55555555555556,,,,exposure_only_no_risk_signal
jc,2023,8,JC102,Grand St,40.7151821343074,-74.03767656558766,2691,0,0.0,0.0,137.0821053182436,False,insufficient_data,0.5542168674698795,0.0,0.5542168674698795,False,False,False,55.42168674698795,,,,exposure_only_no_risk_signal
jc,2023,10,HB503,Madison St & 10 St,40.74989264403457,-74.03589705878976,2418,0,0.0,0.0,152.55911720901304,False,insufficient_data,0.5542168674698795,0.0,0.5542168674698795,False,False,False,55.42168674698795,,,,exposure_only_no_risk_signal
jc,2025,4,JC035,Van Vorst Park,40.71848892,-74.047726625,1947,0,0.0,0.0,189.46478963091604,False,insufficient_data,0.5542168674698795,0.0,0.5542168674698795,False,False,False,55.42168674698795,,,,exposure_only_no_risk_signal
jc,2023,11,HB401,Southwest Park - Jackson St & Observer Hwy,40.737564259053066,-74.04164781779606,1833,0,0.0,0.0,201.24819716933632,False,insufficient_data,0.5542168674698795,0.0,0.5542168674698795,False,False,False,55.42168674698795,,,,exposure_only_no_risk_signal
jc,2025,2,JC055,McGinley Square,40.7253399253558,-74.06762212514877,1081,0,0.0,0.0,341.24694302626597,False,insufficient_data,0.5542168674698795,0.0,0.5542168674698795,False,False,False,55.42168674698795,,,,exposure_only_no_risk_signal
jc,2025,9,HB608,2 St & Park Ave,40.73915272763701,-74.0330819785595,2552,0,0.0,0.0,144.54856795117303,False,insufficient_data,0.5531914893617021,0.0,0.5531914893617021,False,False,False,55.319148936170215,,,,exposure_only_no_risk_signal
jc,2025,10,HB407,Adams St & 2 St,40.73981372311843,-74.03690412640572,2227,0,0.0,0.0,165.64344203475238,False,insufficient_data,0.5531914893617021,0.0,0.5531914893617021,False,False,False,55.319148936170215,,,,exposure_only_no_risk_signal
jc,2025,11,HB608,2 St & Park Ave,40.73915272763701,-74.0330819785595,1584,0,0.0,0.0,232.88380392133428,False,insufficient_data,0.5531914893617021,0.0,0.5531914893617021,False,False,False,55.319148936170215,,,,exposure_only_no_risk_signal
jc,2025,6,JC066,Newport PATH,40.7272235,-74.0337589,2214,0,0.0,0.0,166.6160548380278,False,insufficient_data,0.5529411764705883,0.0,0.5529411764705883,False,False,False,55.294117647058826,,,,exposure_only_no_risk_signal
jc,2023,9,JC110,JC Medical Center,40.7154622045206,-74.0496272325256,2174,0,0.0,0.0,169.6816676225361,False,insufficient_data,0.5529411764705883,0.0,0.5529411764705883,False,False,False,55.294117647058826,,,,exposure_only_no_risk_signal
jc,2025,1,HB409,Clinton St & Newark St,40.73743,-74.03571,1146,0,0.0,0.0,321.891749922682,False,insufficient_data,0.5529411764705883,0.0,0.5529411764705883,False,False,False,55.294117647058826,,,,exposure_only_no_risk_signal
jc,2019,3,3275,Columbus Drive,40.71835519823214,-74.03891444206238,951,0,0.0,0.0,387.89479012764826,False,insufficient_data,0.5520833333333334,0.0,0.5520833333333334,False,False,False,55.208333333333336,,,,exposure_only_no_risk_signal
jc,2019,3,3640,Journal Square,40.73366999999999,-74.0625,951,0,0.0,0.0,387.89479012764826,False,insufficient_data,0.5520833333333334,0.0,0.5520833333333334,False,False,False,55.208333333333336,,,,exposure_only_no_risk_signal
jc,2019,9,3270,Jersey & 6th St,40.72528910781132,-74.04557168483734,1787,0,0.0,0.0,206.42862082338752,False,insufficient_data,0.5510204081632653,0.0,0.5510204081632653,False,False,False,55.10204081632652,,,,exposure_only_no_risk_signal
jc,2019,8,3214,Essex Light Rail,40.7127742,-74.0364857,1772,0,0.0,0.0,208.17604142855166,False,insufficient_data,0.5510204081632653,0.0,0.5510204081632653,False,False,False,55.10204081632652,,,,exposure_only_no_risk_signal
jc,2019,7,3205,JC Medical Center,40.71653978099194,-74.0496379137039,1558,0,0.0,0.0,236.7701831908816,False,insufficient_data,0.5510204081632653,0.0,0.5510204081632653,False,False,False,55.10204081632652,,,,exposure_only_no_risk_signal
jc,2019,10,3192,Liberty Light Rail,40.7112423,-74.0557013,1515,0,0.0,0.0,243.49039301082084,False,insufficient_data,0.5510204081632653,0.0,0.5510204081632653,False,False,False,55.10204081632652,,,,exposure_only_no_risk_signal
jc,2019,5,3273,Manila & 1st,40.72165072487999,-74.04288411140442,1313,0,0.0,0.0,280.950453474024,False,insufficient_data,0.5510204081632653,0.0,0.5510204081632653,False,False,False,55.10204081632652,,,,exposure_only_no_risk_signal
jc,2020,9,3194,McGinley Square,40.7253399253558,-74.06762212514877,1215,0,0.0,0.0,303.61147770485064,False,insufficient_data,0.5510204081632653,0.0,0.5510204081632653,False,False,False,55.10204081632652,,,,exposure_only_no_risk_signal
jc,2019,11,3638,Washington St,40.7242941,-74.0354826,1110,0,0.0,0.0,332.3314823526068,False,insufficient_data,0.5510204081632653,0.0,0.5510204081632653,False,False,False,55.10204081632652,,,,exposure_only_no_risk_signal
jc,2020,7,3791,Hoboken Ave at Monmouth St,40.73520838045357,-74.04696375131607,1101,0,0.0,0.0,335.04808847538015,False,insufficient_data,0.5510204081632653,0.0,0.5510204081632653,False,False,False,55.10204081632652,,,,exposure_only_no_risk_signal
jc,2020,1,3213,Van Vorst Park,40.71848892,-74.047726625,989,0,0.0,0.0,372.99084470312795,False,insufficient_data,0.5510204081632653,0.0,0.5510204081632653,False,False,False,55.10204081632652,,,,exposure_only_no_risk_signal
jc,2020,10,3269,Brunswick & 6th,40.72601172964625,-74.05038893222809,950,0,0.0,0.0,388.3031004330458,False,insufficient_data,0.5510204081632653,0.0,0.5510204081632653,False,False,False,55.10204081632652,,,,exposure_only_no_risk_signal
jc,2020,2,3184,Paulus Hook,40.7141454,-74.0335519,882,0,0.0,0.0,418.2403009199473,False,insufficient_data,0.5510204081632653,0.0,0.5510204081632653,False,False,False,55.10204081632652,,,,exposure_only_no_risk_signal
jc,2020,11,3270,Jersey & 6th St,40.72528910781132,-74.04557168483734,777,0,0.0,0.0,474.759260503724,False,insufficient_data,0.5510204081632653,0.0,0.5510204081632653,False,False,False,55.10204081632652,,,,exposure_only_no_risk_signal
jc,2020,3,3279,Dixon Mills,40.721630142638354,-74.04996782541275,626,0,0.0,0.0,589.2778680693187,False,insufficient_data,0.5510204081632653,0.0,0.5510204081632653,False,False,False,55.10204081632652,,,,exposure_only_no_risk_signal
jc,2023,7,JC002,Paulus Hook,40.7141713213775,-74.03356936754811,2415,0,0.0,0.0,152.7486316403286,False,insufficient_data,0.5487804878048781,0.0,0.5487804878048781,False,False,False,54.87804878048781,,,,exposure_only_no_risk_signal
jc,2023,6,HB407,Adams St & 2 St,40.73980244800124,-74.03689417510432,2279,0,0.0,0.0,161.8639514749423,False,insufficient_data,0.5487804878048781,0.0,0.5487804878048781,False,False,False,54.87804878048781,,,,exposure_only_no_risk_signal
jc,2023,5,JC098,Washington St,40.72429237309358,-74.03548228772276,2276,0,0.0,0.0,162.07730466229944,False,insufficient_data,0.5487804878048781,0.0,0.5487804878048781,False,False,False,54.87804878048781,,,,exposure_only_no_risk_signal
jc,2023,4,JC102,Grand St,40.7151621895928,-74.03768383325155,1857,0,0.0,0.0,198.64725116391682,False,insufficient_data,0.5487804878048781,0.0,0.5487804878048781,False,False,False,54.87804878048781,,,,exposure_only_no_risk_signal
jc,2023,3,JC081,Brunswick & 6th,40.726025864832856,-74.05039136060886,1462,0,0.0,0.0,252.31733612270418,False,insufficient_data,0.5487804878048781,0.0,0.5487804878048781,False,False,False,54.87804878048781,,,,exposure_only_no_risk_signal
jc,2025,7,HB203,Bloomfield St & 15 St,40.75453,-74.02658,2511,0,0.0,0.0,146.90877953460517,False,insufficient_data,0.5476190476190477,0.0,0.5476190476190477,False,False,False,54.761904761904766,,,,exposure_only_no_risk_signal
jc,2025,12,HB404,Mama Johnson Field - 4 St & Jackson St,40.74313993965626,-74.04004096984863,860,0,0.0,0.0,428.9394714085971,False,insufficient_data,0.5462962962962963,0.0,0.5462962962962963,False,False,False,54.629629629629626,,,,exposure_only_no_risk_signal
jc,2025,8,HB401,Southwest Park - Jackson St & Observer Hwy,40.73755127245804,-74.04166370630264,2369,0,0.0,0.0,155.7146244877136,False,insufficient_data,0.5454545454545454,0.0,0.5454545454545454,False,False,False,54.54545454545454,,,,exposure_only_no_risk_signal
jc,2023,1,HB401,Southwest Park - Jackson St & Observer Hwy,40.73756870152264,-74.04166016399917,1291,0,0.0,0.0,285.738145167617,False,insufficient_data,0.5432098765432098,0.0,0.5432098765432098,False,False,False,54.32098765432099,,,,exposure_only_no_risk_signal
jc,2023,2,HB505,Willow Ave & 12 St,40.75188449156478,-74.03037173660684,1157,0,0.0,0.0,318.83141349299353,False,insufficient_data,0.5432098765432098,0.0,0.5432098765432098,False,False,False,54.32098765432099,,,,exposure_only_no_risk_signal
jc,2025,9,JC102,Grand St,40.71517767732029,-74.03768330812454,2540,0,0.0,0.0,145.2314745714148,False,insufficient_data,0.5425531914893617,0.0,0.5425531914893617,False,False,False,54.25531914893617,,,,exposure_only_no_risk_signal
jc,2025,10,HB608,2 St & Park Ave,40.73915272763701,-74.0330819785595,2177,0,0.0,0.0,169.44783895792077,False,insufficient_data,0.5425531914893617,0.0,0.5425531914893617,False,False,False,54.25531914893617,,,,exposure_only_no_risk_signal
jc,2025,11,JC104,Harborside,40.7192517,-74.034234,1557,0,0.0,0.0,236.92225138817824,False,insufficient_data,0.5425531914893617,0.0,0.5425531914893617,False,False,False,54.25531914893617,,,,exposure_only_no_risk_signal
jc,2023,8,JC082,Manila & 1st,40.72167468446233,-74.04289071884624,2681,0,0.0,0.0,137.59341492405576,False,insufficient_data,0.5421686746987951,0.0,0.5421686746987951,False,False,False,54.21686746987952,,,,exposure_only_no_risk_signal
jc,2023,10,HB505,Willow Ave & 12 St,40.751819431101886,-74.0304128960002,2387,0,0.0,0.0,154.54040444549375,False,insufficient_data,0.5421686746987951,0.0,0.5421686746987951,False,False,False,54.21686746987952,,,,exposure_only_no_risk_signal
jc,2025,4,HB505,Willow Ave & 12 St,40.7518674823282,-74.03037697076797,1839,0,0.0,0.0,200.59159619977896,False,insufficient_data,0.5421686746987951,0.0,0.5421686746987951,False,False,False,54.21686746987952,,,,exposure_only_no_risk_signal
jc,2023,11,HB503,Madison St & 10 St,40.74997589786179,-74.03586229259155,1820,0,0.0,0.0,202.6856842919745,False,insufficient_data,0.5421686746987951,0.0,0.5421686746987951,False,False,False,54.21686746987952,,,,exposure_only_no_risk_signal
jc,2025,3,HB407,Adams St & 2 St,40.73981372311843,-74.03690412640572,1678,0,0.0,0.0,219.83786973265407,False,insufficient_data,0.5421686746987951,0.0,0.5421686746987951,False,False,False,54.21686746987952,,,,exposure_only_no_risk_signal
jc,2023,12,HB301,4 St & Grand St,40.742265524764285,-74.03507772997048,1443,0,0.0,0.0,255.63960180969752,False,insufficient_data,0.5421686746987951,0.0,0.5421686746987951,False,False,False,54.21686746987952,,,,exposure_only_no_risk_signal
jc,2025,2,HB304,7 St & Monroe St,40.74641264837719,-74.03797701001167,1070,0,0.0,0.0,344.7550891695267,False,insufficient_data,0.5421686746987951,0.0,0.5421686746987951,False,False,False,54.21686746987952,,,,exposure_only_no_risk_signal
jc,2025,5,JC102,Grand St,40.71517767732029,-74.03768330812454,2168,0,0.0,0.0,170.1512663336686,False,insufficient_data,0.5416666666666666,0.0,0.5416666666666666,False,False,False,54.166666666666664,,,,exposure_only_no_risk_signal
jc,2025,5,JC110,JC Medical Center,40.71539114317,-74.04969155788422,2168,0,0.0,0.0,170.1512663336686,False,insufficient_data,0.5416666666666666,0.0,0.5416666666666666,False,False,False,54.166666666666664,,,,exposure_only_no_risk_signal
jc,2019,6,3205,JC Medical Center,40.71653978099194,-74.0496379137039,1456,0,0.0,0.0,253.35710536496808,False,insufficient_data,0.5416666666666666,0.0,0.5416666666666666,False,False,False,54.166666666666664,,,,exposure_only_no_risk_signal
jc,2019,4,3275,Columbus Drive,40.71835519823214,-74.03891444206238,1276,0,0.0,0.0,289.09713590234605,False,insufficient_data,0.5416666666666666,0.0,0.5416666666666666,False,False,False,54.166666666666664,,,,exposure_only_no_risk_signal
jc,2020,8,3279,Dixon Mills,40.721630142638354,-74.04996782541275,1164,0,0.0,0.0,316.9140424496508,False,insufficient_data,0.5416666666666666,0.0,0.5416666666666666,False,False,False,54.166666666666664,,,,exposure_only_no_risk_signal
jc,2020,6,3273,Manila & 1st,40.72165072487999,-74.04288411140442,1042,0,0.0,0.0,354.0191414696675,False,insufficient_data,0.5416666666666666,0.0,0.5416666666666666,False,False,False,54.166666666666664,,,,exposure_only_no_risk_signal
jc,2019,1,3279,Dixon Mills,40.721630142638354,-74.04996782541275,719,0,0.0,0.0,513.0569477209924,False,insufficient_data,0.5416666666666666,0.0,0.5416666666666666,False,False,False,54.166666666666664,,,,exposure_only_no_risk_signal
jc,2019,12,3279,Dixon Mills,40.721630142638354,-74.04996782541275,711,0,0.0,0.0,518.8297403817068,False,insufficient_data,0.5416666666666666,0.0,0.5416666666666666,False,False,False,54.166666666666664,,,,exposure_only_no_risk_signal
jc,2019,2,3279,Dixon Mills,40.721630142638354,-74.04996782541275,697,0,0.0,0.0,529.2509977207942,False,insufficient_data,0.5416666666666666,0.0,0.5416666666666666,False,False,False,54.166666666666664,,,,exposure_only_no_risk_signal
jc,2020,5,3198,Heights Elevator,40.74871594538023,-74.04044330120087,657,0,0.0,0.0,561.4732806870526,False,insufficient_data,0.5416666666666666,0.0,0.5416666666666666,False,False,False,54.166666666666664,,,,exposure_only_no_risk_signal
jc,2020,12,3270,Jersey & 6th St,40.72528910781132,-74.04557168483734,455,0,0.0,0.0,810.742737167898,False,insufficient_data,0.5416666666666666,0.0,0.5416666666666666,False,False,False,54.166666666666664,,,,exposure_only_no_risk_signal
jc,2020,4,3210,Pershing Field,40.742677141,-74.051788633,311,0,0.0,0.0,1186.1348727054453,False,insufficient_data,0.5416666666666666,0.0,0.5416666666666666,False,False,False,54.166666666666664,,,,exposure_only_no_risk_signal
jc,2025,6,JC035,Van Vorst Park,40.71848892,-74.047726625,2199,0,0.0,0.0,167.75259000063372,False,insufficient_data,0.5411764705882353,0.0,0.5411764705882353,False,False,False,54.11764705882353,,,,exposure_only_no_risk_signal
jc,2023,9,HB301,4 St & Grand St,40.74218168856357,-74.03509775014997,2166,0,0.0,0.0,170.30837738291484,False,insufficient_data,0.5411764705882353,0.0,0.5411764705882353,False,False,False,54.11764705882353,,,,exposure_only_no_risk_signal
jc,2025,1,HB401,Southwest Park - Jackson St & Observer Hwy,40.73755127245804,-74.04166370630264,1141,0,0.0,0.0,323.30231850253597,False,insufficient_data,0.5411764705882353,0.0,0.5411764705882353,False,False,False,54.11764705882353,,,,exposure_only_no_risk_signal
jc,2025,12,HB508,Monroe St & 11 St,40.7501091128573,-74.036636745998,830,0,0.0,0.0,444.4433077245705,False,insufficient_data,0.5370370370370371,0.0,0.5370370370370371,False,False,False,53.70370370370371,,,,exposure_only_no_risk_signal
jc,2023,7,HB301,4 St & Grand St,40.74223907030501,-74.03509987762013,2350,0,0.0,0.0,156.97359379208234,False,insufficient_data,0.5365853658536586,0.0,0.5365853658536586,False,False,False,53.65853658536586,,,,exposure_only_no_risk_signal
jc,2023,6,HB203,Bloomfield St & 15 St,40.75444872062179,-74.02661967728669,2258,0,0.0,0.0,163.3693292344524,False,insufficient_data,0.5365853658536586,0.0,0.5365853658536586,False,False,False,53.65853658536586,,,,exposure_only_no_risk_signal
jc,2023,5,HB503,Madison St & 10 St,40.74995790539967,-74.03586599785953,2188,0,0.0,0.0,168.59595311306833,False,insufficient_data,0.5365853658536586,0.0,0.5365853658536586,False,False,False,53.65853658536586,,,,exposure_only_no_risk_signal
jc,2023,4,HB407,Adams St & 2 St,40.73980261386201,-74.03689468660231,1853,0,0.0,0.0,199.07606336286753,False,insufficient_data,0.5365853658536586,0.0,0.5365853658536586,False,False,False,53.65853658536586,,,,exposure_only_no_risk_signal
jc,2023,3,JC102,Grand St,40.71515932859627,-74.03768195370746,1459,0,0.0,0.0,252.83615175558157,False,insufficient_data,0.5365853658536586,0.0,0.5365853658536586,False,False,False,53.65853658536586,,,,exposure_only_no_risk_signal
jc,2025,7,HB401,Southwest Park - Jackson St & Observer Hwy,40.73755127245804,-74.04166370630264,2504,0,0.0,0.0,147.31946701732969,False,insufficient_data,0.5357142857142857,0.0,0.5357142857142857,False,False,False,53.57142857142857,,,,exposure_only_no_risk_signal
jc,2025,8,HB409,Clinton St & Newark St,40.73743,-74.03571,2351,0,0.0,0.0,156.90682493040984,False,insufficient_data,0.5340909090909091,0.0,0.5340909090909091,False,False,False,53.40909090909091,,,,exposure_only_no_risk_signal
jc,2025,9,HB407,Adams St & 2 St,40.73981372311843,-74.03690412640572,2453,0,0.0,0.0,150.3823666577226,False,insufficient_data,0.5319148936170213,0.0,0.5319148936170213,False,False,False,53.191489361702125,,,,exposure_only_no_risk_signal
jc,2025,10,JC035,Van Vorst Park,40.71848892,-74.047726625,2033,0,0.0,0.0,181.4500469313298,False,insufficient_data,0.5319148936170213,0.0,0.5319148936170213,False,False,False,53.191489361702125,,,,exposure_only_no_risk_signal
jc,2025,11,JC035,Van Vorst Park,40.71848892,-74.047726625,1515,0,0.0,0.0,243.49039301082084,False,insufficient_data,0.5319148936170213,0.0,0.5319148936170213,False,False,False,53.191489361702125,,,,exposure_only_no_risk_signal
jc,2023,1,JC102,Grand St,40.71515809346757,-74.03768357489496,1278,0,0.0,0.0,288.64471471940027,False,insufficient_data,0.5308641975308642,0.0,0.5308641975308642,False,False,False,53.086419753086425,,,,exposure_only_no_risk_signal
jc,2023,2,HB506,Grand St & 14 St,40.75407843259681,-74.03159217872502,1131,0,0.0,0.0,326.1608712744417,False,insufficient_data,0.5308641975308642,0.0,0.5308641975308642,False,False,False,53.086419753086425,,,,exposure_only_no_risk_signal
jc,2019,8,3278,Monmouth and 6th,40.72568548362901,-74.04879033565521,1762,0,0.0,0.0,209.35751725958772,False,insufficient_data,0.5306122448979592,0.0,0.5306122448979592,False,False,False,53.06122448979592,,,,exposure_only_no_risk_signal
jc,2019,9,3209,Brunswick St,40.7241765,-74.0506564,1759,0,0.0,0.0,209.71457954030333,False,insufficient_data,0.5306122448979592,0.0,0.5306122448979592,False,False,False,53.06122448979592,,,,exposure_only_no_risk_signal
jc,2019,7,3273,Manila & 1st,40.72165072487999,-74.04288411140442,1503,0,0.0,0.0,245.4344280847595,False,insufficient_data,0.5306122448979592,0.0,0.5306122448979592,False,False,False,53.06122448979592,,,,exposure_only_no_risk_signal
jc,2019,10,3213,Van Vorst Park,40.71848892,-74.047726625,1492,0,0.0,0.0,247.2439312408804,False,insufficient_data,0.5306122448979592,0.0,0.5306122448979592,False,False,False,53.06122448979592,,,,exposure_only_no_risk_signal
jc,2019,5,3278,Monmouth and 6th,40.72568548362901,-74.04879033565521,1253,0,0.0,0.0,294.4037872397394,False,insufficient_data,0.5306122448979592,0.0,0.5306122448979592,False,False,False,53.06122448979592,,,,exposure_only_no_risk_signal
jc,2020,9,3225,Baldwin at Montgomery,40.7236589,-74.0641943,1196,0,0.0,0.0,308.4347369660481,False,insufficient_data,0.5306122448979592,0.0,0.5306122448979592,False,False,False,53.06122448979592,,,,exposure_only_no_risk_signal
jc,2019,11,3213,Van Vorst Park,40.71848892,-74.047726625,1097,0,0.0,0.0,336.269777038645,False,insufficient_data,0.5306122448979592,0.0,0.5306122448979592,False,False,False,53.06122448979592,,,,exposure_only_no_risk_signal
jc,2020,7,3214,Essex Light Rail,40.7127742,-74.0364857,1092,0,0.0,0.0,337.8094738199575,False,insufficient_data,0.5306122448979592,0.0,0.5306122448979592,False,False,False,53.06122448979592,,,,exposure_only_no_risk_signal
jc,2020,1,3192,Liberty Light Rail,40.7112423,-74.0557013,983,0,0.0,0.0,375.26749278880317,False,insufficient_data,0.5306122448979592,0.0,0.5306122448979592,False,False,False,53.06122448979592,,,,exposure_only_no_risk_signal
jc,2020,10,3225,Baldwin at Montgomery,40.7236589,-74.0641943,939,0,0.0,0.0,392.8519120462125,False,insufficient_data,0.5306122448979592,0.0,0.5306122448979592,False,False,False,53.06122448979592,,,,exposure_only_no_risk_signal
jc,2020,2,3279,Dixon Mills,40.721630142638354,-74.04996782541275,868,0,0.0,0.0,424.9861122251078,False,insufficient_data,0.5306122448979592,0.0,0.5306122448979592,False,False,False,53.06122448979592,,,,exposure_only_no_risk_signal
jc,2020,11,3269,Brunswick & 6th,40.72601172964625,-74.05038893222809,724,0,0.0,0.0,509.51373675606845,False,insufficient_data,0.5306122448979592,0.0,0.5306122448979592,False,False,False,53.06122448979592,,,,exposure_only_no_risk_signal
jc,2020,3,3209,Brunswick St,40.7241765,-74.0506564,608,0,0.0,0.0,606.7235944266341,False,insufficient_data,0.5306122448979592,0.0,0.5306122448979592,False,False,False,53.06122448979592,,,,exposure_only_no_risk_signal
jc,2023,8,HB505,Willow Ave & 12 St,40.75179263677799,-74.03040668178642,2607,0,0.0,0.0,141.49902010410185,False,insufficient_data,0.5301204819277109,0.0,0.5301204819277109,False,False,False,53.01204819277109,,,,exposure_only_no_risk_signal
jc,2023,10,HB609,River St & 1 St,40.737217738749706,-74.02885878431198,2310,0,0.0,0.0,159.69175126034352,False,insufficient_data,0.5301204819277109,0.0,0.5301204819277109,False,False,False,53.01204819277109,,,,exposure_only_no_risk_signal
jc,2023,11,HB301,4 St & Grand St,40.742248375465216,-74.03508695123028,1778,0,0.0,0.0,207.4735351020211,False,insufficient_data,0.5301204819277109,0.0,0.5301204819277109,False,False,False,53.01204819277109,,,,exposure_only_no_risk_signal
jc,2025,3,JC072,Morris Canal,40.7124188237569,-74.03852552175522,1676,0,0.0,0.0,220.10020609271692,False,insufficient_data,0.5301204819277109,0.0,0.5301204819277109,False,False,False,53.01204819277109,,,,exposure_only_no_risk_signal
jc,2023,12,HB602,Stevens - River Ter & 6 St,40.7431464248469,-74.02698939141234,1430,0,0.0,0.0,257.96359818978567,False,insufficient_data,0.5301204819277109,0.0,0.5301204819277109,False,False,False,53.01204819277109,,,,exposure_only_no_risk_signal
jc,2025,2,HB409,Clinton St & Newark St,40.73743,-74.03571,1067,0,0.0,0.0,345.7244099450736,False,insufficient_data,0.5301204819277109,0.0,0.5301204819277109,False,False,False,53.01204819277109,,,,exposure_only_no_risk_signal
jc,2023,9,HB503,Madison St & 10 St,40.74988789911719,-74.03588900650625,2165,0,0.0,0.0,170.3870417604589,False,insufficient_data,0.5294117647058824,0.0,0.5294117647058824,False,False,False,52.94117647058824,,,,exposure_only_no_risk_signal
jc,2025,6,HB301,4 St & Grand St,40.7422579775645,-74.03511106967926,2118,0,0.0,0.0,174.16805732360413,False,insufficient_data,0.5294117647058824,0.0,0.5294117647058824,False,False,False,52.94117647058824,,,,exposure_only_no_risk_signal
jc,2025,1,JC032,Newark Ave,40.72152515,-74.046304543,1137,0,0.0,0.0,324.4397057268193,False,insufficient_data,0.5294117647058824,0.0,0.5294117647058824,False,False,False,52.94117647058824,,,,exposure_only_no_risk_signal
jc,2025,12,JC019,Hilltop,40.7311689,-74.0575736,807,0,0.0,0.0,457.11021736232163,False,insufficient_data,0.5277777777777778,0.0,0.5277777777777778,False,False,False,52.77777777777778,,,,exposure_only_no_risk_signal
jc,2023,7,JC102,Grand St,40.715190651535664,-74.03770380478666,2293,0,0.0,0.0,160.87568487195531,False,insufficient_data,0.524390243902439,0.0,0.524390243902439,False,False,False,52.4390243902439,,,,exposure_only_no_risk_signal
jc,2023,6,JC072,Morris Canal,40.71242335996183,-74.03848419834699,2253,0,0.0,0.0,163.73188877558525,False,insufficient_data,0.524390243902439,0.0,0.524390243902439,False,False,False,52.4390243902439,,,,exposure_only_no_risk_signal
jc,2023,5,HB408,Marshall St & 2 St,40.74078576945551,-74.04253356780221,2169,0,0.0,0.0,170.0728194612234,False,insufficient_data,0.524390243902439,0.0,0.524390243902439,False,False,False,52.4390243902439,,,,exposure_only_no_risk_signal
jc,2023,4,JC110,JC Medical Center,40.71539112638951,-74.04969230127851,1808,0,0.0,0.0,204.03094325851416,False,insufficient_data,0.524390243902439,0.0,0.524390243902439,False,False,False,52.4390243902439,,,,exposure_only_no_risk_signal
jc,2023,3,HB203,Bloomfield St & 15 St,40.75451024556108,-74.02657336033381,1408,0,0.0,0.0,261.9942794115011,False,insufficient_data,0.524390243902439,0.0,0.524390243902439,False,False,False,52.4390243902439,,,,exposure_only_no_risk_signal
jc,2025,4,HB409,Clinton St & Newark St,40.73743,-74.03571,1825,0,0.0,0.0,202.13038104733891,False,insufficient_data,0.5240963855421686,0.0,0.5240963855421686,False,False,False,52.40963855421686,,,,exposure_only_no_risk_signal
jc,2025,4,JC023,Brunswick St,40.7241765,-74.0506564,1825,0,0.0,0.0,202.13038104733891,False,insufficient_data,0.5240963855421686,0.0,0.5240963855421686,False,False,False,52.40963855421686,,,,exposure_only_no_risk_signal
jc,2025,7,JC035,Van Vorst Park,40.71848892,-74.047726625,2428,0,0.0,0.0,151.93078476581283,False,insufficient_data,0.5238095238095238,0.0,0.5238095238095238,False,False,False,52.38095238095239,,,,exposure_only_no_risk_signal
jc,2025,5,JC023,Brunswick St,40.7241765,-74.0506564,2141,0,0.0,0.0,172.2970319530096,False,insufficient_data,0.5238095238095238,0.0,0.5238095238095238,False,False,False,52.38095238095239,,,,exposure_only_no_risk_signal
jc,2025,8,JC102,Grand St,40.71517767732029,-74.03768330812454,2313,0,0.0,0.0,159.48462836636125,False,insufficient_data,0.5227272727272727,0.0,0.5227272727272727,False,False,False,52.27272727272727,,,,exposure_only_no_risk_signal
jc,2025,9,JC055,McGinley Square,40.7253399253558,-74.06762212514877,2381,0,0.0,0.0,154.92983847601576,False,insufficient_data,0.5212765957446809,0.0,0.5212765957446809,False,False,False,52.12765957446809,,,,exposure_only_no_risk_signal
jc,2025,10,HB203,Bloomfield St & 15 St,40.75453,-74.02658,2026,0,0.0,0.0,182.07697206880235,False,insufficient_data,0.5212765957446809,0.0,0.5212765957446809,False,False,False,52.12765957446809,,,,exposure_only_no_risk_signal
jc,2025,11,JC074,Jersey & 3rd,40.72333158646436,-74.04595255851744,1499,0,0.0,0.0,246.08935651193698,False,insufficient_data,0.5212765957446809,0.0,0.5212765957446809,False,False,False,52.12765957446809,,,,exposure_only_no_risk_signal
jc,2019,6,3273,Manila & 1st,40.72165072487999,-74.04288411140442,1450,0,0.0,0.0,254.4054795940645,False,insufficient_data,0.5208333333333334,0.0,0.5208333333333334,False,False,False,52.083333333333336,,,,exposure_only_no_risk_signal
jc,2019,4,3278,Monmouth and 6th,40.72568548362901,-74.04879033565521,1223,0,0.0,0.0,301.6254664034289,False,insufficient_data,0.5208333333333334,0.0,0.5208333333333334,False,False,False,52.083333333333336,,,,exposure_only_no_risk_signal
jc,2020,8,3681,Grand St,40.71517767732029,-74.03768330812454,1149,0,0.0,0.0,321.05130148946347,False,insufficient_data,0.5208333333333334,0.0,0.5208333333333334,False,False,False,52.083333333333336,,,,exposure_only_no_risk_signal
jc,2020,6,3198,Heights Elevator,40.74871594538023,-74.04044330120087,1000,0,0.0,0.0,368.8879454113935,False,insufficient_data,0.5208333333333334,0.0,0.5208333333333334,False,False,False,52.083333333333336,,,,exposure_only_no_risk_signal
jc,2019,3,3638,Washington St,40.7242941,-74.0354826,862,0,0.0,0.0,427.9442522173939,False,insufficient_data,0.5208333333333334,0.0,0.5208333333333334,False,False,False,52.083333333333336,,,,exposure_only_no_risk_signal
jc,2019,1,3638,Washington St,40.7242941,-74.0354826,669,0,0.0,0.0,551.4020110783161,False,insufficient_data,0.5208333333333334,0.0,0.5208333333333334,False,False,False,52.083333333333336,,,,exposure_only_no_risk_signal
jc,2019,2,3638,Washington St,40.7242941,-74.0354826,669,0,0.0,0.0,551.4020110783161,False,insufficient_data,0.5208333333333334,0.0,0.5208333333333334,False,False,False,52.083333333333336,,,,exposure_only_no_risk_signal
jc,2020,5,3483,Montgomery St,40.71942,-74.05099,645,0,0.0,0.0,571.9192952114628,False,insufficient_data,0.5208333333333334,0.0,0.5208333333333334,False,False,False,52.083333333333336,,,,exposure_only_no_risk_signal
jc,2019,12,3184,Paulus Hook,40.7141454,-74.0335519,643,0,0.0,0.0,573.6982043723071,False,insufficient_data,0.5208333333333334,0.0,0.5208333333333334,False,False,False,52.083333333333336,,,,exposure_only_no_risk_signal
jc,2020,12,3184,Paulus Hook,40.7141454,-74.0335519,446,0,0.0,0.0,827.1030166174743,False,insufficient_data,0.5208333333333334,0.0,0.5208333333333334,False,False,False,52.083333333333336,,,,exposure_only_no_risk_signal
jc,2020,4,3791,Hoboken Ave at Monmouth St,40.73520838045357,-74.04696375131607,291,0,0.0,0.0,1267.6561697986033,False,insufficient_data,0.5208333333333334,0.0,0.5208333333333334,False,False,False,52.083333333333336,,,,exposure_only_no_risk_signal
jc,2023,1,HB201,12 St & Sinatra Dr N,40.750613113798366,-74.02404587927722,1273,0,0.0,0.0,289.7784331589894,False,insufficient_data,0.5185185185185185,0.0,0.5185185185185185,False,False,False,51.85185185185185,,,,exposure_only_no_risk_signal
jc,2023,2,JC102,Grand St,40.71516860465576,-74.03767479044235,1126,0,0.0,0.0,327.60918775434595,False,insufficient_data,0.5185185185185185,0.0,0.5185185185185185,False,False,False,51.85185185185185,,,,exposure_only_no_risk_signal
jc,2025,12,JC104,Harborside,40.7192517,-74.034234,804,0,0.0,0.0,458.8158525017333,False,insufficient_data,0.5185185185185185,0.0,0.5185185185185185,False,False,False,51.85185185185185,,,,exposure_only_no_risk_signal
jc,2023,8,JC002,Paulus Hook,40.71417229675424,-74.03357372581078,2512,0,0.0,0.0,146.85029674020444,False,insufficient_data,0.5180722891566265,0.0,0.5180722891566265,False,False,False,51.80722891566265,,,,exposure_only_no_risk_signal
jc,2023,10,HB203,Bloomfield St & 15 St,40.75437185632611,-74.02665875768096,2308,0,0.0,0.0,159.83013232729357,False,insufficient_data,0.5180722891566265,0.0,0.5180722891566265,False,False,False,51.80722891566265,,,,exposure_only_no_risk_signal
jc,2023,11,HB505,Willow Ave & 12 St,40.75188169608501,-74.03040218150271,1689,0,0.0,0.0,218.40612516956398,False,insufficient_data,0.5180722891566265,0.0,0.5180722891566265,False,False,False,51.80722891566265,,,,exposure_only_no_risk_signal
jc,2025,3,HB409,Clinton St & Newark St,40.73743000000001,-74.03571,1655,0,0.0,0.0,222.8930183754644,False,insufficient_data,0.5180722891566265,0.0,0.5180722891566265,False,False,False,51.80722891566265,,,,exposure_only_no_risk_signal
jc,2023,12,HB503,Madison St & 10 St,40.74997264851821,-74.03588461566586,1427,0,0.0,0.0,258.5059182981034,False,insufficient_data,0.5180722891566265,0.0,0.5180722891566265,False,False,False,51.80722891566265,,,,exposure_only_no_risk_signal
jc,2025,2,JC035,Van Vorst Park,40.71848892,-74.047726625,1039,0,0.0,0.0,355.04133340846346,False,insufficient_data,0.5180722891566265,0.0,0.5180722891566265,False,False,False,51.80722891566265,,,,exposure_only_no_risk_signal
jc,2025,6,HB505,Willow Ave & 12 St,40.7518674823282,-74.03037697076797,2110,0,0.0,0.0,174.8284101475799,False,insufficient_data,0.5176470588235295,0.0,0.5176470588235295,False,False,False,51.76470588235295,,,,exposure_only_no_risk_signal
jc,2023,9,JC035,Van Vorst Park,40.71849983863032,-74.04770025157413,2082,0,0.0,0.0,177.17960874706702,False,insufficient_data,0.5176470588235295,0.0,0.5176470588235295,False,False,False,51.76470588235295,,,,exposure_only_no_risk_signal
jc,2025,1,JC003,City Hall,40.7177325,-74.043845,1103,0,0.0,0.0,334.440567009423,False,insufficient_data,0.5176470588235295,0.0,0.5176470588235295,False,False,False,51.76470588235295,,,,exposure_only_no_risk_signal
jc,2023,7,JC035,Van Vorst Park,40.71849296191579,-74.0477157067905,2288,0,0.0,0.0,161.22724886861607,False,insufficient_data,0.5121951219512195,0.0,0.5121951219512195,False,False,False,51.21951219512195,,,,exposure_only_no_risk_signal
jc,2023,6,JC102,Grand St,40.71517181299742,-74.03769422334818,2197,0,0.0,0.0,167.90530059690192,False,insufficient_data,0.5121951219512195,0.0,0.5121951219512195,False,False,False,51.21951219512195,,,,exposure_only_no_risk_signal
jc,2023,5,JC002,Paulus Hook,40.714145538681926,-74.03355099831154,2141,0,0.0,0.0,172.2970319530096,False,insufficient_data,0.5121951219512195,0.0,0.5121951219512195,False,False,False,51.21951219512195,,,,exposure_only_no_risk_signal
jc,2023,4,HB408,Marshall St & 2 St,40.74078423114334,-74.04253524583633,1772,0,0.0,0.0,208.17604142855166,False,insufficient_data,0.5121951219512195,0.0,0.5121951219512195,False,False,False,51.21951219512195,,,,exposure_only_no_risk_signal
jc,2023,3,HB301,4 St & Grand St,40.74226952035568,-74.03508656009895,1402,0,0.0,0.0,263.115510279168,False,insufficient_data,0.5121951219512195,0.0,0.5121951219512195,False,False,False,51.21951219512195,,,,exposure_only_no_risk_signal
jc,2025,7,JC102,Grand St,40.71517767732029,-74.03768330812454,2420,0,0.0,0.0,152.43303529396428,False,insufficient_data,0.5119047619047619,0.0,0.5119047619047619,False,False,False,51.19047619047619,,,,exposure_only_no_risk_signal
jc,2025,5,HB409,Clinton St & Newark St,40.73743,-74.03571,2107,0,0.0,0.0,175.07733526881518,False,insufficient_data,0.5119047619047619,0.0,0.5119047619047619,False,False,False,51.19047619047619,,,,exposure_only_no_risk_signal
jc,2025,8,HB301,4 St & Grand St,40.7422579775645,-74.03511106967926,2230,0,0.0,0.0,165.42060332349484,False,insufficient_data,0.5113636363636364,0.0,0.5113636363636364,False,False,False,51.13636363636363,,,,exposure_only_no_risk_signal
jc,2025,9,JC035,Van Vorst Park,40.71848892,-74.047726625,2349,0,0.0,0.0,157.04041950250894,False,insufficient_data,0.5106382978723404,0.0,0.5106382978723404,False,False,False,51.06382978723404,,,,exposure_only_no_risk_signal
jc,2025,10,JC110,JC Medical Center,40.71539114317,-74.04969155788422,2000,0,0.0,0.0,184.44397270569675,False,insufficient_data,0.5106382978723404,0.0,0.5106382978723404,False,False,False,51.06382978723404,,,,exposure_only_no_risk_signal
jc,2025,11,JC072,Morris Canal,40.7124188237569,-74.03852552175522,1465,0,0.0,0.0,251.80064533200925,False,insufficient_data,0.5106382978723404,0.0,0.5106382978723404,False,False,False,51.06382978723404,,,,exposure_only_no_risk_signal
jc,2019,8,3273,Manila & 1st,40.72165072487999,-74.04288411140442,1690,0,0.0,0.0,218.27689077597248,False,insufficient_data,0.5102040816326531,0.0,0.5102040816326531,False,False,False,51.02040816326531,,,,exposure_only_no_risk_signal
jc,2019,9,3214,Essex Light Rail,40.7127742,-74.0364857,1589,0,0.0,0.0,232.15100403486062,False,insufficient_data,0.5102040816326531,0.0,0.5102040816326531,False,False,False,51.02040816326531,,,,exposure_only_no_risk_signal
jc,2019,10,3640,Journal Square,40.73367,-74.0625,1487,0,0.0,0.0,248.07528272454172,False,insufficient_data,0.5102040816326531,0.0,0.5102040816326531,False,False,False,51.02040816326531,,,,exposure_only_no_risk_signal
jc,2019,7,3640,Journal Square,40.73367,-74.0625,1432,0,0.0,0.0,257.603313834772,False,insufficient_data,0.5102040816326531,0.0,0.5102040816326531,False,False,False,51.02040816326531,,,,exposure_only_no_risk_signal
jc,2019,5,3205,JC Medical Center,40.71653978099194,-74.0496379137039,1233,0,0.0,0.0,299.17919335879446,False,insufficient_data,0.5102040816326531,0.0,0.5102040816326531,False,False,False,51.02040816326531,,,,exposure_only_no_risk_signal
jc,2020,9,3269,Brunswick & 6th,40.72601172964625,-74.05038893222809,1146,0,0.0,0.0,321.891749922682,False,insufficient_data,0.5102040816326531,0.0,0.5102040816326531,False,False,False,51.02040816326531,,,,exposure_only_no_risk_signal
jc,2020,7,3268,Lafayette Park,40.71346382669195,-74.06285852193832,1044,0,0.0,0.0,353.34094388064517,False,insufficient_data,0.5102040816326531,0.0,0.5102040816326531,False,False,False,51.02040816326531,,,,exposure_only_no_risk_signal
jc,2019,11,3273,Manila & 1st,40.72165072487999,-74.04288411140442,1003,0,0.0,0.0,367.7845916364841,False,insufficient_data,0.5102040816326531,0.0,0.5102040816326531,False,False,False,51.02040816326531,,,,exposure_only_no_risk_signal
jc,2020,1,3194,McGinley Square,40.7253399253558,-74.06762212514877,938,0,0.0,0.0,393.2707307157714,False,insufficient_data,0.5102040816326531,0.0,0.5102040816326531,False,False,False,51.02040816326531,,,,exposure_only_no_risk_signal
jc,2020,10,3214,Essex Light Rail,40.7127742,-74.0364857,933,0,0.0,0.0,395.3782909018152,False,insufficient_data,0.5102040816326531,0.0,0.5102040816326531,False,False,False,51.02040816326531,,,,exposure_only_no_risk_signal
jc,2020,2,3213,Van Vorst Park,40.71848892,-74.047726625,830,0,0.0,0.0,444.4433077245705,False,insufficient_data,0.5102040816326531,0.0,0.5102040816326531,False,False,False,51.02040816326531,,,,exposure_only_no_risk_signal
jc,2020,11,3225,Baldwin at Montgomery,40.7236589,-74.0641943,672,0,0.0,0.0,548.9403949574308,False,insufficient_data,0.5102040816326531,0.0,0.5102040816326531,False,False,False,51.02040816326531,,,,exposure_only_no_risk_signal
jc,2020,3,3270,Jersey & 6th St,40.72528910781132,-74.04557168483734,588,0,0.0,0.0,627.360451379921,False,insufficient_data,0.5102040816326531,0.0,0.5102040816326531,False,False,False,51.02040816326531,,,,exposure_only_no_risk_signal
jc,2025,12,JC075,Monmouth & 6th,40.72568548362901,-74.04879033565521,772,0,0.0,0.0,477.83412618056155,False,insufficient_data,0.5092592592592593,0.0,0.5092592592592593,False,False,False,50.92592592592593,,,,exposure_only_no_risk_signal
jc,2023,1,JC055,McGinley Square,40.7253554519864,-74.06761036868937,1263,0,0.0,0.0,292.0727992172554,False,insufficient_data,0.5061728395061729,0.0,0.5061728395061729,False,False,False,50.617283950617285,,,,exposure_only_no_risk_signal
jc,2023,2,JC055,McGinley Square,40.72537243038119,-74.067603983634,1121,0,0.0,0.0,329.07042409580157,False,insufficient_data,0.5061728395061729,0.0,0.5061728395061729,False,False,False,50.617283950617285,,,,exposure_only_no_risk_signal
jc,2023,8,HB503,Madison St & 10 St,40.74996307785067,-74.03587857949461,2483,0,0.0,0.0,148.56542304123784,False,insufficient_data,0.5060240963855421,0.0,0.5060240963855421,False,False,False,50.602409638554214,,,,exposure_only_no_risk_signal
jc,2023,10,HB409,Clinton St & Newark St,40.73740588241649,-74.03570525650882,2285,0,0.0,0.0,161.43892578179148,False,insufficient_data,0.5060240963855421,0.0,0.5060240963855421,False,False,False,50.602409638554214,,,,exposure_only_no_risk_signal
jc,2025,4,JC072,Morris Canal,40.7124188237569,-74.03852552175522,1788,0,0.0,0.0,206.31316857460487,False,insufficient_data,0.5060240963855421,0.0,0.5060240963855421,False,False,False,50.602409638554214,,,,exposure_only_no_risk_signal
jc,2023,11,HB203,Bloomfield St & 15 St,40.754480397388825,-74.02658004569227,1640,0,0.0,0.0,224.9316740313375,False,insufficient_data,0.5060240963855421,0.0,0.5060240963855421,False,False,False,50.602409638554214,,,,exposure_only_no_risk_signal
jc,2025,3,JC104,Harborside,40.71925170000001,-74.034234,1627,0,0.0,0.0,226.72891543416935,False,insufficient_data,0.5060240963855421,0.0,0.5060240963855421,False,False,False,50.602409638554214,,,,exposure_only_no_risk_signal
jc,2023,12,JC102,Grand St,40.71514562813593,-74.03768585663533,1370,0,0.0,0.0,269.26127402291496,False,insufficient_data,0.5060240963855421,0.0,0.5060240963855421,False,False,False,50.602409638554214,,,,exposure_only_no_risk_signal
jc,2025,2,JC104,Harborside,40.7192517,-74.034234,1008,0,0.0,0.0,365.9602633049539,False,insufficient_data,0.5060240963855421,0.0,0.5060240963855421,False,False,False,50.602409638554214,,,,exposure_only_no_risk_signal
jc,2025,6,HB409,Clinton St & Newark St,40.73743,-74.03571,2073,0,0.0,0.0,177.94884004408758,False,insufficient_data,0.5058823529411764,0.0,0.5058823529411764,False,False,False,50.588235294117645,,,,exposure_only_no_risk_signal
jc,2023,9,HB608,2 St & Park Ave,40.73908496020836,-74.03311044339766,1901,0,0.0,0.0,194.0494189433948,False,insufficient_data,0.5058823529411764,0.0,0.5058823529411764,False,False,False,50.588235294117645,,,,exposure_only_no_risk_signal
jc,2025,7,HB301,4 St & Grand St,40.7422579775645,-74.03511106967926,2412,0,0.0,0.0,152.93861750057775,False,insufficient_data,0.5,0.0,0.5,False,False,False,50.0,,,,exposure_only_no_risk_signal
jc,2023,7,HB505,Willow Ave & 12 St,40.75177419013674,-74.03040149538079,2271,0,0.0,0.0,162.43414593192142,False,insufficient_data,0.5,0.0,0.5,False,False,False,50.0,,,,exposure_only_no_risk_signal
jc,2025,9,JC072,Morris Canal,40.7124188237569,-74.03852552175522,2164,0,0.0,0.0,170.46577884075487,False,insufficient_data,0.5,0.0,0.5,False,False,False,50.0,,,,exposure_only_no_risk_signal
jc,2025,8,HB602,Stevens - River Ter & 6 St,40.74313282710551,-74.02698867022991,2161,0,0.0,0.0,170.70242730744727,False,insufficient_data,0.5,0.0,0.5,False,False,False,50.0,,,,exposure_only_no_risk_signal
jc,2023,6,JC002,Paulus Hook,40.714152586801,-74.03356468800345,2129,0,0.0,0.0,173.26817539285744,False,insufficient_data,0.5,0.0,0.5,False,False,False,50.0,,,,exposure_only_no_risk_signal
jc,2023,5,HB407,Adams St & 2 St,40.73980714793809,-74.03689751290094,2122,0,0.0,0.0,173.83974807322974,False,insufficient_data,0.5,0.0,0.5,False,False,False,50.0,,,,exposure_only_no_risk_signal
jc,2025,5,JC072,Morris Canal,40.7124188237569,-74.03852552175522,2032,0,0.0,0.0,181.53934321426846,False,insufficient_data,0.5,0.0,0.5,False,False,False,50.0,,,,exposure_only_no_risk_signal
jc,2025,10,JC081,Brunswick & 6th,40.72601172964625,-74.05038893222809,1932,0,0.0,0.0,190.93578955041073,False,insufficient_data,0.5,0.0,0.5,False,False,False,50.0,,,,exposure_only_no_risk_signal
jc,2023,4,HB505,Willow Ave & 12 St,40.75188051659718,-74.0303741795598,1763,0,0.0,0.0,209.23876654077907,False,insufficient_data,0.5,0.0,0.5,False,False,False,50.0,,,,exposure_only_no_risk_signal
jc,2025,11,HB302,6 St & Grand St,40.7443978330956,-74.03450086712837,1455,0,0.0,0.0,253.53123395972062,False,insufficient_data,0.5,0.0,0.5,False,False,False,50.0,,,,exposure_only_no_risk_signal
jc,2019,6,3681,Grand St,40.71517767732029,-74.03768330812454,1409,0,0.0,0.0,261.8083359910529,False,insufficient_data,0.5,0.0,0.5,False,False,False,50.0,,,,exposure_only_no_risk_signal
jc,2023,3,HB503,Madison St & 10 St,40.74996819544344,-74.0358658117752,1330,0,0.0,0.0,277.35935745217563,False,insufficient_data,0.5,0.0,0.5,False,False,False,50.0,,,,exposure_only_no_risk_signal
jc,2020,8,3791,Hoboken Ave at Monmouth St,40.73520838045357,-74.04696375131607,1145,0,0.0,0.0,322.1728780885533,False,insufficient_data,0.5,0.0,0.5,False,False,False,50.0,,,,exposure_only_no_risk_signal
jc,2019,4,3205,JC Medical Center,40.71653978099194,-74.0496379137039,1113,0,0.0,0.0,331.43571016297716,False,insufficient_data,0.5,0.0,0.5,False,False,False,50.0,,,,exposure_only_no_risk_signal
jc,2025,1,JC081,Brunswick & 6th,40.72601172964625,-74.05038893222809,1099,0,0.0,0.0,335.6578211204673,False,insufficient_data,0.5,0.0,0.5,False,False,False,50.0,,,,exposure_only_no_risk_signal
jc,2025,1,JC104,Harborside,40.7192517,-74.034234,1099,0,0.0,0.0,335.6578211204673,False,insufficient_data,0.5,0.0,0.5,False,False,False,50.0,,,,exposure_only_no_risk_signal
jc,2020,6,3270,Jersey & 6th St,40.72528910781132,-74.04557168483734,976,0,0.0,0.0,377.9589604624934,False,insufficient_data,0.5,0.0,0.5,False,False,False,50.0,,,,exposure_only_no_risk_signal
jc,2019,3,3279,Dixon Mills,40.721630142638354,-74.04996782541275,837,0,0.0,0.0,440.72633860381546,False,insufficient_data,0.5,0.0,0.5,False,False,False,50.0,,,,exposure_only_no_risk_signal
jc,2025,12,JC027,Jersey & 6th St,40.72528910781132,-74.04557168483734,765,0,0.0,0.0,482.2064645900569,False,insufficient_data,0.5,0.0,0.5,False,False,False,50.0,,,,exposure_only_no_risk_signal
jc,2019,1,3214,Essex Light Rail,40.7127742,-74.0364857,658,0,0.0,0.0,560.6199778288656,False,insufficient_data,0.5,0.0,0.5,False,False,False,50.0,,,,exposure_only_no_risk_signal
jc,2019,12,3192,Liberty Light Rail,40.7112423,-74.0557013,638,0,0.0,0.0,578.1942718046921,False,insufficient_data,0.5,0.0,0.5,False,False,False,50.0,,,,exposure_only_no_risk_signal
jc,2020,5,3225,Baldwin at Montgomery,40.7236589,-74.0641943,625,0,0.0,0.0,590.2207126582297,False,insufficient_data,0.5,0.0,0.5,False,False,False,50.0,,,,exposure_only_no_risk_signal
jc,2019,2,3192,Liberty Light Rail,40.7112423,-74.0557013,608,0,0.0,0.0,606.7235944266341,False,insufficient_data,0.5,0.0,0.5,False,False,False,50.0,,,,exposure_only_no_risk_signal
jc,2020,12,3681,Grand St,40.71517767732029,-74.03768330812454,441,0,0.0,0.0,836.4806018398946,False,insufficient_data,0.5,0.0,0.5,False,False,False,50.0,,,,exposure_only_no_risk_signal
jc,2020,4,3278,Monmouth and 6th,40.72568548362901,-74.04879033565521,282,0,0.0,0.0,1308.1132816006864,False,insufficient_data,0.5,0.0,0.5,False,False,False,50.0,,,,exposure_only_no_risk_signal
jc,2025,6,JC072,Morris Canal,40.7124188237569,-74.03852552175522,2072,0,0.0,0.0,178.0347226888965,False,insufficient_data,0.49411764705882355,0.0,0.49411764705882355,False,False,False,49.411764705882355,,,,exposure_only_no_risk_signal
jc,2023,9,HB609,River St & 1 St,40.73714111855684,-74.02891166184592,1875,0,0.0,0.0,196.74023755274322,False,insufficient_data,0.49411764705882355,0.0,0.49411764705882355,False,False,False,49.411764705882355,,,,exposure_only_no_risk_signal
jc,2023,8,HB407,Adams St & 2 St,40.739774342192405,-74.0369077552628,2426,0,0.0,0.0,152.05603685547962,False,insufficient_data,0.4939759036144578,0.0,0.4939759036144578,False,False,False,49.39759036144578,,,,exposure_only_no_risk_signal
jc,2023,10,HB608,2 St & Park Ave,40.739161824388056,-74.03306486310272,2205,0,0.0,0.0,167.29612036797894,False,insufficient_data,0.4939759036144578,0.0,0.4939759036144578,False,False,False,49.39759036144578,,,,exposure_only_no_risk_signal
jc,2025,4,HB203,Bloomfield St & 15 St,40.75453,-74.02658,1787,0,0.0,0.0,206.42862082338752,False,insufficient_data,0.4939759036144578,0.0,0.4939759036144578,False,False,False,49.39759036144578,,,,exposure_only_no_risk_signal
jc,2023,11,JC035,Van Vorst Park,40.71849504118742,-74.04772084478832,1622,0,0.0,0.0,227.42783317595163,False,insufficient_data,0.4939759036144578,0.0,0.4939759036144578,False,False,False,49.39759036144578,,,,exposure_only_no_risk_signal
jc,2025,3,HB401,Southwest Park - Jackson St & Observer Hwy,40.73755127245804,-74.04166370630264,1613,0,0.0,0.0,228.6968043468032,False,insufficient_data,0.4939759036144578,0.0,0.4939759036144578,False,False,False,49.39759036144578,,,,exposure_only_no_risk_signal
jc,2023,12,HB203,Bloomfield St & 15 St,40.75447631174456,-74.02656784359903,1301,0,0.0,0.0,283.5418488942302,False,insufficient_data,0.4939759036144578,0.0,0.4939759036144578,False,False,False,49.39759036144578,,,,exposure_only_no_risk_signal
jc,2025,2,JC072,Morris Canal,40.7124188237569,-74.03852552175522,1006,0,0.0,0.0,366.6878185003912,False,insufficient_data,0.4939759036144578,0.0,0.4939759036144578,False,False,False,49.39759036144578,,,,exposure_only_no_risk_signal
jc,2023,1,HB505,Willow Ave & 12 St,40.751882480648185,-74.03037258828891,1219,0,0.0,0.0,302.61521362706605,False,insufficient_data,0.49382716049382713,0.0,0.49382716049382713,False,False,False,49.382716049382715,,,,exposure_only_no_risk_signal
jc,2023,2,HB408,Marshall St & 2 St,40.740775854956254,-74.04254090101696,1120,0,0.0,0.0,329.3642369744585,False,insufficient_data,0.49382716049382713,0.0,0.49382716049382713,False,False,False,49.382716049382715,,,,exposure_only_no_risk_signal
jc,2025,12,HB610,Adams St & 12 St,40.751889392240685,-74.03329162748534,764,0,0.0,0.0,482.83762488402294,False,insufficient_data,0.49074074074074076,0.0,0.49074074074074076,False,False,False,49.074074074074076,,,,exposure_only_no_risk_signal
jc,2019,9,3681,Grand St,40.71517767732029,-74.03768330812454,1570,0,0.0,0.0,234.96047478432706,False,insufficient_data,0.4897959183673469,0.0,0.4897959183673469,False,False,False,48.97959183673469,,,,exposure_only_no_risk_signal
jc,2019,8,3640,Journal Square,40.73367,-74.0625,1472,0,0.0,0.0,250.6032237849141,False,insufficient_data,0.4897959183673469,0.0,0.4897959183673469,False,False,False,48.97959183673469,,,,exposure_only_no_risk_signal
jc,2019,7,3279,Dixon Mills,40.721630142638354,-74.04996782541275,1380,0,0.0,0.0,267.310105370575,False,insufficient_data,0.4897959183673469,0.0,0.4897959183673469,False,False,False,48.97959183673469,,,,exposure_only_no_risk_signal
jc,2019,10,3279,Dixon Mills,40.721630142638354,-74.04996782541275,1311,0,0.0,0.0,281.3790582848158,False,insufficient_data,0.4897959183673469,0.0,0.4897959183673469,False,False,False,48.97959183673469,,,,exposure_only_no_risk_signal
jc,2019,5,3681,Grand St,40.71517767732029,-74.03768330812454,1211,0,0.0,0.0,304.6143232133721,False,insufficient_data,0.4897959183673469,0.0,0.4897959183673469,False,False,False,48.97959183673469,,,,exposure_only_no_risk_signal
jc,2020,9,3214,Essex Light Rail,40.7127742,-74.0364857,1071,0,0.0,0.0,344.4331889928978,False,insufficient_data,0.4897959183673469,0.0,0.4897959183673469,False,False,False,48.97959183673469,,,,exposure_only_no_risk_signal
jc,2020,7,3681,Grand St,40.71517767732029,-74.03768330812454,1012,0,0.0,0.0,364.51378005078413,False,insufficient_data,0.4897959183673469,0.0,0.4897959183673469,False,False,False,48.97959183673469,,,,exposure_only_no_risk_signal
jc,2019,11,3205,JC Medical Center,40.71653978099194,-74.0496379137039,985,0,0.0,0.0,374.50552833644014,False,insufficient_data,0.4897959183673469,0.0,0.4897959183673469,False,False,False,48.97959183673469,,,,exposure_only_no_risk_signal
jc,2020,1,3214,Essex Light Rail,40.7127742,-74.0364857,870,0,0.0,0.0,424.0091326567742,False,insufficient_data,0.4897959183673469,0.0,0.4897959183673469,False,False,False,48.97959183673469,,,,exposure_only_no_risk_signal
jc,2020,2,3640,Journal Square,40.73367,-74.0625,732,0,0.0,0.0,503.94528061665784,False,insufficient_data,0.4897959183673469,0.0,0.4897959183673469,False,False,False,48.97959183673469,,,,exposure_only_no_risk_signal
jc,2020,11,3194,McGinley Square,40.7253399253558,-74.06762212514877,650,0,0.0,0.0,567.5199160175285,False,insufficient_data,0.4897959183673469,0.0,0.4897959183673469,False,False,False,48.97959183673469,,,,exposure_only_no_risk_signal
jc,2020,3,3278,Monmouth and 6th,40.72568548362901,-74.04879033565521,565,0,0.0,0.0,652.8990184272452,False,insufficient_data,0.4897959183673469,0.0,0.4897959183673469,False,False,False,48.97959183673469,,,,exposure_only_no_risk_signal
jc,2025,9,JC074,Jersey & 3rd,40.72333158646436,-74.04595255851744,2096,0,0.0,0.0,175.9961571619244,False,insufficient_data,0.48936170212765956,0.0,0.48936170212765956,False,False,False,48.93617021276596,,,,exposure_only_no_risk_signal
jc,2025,10,JC074,Jersey & 3rd,40.72333158646436,-74.04595255851744,1892,0,0.0,0.0,194.9724870039078,False,insufficient_data,0.48936170212765956,0.0,0.48936170212765956,False,False,False,48.93617021276596,,,,exposure_only_no_risk_signal
jc,2025,11,JC081,Brunswick & 6th,40.72601172964625,-74.05038893222809,1452,0,0.0,0.0,254.0550588232738,False,insufficient_data,0.48936170212765956,0.0,0.48936170212765956,False,False,False,48.93617021276596,,,,exposure_only_no_risk_signal
jc,2025,8,JC055,McGinley Square,40.7253399253558,-74.06762212514877,2143,0,0.0,0.0,172.13623210984298,False,insufficient_data,0.48863636363636365,0.0,0.48863636363636365,False,False,False,48.86363636363637,,,,exposure_only_no_risk_signal
jc,2025,7,JC072,Morris Canal,40.7124188237569,-74.03852552175522,2379,0,0.0,0.0,155.06008634358702,False,insufficient_data,0.4880952380952381,0.0,0.4880952380952381,False,False,False,48.80952380952381,,,,exposure_only_no_risk_signal
jc,2025,5,HB505,Willow Ave & 12 St,40.7518674823282,-74.03037697076797,2024,0,0.0,0.0,182.25689002539207,False,insufficient_data,0.4880952380952381,0.0,0.4880952380952381,False,False,False,48.80952380952381,,,,exposure_only_no_risk_signal
jc,2023,7,JC072,Morris Canal,40.71241597903726,-74.03849022701642,2225,0,0.0,0.0,165.79233501635665,False,insufficient_data,0.4878048780487805,0.0,0.4878048780487805,False,False,False,48.78048780487805,,,,exposure_only_no_risk_signal
jc,2023,5,JC072,Morris Canal,40.71240435142192,-74.03850095068246,2030,0,0.0,0.0,181.71819971004606,False,insufficient_data,0.4878048780487805,0.0,0.4878048780487805,False,False,False,48.78048780487805,,,,exposure_only_no_risk_signal
jc,2023,6,HB505,Willow Ave & 12 St,40.751832763767794,-74.03039546291633,1997,0,0.0,0.0,184.72105428712746,False,insufficient_data,0.4878048780487805,0.0,0.4878048780487805,False,False,False,48.78048780487805,,,,exposure_only_no_risk_signal
jc,2023,4,HB301,4 St & Grand St,40.74226787504236,-74.03509127375165,1709,0,0.0,0.0,215.85017285628643,False,insufficient_data,0.4878048780487805,0.0,0.4878048780487805,False,False,False,48.78048780487805,,,,exposure_only_no_risk_signal
jc,2023,3,HB505,Willow Ave & 12 St,40.75188072811768,-74.03037340578693,1319,0,0.0,0.0,279.6724377645137,False,insufficient_data,0.4878048780487805,0.0,0.4878048780487805,False,False,False,48.78048780487805,,,,exposure_only_no_risk_signal
jc,2025,6,HB407,Adams St & 2 St,40.73981372311843,-74.03690412640572,2062,0,0.0,0.0,178.89813065538,False,insufficient_data,0.4823529411764706,0.0,0.4823529411764706,False,False,False,48.23529411764706,,,,exposure_only_no_risk_signal
jc,2023,9,HB302,6 St & Grand St,40.74433499196719,-74.03449833795149,1861,0,0.0,0.0,198.2202823274549,False,insufficient_data,0.4823529411764706,0.0,0.4823529411764706,False,False,False,48.23529411764706,,,,exposure_only_no_risk_signal
jc,2025,1,JC035,Van Vorst Park,40.71848892,-74.047726625,1084,0,0.0,0.0,340.3025326673372,False,insufficient_data,0.4823529411764706,0.0,0.4823529411764706,False,False,False,48.23529411764706,,,,exposure_only_no_risk_signal
jc,2023,8,JC035,Van Vorst Park,40.71847837606873,-74.04771965387583,2357,0,0.0,0.0,156.5074015321992,False,insufficient_data,0.4819277108433735,0.0,0.4819277108433735,False,False,False,48.19277108433735,,,,exposure_only_no_risk_signal
jc,2023,10,JC110,JC Medical Center,40.715447763066855,-74.04968607527205,2143,0,0.0,0.0,172.13623210984298,False,insufficient_data,0.4819277108433735,0.0,0.4819277108433735,False,False,False,48.19277108433735,,,,exposure_only_no_risk_signal
jc,2025,4,JC102,Grand St,40.71517767732029,-74.03768330812454,1784,0,0.0,0.0,206.77575415436857,False,insufficient_data,0.4819277108433735,0.0,0.4819277108433735,False,False,False,48.19277108433735,,,,exposure_only_no_risk_signal
jc,2023,11,HB608,2 St & Park Ave,40.73915819068963,-74.03307447705967,1617,0,0.0,0.0,228.13107322906217,False,insufficient_data,0.4819277108433735,0.0,0.4819277108433735,False,False,False,48.19277108433735,,,,exposure_only_no_risk_signal
jc,2025,3,HB203,Bloomfield St & 15 St,40.75453,-74.02658,1606,0,0.0,0.0,229.6936148265215,False,insufficient_data,0.4819277108433735,0.0,0.4819277108433735,False,False,False,48.19277108433735,,,,exposure_only_no_risk_signal
jc,2023,12,JC035,Van Vorst Park,40.71849430843658,-74.0477722106989,1272,0,0.0,0.0,290.00624639260496,False,insufficient_data,0.4819277108433735,0.0,0.4819277108433735,False,False,False,48.19277108433735,,,,exposure_only_no_risk_signal
jc,2025,2,JC102,Grand St,40.71517767732029,-74.03768330812454,986,0,0.0,0.0,374.12570528538896,False,insufficient_data,0.4819277108433735,0.0,0.4819277108433735,False,False,False,48.19277108433735,,,,exposure_only_no_risk_signal
jc,2023,1,JC103,Journal Square,40.73369184688676,-74.06250294538718,1201,0,0.0,0.0,307.15066229091883,False,insufficient_data,0.48148148148148145,0.0,0.48148148148148145,False,False,False,48.148148148148145,,,,exposure_only_no_risk_signal
jc,2023,2,HB401,Southwest Park - Jackson St & Observer Hwy,40.73757269066648,-74.04166098627114,1111,0,0.0,0.0,332.03235410566475,False,insufficient_data,0.48148148148148145,0.0,0.48148148148148145,False,False,False,48.148148148148145,,,,exposure_only_no_risk_signal
jc,2025,12,HB203,Bloomfield St & 15 St,40.75453,-74.02658,761,0,0.0,0.0,484.7410583592556,False,insufficient_data,0.48148148148148145,0.0,0.48148148148148145,False,False,False,48.148148148148145,,,,exposure_only_no_risk_signal
jc,2020,10,3194,McGinley Square,40.72533992535581,-74.06762212514877,903,0,0.0,0.0,408.51378229390207,False,insufficient_data,0.47959183673469385,0.0,0.47959183673469385,False,False,False,47.95918367346938,,,,exposure_only_no_risk_signal
jc,2020,10,3278,Monmouth and 6th,40.72568548362901,-74.04879033565521,903,0,0.0,0.0,408.51378229390207,False,insufficient_data,0.47959183673469385,0.0,0.47959183673469385,False,False,False,47.95918367346938,,,,exposure_only_no_risk_signal
jc,2019,6,3214,Essex Light Rail,40.7127742,-74.0364857,1191,0,0.0,0.0,309.72959312459574,False,insufficient_data,0.47916666666666674,0.0,0.47916666666666674,False,False,False,47.91666666666667,,,,exposure_only_no_risk_signal
jc,2020,8,3273,Manila & 1st,40.72165072487999,-74.04288411140442,1143,0,0.0,0.0,322.73661015869953,False,insufficient_data,0.47916666666666674,0.0,0.47916666666666674,False,False,False,47.91666666666667,,,,exposure_only_no_risk_signal
jc,2019,4,3214,Essex Light Rail,40.7127742,-74.0364857,1058,0,0.0,0.0,348.66535483118486,False,insufficient_data,0.47916666666666674,0.0,0.47916666666666674,False,False,False,47.91666666666667,,,,exposure_only_no_risk_signal
jc,2020,6,3194,McGinley Square,40.7253399253558,-74.06762212514877,922,0,0.0,0.0,400.09538547873484,False,insufficient_data,0.47916666666666674,0.0,0.47916666666666674,False,False,False,47.91666666666667,,,,exposure_only_no_risk_signal
jc,2019,3,3205,JC Medical Center,40.71653978099194,-74.0496379137039,795,0,0.0,0.0,464.00999422816795,False,insufficient_data,0.47916666666666674,0.0,0.47916666666666674,False,False,False,47.91666666666667,,,,exposure_only_no_risk_signal
jc,2019,1,3210,Pershing Field,40.742677141,-74.051788633,617,0,0.0,0.0,597.8734933734092,False,insufficient_data,0.47916666666666674,0.0,0.47916666666666674,False,False,False,47.91666666666667,,,,exposure_only_no_risk_signal
jc,2020,5,3209,Brunswick St,40.7241765,-74.0506564,613,0,0.0,0.0,601.774788599337,False,insufficient_data,0.47916666666666674,0.0,0.47916666666666674,False,False,False,47.91666666666667,,,,exposure_only_no_risk_signal
jc,2019,2,3214,Essex Light Rail,40.7127742,-74.0364857,594,0,0.0,0.0,621.0234771235582,False,insufficient_data,0.47916666666666674,0.0,0.47916666666666674,False,False,False,47.91666666666667,,,,exposure_only_no_risk_signal
jc,2019,12,3681,Grand St,40.71517767732029,-74.03768330812454,591,0,0.0,0.0,624.1758805607335,False,insufficient_data,0.47916666666666674,0.0,0.47916666666666674,False,False,False,47.91666666666667,,,,exposure_only_no_risk_signal
jc,2020,12,3194,McGinley Square,40.72533992535579,-74.06762212514877,425,0,0.0,0.0,867.9716362621024,False,insufficient_data,0.47916666666666674,0.0,0.47916666666666674,False,False,False,47.91666666666667,,,,exposure_only_no_risk_signal
jc,2020,4,3214,Essex Light Rail,40.7127742,-74.0364857,261,0,0.0,0.0,1413.3637755225807,False,insufficient_data,0.47916666666666674,0.0,0.47916666666666674,False,False,False,47.91666666666667,,,,exposure_only_no_risk_signal
jc,2025,9,JC081,Brunswick & 6th,40.72601172964625,-74.05038893222809,2078,0,0.0,0.0,177.52066670423173,False,insufficient_data,0.4787234042553192,0.0,0.4787234042553192,False,False,False,47.87234042553192,,,,exposure_only_no_risk_signal
jc,2025,10,HB610,Adams St & 12 St,40.751889392240685,-74.03329162748534,1856,0,0.0,0.0,198.7542809328629,False,insufficient_data,0.4787234042553192,0.0,0.4787234042553192,False,False,False,47.87234042553192,,,,exposure_only_no_risk_signal
jc,2025,11,HB203,Bloomfield St & 15 St,40.75453,-74.02658,1445,0,0.0,0.0,255.28577537120657,False,insufficient_data,0.4787234042553192,0.0,0.4787234042553192,False,False,False,47.87234042553192,,,,exposure_only_no_risk_signal
jc,2025,8,JC103,Journal Square,40.73367,-74.0625,2095,0,0.0,0.0,176.08016487417353,False,insufficient_data,0.4772727272727273,0.0,0.4772727272727273,False,False,False,47.72727272727273,,,,exposure_only_no_risk_signal
jc,2025,7,HB505,Willow Ave & 12 St,40.7518674823282,-74.03037697076797,2308,0,0.0,0.0,159.83013232729357,False,insufficient_data,0.4761904761904761,0.0,0.4761904761904761,False,False,False,47.61904761904761,,,,exposure_only_no_risk_signal
jc,2025,5,HB301,4 St & Grand St,40.7422579775645,-74.03511106967926,1980,0,0.0,0.0,186.30704313706744,False,insufficient_data,0.4761904761904761,0.0,0.4761904761904761,False,False,False,47.61904761904761,,,,exposure_only_no_risk_signal
jc,2023,7,HB503,Madison St & 10 St,40.74993889550089,-74.03585507172245,2082,0,0.0,0.0,177.17960874706702,False,insufficient_data,0.475609756097561,0.0,0.475609756097561,False,False,False,47.5609756097561,,,,exposure_only_no_risk_signal
jc,2023,6,HB503,Madison St & 10 St,40.74989455932828,-74.03587734702,1973,0,0.0,0.0,186.9680412627438,False,insufficient_data,0.475609756097561,0.0,0.475609756097561,False,False,False,47.5609756097561,,,,exposure_only_no_risk_signal
jc,2023,5,HB505,Willow Ave & 12 St,40.75187572743698,-74.03037466220198,1933,0,0.0,0.0,190.83701262876022,False,insufficient_data,0.475609756097561,0.0,0.475609756097561,False,False,False,47.5609756097561,,,,exposure_only_no_risk_signal
jc,2023,4,JC055,McGinley Square,40.72535844654608,-74.06760737478162,1694,0,0.0,0.0,217.76147899137754,False,insufficient_data,0.475609756097561,0.0,0.475609756097561,False,False,False,47.5609756097561,,,,exposure_only_no_risk_signal
jc,2023,3,HB408,Marshall St & 2 St,40.74077856521901,-74.04253827327452,1315,0,0.0,0.0,280.52315240410155,False,insufficient_data,0.475609756097561,0.0,0.475609756097561,False,False,False,47.5609756097561,,,,exposure_only_no_risk_signal
jc,2025,12,JC076,Dixon Mills,40.721630142638354,-74.04996782541275,747,0,0.0,0.0,493.825897471745,False,insufficient_data,0.4722222222222222,0.0,0.4722222222222222,False,False,False,47.22222222222222,,,,exposure_only_no_risk_signal
jc,2025,6,JC020,Baldwin at Montgomery,40.7236589,-74.0641943,1978,0,0.0,0.0,186.49542235156397,False,insufficient_data,0.4705882352941176,0.0,0.4705882352941176,False,False,False,47.05882352941176,,,,exposure_only_no_risk_signal
jc,2023,9,JC102,Grand St,40.715223303175456,-74.03766381974172,1672,0,0.0,0.0,220.6267616096851,False,insufficient_data,0.4705882352941176,0.0,0.4705882352941176,False,False,False,47.05882352941176,,,,exposure_only_no_risk_signal
jc,2025,1,JC072,Morris Canal,40.7124188237569,-74.03852552175522,1067,0,0.0,0.0,345.7244099450736,False,insufficient_data,0.4705882352941176,0.0,0.4705882352941176,False,False,False,47.05882352941176,,,,exposure_only_no_risk_signal
jc,2023,8,JC023,Brunswick St,40.72413913001624,-74.05064484092757,2237,0,0.0,0.0,164.9029706801044,False,insufficient_data,0.46987951807228917,0.0,0.46987951807228917,False,False,False,46.98795180722892,,,,exposure_only_no_risk_signal
jc,2023,10,JC102,Grand St,40.71523144858334,-74.0377252219509,2085,0,0.0,0.0,176.92467405822234,False,insufficient_data,0.46987951807228917,0.0,0.46987951807228917,False,False,False,46.98795180722892,,,,exposure_only_no_risk_signal
jc,2025,4,JC110,JC Medical Center,40.71539114317,-74.04969155788422,1745,0,0.0,0.0,211.39710338761805,False,insufficient_data,0.46987951807228917,0.0,0.46987951807228917,False,False,False,46.98795180722892,,,,exposure_only_no_risk_signal
jc,2023,11,JC102,Grand St,40.71514764556721,-74.03768470093468,1616,0,0.0,0.0,228.27224344764454,False,insufficient_data,0.46987951807228917,0.0,0.46987951807228917,False,False,False,46.98795180722892,,,,exposure_only_no_risk_signal
jc,2025,3,JC035,Van Vorst Park,40.71848892,-74.047726625,1563,0,0.0,0.0,236.01276097977836,False,insufficient_data,0.46987951807228917,0.0,0.46987951807228917,False,False,False,46.98795180722892,,,,exposure_only_no_risk_signal
jc,2023,12,HB302,6 St & Grand St,40.74435329684735,-74.03448005546748,1175,0,0.0,0.0,313.9471875841647,False,insufficient_data,0.46987951807228917,0.0,0.46987951807228917,False,False,False,46.98795180722892,,,,exposure_only_no_risk_signal
jc,2025,2,HB201,12 St & Sinatra Dr N,40.75060414236896,-74.02402013540268,949,0,0.0,0.0,388.7122712448825,False,insufficient_data,0.46987951807228917,0.0,0.46987951807228917,False,False,False,46.98795180722892,,,,exposure_only_no_risk_signal
jc,2019,9,3194,McGinley Square,40.7253399253558,-74.06762212514877,1541,0,0.0,0.0,239.38218391394778,False,insufficient_data,0.46938775510204084,0.0,0.46938775510204084,False,False,False,46.93877551020408,,,,exposure_only_no_risk_signal
jc,2019,8,3681,Grand St,40.71517767732029,-74.03768330812454,1413,0,0.0,0.0,261.06719420480783,False,insufficient_data,0.46938775510204084,0.0,0.46938775510204084,False,False,False,46.93877551020408,,,,exposure_only_no_risk_signal
jc,2019,7,3681,Grand St,40.71517767732029,-74.03768330812454,1379,0,0.0,0.0,267.50394881174293,False,insufficient_data,0.46938775510204084,0.0,0.46938775510204084,False,False,False,46.93877551020408,,,,exposure_only_no_risk_signal
jc,2019,10,3205,JC Medical Center,40.71653978099194,-74.0496379137039,1300,0,0.0,0.0,283.7599580087643,False,insufficient_data,0.46938775510204084,0.0,0.46938775510204084,False,False,False,46.93877551020408,,,,exposure_only_no_risk_signal
jc,2019,5,3214,Essex Light Rail,40.7127742,-74.0364857,1196,0,0.0,0.0,308.4347369660481,False,insufficient_data,0.46938775510204084,0.0,0.46938775510204084,False,False,False,46.93877551020408,,,,exposure_only_no_risk_signal
jc,2020,9,3279,Dixon Mills,40.721630142638354,-74.04996782541275,1042,0,0.0,0.0,354.0191414696675,False,insufficient_data,0.46938775510204084,0.0,0.46938775510204084,False,False,False,46.93877551020408,,,,exposure_only_no_risk_signal
jc,2020,7,3209,Brunswick St,40.7241765,-74.0506564,1004,0,0.0,0.0,367.4182723221051,False,insufficient_data,0.46938775510204084,0.0,0.46938775510204084,False,False,False,46.93877551020408,,,,exposure_only_no_risk_signal
jc,2019,11,3279,Dixon Mills,40.721630142638354,-74.04996782541275,974,0,0.0,0.0,378.7350568905478,False,insufficient_data,0.46938775510204084,0.0,0.46938775510204084,False,False,False,46.93877551020408,,,,exposure_only_no_risk_signal
jc,2020,1,3205,JC Medical Center,40.71653978099194,-74.0496379137039,799,0,0.0,0.0,461.6870405649481,False,insufficient_data,0.46938775510204084,0.0,0.46938775510204084,False,False,False,46.93877551020408,,,,exposure_only_no_risk_signal
jc,2020,2,3681,Grand St,40.71517767732029,-74.03768330812454,669,0,0.0,0.0,551.4020110783161,False,insufficient_data,0.46938775510204084,0.0,0.46938775510204084,False,False,False,46.93877551020408,,,,exposure_only_no_risk_signal
jc,2020,11,3278,Monmouth and 6th,40.72568548362901,-74.04879033565521,615,0,0.0,0.0,599.8177974169,False,insufficient_data,0.46938775510204084,0.0,0.46938775510204084,False,False,False,46.93877551020408,,,,exposure_only_no_risk_signal
jc,2020,3,3483,Montgomery St,40.71942,-74.05099,524,0,0.0,0.0,703.9846286476976,False,insufficient_data,0.46938775510204084,0.0,0.46938775510204084,False,False,False,46.93877551020408,,,,exposure_only_no_risk_signal
jc,2023,1,HB302,6 St & Grand St,40.74438359568874,-74.03448370783596,1179,0,0.0,0.0,312.8820571767545,False,insufficient_data,0.4691358024691358,0.0,0.4691358024691358,False,False,False,46.913580246913575,,,,exposure_only_no_risk_signal
jc,2023,2,JC081,Brunswick & 6th,40.726020589173714,-74.05039155215192,1066,0,0.0,0.0,346.0487292789808,False,insufficient_data,0.4691358024691358,0.0,0.4691358024691358,False,False,False,46.913580246913575,,,,exposure_only_no_risk_signal
jc,2025,9,HB610,Adams St & 12 St,40.751889392240685,-74.03329162748534,2059,0,0.0,0.0,179.1587884465243,False,insufficient_data,0.46808510638297873,0.0,0.46808510638297873,False,False,False,46.808510638297875,,,,exposure_only_no_risk_signal
jc,2025,10,JC103,Journal Square,40.73367,-74.0625,1808,0,0.0,0.0,204.03094325851416,False,insufficient_data,0.46808510638297873,0.0,0.46808510638297873,False,False,False,46.808510638297875,,,,exposure_only_no_risk_signal
jc,2025,11,JC019,Hilltop,40.7311689,-74.0575736,1413,0,0.0,0.0,261.06719420480783,False,insufficient_data,0.46808510638297873,0.0,0.46808510638297873,False,False,False,46.808510638297875,,,,exposure_only_no_risk_signal
jc,2025,8,JC002,Paulus Hook,40.7141454,-74.0335519,2086,0,0.0,0.0,176.83985877823275,False,insufficient_data,0.4659090909090909,0.0,0.4659090909090909,False,False,False,46.590909090909086,,,,exposure_only_no_risk_signal
jc,2025,7,HB608,2 St & Park Ave,40.73915272763701,-74.0330819785595,2269,0,0.0,0.0,162.5773227903894,False,insufficient_data,0.4642857142857143,0.0,0.4642857142857143,False,False,False,46.42857142857143,,,,exposure_only_no_risk_signal
jc,2025,5,JC002,Paulus Hook,40.7141454,-74.0335519,1896,0,0.0,0.0,194.56115264314005,False,insufficient_data,0.4642857142857143,0.0,0.4642857142857143,False,False,False,46.42857142857143,,,,exposure_only_no_risk_signal
jc,2023,7,JC023,Brunswick St,40.72416413012602,-74.0506298724174,2034,0,0.0,0.0,181.36083845201256,False,insufficient_data,0.4634146341463415,0.0,0.4634146341463415,False,False,False,46.34146341463415,,,,exposure_only_no_risk_signal
jc,2023,6,JC081,Brunswick & 6th,40.72605854873002,-74.05035948281044,1949,0,0.0,0.0,189.27036706587663,False,insufficient_data,0.4634146341463415,0.0,0.4634146341463415,False,False,False,46.34146341463415,,,,exposure_only_no_risk_signal
jc,2023,5,JC081,Brunswick & 6th,40.72601989212989,-74.0503903540303,1858,0,0.0,0.0,198.54033660462517,False,insufficient_data,0.4634146341463415,0.0,0.4634146341463415,False,False,False,46.34146341463415,,,,exposure_only_no_risk_signal
jc,2023,4,JC002,Paulus Hook,40.71414596508787,-74.03355114278064,1673,0,0.0,0.0,220.49488667746178,False,insufficient_data,0.4634146341463415,0.0,0.4634146341463415,False,False,False,46.34146341463415,,,,exposure_only_no_risk_signal
jc,2023,3,JC110,JC Medical Center,40.71539224116931,-74.04969223332039,1313,0,0.0,0.0,280.950453474024,False,insufficient_data,0.4634146341463415,0.0,0.4634146341463415,False,False,False,46.34146341463415,,,,exposure_only_no_risk_signal
jc,2025,12,JC110,JC Medical Center,40.71539114317,-74.04969155788422,729,0,0.0,0.0,506.0191295080844,False,insufficient_data,0.46296296296296297,0.0,0.46296296296296297,False,False,False,46.2962962962963,,,,exposure_only_no_risk_signal
jc,2025,6,HB608,2 St & Park Ave,40.73915272763701,-74.0330819785595,1949,0,0.0,0.0,189.27036706587663,False,insufficient_data,0.4588235294117647,0.0,0.4588235294117647,False,False,False,45.88235294117647,,,,exposure_only_no_risk_signal
jc,2025,1,HB608,2 St & Park Ave,40.73915272763701,-74.0330819785595,987,0,0.0,0.0,373.74665188591035,False,insufficient_data,0.4588235294117647,0.0,0.4588235294117647,False,False,False,45.88235294117647,,,,exposure_only_no_risk_signal
jc,2019,6,3279,Dixon Mills,40.721630142638354,-74.04996782541275,1125,0,0.0,0.0,327.9003959212387,False,insufficient_data,0.45833333333333326,0.0,0.45833333333333326,False,False,False,45.83333333333333,,,,exposure_only_no_risk_signal
jc,2020,8,3194,McGinley Square,40.7253399253558,-74.06762212514877,1098,0,0.0,0.0,335.96352041110526,False,insufficient_data,0.45833333333333326,0.0,0.45833333333333326,False,False,False,45.83333333333333,,,,exposure_only_no_risk_signal
jc,2019,4,3279,Dixon Mills,40.721630142638354,-74.04996782541275,1042,0,0.0,0.0,354.0191414696675,False,insufficient_data,0.45833333333333326,0.0,0.45833333333333326,False,False,False,45.83333333333333,,,,exposure_only_no_risk_signal
jc,2020,6,3209,Brunswick St,40.7241765,-74.0506564,889,0,0.0,0.0,414.9470702040422,False,insufficient_data,0.45833333333333326,0.0,0.45833333333333326,False,False,False,45.83333333333333,,,,exposure_only_no_risk_signal
jc,2019,3,3214,Essex Light Rail,40.7127742,-74.0364857,773,0,0.0,0.0,477.2159707779994,False,insufficient_data,0.45833333333333326,0.0,0.45833333333333326,False,False,False,45.83333333333333,,,,exposure_only_no_risk_signal
jc,2019,1,3192,Liberty Light Rail,40.7112423,-74.0557013,595,0,0.0,0.0,619.9797401872161,False,insufficient_data,0.45833333333333326,0.0,0.45833333333333326,False,False,False,45.83333333333333,,,,exposure_only_no_risk_signal
jc,2020,5,3279,Dixon Mills,40.721630142638354,-74.04996782541275,595,0,0.0,0.0,619.9797401872161,False,insufficient_data,0.45833333333333326,0.0,0.45833333333333326,False,False,False,45.83333333333333,,,,exposure_only_no_risk_signal
jc,2019,12,3205,JC Medical Center,40.71653978099194,-74.0496379137039,586,0,0.0,0.0,629.501613330023,False,insufficient_data,0.45833333333333326,0.0,0.45833333333333326,False,False,False,45.83333333333333,,,,exposure_only_no_risk_signal
jc,2019,2,3681,Grand St,40.71517767732029,-74.03768330812454,546,0,0.0,0.0,675.618947639915,False,insufficient_data,0.45833333333333326,0.0,0.45833333333333326,False,False,False,45.83333333333333,,,,exposure_only_no_risk_signal
jc,2020,12,3678,Fairmount Ave,40.72572613742557,-74.07195925712585,368,0,0.0,0.0,1002.4128951396564,False,insufficient_data,0.45833333333333326,0.0,0.45833333333333326,False,False,False,45.83333333333333,,,,exposure_only_no_risk_signal
jc,2020,4,3269,Brunswick & 6th,40.72601172964625,-74.05038893222809,259,0,0.0,0.0,1424.277781511172,False,insufficient_data,0.45833333333333326,0.0,0.45833333333333326,False,False,False,45.83333333333333,,,,exposure_only_no_risk_signal
jc,2023,8,HB608,2 St & Park Ave,40.73914452640814,-74.03307661059233,2198,0,0.0,0.0,167.82891056023365,False,insufficient_data,0.45783132530120485,0.0,0.45783132530120485,False,False,False,45.78313253012048,,,,exposure_only_no_risk_signal
jc,2023,10,JC035,Van Vorst Park,40.718510513211925,-74.04774554278183,2084,0,0.0,0.0,177.00957073483374,False,insufficient_data,0.45783132530120485,0.0,0.45783132530120485,False,False,False,45.78313253012048,,,,exposure_only_no_risk_signal
jc,2025,4,HB407,Adams St & 2 St,40.73981372311843,-74.03690412640572,1722,0,0.0,0.0,214.22064193460716,False,insufficient_data,0.45783132530120485,0.0,0.45783132530120485,False,False,False,45.78313253012048,,,,exposure_only_no_risk_signal
jc,2023,11,HB302,6 St & Grand St,40.74437173360642,-74.0344726020015,1568,0,0.0,0.0,235.2601692674704,False,insufficient_data,0.45783132530120485,0.0,0.45783132530120485,False,False,False,45.78313253012048,,,,exposure_only_no_risk_signal
jc,2025,3,JC081,Brunswick & 6th,40.72601172964625,-74.05038893222809,1513,0,0.0,0.0,243.8122573769951,False,insufficient_data,0.45783132530120485,0.0,0.45783132530120485,False,False,False,45.78313253012048,,,,exposure_only_no_risk_signal
jc,2023,12,HB608,2 St & Park Ave,40.73915770005865,-74.03309354064193,1147,0,0.0,0.0,321.6111119541356,False,insufficient_data,0.45783132530120485,0.0,0.45783132530120485,False,False,False,45.78313253012048,,,,exposure_only_no_risk_signal
jc,2025,2,HB401,Southwest Park - Jackson St & Observer Hwy,40.73755127245804,-74.04166370630264,932,0,0.0,0.0,395.80251653582997,False,insufficient_data,0.45783132530120485,0.0,0.45783132530120485,False,False,False,45.78313253012048,,,,exposure_only_no_risk_signal
jc,2025,9,JC103,Journal Square,40.73367,-74.0625,1966,0,0.0,0.0,187.63374639440158,False,insufficient_data,0.45744680851063824,0.0,0.45744680851063824,False,False,False,45.744680851063826,,,,exposure_only_no_risk_signal
jc,2025,10,HB302,6 St & Grand St,40.7443978330956,-74.03450086712837,1790,0,0.0,0.0,206.08265106781764,False,insufficient_data,0.45744680851063824,0.0,0.45744680851063824,False,False,False,45.744680851063826,,,,exposure_only_no_risk_signal
jc,2025,11,HB610,Adams St & 12 St,40.751889392240685,-74.03329162748534,1361,0,0.0,0.0,271.0418408606859,False,insufficient_data,0.45744680851063824,0.0,0.45744680851063824,False,False,False,45.744680851063826,,,,exposure_only_no_risk_signal
jc,2023,1,HB203,Bloomfield St & 15 St,40.75450922751831,-74.02657802677872,1175,0,0.0,0.0,313.9471875841647,False,insufficient_data,0.45679012345679015,0.0,0.45679012345679015,False,False,False,45.67901234567901,,,,exposure_only_no_risk_signal
jc,2023,2,HB302,6 St & Grand St,40.74438282566741,-74.03448276572287,1061,0,0.0,0.0,347.6794961464595,False,insufficient_data,0.45679012345679015,0.0,0.45679012345679015,False,False,False,45.67901234567901,,,,exposure_only_no_risk_signal
jc,2025,8,HB407,Adams St & 2 St,40.73981372311843,-74.03690412640572,2062,0,0.0,0.0,178.89813065538,False,insufficient_data,0.45454545454545453,0.0,0.45454545454545453,False,False,False,45.45454545454545,,,,exposure_only_no_risk_signal
jc,2025,12,JC034,Christ Hospital,40.734785818,-74.050443636,693,0,0.0,0.0,532.3058375344784,False,insufficient_data,0.4537037037037037,0.0,0.4537037037037037,False,False,False,45.370370370370374,,,,exposure_only_no_risk_signal
jc,2023,9,JC002,Paulus Hook,40.71417627868652,-74.03355786544384,1662,0,0.0,0.0,221.95423911636195,False,insufficient_data,0.45294117647058824,0.0,0.45294117647058824,False,False,False,45.294117647058826,,,,exposure_only_no_risk_signal
jc,2023,9,JC023,Brunswick St,40.72414469734597,-74.05064264281829,1662,0,0.0,0.0,221.95423911636195,False,insufficient_data,0.45294117647058824,0.0,0.45294117647058824,False,False,False,45.294117647058826,,,,exposure_only_no_risk_signal
jc,2025,7,JC002,Paulus Hook,40.7141454,-74.0335519,2236,0,0.0,0.0,164.97671977253736,False,insufficient_data,0.4523809523809524,0.0,0.4523809523809524,False,False,False,45.23809523809524,,,,exposure_only_no_risk_signal
jc,2025,5,HB407,Adams St & 2 St,40.73981372311843,-74.03690412640572,1869,0,0.0,0.0,197.37182740042456,False,insufficient_data,0.4523809523809524,0.0,0.4523809523809524,False,False,False,45.23809523809524,,,,exposure_only_no_risk_signal
jc,2023,7,HB302,6 St & Grand St,40.74434192375576,-74.03448632687169,2031,0,0.0,0.0,181.62872743052364,False,insufficient_data,0.45121951219512196,0.0,0.45121951219512196,False,False,False,45.1219512195122,,,,exposure_only_no_risk_signal
jc,2023,6,HB608,2 St & Park Ave,40.73914379780778,-74.03308566547817,1867,0,0.0,0.0,197.5832594597716,False,insufficient_data,0.45121951219512196,0.0,0.45121951219512196,False,False,False,45.1219512195122,,,,exposure_only_no_risk_signal
jc,2023,5,JC055,McGinley Square,40.725347131832656,-74.06761376761881,1851,0,0.0,0.0,199.29116445780312,False,insufficient_data,0.45121951219512196,0.0,0.45121951219512196,False,False,False,45.1219512195122,,,,exposure_only_no_risk_signal
jc,2023,4,JC072,Morris Canal,40.71240017864197,-74.0384936600349,1653,0,0.0,0.0,223.1627013983022,False,insufficient_data,0.45121951219512196,0.0,0.45121951219512196,False,False,False,45.1219512195122,,,,exposure_only_no_risk_signal
jc,2023,3,HB401,Southwest Park - Jackson St & Observer Hwy,40.737568732353004,-74.04166073407895,1291,0,0.0,0.0,285.738145167617,False,insufficient_data,0.45121951219512196,0.0,0.45121951219512196,False,False,False,45.1219512195122,,,,exposure_only_no_risk_signal
jc,2019,8,3279,Dixon Mills,40.721630142638354,-74.04996782541275,1388,0,0.0,0.0,265.7694131206005,False,insufficient_data,0.4489795918367347,0.0,0.4489795918367347,False,False,False,44.89795918367347,,,,exposure_only_no_risk_signal
jc,2019,9,3279,Dixon Mills,40.721630142638354,-74.04996782541275,1338,0,0.0,0.0,275.7010055391581,False,insufficient_data,0.4489795918367347,0.0,0.4489795918367347,False,False,False,44.89795918367347,,,,exposure_only_no_risk_signal
jc,2019,7,3214,Essex Light Rail,40.7127742,-74.0364857,1266,0,0.0,0.0,291.3806835792998,False,insufficient_data,0.4489795918367347,0.0,0.4489795918367347,False,False,False,44.89795918367347,,,,exposure_only_no_risk_signal
jc,2019,10,3214,Essex Light Rail,40.7127742,-74.0364857,1238,0,0.0,0.0,297.9708767458752,False,insufficient_data,0.4489795918367347,0.0,0.4489795918367347,False,False,False,44.89795918367347,,,,exposure_only_no_risk_signal
jc,2019,5,3279,Dixon Mills,40.721630142638354,-74.04996782541275,1094,0,0.0,0.0,337.19190622613667,False,insufficient_data,0.4489795918367347,0.0,0.4489795918367347,False,False,False,44.89795918367347,,,,exposure_only_no_risk_signal
jc,2020,9,3278,Monmouth and 6th,40.72568548362901,-74.04879033565521,1035,0,0.0,0.0,356.4134738274334,False,insufficient_data,0.4489795918367347,0.0,0.4489795918367347,False,False,False,44.89795918367347,,,,exposure_only_no_risk_signal
jc,2020,7,3194,McGinley Square,40.7253399253558,-74.06762212514877,982,0,0.0,0.0,375.64963891180605,False,insufficient_data,0.4489795918367347,0.0,0.4489795918367347,False,False,False,44.89795918367347,,,,exposure_only_no_risk_signal
jc,2019,11,3214,Essex Light Rail,40.7127742,-74.0364857,902,0,0.0,0.0,408.96668005697734,False,insufficient_data,0.4489795918367347,0.0,0.4489795918367347,False,False,False,44.89795918367347,,,,exposure_only_no_risk_signal
jc,2020,10,3279,Dixon Mills,40.721630142638354,-74.04996782541275,880,0,0.0,0.0,419.19084705840174,False,insufficient_data,0.4489795918367347,0.0,0.4489795918367347,False,False,False,44.89795918367347,,,,exposure_only_no_risk_signal
jc,2020,1,3681,Grand St,40.71517767732029,-74.03768330812454,764,0,0.0,0.0,482.83762488402294,False,insufficient_data,0.4489795918367347,0.0,0.4489795918367347,False,False,False,44.89795918367347,,,,exposure_only_no_risk_signal
jc,2020,2,3205,JC Medical Center,40.71653978099194,-74.0496379137039,643,0,0.0,0.0,573.6982043723071,False,insufficient_data,0.4489795918367347,0.0,0.4489795918367347,False,False,False,44.89795918367347,,,,exposure_only_no_risk_signal
jc,2020,11,3268,Lafayette Park,40.71346382669195,-74.06285852193832,545,0,0.0,0.0,676.8586154337496,False,insufficient_data,0.4489795918367347,0.0,0.4489795918367347,False,False,False,44.89795918367347,,,,exposure_only_no_risk_signal
jc,2020,3,3681,Grand St,40.71517767732029,-74.03768330812454,479,0,0.0,0.0,770.1209716313017,False,insufficient_data,0.4489795918367347,0.0,0.4489795918367347,False,False,False,44.89795918367347,,,,exposure_only_no_risk_signal
jc,2025,6,JC102,Grand St,40.7151776773203,-74.03768330812454,1890,0,0.0,0.0,195.17880709597543,False,insufficient_data,0.4470588235294118,0.0,0.4470588235294118,False,False,False,44.70588235294118,,,,exposure_only_no_risk_signal
jc,2025,1,JC102,Grand St,40.71517767732029,-74.03768330812454,981,0,0.0,0.0,376.0325641298609,False,insufficient_data,0.4470588235294118,0.0,0.4470588235294118,False,False,False,44.70588235294118,,,,exposure_only_no_risk_signal
jc,2025,9,HB302,6 St & Grand St,40.7443978330956,-74.03450086712837,1923,0,0.0,0.0,191.82940479011626,False,insufficient_data,0.44680851063829785,0.0,0.44680851063829785,False,False,False,44.680851063829785,,,,exposure_only_no_risk_signal
jc,2025,10,JC019,Hilltop,40.7311689,-74.0575736,1786,0,0.0,0.0,206.5442023580031,False,insufficient_data,0.44680851063829785,0.0,0.44680851063829785,False,False,False,44.680851063829785,,,,exposure_only_no_risk_signal
jc,2025,11,JC020,Baldwin at Montgomery,40.7236589,-74.0641943,1354,0,0.0,0.0,272.4430911457855,False,insufficient_data,0.44680851063829785,0.0,0.44680851063829785,False,False,False,44.680851063829785,,,,exposure_only_no_risk_signal
jc,2023,8,HB302,6 St & Grand St,40.74434841266052,-74.03448692959795,2126,0,0.0,0.0,173.51267422925378,False,insufficient_data,0.4457831325301205,0.0,0.4457831325301205,False,False,False,44.57831325301205,,,,exposure_only_no_risk_signal
jc,2023,10,HB302,6 St & Grand St,40.74436783290775,-74.03447272106652,2065,0,0.0,0.0,178.63823022343513,False,insufficient_data,0.4457831325301205,0.0,0.4457831325301205,False,False,False,44.57831325301205,,,,exposure_only_no_risk_signal
jc,2025,4,JC103,Journal Square,40.73367,-74.0625,1645,0,0.0,0.0,224.24799113154623,False,insufficient_data,0.4457831325301205,0.0,0.4457831325301205,False,False,False,44.57831325301205,,,,exposure_only_no_risk_signal
jc,2023,11,JC023,Brunswick St,40.7241469056351,-74.05065700403625,1563,0,0.0,0.0,236.01276097977836,False,insufficient_data,0.4457831325301205,0.0,0.4457831325301205,False,False,False,44.57831325301205,,,,exposure_only_no_risk_signal
jc,2025,3,HB404,Mama Johnson Field - 4 St & Jackson St,40.74313993965626,-74.04004096984863,1481,0,0.0,0.0,249.08031425482346,False,insufficient_data,0.4457831325301205,0.0,0.4457831325301205,False,False,False,44.57831325301205,,,,exposure_only_no_risk_signal
jc,2023,12,JC072,Morris Canal,40.71238201351707,-74.03846107188113,1144,0,0.0,0.0,322.45449773723215,False,insufficient_data,0.4457831325301205,0.0,0.4457831325301205,False,False,False,44.57831325301205,,,,exposure_only_no_risk_signal
jc,2025,2,HB608,2 St & Park Ave,40.73915272763701,-74.0330819785595,927,0,0.0,0.0,397.9373736908236,False,insufficient_data,0.4457831325301205,0.0,0.4457831325301205,False,False,False,44.57831325301205,,,,exposure_only_no_risk_signal
jc,2023,1,JC023,Brunswick St,40.72415251212433,-74.05066300693738,1118,0,0.0,0.0,329.95343954507473,False,insufficient_data,0.4444444444444444,0.0,0.4444444444444444,False,False,False,44.44444444444444,,,,exposure_only_no_risk_signal
jc,2023,2,JC074,Jersey & 3rd,40.72331531178585,-74.04591013403297,1003,0,0.0,0.0,367.7845916364841,False,insufficient_data,0.4444444444444444,0.0,0.4444444444444444,False,False,False,44.44444444444444,,,,exposure_only_no_risk_signal
jc,2025,12,JC024,Pershing Field,40.742677141,-74.051788633,681,0,0.0,0.0,541.6856760813414,False,insufficient_data,0.4444444444444444,0.0,0.4444444444444444,False,False,False,44.44444444444444,,,,exposure_only_no_risk_signal
jc,2025,8,JC074,Jersey & 3rd,40.72333158646436,-74.04595255851744,2053,0,0.0,0.0,179.6823893869428,False,insufficient_data,0.4431818181818182,0.0,0.4431818181818182,False,False,False,44.31818181818182,,,,exposure_only_no_risk_signal
jc,2025,7,JC081,Brunswick & 6th,40.72601172964625,-74.05038893222809,2129,0,0.0,0.0,173.26817539285744,False,insufficient_data,0.44047619047619047,0.0,0.44047619047619047,False,False,False,44.047619047619044,,,,exposure_only_no_risk_signal
jc,2025,5,JC055,McGinley Square,40.7253399253558,-74.06762212514877,1847,0,0.0,0.0,199.72276416426286,False,insufficient_data,0.44047619047619047,0.0,0.44047619047619047,False,False,False,44.047619047619044,,,,exposure_only_no_risk_signal
jc,2023,7,JC074,Jersey & 3rd,40.72330721311601,-74.04591777361726,1899,0,0.0,0.0,194.25378905286652,False,insufficient_data,0.4390243902439025,0.0,0.4390243902439025,False,False,False,43.90243902439025,,,,exposure_only_no_risk_signal
jc,2023,6,HB301,4 St & Grand St,40.74223541827647,-74.03511219842623,1854,0,0.0,0.0,198.9686868454118,False,insufficient_data,0.4390243902439025,0.0,0.4390243902439025,False,False,False,43.90243902439025,,,,exposure_only_no_risk_signal
jc,2023,5,HB301,4 St & Grand St,40.74226553693463,-74.03509477316327,1802,0,0.0,0.0,204.71029157125056,False,insufficient_data,0.4390243902439025,0.0,0.4390243902439025,False,False,False,43.90243902439025,,,,exposure_only_no_risk_signal
jc,2023,4,JC023,Brunswick St,40.7241606122927,-74.05066292937376,1616,0,0.0,0.0,228.27224344764454,False,insufficient_data,0.4390243902439025,0.0,0.4390243902439025,False,False,False,43.90243902439025,,,,exposure_only_no_risk_signal
jc,2023,3,JC072,Morris Canal,40.71239110004826,-74.03847440067689,1265,0,0.0,0.0,291.6110240406273,False,insufficient_data,0.4390243902439025,0.0,0.4390243902439025,False,False,False,43.90243902439025,,,,exposure_only_no_risk_signal
jc,2020,8,3269,Brunswick & 6th,40.72601172964625,-74.05038893222809,1088,0,0.0,0.0,339.05142041488375,False,insufficient_data,0.4375,0.0,0.4375,False,False,False,43.75,,,,exposure_only_no_risk_signal
jc,2019,6,3210,Pershing Field,40.742677141,-74.051788633,954,0,0.0,0.0,386.67499519013995,False,insufficient_data,0.4375,0.0,0.4375,False,False,False,43.75,,,,exposure_only_no_risk_signal
jc,2019,4,3681,Grand St,40.71517767732029,-74.03768330812454,919,0,0.0,0.0,401.4014639949875,False,insufficient_data,0.4375,0.0,0.4375,False,False,False,43.75,,,,exposure_only_no_risk_signal
jc,2020,6,3214,Essex Light Rail,40.7127742,-74.0364857,860,0,0.0,0.0,428.9394714085971,False,insufficient_data,0.4375,0.0,0.4375,False,False,False,43.75,,,,exposure_only_no_risk_signal
jc,2019,3,3483,Montgomery St,40.71942,-74.05099,664,0,0.0,0.0,555.5541346557131,False,insufficient_data,0.4375,0.0,0.4375,False,False,False,43.75,,,,exposure_only_no_risk_signal
jc,2019,1,3194,McGinley Square,40.7253399253558,-74.06762212514877,587,0,0.0,0.0,628.4292085372973,False,insufficient_data,0.4375,0.0,0.4375,False,False,False,43.75,,,,exposure_only_no_risk_signal
jc,2020,5,3269,Brunswick & 6th,40.72601172964625,-74.05038893222809,586,0,0.0,0.0,629.501613330023,False,insufficient_data,0.4375,0.0,0.4375,False,False,False,43.75,,,,exposure_only_no_risk_signal
jc,2019,12,3640,Journal Square,40.73367,-74.0625,574,0,0.0,0.0,642.6619258038214,False,insufficient_data,0.4375,0.0,0.4375,False,False,False,43.75,,,,exposure_only_no_risk_signal
jc,2019,2,3194,McGinley Square,40.7253399253558,-74.06762212514877,543,0,0.0,0.0,679.3516490080912,False,insufficient_data,0.4375,0.0,0.4375,False,False,False,43.75,,,,exposure_only_no_risk_signal
jc,2020,12,3279,Dixon Mills,40.721630142638354,-74.04996782541275,323,0,0.0,0.0,1142.0679424501348,False,insufficient_data,0.4375,0.0,0.4375,False,False,False,43.75,,,,exposure_only_no_risk_signal
jc,2020,4,3206,Hilltop,40.7311689,-74.0575736,246,0,0.0,0.0,1499.5444935422502,False,insufficient_data,0.4375,0.0,0.4375,False,False,False,43.75,,,,exposure_only_no_risk_signal
jc,2025,9,JC002,Paulus Hook,40.71414539999999,-74.0335519,1921,0,0.0,0.0,192.02912306683683,False,insufficient_data,0.4361702127659575,0.0,0.4361702127659575,False,False,False,43.61702127659575,,,,exposure_only_no_risk_signal
jc,2025,10,JC072,Morris Canal,40.7124188237569,-74.03852552175522,1751,0,0.0,0.0,210.6727272480831,False,insufficient_data,0.4361702127659575,0.0,0.4361702127659575,False,False,False,43.61702127659575,,,,exposure_only_no_risk_signal
jc,2025,11,JC110,JC Medical Center,40.71539114317,-74.04969155788422,1330,0,0.0,0.0,277.35935745217563,False,insufficient_data,0.4361702127659575,0.0,0.4361702127659575,False,False,False,43.61702127659575,,,,exposure_only_no_risk_signal
jc,2025,6,JC081,Brunswick & 6th,40.72601172964625,-74.05038893222809,1827,0,0.0,0.0,201.90911078894007,False,insufficient_data,0.43529411764705883,0.0,0.43529411764705883,False,False,False,43.529411764705884,,,,exposure_only_no_risk_signal
jc,2023,9,HB607,Hudson St & 4 St,40.74091871651306,-74.028674195367,1654,0,0.0,0.0,223.02777836239028,False,insufficient_data,0.43529411764705883,0.0,0.43529411764705883,False,False,False,43.529411764705884,,,,exposure_only_no_risk_signal
jc,2025,1,HB203,Bloomfield St & 15 St,40.75453,-74.02658,948,0,0.0,0.0,389.1223052862801,False,insufficient_data,0.43529411764705883,0.0,0.43529411764705883,False,False,False,43.529411764705884,,,,exposure_only_no_risk_signal
jc,2025,12,JC099,Montgomery St,40.71942,-74.05099,668,0,0.0,0.0,552.2274631907089,False,insufficient_data,0.4351851851851852,0.0,0.4351851851851852,False,False,False,43.51851851851852,,,,exposure_only_no_risk_signal
jc,2023,8,JC081,Brunswick & 6th,40.72602653260615,-74.05038363702775,2099,0,0.0,0.0,175.74461429794832,False,insufficient_data,0.43373493975903615,0.0,0.43373493975903615,False,False,False,43.373493975903614,,,,exposure_only_no_risk_signal
jc,2023,10,HB404,Mama Johnson Field - 4 St & Jackson St,40.74311421790024,-74.04008430860871,1831,0,0.0,0.0,201.46802043221928,False,insufficient_data,0.43373493975903615,0.0,0.43373493975903615,False,False,False,43.373493975903614,,,,exposure_only_no_risk_signal
jc,2025,4,JC020,Baldwin at Montgomery,40.7236589,-74.0641943,1608,0,0.0,0.0,229.40792625086664,False,insufficient_data,0.43373493975903615,0.0,0.43373493975903615,False,False,False,43.373493975903614,,,,exposure_only_no_risk_signal
jc,2025,3,JC103,Journal Square,40.73367,-74.0625,1476,0,0.0,0.0,249.9240822570417,False,insufficient_data,0.43373493975903615,0.0,0.43373493975903615,False,False,False,43.373493975903614,,,,exposure_only_no_risk_signal
jc,2023,11,JC110,JC Medical Center,40.71539018384002,-74.04970764707618,1467,0,0.0,0.0,251.45735883530577,False,insufficient_data,0.43373493975903615,0.0,0.43373493975903615,False,False,False,43.373493975903614,,,,exposure_only_no_risk_signal
jc,2023,12,JC023,Brunswick St,40.72416730697346,-74.05063155290144,1143,0,0.0,0.0,322.73661015869953,False,insufficient_data,0.43373493975903615,0.0,0.43373493975903615,False,False,False,43.373493975903614,,,,exposure_only_no_risk_signal
jc,2025,2,JC081,Brunswick & 6th,40.72601172964625,-74.05038893222809,921,0,0.0,0.0,400.52979957806025,False,insufficient_data,0.43373493975903615,0.0,0.43373493975903615,False,False,False,43.373493975903614,,,,exposure_only_no_risk_signal
jc,2023,1,JC002,Paulus Hook,40.714144035134055,-74.03354901110055,1104,0,0.0,0.0,334.13763171321875,False,insufficient_data,0.43209876543209874,0.0,0.43209876543209874,False,False,False,43.20987654320987,,,,exposure_only_no_risk_signal
jc,2023,2,JC103,Journal Square,40.73368936209109,-74.06250325525076,977,0,0.0,0.0,377.5721037987651,False,insufficient_data,0.43209876543209874,0.0,0.43209876543209874,False,False,False,43.20987654320987,,,,exposure_only_no_risk_signal
jc,2025,8,HB608,2 St & Park Ave,40.73915272763701,-74.0330819785595,1977,0,0.0,0.0,186.58975488689606,False,insufficient_data,0.4318181818181818,0.0,0.4318181818181818,False,False,False,43.18181818181818,,,,exposure_only_no_risk_signal
jc,2025,7,JC055,McGinley Square,40.7253399253558,-74.06762212514877,2110,0,0.0,0.0,174.8284101475799,False,insufficient_data,0.42857142857142855,0.0,0.42857142857142855,False,False,False,42.857142857142854,,,,exposure_only_no_risk_signal
jc,2025,5,HB608,2 St & Park Ave,40.73915272763701,-74.0330819785595,1841,0,0.0,0.0,200.37368028864395,False,insufficient_data,0.42857142857142855,0.0,0.42857142857142855,False,False,False,42.857142857142854,,,,exposure_only_no_risk_signal
jc,2019,9,3640,Journal Square,40.73367,-74.0625,1325,0,0.0,0.0,278.4059965369008,False,insufficient_data,0.42857142857142855,0.0,0.42857142857142855,False,False,False,42.857142857142854,,,,exposure_only_no_risk_signal
jc,2019,10,3681,Grand St,40.71517767732029,-74.03768330812454,1235,0,0.0,0.0,298.6946926408045,False,insufficient_data,0.42857142857142855,0.0,0.42857142857142855,False,False,False,42.857142857142854,,,,exposure_only_no_risk_signal
jc,2019,7,3194,McGinley Square,40.7253399253558,-74.06762212514877,1212,0,0.0,0.0,304.36299126352606,False,insufficient_data,0.42857142857142855,0.0,0.42857142857142855,False,False,False,42.857142857142854,,,,exposure_only_no_risk_signal
jc,2019,8,3194,McGinley Square,40.7253399253558,-74.06762212514877,1202,0,0.0,0.0,306.8951292940046,False,insufficient_data,0.42857142857142855,0.0,0.42857142857142855,False,False,False,42.857142857142854,,,,exposure_only_no_risk_signal
jc,2020,9,3273,Manila & 1st,40.72165072487999,-74.04288411140442,1028,0,0.0,0.0,358.8404138243128,False,insufficient_data,0.42857142857142855,0.0,0.42857142857142855,False,False,False,42.857142857142854,,,,exposure_only_no_risk_signal
jc,2020,7,3279,Dixon Mills,40.721630142638354,-74.04996782541275,968,0,0.0,0.0,381.0825882349107,False,insufficient_data,0.42857142857142855,0.0,0.42857142857142855,False,False,False,42.857142857142854,,,,exposure_only_no_risk_signal
jc,2019,5,3194,McGinley Square,40.7253399253558,-74.06762212514877,907,0,0.0,0.0,406.71217796184516,False,insufficient_data,0.42857142857142855,0.0,0.42857142857142855,False,False,False,42.857142857142854,,,,exposure_only_no_risk_signal
jc,2019,11,3681,Grand St,40.7151776773203,-74.03768330812454,858,0,0.0,0.0,429.93933031630945,False,insufficient_data,0.42857142857142855,0.0,0.42857142857142855,False,False,False,42.857142857142854,,,,exposure_only_no_risk_signal
jc,2020,10,3273,Manila & 1st,40.72165072487999,-74.04288411140442,840,0,0.0,0.0,439.1523159659447,False,insufficient_data,0.42857142857142855,0.0,0.42857142857142855,False,False,False,42.857142857142854,,,,exposure_only_no_risk_signal
jc,2020,1,3640,Journal Square,40.73367,-74.0625,718,0,0.0,0.0,513.7715117150328,False,insufficient_data,0.42857142857142855,0.0,0.42857142857142855,False,False,False,42.857142857142854,,,,exposure_only_no_risk_signal
jc,2020,2,3214,Essex Light Rail,40.7127742,-74.0364857,622,0,0.0,0.0,593.0674363527227,False,insufficient_data,0.42857142857142855,0.0,0.42857142857142855,False,False,False,42.857142857142854,,,,exposure_only_no_risk_signal
jc,2020,11,3483,Montgomery St,40.71942,-74.05099,543,0,0.0,0.0,679.3516490080912,False,insufficient_data,0.42857142857142855,0.0,0.42857142857142855,False,False,False,42.857142857142854,,,,exposure_only_no_risk_signal
jc,2020,3,3214,Essex Light Rail,40.7127742,-74.0364857,462,0,0.0,0.0,798.4587563017176,False,insufficient_data,0.42857142857142855,0.0,0.42857142857142855,False,False,False,42.857142857142854,,,,exposure_only_no_risk_signal
jc,2023,7,JC020,Baldwin at Montgomery,40.72364682207802,-74.06415888334837,1884,0,0.0,0.0,195.8003956536059,False,insufficient_data,0.4268292682926829,0.0,0.4268292682926829,False,False,False,42.68292682926829,,,,exposure_only_no_risk_signal
jc,2023,6,JC023,Brunswick St,40.72415941336063,-74.05067071266123,1783,0,0.0,0.0,206.89172485215565,False,insufficient_data,0.4268292682926829,0.0,0.4268292682926829,False,False,False,42.68292682926829,,,,exposure_only_no_risk_signal
jc,2023,5,JC074,Jersey & 3rd,40.72332565435934,-74.04593725702165,1759,0,0.0,0.0,209.71457954030333,False,insufficient_data,0.4268292682926829,0.0,0.4268292682926829,False,False,False,42.68292682926829,,,,exposure_only_no_risk_signal
jc,2023,4,JC081,Brunswick & 6th,40.72602224842675,-74.05038981906762,1565,0,0.0,0.0,235.71114722772748,False,insufficient_data,0.4268292682926829,0.0,0.4268292682926829,False,False,False,42.68292682926829,,,,exposure_only_no_risk_signal
jc,2023,3,JC002,Paulus Hook,40.7141483417632,-74.0335489325416,1250,0,0.0,0.0,295.11035632911484,False,insufficient_data,0.4268292682926829,0.0,0.4268292682926829,False,False,False,42.68292682926829,,,,exposure_only_no_risk_signal
jc,2025,12,JC022,Oakland Ave,40.7376037,-74.0524783,645,0,0.0,0.0,571.9192952114628,False,insufficient_data,0.42592592592592593,0.0,0.42592592592592593,False,False,False,42.592592592592595,,,,exposure_only_no_risk_signal
jc,2025,9,JC019,Hilltop,40.7311689,-74.0575736,1880,0,0.0,0.0,196.21699224010294,False,insufficient_data,0.425531914893617,0.0,0.425531914893617,False,False,False,42.5531914893617,,,,exposure_only_no_risk_signal
jc,2025,10,JC020,Baldwin at Montgomery,40.7236589,-74.0641943,1703,0,0.0,0.0,216.6106549685223,False,insufficient_data,0.425531914893617,0.0,0.425531914893617,False,False,False,42.5531914893617,,,,exposure_only_no_risk_signal
jc,2025,11,HB404,Mama Johnson Field - 4 St & Jackson St,40.74313993965626,-74.04004096984863,1306,0,0.0,0.0,282.4563134849874,False,insufficient_data,0.425531914893617,0.0,0.425531914893617,False,False,False,42.5531914893617,,,,exposure_only_no_risk_signal
jc,2025,6,JC055,McGinley Square,40.7253399253558,-74.06762212514877,1813,0,0.0,0.0,203.46825450159596,False,insufficient_data,0.4235294117647059,0.0,0.4235294117647059,False,False,False,42.35294117647059,,,,exposure_only_no_risk_signal
jc,2023,9,JC055,McGinley Square,40.725362094311,-74.06756839224624,1650,0,0.0,0.0,223.56845176448093,False,insufficient_data,0.4235294117647059,0.0,0.4235294117647059,False,False,False,42.35294117647059,,,,exposure_only_no_risk_signal
jc,2025,1,JC074,Jersey & 3rd,40.72333158646436,-74.04595255851744,912,0,0.0,0.0,404.48239628442275,False,insufficient_data,0.4235294117647059,0.0,0.4235294117647059,False,False,False,42.35294117647059,,,,exposure_only_no_risk_signal
jc,2023,8,HB602,Stevens - River Ter & 6 St,40.7431053907124,-74.02702787962886,1993,0,0.0,0.0,185.091793984643,False,insufficient_data,0.4216867469879519,0.0,0.4216867469879519,False,False,False,42.168674698795186,,,,exposure_only_no_risk_signal
jc,2023,10,JC002,Paulus Hook,40.71419740099447,-74.03356072436027,1807,0,0.0,0.0,204.1438546825642,False,insufficient_data,0.4216867469879519,0.0,0.4216867469879519,False,False,False,42.168674698795186,,,,exposure_only_no_risk_signal
jc,2025,4,HB608,2 St & Park Ave,40.73915272763701,-74.0330819785595,1607,0,0.0,0.0,229.55068164990266,False,insufficient_data,0.4216867469879519,0.0,0.4216867469879519,False,False,False,42.168674698795186,,,,exposure_only_no_risk_signal
jc,2025,3,JC055,McGinley Square,40.7253399253558,-74.06762212514877,1454,0,0.0,0.0,253.70560207110972,False,insufficient_data,0.4216867469879519,0.0,0.4216867469879519,False,False,False,42.168674698795186,,,,exposure_only_no_risk_signal
jc,2023,11,JC103,Journal Square,40.73369457155415,-74.06247248294876,1431,0,0.0,0.0,257.78333012675995,False,insufficient_data,0.4216867469879519,0.0,0.4216867469879519,False,False,False,42.168674698795186,,,,exposure_only_no_risk_signal
jc,2023,12,JC081,Brunswick & 6th,40.726022220726406,-74.05038458704018,1071,0,0.0,0.0,344.4331889928978,False,insufficient_data,0.4216867469879519,0.0,0.4216867469879519,False,False,False,42.168674698795186,,,,exposure_only_no_risk_signal
jc,2025,2,HB203,Bloomfield St & 15 St,40.75453,-74.02658,913,0,0.0,0.0,404.0393706587005,False,insufficient_data,0.4216867469879519,0.0,0.4216867469879519,False,False,False,42.168674698795186,,,,exposure_only_no_risk_signal
jc,2025,8,HB610,Adams St & 12 St,40.751889392240685,-74.03329162748534,1949,0,0.0,0.0,189.27036706587663,False,insufficient_data,0.42045454545454547,0.0,0.42045454545454547,False,False,False,42.04545454545455,,,,exposure_only_no_risk_signal
jc,2023,1,HB602,Stevens - River Ter & 6 St,40.74314302128745,-74.02697963090908,1088,0,0.0,0.0,339.05142041488375,False,insufficient_data,0.419753086419753,0.0,0.419753086419753,False,False,False,41.9753086419753,,,,exposure_only_no_risk_signal
jc,2023,2,JC002,Paulus Hook,40.714147660848326,-74.03355049692364,956,0,0.0,0.0,385.8660516855581,False,insufficient_data,0.419753086419753,0.0,0.419753086419753,False,False,False,41.9753086419753,,,,exposure_only_no_risk_signal
jc,2025,7,JC020,Baldwin at Montgomery,40.7236589,-74.0641943,2046,0,0.0,0.0,180.2971385197427,False,insufficient_data,0.41666666666666674,0.0,0.41666666666666674,False,False,False,41.66666666666667,,,,exposure_only_no_risk_signal
jc,2025,5,HB404,Mama Johnson Field - 4 St & Jackson St,40.74313993965626,-74.04004096984863,1813,0,0.0,0.0,203.46825450159596,False,insufficient_data,0.41666666666666674,0.0,0.41666666666666674,False,False,False,41.66666666666667,,,,exposure_only_no_risk_signal
jc,2020,8,3268,Lafayette Park,40.71346382669195,-74.06285852193832,1039,0,0.0,0.0,355.04133340846346,False,insufficient_data,0.41666666666666674,0.0,0.41666666666666674,False,False,False,41.66666666666667,,,,exposure_only_no_risk_signal
jc,2019,4,3194,McGinley Square,40.7253399253558,-74.06762212514877,906,0,0.0,0.0,407.1610876505447,False,insufficient_data,0.41666666666666674,0.0,0.41666666666666674,False,False,False,41.66666666666667,,,,exposure_only_no_risk_signal
jc,2019,6,3194,McGinley Square,40.7253399253558,-74.06762212514877,881,0,0.0,0.0,418.71503451917545,False,insufficient_data,0.41666666666666674,0.0,0.41666666666666674,False,False,False,41.66666666666667,,,,exposure_only_no_risk_signal
jc,2020,6,3269,Brunswick & 6th,40.726011729646245,-74.05038893222809,827,0,0.0,0.0,446.05555672478056,False,insufficient_data,0.41666666666666674,0.0,0.41666666666666674,False,False,False,41.66666666666667,,,,exposure_only_no_risk_signal
jc,2019,3,3681,Grand St,40.71517767732029,-74.03768330812454,659,0,0.0,0.0,559.7692646606882,False,insufficient_data,0.41666666666666674,0.0,0.41666666666666674,False,False,False,41.66666666666667,,,,exposure_only_no_risk_signal
jc,2025,12,JC095,Bergen Ave,40.722103786686034,-74.07145500183105,640,0,0.0,0.0,576.3874147053024,False,insufficient_data,0.41666666666666674,0.0,0.41666666666666674,False,False,False,41.66666666666667,,,,exposure_only_no_risk_signal
jc,2019,1,3681,Grand St,40.71517767732029,-74.03768330812454,577,0,0.0,0.0,639.3205293091743,False,insufficient_data,0.41666666666666674,0.0,0.41666666666666674,False,False,False,41.66666666666667,,,,exposure_only_no_risk_signal
jc,2020,5,3270,Jersey & 6th St,40.72528910781132,-74.04557168483734,574,0,0.0,0.0,642.6619258038214,False,insufficient_data,0.41666666666666674,0.0,0.41666666666666674,False,False,False,41.66666666666667,,,,exposure_only_no_risk_signal
jc,2019,2,3205,JC Medical Center,40.71653978099194,-74.0496379137039,522,0,0.0,0.0,706.6818877612903,False,insufficient_data,0.41666666666666674,0.0,0.41666666666666674,False,False,False,41.66666666666667,,,,exposure_only_no_risk_signal
jc,2019,12,3280,Astor Place,40.71928220070702,-74.07126188278198,521,0,0.0,0.0,708.038282939335,False,insufficient_data,0.41666666666666674,0.0,0.41666666666666674,False,False,False,41.66666666666667,,,,exposure_only_no_risk_signal
jc,2020,12,3268,Lafayette Park,40.71346382669195,-74.06285852193832,314,0,0.0,0.0,1174.8023739216355,False,insufficient_data,0.41666666666666674,0.0,0.41666666666666674,False,False,False,41.66666666666667,,,,exposure_only_no_risk_signal
jc,2020,4,3678,Fairmount Ave,40.72572613742557,-74.07195925712585,245,0,0.0,0.0,1505.6650833118103,False,insufficient_data,0.41666666666666674,0.0,0.41666666666666674,False,False,False,41.66666666666667,,,,exposure_only_no_risk_signal
jc,2025,9,JC076,Dixon Mills,40.721630142638354,-74.04996782541275,1866,0,0.0,0.0,197.6891454509076,False,insufficient_data,0.4148936170212766,0.0,0.4148936170212766,False,False,False,41.48936170212766,,,,exposure_only_no_risk_signal
jc,2025,10,HB404,Mama Johnson Field - 4 St & Jackson St,40.74313993965626,-74.04004096984863,1666,0,0.0,0.0,221.42133578114857,False,insufficient_data,0.4148936170212766,0.0,0.4148936170212766,False,False,False,41.48936170212766,,,,exposure_only_no_risk_signal
jc,2025,11,JC075,Monmouth & 6th,40.72568548362901,-74.04879033565521,1299,0,0.0,0.0,283.97840293409814,False,insufficient_data,0.4148936170212766,0.0,0.4148936170212766,False,False,False,41.48936170212766,,,,exposure_only_no_risk_signal
jc,2023,7,HB608,2 St & Park Ave,40.73913048008795,-74.0330760686709,1853,0,0.0,0.0,199.07606336286753,False,insufficient_data,0.4146341463414634,0.0,0.4146341463414634,False,False,False,41.46341463414634,,,,exposure_only_no_risk_signal
jc,2023,6,JC074,Jersey & 3rd,40.72334980020099,-74.0459179794242,1774,0,0.0,0.0,207.94134465129287,False,insufficient_data,0.4146341463414634,0.0,0.4146341463414634,False,False,False,41.46341463414634,,,,exposure_only_no_risk_signal
jc,2023,5,JC023,Brunswick St,40.72416466167786,-74.05066183003015,1757,0,0.0,0.0,209.95329846977432,False,insufficient_data,0.4146341463414634,0.0,0.4146341463414634,False,False,False,41.46341463414634,,,,exposure_only_no_risk_signal
jc,2023,4,HB503,Madison St & 10 St,40.749967512766425,-74.03586750972165,1494,0,0.0,0.0,246.9129487358725,False,insufficient_data,0.4146341463414634,0.0,0.4146341463414634,False,False,False,41.46341463414634,,,,exposure_only_no_risk_signal
jc,2023,3,JC103,Journal Square,40.73368808308837,-74.06250049682734,1222,0,0.0,0.0,301.87229575400454,False,insufficient_data,0.4146341463414634,0.0,0.4146341463414634,False,False,False,41.46341463414634,,,,exposure_only_no_risk_signal
jc,2025,6,HB404,Mama Johnson Field - 4 St & Jackson St,40.74313993965626,-74.04004096984863,1798,0,0.0,0.0,205.16570935005203,False,insufficient_data,0.4117647058823529,0.0,0.4117647058823529,False,False,False,41.17647058823529,,,,exposure_only_no_risk_signal
jc,2023,9,JC081,Brunswick & 6th,40.72601976625905,-74.05037405627498,1612,0,0.0,0.0,228.83867581351956,False,insufficient_data,0.4117647058823529,0.0,0.4117647058823529,False,False,False,41.17647058823529,,,,exposure_only_no_risk_signal
jc,2023,8,JC055,McGinley Square,40.72535295935315,-74.06752963821228,1906,0,0.0,0.0,193.54037010041634,False,insufficient_data,0.40963855421686746,0.0,0.40963855421686746,False,False,False,40.963855421686745,,,,exposure_only_no_risk_signal
jc,2023,10,JC072,Morris Canal,40.71243841308693,-74.03847325122588,1800,0,0.0,0.0,204.9377474507742,False,insufficient_data,0.40963855421686746,0.0,0.40963855421686746,False,False,False,40.963855421686745,,,,exposure_only_no_risk_signal
jc,2025,4,JC055,McGinley Square,40.7253399253558,-74.06762212514877,1603,0,0.0,0.0,230.12348434896666,False,insufficient_data,0.40963855421686746,0.0,0.40963855421686746,False,False,False,40.963855421686745,,,,exposure_only_no_risk_signal
jc,2023,11,JC072,Morris Canal,40.712385121791165,-74.03846827333079,1416,0,0.0,0.0,260.51408574250956,False,insufficient_data,0.40963855421686746,0.0,0.40963855421686746,False,False,False,40.963855421686745,,,,exposure_only_no_risk_signal
jc,2025,3,HB608,2 St & Park Ave,40.73915272763701,-74.0330819785595,1396,0,0.0,0.0,264.2463792345226,False,insufficient_data,0.40963855421686746,0.0,0.40963855421686746,False,False,False,40.963855421686745,,,,exposure_only_no_risk_signal
jc,2023,12,JC055,McGinley Square,40.72536267364544,-74.06760480804671,1059,0,0.0,0.0,348.33611464720826,False,insufficient_data,0.40963855421686746,0.0,0.40963855421686746,False,False,False,40.963855421686745,,,,exposure_only_no_risk_signal
jc,2025,2,JC074,Jersey & 3rd,40.72333158646436,-74.04595255851744,861,0,0.0,0.0,428.4412838692143,False,insufficient_data,0.40963855421686746,0.0,0.40963855421686746,False,False,False,40.963855421686745,,,,exposure_only_no_risk_signal
jc,2025,8,JC020,Baldwin at Montgomery,40.7236589,-74.0641943,1942,0,0.0,0.0,189.9525980491213,False,insufficient_data,0.4090909090909091,0.0,0.4090909090909091,False,False,False,40.909090909090914,,,,exposure_only_no_risk_signal
jc,2020,9,3483,Montgomery St,40.71942,-74.05099,986,0,0.0,0.0,374.12570528538896,False,insufficient_data,0.40816326530612246,0.0,0.40816326530612246,False,False,False,40.816326530612244,,,,exposure_only_no_risk_signal
jc,2019,8,3210,Pershing Field,40.742677141,-74.051788633,937,0,0.0,0.0,393.69044334193546,False,insufficient_data,0.40816326530612246,0.0,0.40816326530612246,False,False,False,40.816326530612244,,,,exposure_only_no_risk_signal
jc,2019,10,3483,Montgomery St,40.71942,-74.05099,928,0,0.0,0.0,397.5085618657258,False,insufficient_data,0.40816326530612246,0.0,0.40816326530612246,False,False,False,40.816326530612244,,,,exposure_only_no_risk_signal
jc,2019,7,3483,Montgomery St,40.71942,-74.05099,920,0,0.0,0.0,400.9651580558625,False,insufficient_data,0.40816326530612246,0.0,0.40816326530612246,False,False,False,40.816326530612244,,,,exposure_only_no_risk_signal
jc,2019,5,3210,Pershing Field,40.742677141,-74.051788633,890,0,0.0,0.0,414.4808375408916,False,insufficient_data,0.40816326530612246,0.0,0.40816326530612246,False,False,False,40.816326530612244,,,,exposure_only_no_risk_signal
jc,2020,7,3269,Brunswick & 6th,40.72601172964625,-74.05038893222809,886,0,0.0,0.0,416.3520828571033,False,insufficient_data,0.40816326530612246,0.0,0.40816326530612246,False,False,False,40.816326530612244,,,,exposure_only_no_risk_signal
jc,2020,10,3268,Lafayette Park,40.71346382669195,-74.06285852193832,763,0,0.0,0.0,483.4704395955354,False,insufficient_data,0.40816326530612246,0.0,0.40816326530612246,False,False,False,40.816326530612244,,,,exposure_only_no_risk_signal
jc,2019,11,3210,Pershing Field,40.742677141,-74.051788633,689,0,0.0,0.0,535.3961471863477,False,insufficient_data,0.40816326530612246,0.0,0.40816326530612246,False,False,False,40.816326530612244,,,,exposure_only_no_risk_signal
jc,2020,1,3280,Astor Place,40.71928220070702,-74.07126188278198,655,0,0.0,0.0,563.187702918158,False,insufficient_data,0.40816326530612246,0.0,0.40816326530612246,False,False,False,40.816326530612244,,,,exposure_only_no_risk_signal
jc,2020,2,3280,Astor Place,40.71928220070702,-74.07126188278198,564,0,0.0,0.0,654.0566408003432,False,insufficient_data,0.40816326530612246,0.0,0.40816326530612246,False,False,False,40.816326530612244,,,,exposure_only_no_risk_signal
jc,2020,11,3214,Essex Light Rail,40.7127742,-74.0364857,538,0,0.0,0.0,685.6653260434824,False,insufficient_data,0.40816326530612246,0.0,0.40816326530612246,False,False,False,40.816326530612244,,,,exposure_only_no_risk_signal
jc,2020,3,3225,Baldwin at Montgomery,40.7236589,-74.0641943,441,0,0.0,0.0,836.4806018398946,False,insufficient_data,0.40816326530612246,0.0,0.40816326530612246,False,False,False,40.816326530612244,,,,exposure_only_no_risk_signal
jc,2023,1,JC072,Morris Canal,40.71239223487768,-74.03848088196513,1080,0,0.0,0.0,341.56291241795697,False,insufficient_data,0.4074074074074074,0.0,0.4074074074074074,False,False,False,40.74074074074074,,,,exposure_only_no_risk_signal
jc,2023,2,JC110,JC Medical Center,40.715392427090926,-74.04969258642754,928,0,0.0,0.0,397.5085618657258,False,insufficient_data,0.4074074074074074,0.0,0.4074074074074074,False,False,False,40.74074074074074,,,,exposure_only_no_risk_signal
jc,2025,12,JC118,Pacific Ave & Communipaw Ave,40.711354,-74.062446,628,0,0.0,0.0,587.4011869608178,False,insufficient_data,0.4074074074074074,0.0,0.4074074074074074,False,False,False,40.74074074074074,,,,exposure_only_no_risk_signal
jc,2025,1,HB404,Mama Johnson Field - 4 St & Jackson St,40.74313993965626,-74.04004096984863,865,0,0.0,0.0,426.46005249872087,False,insufficient_data,0.40588235294117647,0.0,0.40588235294117647,False,False,False,40.588235294117645,,,,exposure_only_no_risk_signal
jc,2025,1,JC022,Oakland Ave,40.7376037,-74.0524783,865,0,0.0,0.0,426.46005249872087,False,insufficient_data,0.40588235294117647,0.0,0.40588235294117647,False,False,False,40.588235294117645,,,,exposure_only_no_risk_signal
jc,2025,7,HB404,Mama Johnson Field - 4 St & Jackson St,40.74313993965626,-74.04004096984863,2001,0,0.0,0.0,184.35179680729314,False,insufficient_data,0.40476190476190477,0.0,0.40476190476190477,False,False,False,40.476190476190474,,,,exposure_only_no_risk_signal
jc,2025,5,JC020,Baldwin at Montgomery,40.7236589,-74.0641943,1804,0,0.0,0.0,204.48334002848867,False,insufficient_data,0.40476190476190477,0.0,0.40476190476190477,False,False,False,40.476190476190474,,,,exposure_only_no_risk_signal
jc,2025,9,JC020,Baldwin at Montgomery,40.7236589,-74.0641943,1861,0,0.0,0.0,198.2202823274549,False,insufficient_data,0.4042553191489361,0.0,0.4042553191489361,False,False,False,40.42553191489361,,,,exposure_only_no_risk_signal
jc,2025,10,HB508,Monroe St & 11 St,40.750109112857295,-74.036636745998,1646,0,0.0,0.0,224.1117529838357,False,insufficient_data,0.4042553191489361,0.0,0.4042553191489361,False,False,False,40.42553191489361,,,,exposure_only_no_risk_signal
jc,2025,11,JC027,Jersey & 6th St,40.72528910781132,-74.04557168483734,1275,0,0.0,0.0,289.3238787540341,False,insufficient_data,0.4042553191489361,0.0,0.4042553191489361,False,False,False,40.42553191489361,,,,exposure_only_no_risk_signal
jc,2023,7,JC078,Lafayette Park,40.71351379819029,-74.06277702388869,1843,0,0.0,0.0,200.15623733662156,False,insufficient_data,0.402439024390244,0.0,0.402439024390244,False,False,False,40.243902439024396,,,,exposure_only_no_risk_signal
jc,2023,5,HB602,Stevens - River Ter & 6 St,40.74313846596382,-74.02698346142367,1751,0,0.0,0.0,210.6727272480831,False,insufficient_data,0.402439024390244,0.0,0.402439024390244,False,False,False,40.243902439024396,,,,exposure_only_no_risk_signal
jc,2023,6,HB302,6 St & Grand St,40.74434074089563,-74.03450847670553,1630,0,0.0,0.0,226.3116229517752,False,insufficient_data,0.402439024390244,0.0,0.402439024390244,False,False,False,40.243902439024396,,,,exposure_only_no_risk_signal
jc,2023,4,JC074,Jersey & 3rd,40.72332377892764,-74.04593260383524,1488,0,0.0,0.0,247.9085654646462,False,insufficient_data,0.402439024390244,0.0,0.402439024390244,False,False,False,40.243902439024396,,,,exposure_only_no_risk_signal
jc,2023,3,JC023,Brunswick St,40.72414673454107,-74.05067139892675,1197,0,0.0,0.0,308.1770638357507,False,insufficient_data,0.402439024390244,0.0,0.402439024390244,False,False,False,40.243902439024396,,,,exposure_only_no_risk_signal
jc,2025,6,JC103,Journal Square,40.73367,-74.0625,1743,0,0.0,0.0,211.63967034503358,False,insufficient_data,0.4,0.0,0.4,False,False,False,40.0,,,,exposure_only_no_risk_signal
jc,2023,9,JC020,Baldwin at Montgomery,40.72364405755485,-74.06408264130395,1577,0,0.0,0.0,233.91753038135292,False,insufficient_data,0.4,0.0,0.4,False,False,False,40.0,,,,exposure_only_no_risk_signal
jc,2025,12,JC052,Liberty Light Rail,40.7112423,-74.0557013,626,0,0.0,0.0,589.2778680693187,False,insufficient_data,0.39814814814814814,0.0,0.39814814814814814,False,False,False,39.81481481481482,,,,exposure_only_no_risk_signal
jc,2019,9,3210,Pershing Field,40.742677141,-74.051788633,1025,0,0.0,0.0,359.89067845014,False,insufficient_data,0.39795918367346933,0.0,0.39795918367346933,False,False,False,39.795918367346935,,,,exposure_only_no_risk_signal
jc,2019,9,3483,Montgomery St,40.71942,-74.05099,1025,0,0.0,0.0,359.89067845014,False,insufficient_data,0.39795918367346933,0.0,0.39795918367346933,False,False,False,39.795918367346935,,,,exposure_only_no_risk_signal
jc,2025,8,JC081,Brunswick & 6th,40.72601172964625,-74.05038893222809,1911,0,0.0,0.0,193.03398503997568,False,insufficient_data,0.3977272727272727,0.0,0.3977272727272727,False,False,False,39.77272727272727,,,,exposure_only_no_risk_signal
jc,2023,8,JC020,Baldwin at Montgomery,40.7236262414364,-74.06412457898031,1879,0,0.0,0.0,196.32141852655326,False,insufficient_data,0.3975903614457831,0.0,0.3975903614457831,False,False,False,39.75903614457831,,,,exposure_only_no_risk_signal
jc,2023,10,JC074,Jersey & 3rd,40.72335930952368,-74.04589986398774,1737,0,0.0,0.0,212.37072274691627,False,insufficient_data,0.3975903614457831,0.0,0.3975903614457831,False,False,False,39.75903614457831,,,,exposure_only_no_risk_signal
jc,2025,3,HB302,6 St & Grand St,40.7443978330956,-74.03450086712837,1386,0,0.0,0.0,266.1529187672392,False,insufficient_data,0.3975903614457831,0.0,0.3975903614457831,False,False,False,39.75903614457831,,,,exposure_only_no_risk_signal
jc,2023,11,JC055,McGinley Square,40.725376426508994,-74.06758347924064,1311,0,0.0,0.0,281.3790582848158,False,insufficient_data,0.3975903614457831,0.0,0.3975903614457831,False,False,False,39.75903614457831,,,,exposure_only_no_risk_signal
jc,2023,12,JC110,JC Medical Center,40.715402001505765,-74.04968095814749,1047,0,0.0,0.0,352.3285056460301,False,insufficient_data,0.3975903614457831,0.0,0.3975903614457831,False,False,False,39.75903614457831,,,,exposure_only_no_risk_signal
jc,2025,2,HB302,6 St & Grand St,40.7443978330956,-74.03450086712837,844,0,0.0,0.0,437.07102536894973,False,insufficient_data,0.3975903614457831,0.0,0.3975903614457831,False,False,False,39.75903614457831,,,,exposure_only_no_risk_signal
jc,2020,8,3214,Essex Light Rail,40.7127742,-74.0364857,1019,0,0.0,0.0,362.0097599719269,False,insufficient_data,0.39583333333333326,0.0,0.39583333333333326,False,False,False,39.58333333333333,,,,exposure_only_no_risk_signal
jc,2019,4,3210,Pershing Field,40.74267714100001,-74.05178863299999,892,0,0.0,0.0,413.55150830873714,False,insufficient_data,0.39583333333333326,0.0,0.39583333333333326,False,False,False,39.58333333333333,,,,exposure_only_no_risk_signal
jc,2019,6,3225,Baldwin at Montgomery,40.7236589,-74.0641943,838,0,0.0,0.0,440.20041218543383,False,insufficient_data,0.39583333333333326,0.0,0.39583333333333326,False,False,False,39.58333333333333,,,,exposure_only_no_risk_signal
jc,2020,6,3206,Hilltop,40.7311689,-74.0575736,813,0,0.0,0.0,453.73671022311623,False,insufficient_data,0.39583333333333326,0.0,0.39583333333333326,False,False,False,39.58333333333333,,,,exposure_only_no_risk_signal
jc,2019,3,3194,McGinley Square,40.7253399253558,-74.06762212514877,627,0,0.0,0.0,588.3380309591604,False,insufficient_data,0.39583333333333326,0.0,0.39583333333333326,False,False,False,39.58333333333333,,,,exposure_only_no_risk_signal
jc,2019,1,3205,JC Medical Center,40.71653978099194,-74.0496379137039,574,0,0.0,0.0,642.6619258038214,False,insufficient_data,0.39583333333333326,0.0,0.39583333333333326,False,False,False,39.58333333333333,,,,exposure_only_no_risk_signal
jc,2020,5,3194,McGinley Square,40.7253399253558,-74.06762212514877,558,0,0.0,0.0,661.0895079057232,False,insufficient_data,0.39583333333333326,0.0,0.39583333333333326,False,False,False,39.58333333333333,,,,exposure_only_no_risk_signal
jc,2019,12,3214,Essex Light Rail,40.7127742,-74.0364857,517,0,0.0,0.0,713.5163354185562,False,insufficient_data,0.39583333333333326,0.0,0.39583333333333326,False,False,False,39.58333333333333,,,,exposure_only_no_risk_signal
jc,2019,2,3210,Pershing Field,40.742677141,-74.051788633,513,0,0.0,0.0,719.0798156167516,False,insufficient_data,0.39583333333333326,0.0,0.39583333333333326,False,False,False,39.58333333333333,,,,exposure_only_no_risk_signal
jc,2020,12,3214,Essex Light Rail,40.7127742,-74.0364857,308,0,0.0,0.0,1197.6881344525764,False,insufficient_data,0.39583333333333326,0.0,0.39583333333333326,False,False,False,39.58333333333333,,,,exposure_only_no_risk_signal
jc,2020,4,3279,Dixon Mills,40.721630142638354,-74.04996782541275,239,0,0.0,0.0,1543.4642067422324,False,insufficient_data,0.39583333333333326,0.0,0.39583333333333326,False,False,False,39.58333333333333,,,,exposure_only_no_risk_signal
jc,2023,1,JC074,Jersey & 3rd,40.723321490606,-74.04592079019409,1065,0,0.0,0.0,346.3736576632803,False,insufficient_data,0.3950617283950617,0.0,0.3950617283950617,False,False,False,39.50617283950617,,,,exposure_only_no_risk_signal
jc,2023,2,JC023,Brunswick St,40.724151463266814,-74.05066515681366,907,0,0.0,0.0,406.71217796184516,False,insufficient_data,0.3950617283950617,0.0,0.3950617283950617,False,False,False,39.50617283950617,,,,exposure_only_no_risk_signal
jc,2025,9,HB508,Monroe St & 11 St,40.7501091128573,-74.036636745998,1851,0,0.0,0.0,199.29116445780312,False,insufficient_data,0.39361702127659576,0.0,0.39361702127659576,False,False,False,39.361702127659576,,,,exposure_only_no_risk_signal
jc,2025,10,JC002,Paulus Hook,40.7141454,-74.0335519,1603,0,0.0,0.0,230.12348434896666,False,insufficient_data,0.39361702127659576,0.0,0.39361702127659576,False,False,False,39.361702127659576,,,,exposure_only_no_risk_signal
jc,2025,11,HB508,Monroe St & 11 St,40.7501091128573,-74.036636745998,1257,0,0.0,0.0,293.4669414569559,False,insufficient_data,0.39361702127659576,0.0,0.39361702127659576,False,False,False,39.361702127659576,,,,exposure_only_no_risk_signal
jc,2025,7,JC103,Journal Square,40.73367,-74.0625,1989,0,0.0,0.0,185.4640248423296,False,insufficient_data,0.39285714285714285,0.0,0.39285714285714285,False,False,False,39.285714285714285,,,,exposure_only_no_risk_signal
jc,2025,5,JC081,Brunswick & 6th,40.72601172964625,-74.05038893222809,1713,0,0.0,0.0,215.34614443163665,False,insufficient_data,0.39285714285714285,0.0,0.39285714285714285,False,False,False,39.285714285714285,,,,exposure_only_no_risk_signal
jc,2025,4,HB404,Mama Johnson Field - 4 St & Jackson St,40.74313993965626,-74.04004096984863,1569,0,0.0,0.0,235.11022652096466,False,insufficient_data,0.39156626506024095,0.0,0.39156626506024095,False,False,False,39.1566265060241,,,,exposure_only_no_risk_signal
jc,2025,4,JC081,Brunswick & 6th,40.72601172964625,-74.05038893222809,1569,0,0.0,0.0,235.11022652096466,False,insufficient_data,0.39156626506024095,0.0,0.39156626506024095,False,False,False,39.1566265060241,,,,exposure_only_no_risk_signal
jc,2023,7,HB602,Stevens - River Ter & 6 St,40.743123453335485,-74.02701669725981,1768,0,0.0,0.0,208.64702794762078,False,insufficient_data,0.3902439024390244,0.0,0.3902439024390244,False,False,False,39.02439024390244,,,,exposure_only_no_risk_signal
jc,2023,5,HB608,2 St & Park Ave,40.7391557911952,-74.03307742786482,1712,0,0.0,0.0,215.47193073095417,False,insufficient_data,0.3902439024390244,0.0,0.3902439024390244,False,False,False,39.02439024390244,,,,exposure_only_no_risk_signal
jc,2023,6,JC078,Lafayette Park,40.713475591627336,-74.06281711247804,1586,0,0.0,0.0,232.59012951538054,False,insufficient_data,0.3902439024390244,0.0,0.3902439024390244,False,False,False,39.02439024390244,,,,exposure_only_no_risk_signal
jc,2023,4,JC020,Baldwin at Montgomery,40.7236319822908,-74.06421748863737,1434,0,0.0,0.0,257.24403445703877,False,insufficient_data,0.3902439024390244,0.0,0.3902439024390244,False,False,False,39.02439024390244,,,,exposure_only_no_risk_signal
jc,2023,3,JC074,Jersey & 3rd,40.723320610401366,-74.04591977586459,1189,0,0.0,0.0,310.25058487081037,False,insufficient_data,0.3902439024390244,0.0,0.3902439024390244,False,False,False,39.02439024390244,,,,exposure_only_no_risk_signal
jc,2025,12,JC078,Lafayette Park,40.71346382669195,-74.06285852193832,525,0,0.0,0.0,702.6437055455116,False,insufficient_data,0.38888888888888895,0.0,0.38888888888888895,False,False,False,38.88888888888889,,,,exposure_only_no_risk_signal
jc,2025,6,JC002,Paulus Hook,40.7141454,-74.0335519,1742,0,0.0,0.0,211.76116269310768,False,insufficient_data,0.3882352941176471,0.0,0.3882352941176471,False,False,False,38.82352941176471,,,,exposure_only_no_risk_signal
jc,2023,9,HB404,Mama Johnson Field - 4 St & Jackson St,40.743141319819394,-74.04003933402164,1572,0,0.0,0.0,234.66154288256587,False,insufficient_data,0.3882352941176471,0.0,0.3882352941176471,False,False,False,38.82352941176471,,,,exposure_only_no_risk_signal
jc,2025,1,HB302,6 St & Grand St,40.74439783309559,-74.03450086712837,845,0,0.0,0.0,436.55378155194495,False,insufficient_data,0.3882352941176471,0.0,0.3882352941176471,False,False,False,38.82352941176471,,,,exposure_only_no_risk_signal
jc,2020,9,3268,Lafayette Park,40.71346382669195,-74.06285852193832,956,0,0.0,0.0,385.8660516855581,False,insufficient_data,0.3877551020408163,0.0,0.3877551020408163,False,False,False,38.775510204081634,,,,exposure_only_no_risk_signal
jc,2019,8,3483,Montgomery St,40.71942,-74.05099,916,0,0.0,0.0,402.7160976106917,False,insufficient_data,0.3877551020408163,0.0,0.3877551020408163,False,False,False,38.775510204081634,,,,exposure_only_no_risk_signal
jc,2019,7,3225,Baldwin at Montgomery,40.7236589,-74.0641943,882,0,0.0,0.0,418.2403009199473,False,insufficient_data,0.3877551020408163,0.0,0.3877551020408163,False,False,False,38.775510204081634,,,,exposure_only_no_risk_signal
jc,2019,10,3210,Pershing Field,40.74267714100001,-74.051788633,871,0,0.0,0.0,423.52232538621536,False,insufficient_data,0.3877551020408163,0.0,0.3877551020408163,False,False,False,38.775510204081634,,,,exposure_only_no_risk_signal
jc,2020,7,3483,Montgomery St,40.71942,-74.05099,832,0,0.0,0.0,443.37493438869416,False,insufficient_data,0.3877551020408163,0.0,0.3877551020408163,False,False,False,38.775510204081634,,,,exposure_only_no_risk_signal
jc,2019,5,3207,Oakland Ave,40.7376037,-74.0524783,800,0,0.0,0.0,461.1099317642419,False,insufficient_data,0.3877551020408163,0.0,0.3877551020408163,False,False,False,38.775510204081634,,,,exposure_only_no_risk_signal
jc,2020,10,3483,Montgomery St,40.71942,-74.05099,721,0,0.0,0.0,511.6337661739161,False,insufficient_data,0.3877551020408163,0.0,0.3877551020408163,False,False,False,38.775510204081634,,,,exposure_only_no_risk_signal
jc,2019,11,3280,Astor Place,40.71928220070702,-74.07126188278198,603,0,0.0,0.0,611.754470002311,False,insufficient_data,0.3877551020408163,0.0,0.3877551020408163,False,False,False,38.775510204081634,,,,exposure_only_no_risk_signal
jc,2020,1,3679,Bergen Ave,40.722103786686034,-74.07145500183105,558,0,0.0,0.0,661.0895079057232,False,insufficient_data,0.3877551020408163,0.0,0.3877551020408163,False,False,False,38.775510204081634,,,,exposure_only_no_risk_signal
jc,2020,2,3679,Bergen Ave,40.722103786686034,-74.07145500183105,514,0,0.0,0.0,717.6808276486256,False,insufficient_data,0.3877551020408163,0.0,0.3877551020408163,False,False,False,38.775510204081634,,,,exposure_only_no_risk_signal
jc,2020,11,3279,Dixon Mills,40.721630142638354,-74.04996782541275,502,0,0.0,0.0,734.8365446442102,False,insufficient_data,0.3877551020408163,0.0,0.3877551020408163,False,False,False,38.775510204081634,,,,exposure_only_no_risk_signal
jc,2020,3,3640,Journal Square,40.73367,-74.0625,435,0,0.0,0.0,848.0182653135485,False,insufficient_data,0.3877551020408163,0.0,0.3877551020408163,False,False,False,38.775510204081634,,,,exposure_only_no_risk_signal
jc,2025,8,JC078,Lafayette Park,40.71346382669195,-74.06285852193832,1850,0,0.0,0.0,199.39888941156408,False,insufficient_data,0.38636363636363635,0.0,0.38636363636363635,False,False,False,38.63636363636363,,,,exposure_only_no_risk_signal
jc,2023,8,JC074,Jersey & 3rd,40.72332508694854,-74.04587683107889,1847,0,0.0,0.0,199.72276416426286,False,insufficient_data,0.3855421686746988,0.0,0.3855421686746988,False,False,False,38.55421686746988,,,,exposure_only_no_risk_signal
jc,2023,10,JC081,Brunswick & 6th,40.72603331600926,-74.05037104895004,1730,0,0.0,0.0,213.23002624936044,False,insufficient_data,0.3855421686746988,0.0,0.3855421686746988,False,False,False,38.55421686746988,,,,exposure_only_no_risk_signal
jc,2025,3,JC020,Baldwin at Montgomery,40.7236589,-74.0641943,1342,0,0.0,0.0,274.87924397272246,False,insufficient_data,0.3855421686746988,0.0,0.3855421686746988,False,False,False,38.55421686746988,,,,exposure_only_no_risk_signal
jc,2023,11,JC074,Jersey & 3rd,40.72331508987054,-74.04590728179332,1291,0,0.0,0.0,285.738145167617,False,insufficient_data,0.3855421686746988,0.0,0.3855421686746988,False,False,False,38.55421686746988,,,,exposure_only_no_risk_signal
jc,2023,12,JC074,Jersey & 3rd,40.72338902337274,-74.0458660574067,1038,0,0.0,0.0,355.3833770822674,False,insufficient_data,0.3855421686746988,0.0,0.3855421686746988,False,False,False,38.55421686746988,,,,exposure_only_no_risk_signal
jc,2025,2,JC020,Baldwin at Montgomery,40.7236589,-74.0641943,810,0,0.0,0.0,455.417216557276,False,insufficient_data,0.3855421686746988,0.0,0.3855421686746988,False,False,False,38.55421686746988,,,,exposure_only_no_risk_signal
jc,2025,9,HB404,Mama Johnson Field - 4 St & Jackson St,40.74313993965626,-74.04004096984863,1683,0,0.0,0.0,219.18475663184404,False,insufficient_data,0.3829787234042554,0.0,0.3829787234042554,False,False,False,38.297872340425535,,,,exposure_only_no_risk_signal
jc,2025,10,JC076,Dixon Mills,40.721630142638354,-74.04996782541275,1583,0,0.0,0.0,233.03091940075396,False,insufficient_data,0.3829787234042554,0.0,0.3829787234042554,False,False,False,38.297872340425535,,,,exposure_only_no_risk_signal
jc,2025,11,JC103,Journal Square,40.73367,-74.0625,1241,0,0.0,0.0,297.2505603637337,False,insufficient_data,0.3829787234042554,0.0,0.3829787234042554,False,False,False,38.297872340425535,,,,exposure_only_no_risk_signal
jc,2023,1,JC078,Lafayette Park,40.71347791371997,-74.0628482680234,1027,0,0.0,0.0,359.18982026425857,False,insufficient_data,0.38271604938271603,0.0,0.38271604938271603,False,False,False,38.2716049382716,,,,exposure_only_no_risk_signal
jc,2023,2,JC072,Morris Canal,40.7123900576878,-74.03847505204266,901,0,0.0,0.0,409.42058314250113,False,insufficient_data,0.38271604938271603,0.0,0.38271604938271603,False,False,False,38.2716049382716,,,,exposure_only_no_risk_signal
jc,2025,7,HB602,Stevens - River Ter & 6 St,40.74313282710551,-74.02698867022991,1940,0,0.0,0.0,190.14842546979048,False,insufficient_data,0.38095238095238093,0.0,0.38095238095238093,False,False,False,38.095238095238095,,,,exposure_only_no_risk_signal
jc,2025,5,JC074,Jersey & 3rd,40.72333158646436,-74.04595255851744,1693,0,0.0,0.0,217.89010360980126,False,insufficient_data,0.38095238095238093,0.0,0.38095238095238093,False,False,False,38.095238095238095,,,,exposure_only_no_risk_signal
jc,2025,12,JC057,Riverview Park,40.7443187,-74.0439909,477,0,0.0,0.0,773.3499903802799,False,insufficient_data,0.3796296296296296,0.0,0.3796296296296296,False,False,False,37.96296296296296,,,,exposure_only_no_risk_signal
jc,2023,7,JC081,Brunswick & 6th,40.72602997647405,-74.05038694305756,1763,0,0.0,0.0,209.23876654077907,False,insufficient_data,0.3780487804878049,0.0,0.3780487804878049,False,False,False,37.80487804878049,,,,exposure_only_no_risk_signal
jc,2023,5,HB302,6 St & Grand St,40.74438891230025,-74.03449146313542,1598,0,0.0,0.0,230.84352028247406,False,insufficient_data,0.3780487804878049,0.0,0.3780487804878049,False,False,False,37.80487804878049,,,,exposure_only_no_risk_signal
jc,2023,6,JC103,Journal Square,40.733656446830935,-74.0624436545682,1530,0,0.0,0.0,241.10323229502845,False,insufficient_data,0.3780487804878049,0.0,0.3780487804878049,False,False,False,37.80487804878049,,,,exposure_only_no_risk_signal
jc,2023,4,HB302,6 St & Grand St,40.74438733371992,-74.03448924304229,1426,0,0.0,0.0,258.68719874571775,False,insufficient_data,0.3780487804878049,0.0,0.3780487804878049,False,False,False,37.80487804878049,,,,exposure_only_no_risk_signal
jc,2023,3,HB302,6 St & Grand St,40.74438268900514,-74.03448267210837,1171,0,0.0,0.0,315.01959471510975,False,insufficient_data,0.3780487804878049,0.0,0.3780487804878049,False,False,False,37.80487804878049,,,,exposure_only_no_risk_signal
jc,2025,6,JC074,Jersey & 3rd,40.72333158646436,-74.04595255851744,1649,0,0.0,0.0,223.70402996445938,False,insufficient_data,0.3764705882352941,0.0,0.3764705882352941,False,False,False,37.64705882352941,,,,exposure_only_no_risk_signal
jc,2023,9,JC074,Jersey & 3rd,40.72336260658432,-74.04586989441519,1545,0,0.0,0.0,238.7624242144942,False,insufficient_data,0.3764705882352941,0.0,0.3764705882352941,False,False,False,37.64705882352941,,,,exposure_only_no_risk_signal
jc,2025,1,JC020,Baldwin at Montgomery,40.7236589,-74.0641943,836,0,0.0,0.0,441.2535232193702,False,insufficient_data,0.3764705882352941,0.0,0.3764705882352941,False,False,False,37.64705882352941,,,,exposure_only_no_risk_signal
jc,2025,8,HB404,Mama Johnson Field - 4 St & Jackson St,40.74313993965627,-74.04004096984863,1749,0,0.0,0.0,210.91363374007634,False,insufficient_data,0.375,0.0,0.375,False,False,False,37.5,,,,exposure_only_no_risk_signal
jc,2020,8,3210,Pershing Field,40.742677141,-74.051788633,983,0,0.0,0.0,375.26749278880317,False,insufficient_data,0.375,0.0,0.375,False,False,False,37.5,,,,exposure_only_no_risk_signal
jc,2019,6,3483,Montgomery St,40.71942,-74.05099,829,0,0.0,0.0,444.97942751675936,False,insufficient_data,0.375,0.0,0.375,False,False,False,37.5,,,,exposure_only_no_risk_signal
jc,2020,6,3483,Montgomery St,40.71942,-74.05099,805,0,0.0,0.0,458.24589492098573,False,insufficient_data,0.375,0.0,0.375,False,False,False,37.5,,,,exposure_only_no_risk_signal
jc,2019,4,3207,Oakland Ave,40.7376037,-74.0524783,757,0,0.0,0.0,487.30243779576426,False,insufficient_data,0.375,0.0,0.375,False,False,False,37.5,,,,exposure_only_no_risk_signal
jc,2019,3,3210,Pershing Field,40.742677141,-74.051788633,626,0,0.0,0.0,589.2778680693187,False,insufficient_data,0.375,0.0,0.375,False,False,False,37.5,,,,exposure_only_no_risk_signal
jc,2020,5,3481,York St,40.71649,-74.04105,555,0,0.0,0.0,664.6629647052137,False,insufficient_data,0.375,0.0,0.375,False,False,False,37.5,,,,exposure_only_no_risk_signal
jc,2019,2,3483,Montgomery St,40.71942,-74.05099,504,0,0.0,0.0,731.9205266099078,False,insufficient_data,0.375,0.0,0.375,False,False,False,37.5,,,,exposure_only_no_risk_signal
jc,2019,1,3207,Oakland Ave,40.7376037,-74.0524783,491,0,0.0,0.0,751.2992778236121,False,insufficient_data,0.375,0.0,0.375,False,False,False,37.5,,,,exposure_only_no_risk_signal
jc,2019,12,3210,Pershing Field,40.742677141,-74.051788633,418,0,0.0,0.0,882.5070464387404,False,insufficient_data,0.375,0.0,0.375,False,False,False,37.5,,,,exposure_only_no_risk_signal
jc,2020,12,3280,Astor Place,40.71928220070702,-74.07126188278198,297,0,0.0,0.0,1242.0469542471164,False,insufficient_data,0.375,0.0,0.375,False,False,False,37.5,,,,exposure_only_no_risk_signal
jc,2020,4,3681,Grand St,40.71517767732029,-74.03768330812454,237,0,0.0,0.0,1556.4892211451204,False,insufficient_data,0.375,0.0,0.375,False,False,False,37.5,,,,exposure_only_no_risk_signal
jc,2023,8,JC078,Lafayette Park,40.7135032584733,-74.06279847522893,1829,0,0.0,0.0,201.68832444581383,False,insufficient_data,0.37349397590361444,0.0,0.37349397590361444,False,False,False,37.34939759036144,,,,exposure_only_no_risk_signal
jc,2023,10,JC055,McGinley Square,40.72538659710635,-74.06753214414339,1704,0,0.0,0.0,216.4835360395502,False,insufficient_data,0.37349397590361444,0.0,0.37349397590361444,False,False,False,37.34939759036144,,,,exposure_only_no_risk_signal
jc,2025,4,HB508,Monroe St & 11 St,40.7501091128573,-74.036636745998,1464,0,0.0,0.0,251.97264030832892,False,insufficient_data,0.37349397590361444,0.0,0.37349397590361444,False,False,False,37.34939759036144,,,,exposure_only_no_risk_signal
jc,2025,3,JC110,JC Medical Center,40.71539114317,-74.04969155788422,1328,0,0.0,0.0,277.77706732785657,False,insufficient_data,0.37349397590361444,0.0,0.37349397590361444,False,False,False,37.34939759036144,,,,exposure_only_no_risk_signal
jc,2023,11,JC078,Lafayette Park,40.71347878690203,-74.0628474642735,1254,0,0.0,0.0,294.1690154795802,False,insufficient_data,0.37349397590361444,0.0,0.37349397590361444,False,False,False,37.34939759036144,,,,exposure_only_no_risk_signal
jc,2023,12,JC078,Lafayette Park,40.7134838657873,-74.06280247709358,1036,0,0.0,0.0,356.069445377793,False,insufficient_data,0.37349397590361444,0.0,0.37349397590361444,False,False,False,37.34939759036144,,,,exposure_only_no_risk_signal
jc,2025,2,HB404,Mama Johnson Field - 4 St & Jackson St,40.74313993965626,-74.04004096984863,781,0,0.0,0.0,472.3277149953822,False,insufficient_data,0.37349397590361444,0.0,0.37349397590361444,False,False,False,37.34939759036144,,,,exposure_only_no_risk_signal
jc,2025,9,JC075,Monmouth & 6th,40.72568548362901,-74.04879033565521,1677,0,0.0,0.0,219.9689596967165,False,insufficient_data,0.3723404255319149,0.0,0.3723404255319149,False,False,False,37.234042553191486,,,,exposure_only_no_risk_signal
jc,2025,10,JC075,Monmouth & 6th,40.72568548362901,-74.04879033565521,1578,0,0.0,0.0,233.76929367008464,False,insufficient_data,0.3723404255319149,0.0,0.3723404255319149,False,False,False,37.234042553191486,,,,exposure_only_no_risk_signal
jc,2025,11,JC076,Dixon Mills,40.721630142638354,-74.04996782541275,1216,0,0.0,0.0,303.36179721331706,False,insufficient_data,0.3723404255319149,0.0,0.3723404255319149,False,False,False,37.234042553191486,,,,exposure_only_no_risk_signal
jc,2023,1,JC110,JC Medical Center,40.71539118582341,-74.04969310456003,1026,0,0.0,0.0,359.5399078083758,False,insufficient_data,0.3703703703703704,0.0,0.3703703703703704,False,False,False,37.03703703703704,,,,exposure_only_no_risk_signal
jc,2023,2,JC078,Lafayette Park,40.713480061015225,-74.06284751806996,884,0,0.0,0.0,417.29405589524157,False,insufficient_data,0.3703703703703704,0.0,0.3703703703703704,False,False,False,37.03703703703704,,,,exposure_only_no_risk_signal
jc,2025,12,JC093,Fairmount Ave,40.72572613742557,-74.07195925712585,473,0,0.0,0.0,779.8899480156311,False,insufficient_data,0.3703703703703704,0.0,0.3703703703703704,False,False,False,37.03703703703704,,,,exposure_only_no_risk_signal
jc,2025,7,HB407,Adams St & 2 St,40.73981372311843,-74.03690412640572,1888,0,0.0,0.0,195.38556430688217,False,insufficient_data,0.36904761904761907,0.0,0.36904761904761907,False,False,False,36.904761904761905,,,,exposure_only_no_risk_signal
jc,2025,5,JC103,Journal Square,40.73367,-74.0625,1588,0,0.0,0.0,232.29719484344682,False,insufficient_data,0.36904761904761907,0.0,0.36904761904761907,False,False,False,36.904761904761905,,,,exposure_only_no_risk_signal
jc,2020,9,3791,Hoboken Ave at Monmouth St,40.73520838045357,-74.04696375131607,954,0,0.0,0.0,386.67499519013995,False,insufficient_data,0.3673469387755102,0.0,0.3673469387755102,False,False,False,36.734693877551024,,,,exposure_only_no_risk_signal
jc,2019,8,3225,Baldwin at Montgomery,40.7236589,-74.0641943,891,0,0.0,0.0,414.01565141570546,False,insufficient_data,0.3673469387755102,0.0,0.3673469387755102,False,False,False,36.734693877551024,,,,exposure_only_no_risk_signal
jc,2019,9,3481,York St,40.71648999999999,-74.04105,890,0,0.0,0.0,414.4808375408916,False,insufficient_data,0.3673469387755102,0.0,0.3673469387755102,False,False,False,36.734693877551024,,,,exposure_only_no_risk_signal
jc,2020,7,3280,Astor Place,40.71928220070702,-74.07126188278198,804,0,0.0,0.0,458.8158525017333,False,insufficient_data,0.3673469387755102,0.0,0.3673469387755102,False,False,False,36.734693877551024,,,,exposure_only_no_risk_signal
jc,2019,7,3207,Oakland Ave,40.7376037,-74.0524783,797,0,0.0,0.0,462.84560277464686,False,insufficient_data,0.3673469387755102,0.0,0.3673469387755102,False,False,False,36.734693877551024,,,,exposure_only_no_risk_signal
jc,2019,10,3207,Oakland Ave,40.7376037,-74.0524783,788,0,0.0,0.0,468.1319104205502,False,insufficient_data,0.3673469387755102,0.0,0.3673469387755102,False,False,False,36.734693877551024,,,,exposure_only_no_risk_signal
jc,2019,5,3225,Baldwin at Montgomery,40.7236589,-74.0641943,743,0,0.0,0.0,496.48444873673424,False,insufficient_data,0.3673469387755102,0.0,0.3673469387755102,False,False,False,36.734693877551024,,,,exposure_only_no_risk_signal
jc,2020,10,3678,Fairmount Ave,40.72572613742557,-74.07195925712585,673,0,0.0,0.0,548.1247331521449,False,insufficient_data,0.3673469387755102,0.0,0.3673469387755102,False,False,False,36.734693877551024,,,,exposure_only_no_risk_signal
jc,2019,11,3483,Montgomery St,40.71942,-74.05099,584,0,0.0,0.0,631.6574407729341,False,insufficient_data,0.3673469387755102,0.0,0.3673469387755102,False,False,False,36.734693877551024,,,,exposure_only_no_risk_signal
jc,2020,1,3483,Montgomery St,40.71942,-74.05099,504,0,0.0,0.0,731.9205266099078,False,insufficient_data,0.3673469387755102,0.0,0.3673469387755102,False,False,False,36.734693877551024,,,,exposure_only_no_risk_signal
jc,2020,11,3481,York St,40.71649,-74.04105,489,0,0.0,0.0,754.3720765059172,False,insufficient_data,0.3673469387755102,0.0,0.3673469387755102,False,False,False,36.734693877551024,,,,exposure_only_no_risk_signal
jc,2020,2,3225,Baldwin at Montgomery,40.7236589,-74.0641943,477,0,0.0,0.0,773.3499903802799,False,insufficient_data,0.3673469387755102,0.0,0.3673469387755102,False,False,False,36.734693877551024,,,,exposure_only_no_risk_signal
jc,2020,3,3679,Bergen Ave,40.722103786686034,-74.07145500183105,421,0,0.0,0.0,876.2183976517662,False,insufficient_data,0.3673469387755102,0.0,0.3673469387755102,False,False,False,36.734693877551024,,,,exposure_only_no_risk_signal
jc,2023,7,JC055,McGinley Square,40.725395666060486,-74.06750303474313,1705,0,0.0,0.0,216.3565662236912,False,insufficient_data,0.36585365853658536,0.0,0.36585365853658536,False,False,False,36.58536585365854,,,,exposure_only_no_risk_signal
jc,2023,5,JC078,Lafayette Park,40.71346970253498,-74.06285391334356,1578,0,0.0,0.0,233.76929367008464,False,insufficient_data,0.36585365853658536,0.0,0.36585365853658536,False,False,False,36.58536585365854,,,,exposure_only_no_risk_signal
jc,2023,6,HB602,Stevens - River Ter & 6 St,40.74311571142832,-74.02704983106874,1475,0,0.0,0.0,250.09352231280917,False,insufficient_data,0.36585365853658536,0.0,0.36585365853658536,False,False,False,36.58536585365854,,,,exposure_only_no_risk_signal
jc,2023,4,HB608,2 St & Park Ave,40.73915734934555,-74.03307577152775,1423,0,0.0,0.0,259.23256880632016,False,insufficient_data,0.36585365853658536,0.0,0.36585365853658536,False,False,False,36.58536585365854,,,,exposure_only_no_risk_signal
jc,2023,3,JC078,Lafayette Park,40.71347661895511,-74.06284774180706,1019,0,0.0,0.0,362.0097599719269,False,insufficient_data,0.36585365853658536,0.0,0.36585365853658536,False,False,False,36.58536585365854,,,,exposure_only_no_risk_signal
jc,2025,6,HB602,Stevens - River Ter & 6 St,40.74313282710551,-74.02698867022991,1611,0,0.0,0.0,228.98072340868623,False,insufficient_data,0.36470588235294116,0.0,0.36470588235294116,False,False,False,36.470588235294116,,,,exposure_only_no_risk_signal
jc,2023,9,HB601,Church Sq Park - 5 St & Park Ave,40.74263518144345,-74.03228738037365,1508,0,0.0,0.0,244.62065345583125,False,insufficient_data,0.36470588235294116,0.0,0.36470588235294116,False,False,False,36.470588235294116,,,,exposure_only_no_risk_signal
jc,2025,1,JC027,Jersey & 6th St,40.72528910781132,-74.04557168483734,813,0,0.0,0.0,453.73671022311623,False,insufficient_data,0.36470588235294116,0.0,0.36470588235294116,False,False,False,36.470588235294116,,,,exposure_only_no_risk_signal
jc,2025,8,HB508,Monroe St & 11 St,40.7501091128573,-74.036636745998,1642,0,0.0,0.0,224.65770122496562,False,insufficient_data,0.36363636363636365,0.0,0.36363636363636365,False,False,False,36.36363636363637,,,,exposure_only_no_risk_signal
jc,2025,9,JC057,Riverview Park,40.7443187,-74.0439909,1646,0,0.0,0.0,224.1117529838357,False,insufficient_data,0.3617021276595745,0.0,0.3617021276595745,False,False,False,36.17021276595745,,,,exposure_only_no_risk_signal
jc,2025,10,JC027,Jersey & 6th St,40.72528910781132,-74.04557168483734,1439,0,0.0,0.0,256.35020528936315,False,insufficient_data,0.3617021276595745,0.0,0.3617021276595745,False,False,False,36.17021276595745,,,,exposure_only_no_risk_signal
jc,2025,11,JC118,Communipaw Ave & Pacific Ave,40.711354,-74.062446,1181,0,0.0,0.0,312.35219763877524,False,insufficient_data,0.3617021276595745,0.0,0.3617021276595745,False,False,False,36.17021276595745,,,,exposure_only_no_risk_signal
jc,2023,8,JC103,Journal Square,40.73365418759286,-74.06244070086902,1784,0,0.0,0.0,206.77575415436857,False,insufficient_data,0.3614457831325301,0.0,0.3614457831325301,False,False,False,36.144578313253014,,,,exposure_only_no_risk_signal
jc,2023,10,JC023,Brunswick St,40.72415704062247,-74.05063904405945,1682,0,0.0,0.0,219.31506861557287,False,insufficient_data,0.3614457831325301,0.0,0.3614457831325301,False,False,False,36.144578313253014,,,,exposure_only_no_risk_signal
jc,2025,4,HB302,6 St & Grand St,40.7443978330956,-74.03450086712837,1381,0,0.0,0.0,267.11654265850365,False,insufficient_data,0.3614457831325301,0.0,0.3614457831325301,False,False,False,36.144578313253014,,,,exposure_only_no_risk_signal
jc,2025,3,JC074,Jersey & 3rd,40.72333158646436,-74.04595255851744,1272,0,0.0,0.0,290.00624639260496,False,insufficient_data,0.3614457831325301,0.0,0.3614457831325301,False,False,False,36.144578313253014,,,,exposure_only_no_risk_signal
jc,2023,11,JC081,Brunswick & 6th,40.7260414689526,-74.05039547591537,1227,0,0.0,0.0,300.6421722994242,False,insufficient_data,0.3614457831325301,0.0,0.3614457831325301,False,False,False,36.144578313253014,,,,exposure_only_no_risk_signal
jc,2023,12,JC103,Journal Square,40.73371313994654,-74.06251016065346,1010,0,0.0,0.0,365.23558951623124,False,insufficient_data,0.3614457831325301,0.0,0.3614457831325301,False,False,False,36.144578313253014,,,,exposure_only_no_risk_signal
jc,2025,12,JC117,Dr. Lena Edwards Park,40.713203,-74.058261,456,0,0.0,0.0,808.9647925688455,False,insufficient_data,0.36111111111111105,0.0,0.36111111111111105,False,False,False,36.11111111111111,,,,exposure_only_no_risk_signal
jc,2023,1,JC020,Baldwin at Montgomery,40.72362452922346,-74.06422320056319,989,0,0.0,0.0,372.99084470312795,False,insufficient_data,0.35802469135802467,0.0,0.35802469135802467,False,False,False,35.80246913580247,,,,exposure_only_no_risk_signal
jc,2023,2,JC020,Baldwin at Montgomery,40.7236254651279,-74.06422025495698,860,0,0.0,0.0,428.9394714085971,False,insufficient_data,0.35802469135802467,0.0,0.35802469135802467,False,False,False,35.80246913580247,,,,exposure_only_no_risk_signal
jc,2025,7,HB302,6 St & Grand St,40.7443978330956,-74.03450086712837,1809,0,0.0,0.0,203.918156667437,False,insufficient_data,0.35714285714285715,0.0,0.35714285714285715,False,False,False,35.714285714285715,,,,exposure_only_no_risk_signal
jc,2025,5,HB302,6 St & Grand St,40.7443978330956,-74.03450086712837,1466,0,0.0,0.0,251.62888500095056,False,insufficient_data,0.35714285714285715,0.0,0.35714285714285715,False,False,False,35.714285714285715,,,,exposure_only_no_risk_signal
jc,2025,2,HB508,Monroe St & 11 St,40.7501091128573,-74.036636745998,751,0,0.0,0.0,491.19566632675577,False,insufficient_data,0.35542168674698793,0.0,0.35542168674698793,False,False,False,35.54216867469879,,,,exposure_only_no_risk_signal
jc,2025,2,JC027,Jersey & 6th St,40.72528910781132,-74.04557168483734,751,0,0.0,0.0,491.19566632675577,False,insufficient_data,0.35542168674698793,0.0,0.35542168674698793,False,False,False,35.54216867469879,,,,exposure_only_no_risk_signal
jc,2020,8,3483,Montgomery St,40.71942,-74.05099,971,0,0.0,0.0,379.9051960982426,False,insufficient_data,0.35416666666666674,0.0,0.35416666666666674,False,False,False,35.41666666666667,,,,exposure_only_no_risk_signal
jc,2019,6,3280,Astor Place,40.71928220070702,-74.07126188278198,810,0,0.0,0.0,455.417216557276,False,insufficient_data,0.35416666666666674,0.0,0.35416666666666674,False,False,False,35.41666666666667,,,,exposure_only_no_risk_signal
jc,2020,6,3210,Pershing Field,40.742677141,-74.051788633,778,0,0.0,0.0,474.14903009176544,False,insufficient_data,0.35416666666666674,0.0,0.35416666666666674,False,False,False,35.41666666666667,,,,exposure_only_no_risk_signal
jc,2019,4,3483,Montgomery St,40.71942,-74.05099,704,0,0.0,0.0,523.9885588230022,False,insufficient_data,0.35416666666666674,0.0,0.35416666666666674,False,False,False,35.41666666666667,,,,exposure_only_no_risk_signal
jc,2019,3,3207,Oakland Ave,40.7376037,-74.0524783,570,0,0.0,0.0,647.1718340550764,False,insufficient_data,0.35416666666666674,0.0,0.35416666666666674,False,False,False,35.41666666666667,,,,exposure_only_no_risk_signal
jc,2020,5,3214,Essex Light Rail,40.7127742,-74.0364857,552,0,0.0,0.0,668.2752634264375,False,insufficient_data,0.35416666666666674,0.0,0.35416666666666674,False,False,False,35.41666666666667,,,,exposure_only_no_risk_signal
jc,2019,1,3280,Astor Place,40.71928220070702,-74.07126188278198,485,0,0.0,0.0,760.5937018791619,False,insufficient_data,0.35416666666666674,0.0,0.35416666666666674,False,False,False,35.41666666666667,,,,exposure_only_no_risk_signal
jc,2019,2,3280,Astor Place,40.71928220070702,-74.07126188278198,452,0,0.0,0.0,816.1237730340566,False,insufficient_data,0.35416666666666674,0.0,0.35416666666666674,False,False,False,35.41666666666667,,,,exposure_only_no_risk_signal
jc,2019,12,3679,Bergen Ave,40.722103786686034,-74.07145500183105,416,0,0.0,0.0,886.7498687773883,False,insufficient_data,0.35416666666666674,0.0,0.35416666666666674,False,False,False,35.41666666666667,,,,exposure_only_no_risk_signal
jc,2020,12,3483,Montgomery St,40.71942,-74.05099,294,0,0.0,0.0,1254.720902759842,False,insufficient_data,0.35416666666666674,0.0,0.35416666666666674,False,False,False,35.41666666666667,,,,exposure_only_no_risk_signal
jc,2020,4,3273,Manila & 1st,40.72165072487999,-74.04288411140442,236,0,0.0,0.0,1563.0845144550574,False,insufficient_data,0.35416666666666674,0.0,0.35416666666666674,False,False,False,35.41666666666667,,,,exposure_only_no_risk_signal
jc,2023,7,HB404,Mama Johnson Field - 4 St & Jackson St,40.74311536777389,-74.0400191711736,1639,0,0.0,0.0,225.06891117229623,False,insufficient_data,0.3536585365853659,0.0,0.3536585365853659,False,False,False,35.36585365853659,,,,exposure_only_no_risk_signal
jc,2023,5,JC103,Journal Square,40.73368498573824,-74.06249189011488,1532,0,0.0,0.0,240.7884761170976,False,insufficient_data,0.3536585365853659,0.0,0.3536585365853659,False,False,False,35.36585365853659,,,,exposure_only_no_risk_signal
jc,2023,6,JC076,Dixon Mills,40.72163403604019,-74.04997917984011,1456,0,0.0,0.0,253.35710536496808,False,insufficient_data,0.3536585365853659,0.0,0.3536585365853659,False,False,False,35.36585365853659,,,,exposure_only_no_risk_signal
jc,2023,4,JC103,Journal Square,40.733689751941846,-74.06250249862839,1324,0,0.0,0.0,278.61627296933045,False,insufficient_data,0.3536585365853659,0.0,0.3536585365853659,False,False,False,35.36585365853659,,,,exposure_only_no_risk_signal
jc,2023,3,HB608,2 St & Park Ave,40.73915660762079,-74.03307728645368,1014,0,0.0,0.0,363.7948179599542,False,insufficient_data,0.3536585365853659,0.0,0.3536585365853659,False,False,False,35.36585365853659,,,,exposure_only_no_risk_signal
jc,2025,6,HB302,6 St & Grand St,40.7443978330956,-74.03450086712837,1580,0,0.0,0.0,233.47338317176806,False,insufficient_data,0.35294117647058826,0.0,0.35294117647058826,False,False,False,35.294117647058826,,,,exposure_only_no_risk_signal
jc,2023,9,HB611,4 St & River St,40.74079367546125,-74.02744637377356,1498,0,0.0,0.0,246.2536351210905,False,insufficient_data,0.35294117647058826,0.0,0.35294117647058826,False,False,False,35.294117647058826,,,,exposure_only_no_risk_signal
jc,2025,1,JC110,JC Medical Center,40.71539114317,-74.04969155788422,792,0,0.0,0.0,465.76760784266855,False,insufficient_data,0.35294117647058826,0.0,0.35294117647058826,False,False,False,35.294117647058826,,,,exposure_only_no_risk_signal
jc,2025,8,JC038,Essex Light Rail,40.7127742,-74.0364857,1623,0,0.0,0.0,227.28770512100647,False,insufficient_data,0.3522727272727273,0.0,0.3522727272727273,False,False,False,35.22727272727273,,,,exposure_only_no_risk_signal
jc,2025,12,JC077,Astor Place,40.71928220070702,-74.07126188278198,451,0,0.0,0.0,817.9333601139547,False,insufficient_data,0.35185185185185186,0.0,0.35185185185185186,False,False,False,35.18518518518518,,,,exposure_only_no_risk_signal
jc,2025,9,JC099,Montgomery St,40.71942,-74.05099,1607,0,0.0,0.0,229.55068164990266,False,insufficient_data,0.35106382978723405,0.0,0.35106382978723405,False,False,False,35.1063829787234,,,,exposure_only_no_risk_signal
jc,2025,10,JC034,Christ Hospital,40.734785818,-74.050443636,1416,0,0.0,0.0,260.51408574250956,False,insufficient_data,0.35106382978723405,0.0,0.35106382978723405,False,False,False,35.1063829787234,,,,exposure_only_no_risk_signal
jc,2025,11,JC099,Montgomery St,40.71942,-74.05099,1117,0,0.0,0.0,330.2488320603344,False,insufficient_data,0.35106382978723405,0.0,0.35106382978723405,False,False,False,35.1063829787234,,,,exposure_only_no_risk_signal
jc,2023,8,HB404,Mama Johnson Field - 4 St & Jackson St,40.743108753252486,-74.0400466651303,1743,0,0.0,0.0,211.63967034503358,False,insufficient_data,0.3493975903614458,0.0,0.3493975903614458,False,False,False,34.93975903614458,,,,exposure_only_no_risk_signal
jc,2023,10,JC103,Journal Square,40.73366334539039,-74.0624392603721,1513,0,0.0,0.0,243.8122573769951,False,insufficient_data,0.3493975903614458,0.0,0.3493975903614458,False,False,False,34.93975903614458,,,,exposure_only_no_risk_signal
jc,2025,4,JC074,Jersey & 3rd,40.72333158646436,-74.04595255851744,1335,0,0.0,0.0,276.3205583605944,False,insufficient_data,0.3493975903614458,0.0,0.3493975903614458,False,False,False,34.93975903614458,,,,exposure_only_no_risk_signal
jc,2025,3,JC002,Paulus Hook,40.7141454,-74.0335519,1249,0,0.0,0.0,295.3466336360237,False,insufficient_data,0.3493975903614458,0.0,0.3493975903614458,False,False,False,34.93975903614458,,,,exposure_only_no_risk_signal
jc,2023,11,JC002,Paulus Hook,40.7141462867545,-74.03354931117677,1222,0,0.0,0.0,301.87229575400454,False,insufficient_data,0.3493975903614458,0.0,0.3493975903614458,False,False,False,34.93975903614458,,,,exposure_only_no_risk_signal
jc,2023,12,JC020,Baldwin at Montgomery,40.72360458699453,-74.06424100914425,915,0,0.0,0.0,403.15622449332625,False,insufficient_data,0.3493975903614458,0.0,0.3493975903614458,False,False,False,34.93975903614458,,,,exposure_only_no_risk_signal
jc,2020,9,3481,York St,40.71649,-74.04105,855,0,0.0,0.0,431.447889370051,False,insufficient_data,0.3469387755102041,0.0,0.3469387755102041,False,False,False,34.69387755102041,,,,exposure_only_no_risk_signal
jc,2019,8,3207,Oakland Ave,40.7376037,-74.0524783,854,0,0.0,0.0,431.95309767142095,False,insufficient_data,0.3469387755102041,0.0,0.3469387755102041,False,False,False,34.69387755102041,,,,exposure_only_no_risk_signal
jc,2019,9,3791,Hoboken Ave at Monmouth St,40.73520838045357,-74.04696375131607,838,0,0.0,0.0,440.20041218543383,False,insufficient_data,0.3469387755102041,0.0,0.3469387755102041,False,False,False,34.69387755102041,,,,exposure_only_no_risk_signal
jc,2019,7,3210,Pershing Field,40.742677141,-74.051788633,790,0,0.0,0.0,466.9467663435361,False,insufficient_data,0.3469387755102041,0.0,0.3469387755102041,False,False,False,34.69387755102041,,,,exposure_only_no_risk_signal
jc,2020,7,3481,York St,40.71649,-74.04105,781,0,0.0,0.0,472.3277149953822,False,insufficient_data,0.3469387755102041,0.0,0.3469387755102041,False,False,False,34.69387755102041,,,,exposure_only_no_risk_signal
jc,2019,10,3481,York St,40.71649,-74.04105,780,0,0.0,0.0,472.93326334794045,False,insufficient_data,0.3469387755102041,0.0,0.3469387755102041,False,False,False,34.69387755102041,,,,exposure_only_no_risk_signal
jc,2019,5,3483,Montgomery St,40.71942,-74.05099,722,0,0.0,0.0,510.92513214874447,False,insufficient_data,0.3469387755102041,0.0,0.3469387755102041,False,False,False,34.69387755102041,,,,exposure_only_no_risk_signal
jc,2020,10,3481,York St,40.71649,-74.04105,603,0,0.0,0.0,611.754470002311,False,insufficient_data,0.3469387755102041,0.0,0.3469387755102041,False,False,False,34.69387755102041,,,,exposure_only_no_risk_signal
jc,2019,11,3207,Oakland Ave,40.7376037,-74.0524783,581,0,0.0,0.0,634.9190110351008,False,insufficient_data,0.3469387755102041,0.0,0.3469387755102041,False,False,False,34.69387755102041,,,,exposure_only_no_risk_signal
jc,2020,1,3210,Pershing Field,40.742677141,-74.051788633,482,0,0.0,0.0,765.3276875755053,False,insufficient_data,0.3469387755102041,0.0,0.3469387755102041,False,False,False,34.69387755102041,,,,exposure_only_no_risk_signal
jc,2020,11,3678,Fairmount Ave,40.72572613742557,-74.07195925712585,469,0,0.0,0.0,786.5414614315428,False,insufficient_data,0.3469387755102041,0.0,0.3469387755102041,False,False,False,34.69387755102041,,,,exposure_only_no_risk_signal
jc,2020,2,3483,Montgomery St,40.71942,-74.05099,451,0,0.0,0.0,817.9333601139547,False,insufficient_data,0.3469387755102041,0.0,0.3469387755102041,False,False,False,34.69387755102041,,,,exposure_only_no_risk_signal
jc,2020,3,3280,Astor Place,40.71928220070701,-74.07126188278198,406,0,0.0,0.0,908.5909985502304,False,insufficient_data,0.3469387755102041,0.0,0.3469387755102041,False,False,False,34.69387755102041,,,,exposure_only_no_risk_signal
jc,2023,1,HB501,Columbus Park - Clinton St & 9 St,40.74818095498928,-74.03245281936317,906,0,0.0,0.0,407.1610876505447,False,insufficient_data,0.345679012345679,0.0,0.345679012345679,False,False,False,34.5679012345679,,,,exposure_only_no_risk_signal
jc,2023,2,JC095,Bergen Ave,40.72210459932568,-74.0714467131558,837,0,0.0,0.0,440.72633860381546,False,insufficient_data,0.345679012345679,0.0,0.345679012345679,False,False,False,34.5679012345679,,,,exposure_only_no_risk_signal
jc,2025,7,JC074,Jersey & 3rd,40.72333158646436,-74.04595255851744,1752,0,0.0,0.0,210.55248025764473,False,insufficient_data,0.34523809523809523,0.0,0.34523809523809523,False,False,False,34.523809523809526,,,,exposure_only_no_risk_signal
jc,2025,5,JC027,Jersey & 6th St,40.72528910781132,-74.04557168483734,1398,0,0.0,0.0,263.86834435722,False,insufficient_data,0.34523809523809523,0.0,0.34523809523809523,False,False,False,34.523809523809526,,,,exposure_only_no_risk_signal
jc,2025,12,JC002,Paulus Hook,40.7141454,-74.0335519,422,0,0.0,0.0,874.1420507378995,False,insufficient_data,0.3425925925925926,0.0,0.3425925925925926,False,False,False,34.25925925925926,,,,exposure_only_no_risk_signal
jc,2023,7,JC076,Dixon Mills,40.721633588255145,-74.04998264809791,1476,0,0.0,0.0,249.9240822570417,False,insufficient_data,0.34146341463414637,0.0,0.34146341463414637,False,False,False,34.146341463414636,,,,exposure_only_no_risk_signal
jc,2023,5,JC020,Baldwin at Montgomery,40.7236375051549,-74.0642132402467,1416,0,0.0,0.0,260.51408574250956,False,insufficient_data,0.34146341463414637,0.0,0.34146341463414637,False,False,False,34.146341463414636,,,,exposure_only_no_risk_signal
jc,2023,6,JC020,Baldwin at Montgomery,40.72363251332323,-74.06413841098436,1386,0,0.0,0.0,266.1529187672392,False,insufficient_data,0.34146341463414637,0.0,0.34146341463414637,False,False,False,34.146341463414636,,,,exposure_only_no_risk_signal
jc,2023,4,JC078,Lafayette Park,40.71347475891743,-74.06285134378533,1264,0,0.0,0.0,291.84172896471006,False,insufficient_data,0.34146341463414637,0.0,0.34146341463414637,False,False,False,34.146341463414636,,,,exposure_only_no_risk_signal
jc,2023,3,JC075,Monmouth and 6th,40.7256705368666,-74.0488015307985,996,0,0.0,0.0,370.36942310380874,False,insufficient_data,0.34146341463414637,0.0,0.34146341463414637,False,False,False,34.146341463414636,,,,exposure_only_no_risk_signal
jc,2025,6,JC078,Lafayette Park,40.71346382669195,-74.06285852193832,1569,0,0.0,0.0,235.11022652096466,False,insufficient_data,0.3411764705882353,0.0,0.3411764705882353,False,False,False,34.11764705882353,,,,exposure_only_no_risk_signal
jc,2023,9,JC103,Journal Square,40.733671321055446,-74.06238359419973,1497,0,0.0,0.0,246.41813320734371,False,insufficient_data,0.3411764705882353,0.0,0.3411764705882353,False,False,False,34.11764705882353,,,,exposure_only_no_risk_signal
jc,2025,1,JC002,Paulus Hook,40.7141454,-74.0335519,739,0,0.0,0.0,499.17177998835393,False,insufficient_data,0.3411764705882353,0.0,0.3411764705882353,False,False,False,34.11764705882353,,,,exposure_only_no_risk_signal
jc,2025,8,JC053,Lincoln Park,40.7246050998869,-74.07840594649315,1612,0,0.0,0.0,228.83867581351956,False,insufficient_data,0.3409090909090909,0.0,0.3409090909090909,False,False,False,34.090909090909086,,,,exposure_only_no_risk_signal
jc,2025,9,JC027,Jersey & 6th St,40.72528910781132,-74.04557168483734,1563,0,0.0,0.0,236.01276097977836,False,insufficient_data,0.3404255319148936,0.0,0.3404255319148936,False,False,False,34.04255319148936,,,,exposure_only_no_risk_signal
jc,2025,10,JC118,Communipaw Ave & Pacific Ave,40.711354,-74.062446,1410,0,0.0,0.0,261.62265632013725,False,insufficient_data,0.3404255319148936,0.0,0.3404255319148936,False,False,False,34.04255319148936,,,,exposure_only_no_risk_signal
jc,2025,11,JC022,Oakland Ave,40.7376037,-74.0524783,1057,0,0.0,0.0,348.9952179861812,False,insufficient_data,0.3404255319148936,0.0,0.3404255319148936,False,False,False,34.04255319148936,,,,exposure_only_no_risk_signal
jc,2023,8,HB601,Church Sq Park - 5 St & Park Ave,40.74265145329082,-74.03225121558764,1699,0,0.0,0.0,217.1206270814559,False,insufficient_data,0.3373493975903614,0.0,0.3373493975903614,False,False,False,33.734939759036145,,,,exposure_only_no_risk_signal
jc,2023,10,JC078,Lafayette Park,40.71356861965799,-74.062720938412,1417,0,0.0,0.0,260.3302367052883,False,insufficient_data,0.3373493975903614,0.0,0.3373493975903614,False,False,False,33.734939759036145,,,,exposure_only_no_risk_signal
jc,2025,4,JC002,Paulus Hook,40.7141454,-74.0335519,1328,0,0.0,0.0,277.77706732785657,False,insufficient_data,0.3373493975903614,0.0,0.3373493975903614,False,False,False,33.734939759036145,,,,exposure_only_no_risk_signal
jc,2025,3,HB508,Monroe St & 11 St,40.7501091128573,-74.036636745998,1209,0,0.0,0.0,305.1182344180261,False,insufficient_data,0.3373493975903614,0.0,0.3373493975903614,False,False,False,33.734939759036145,,,,exposure_only_no_risk_signal
jc,2023,11,HB404,Mama Johnson Field - 4 St & Jackson St,40.74311489291046,-74.04004024291181,1166,0,0.0,0.0,316.3704506101145,False,insufficient_data,0.3373493975903614,0.0,0.3373493975903614,False,False,False,33.734939759036145,,,,exposure_only_no_risk_signal
jc,2023,12,HB404,Mama Johnson Field - 4 St & Jackson St,40.74315580193325,-74.04004564655544,873,0,0.0,0.0,422.5520565995344,False,insufficient_data,0.3373493975903614,0.0,0.3373493975903614,False,False,False,33.734939759036145,,,,exposure_only_no_risk_signal
jc,2025,2,JC110,JC Medical Center,40.71539114317,-74.04969155788422,744,0,0.0,0.0,495.8171309292924,False,insufficient_data,0.3373493975903614,0.0,0.3373493975903614,False,False,False,33.734939759036145,,,,exposure_only_no_risk_signal
jc,2025,7,JC078,Lafayette Park,40.71346382669195,-74.06285852193832,1687,0,0.0,0.0,218.6650535930015,False,insufficient_data,0.33333333333333326,0.0,0.33333333333333326,False,False,False,33.33333333333333,,,,exposure_only_no_risk_signal
jc,2025,5,HB610,Adams St & 12 St,40.751889392240685,-74.03329162748534,1395,0,0.0,0.0,264.43580316228923,False,insufficient_data,0.33333333333333326,0.0,0.33333333333333326,False,False,False,33.33333333333333,,,,exposure_only_no_risk_signal
jc,2020,8,3278,Monmouth and 6th,40.72568548362901,-74.04879033565521,958,0,0.0,0.0,385.06048581565085,False,insufficient_data,0.33333333333333326,0.0,0.33333333333333326,False,False,False,33.33333333333333,,,,exposure_only_no_risk_signal
jc,2023,1,JC075,Monmouth and 6th,40.72566862509009,-74.04879825112715,893,0,0.0,0.0,413.0884047160062,False,insufficient_data,0.33333333333333326,0.0,0.33333333333333326,False,False,False,33.33333333333333,,,,exposure_only_no_risk_signal
jc,2023,2,JC075,Monmouth and 6th,40.72566757510239,-74.04880350757084,804,0,0.0,0.0,458.8158525017333,False,insufficient_data,0.33333333333333326,0.0,0.33333333333333326,False,False,False,33.33333333333333,,,,exposure_only_no_risk_signal
jc,2019,6,3207,Oakland Ave,40.7376037,-74.0524783,762,0,0.0,0.0,484.1049152380493,False,insufficient_data,0.33333333333333326,0.0,0.33333333333333326,False,False,False,33.33333333333333,,,,exposure_only_no_risk_signal
jc,2020,6,3481,York St,40.71649,-74.04105,756,0,0.0,0.0,487.94701773993853,False,insufficient_data,0.33333333333333326,0.0,0.33333333333333326,False,False,False,33.33333333333333,,,,exposure_only_no_risk_signal
jc,2019,4,3225,Baldwin at Montgomery,40.7236589,-74.0641943,694,0,0.0,0.0,531.538826241201,False,insufficient_data,0.33333333333333326,0.0,0.33333333333333326,False,False,False,33.33333333333333,,,,exposure_only_no_risk_signal
jc,2020,5,3268,Lafayette Park,40.71346382669195,-74.06285852193832,549,0,0.0,0.0,671.9270408222105,False,insufficient_data,0.33333333333333326,0.0,0.33333333333333326,False,False,False,33.33333333333333,,,,exposure_only_no_risk_signal
jc,2019,3,3280,Astor Place,40.71928220070702,-74.07126188278198,529,0,0.0,0.0,697.3307096623697,False,insufficient_data,0.33333333333333326,0.0,0.33333333333333326,False,False,False,33.33333333333333,,,,exposure_only_no_risk_signal
jc,2019,1,3483,Montgomery St,40.71942,-74.05099,449,0,0.0,0.0,821.5767158382929,False,insufficient_data,0.33333333333333326,0.0,0.33333333333333326,False,False,False,33.33333333333333,,,,exposure_only_no_risk_signal
jc,2019,2,3207,Oakland Ave,40.7376037,-74.0524783,447,0,0.0,0.0,825.2526742984195,False,insufficient_data,0.33333333333333326,0.0,0.33333333333333326,False,False,False,33.33333333333333,,,,exposure_only_no_risk_signal
jc,2025,12,JC084,Communipaw & Berry Lane,40.71435836870427,-74.06661093235016,409,0,0.0,0.0,901.9265168982728,False,insufficient_data,0.33333333333333326,0.0,0.33333333333333326,False,False,False,33.33333333333333,,,,exposure_only_no_risk_signal
jc,2020,12,3210,Pershing Field,40.742677141,-74.051788633,285,0,0.0,0.0,1294.3436681101527,False,insufficient_data,0.33333333333333326,0.0,0.33333333333333326,False,False,False,33.33333333333333,,,,exposure_only_no_risk_signal
jc,2020,4,3270,Jersey & 6th St,40.72528910781132,-74.04557168483734,232,0,0.0,0.0,1590.0342474629033,False,insufficient_data,0.33333333333333326,0.0,0.33333333333333326,False,False,False,33.33333333333333,,,,exposure_only_no_risk_signal
jc,2025,9,JC097,York St & Marin Blvd,40.716615000830494,-74.0424120426178,1523,0,0.0,0.0,242.2113889766208,False,insufficient_data,0.32978723404255317,0.0,0.32978723404255317,False,False,False,32.97872340425532,,,,exposure_only_no_risk_signal
jc,2025,10,JC099,Montgomery St,40.71942,-74.05099,1398,0,0.0,0.0,263.86834435722,False,insufficient_data,0.32978723404255317,0.0,0.32978723404255317,False,False,False,32.97872340425532,,,,exposure_only_no_risk_signal
jc,2025,11,JC002,Paulus Hook,40.7141454,-74.0335519,1039,0,0.0,0.0,355.04133340846346,False,insufficient_data,0.32978723404255317,0.0,0.32978723404255317,False,False,False,32.97872340425532,,,,exposure_only_no_risk_signal
jc,2025,8,JC019,Hilltop,40.7311689,-74.0575736,1610,0,0.0,0.0,229.12294746049287,False,insufficient_data,0.32954545454545453,0.0,0.32954545454545453,False,False,False,32.95454545454545,,,,exposure_only_no_risk_signal
jc,2023,9,JC076,Dixon Mills,40.72165698119213,-74.04997082001718,1374,0,0.0,0.0,268.4773984071278,False,insufficient_data,0.3294117647058823,0.0,0.3294117647058823,False,False,False,32.94117647058823,,,,exposure_only_no_risk_signal
jc,2025,1,JC034,Christ Hospital,40.734785818,-74.050443636,717,0,0.0,0.0,514.4880689140775,False,insufficient_data,0.3294117647058823,0.0,0.3294117647058823,False,False,False,32.94117647058823,,,,exposure_only_no_risk_signal
jc,2023,5,JC027,Jersey & 6th St,40.7252871236318,-74.0455642693134,1415,0,0.0,0.0,260.69819463702726,False,insufficient_data,0.32926829268292684,0.0,0.32926829268292684,False,False,False,32.926829268292686,,,,exposure_only_no_risk_signal
jc,2023,7,JC075,Monmouth and 6th,40.72566796061166,-74.04879749857604,1390,0,0.0,0.0,265.38701108733346,False,insufficient_data,0.32926829268292684,0.0,0.32926829268292684,False,False,False,32.926829268292686,,,,exposure_only_no_risk_signal
jc,2023,6,JC055,McGinley Square,40.725408259132365,-74.0674997690473,1377,0,0.0,0.0,267.8924803278094,False,insufficient_data,0.32926829268292684,0.0,0.32926829268292684,False,False,False,32.926829268292686,,,,exposure_only_no_risk_signal
jc,2023,4,JC027,Jersey & 6th St,40.72528657071112,-74.04556157302841,1227,0,0.0,0.0,300.6421722994242,False,insufficient_data,0.32926829268292684,0.0,0.32926829268292684,False,False,False,32.926829268292686,,,,exposure_only_no_risk_signal
jc,2023,3,JC027,Jersey & 6th St,40.72528638943413,-74.04555692304555,981,0,0.0,0.0,376.0325641298609,False,insufficient_data,0.32926829268292684,0.0,0.32926829268292684,False,False,False,32.926829268292686,,,,exposure_only_no_risk_signal
jc,2020,9,3206,Hilltop,40.7311689,-74.0575736,833,0,0.0,0.0,442.84267156229714,False,insufficient_data,0.326530612244898,0.0,0.326530612244898,False,False,False,32.6530612244898,,,,exposure_only_no_risk_signal
jc,2019,9,3207,Oakland Ave,40.7376037,-74.0524783,828,0,0.0,0.0,445.51684228429167,False,insufficient_data,0.326530612244898,0.0,0.326530612244898,False,False,False,32.6530612244898,,,,exposure_only_no_risk_signal
jc,2019,8,3268,Lafayette Park,40.71346382669195,-74.06285852193832,813,0,0.0,0.0,453.73671022311623,False,insufficient_data,0.326530612244898,0.0,0.326530612244898,False,False,False,32.6530612244898,,,,exposure_only_no_risk_signal
jc,2019,7,3268,Lafayette Park,40.71346382669195,-74.06285852193832,770,0,0.0,0.0,479.07525378103054,False,insufficient_data,0.326530612244898,0.0,0.326530612244898,False,False,False,32.6530612244898,,,,exposure_only_no_risk_signal
jc,2020,7,3679,Bergen Ave,40.722103786686034,-74.07145500183105,764,0,0.0,0.0,482.83762488402294,False,insufficient_data,0.326530612244898,0.0,0.326530612244898,False,False,False,32.6530612244898,,,,exposure_only_no_risk_signal
jc,2019,10,3225,Baldwin at Montgomery,40.7236589,-74.0641943,730,0,0.0,0.0,505.3259526183473,False,insufficient_data,0.326530612244898,0.0,0.326530612244898,False,False,False,32.6530612244898,,,,exposure_only_no_risk_signal
jc,2019,5,3280,Astor Place,40.71928220070702,-74.07126188278198,703,0,0.0,0.0,524.733919504116,False,insufficient_data,0.326530612244898,0.0,0.326530612244898,False,False,False,32.6530612244898,,,,exposure_only_no_risk_signal
jc,2020,10,3198,Heights Elevator,40.74871594538023,-74.04044330120087,592,0,0.0,0.0,623.1215294111378,False,insufficient_data,0.326530612244898,0.0,0.326530612244898,False,False,False,32.6530612244898,,,,exposure_only_no_risk_signal
jc,2019,11,3679,Bergen Ave,40.722103786686034,-74.07145500183105,557,0,0.0,0.0,662.2763831443331,False,insufficient_data,0.326530612244898,0.0,0.326530612244898,False,False,False,32.6530612244898,,,,exposure_only_no_risk_signal
jc,2020,1,3225,Baldwin at Montgomery,40.7236589,-74.0641943,469,0,0.0,0.0,786.5414614315428,False,insufficient_data,0.326530612244898,0.0,0.326530612244898,False,False,False,32.6530612244898,,,,exposure_only_no_risk_signal
jc,2020,2,3678,Fairmount Ave,40.72572613742557,-74.07195925712585,445,0,0.0,0.0,828.9616750817833,False,insufficient_data,0.326530612244898,0.0,0.326530612244898,False,False,False,32.6530612244898,,,,exposure_only_no_risk_signal
jc,2020,11,3791,Hoboken Ave at Monmouth St,40.73520838045357,-74.04696375131607,430,0,0.0,0.0,857.8789428171942,False,insufficient_data,0.326530612244898,0.0,0.326530612244898,False,False,False,32.6530612244898,,,,exposure_only_no_risk_signal
jc,2020,3,3210,Pershing Field,40.742677141,-74.051788633,366,0,0.0,0.0,1007.8905612333157,False,insufficient_data,0.326530612244898,0.0,0.326530612244898,False,False,False,32.6530612244898,,,,exposure_only_no_risk_signal
jc,2023,8,JC076,Dixon Mills,40.721672452333785,-74.04993652590399,1544,0,0.0,0.0,238.91706309028078,False,insufficient_data,0.3253012048192771,0.0,0.3253012048192771,False,False,False,32.53012048192771,,,,exposure_only_no_risk_signal
jc,2023,10,JC057,Riverview Park,40.74437533999829,-74.04392752454343,1366,0,0.0,0.0,270.0497404182969,False,insufficient_data,0.3253012048192771,0.0,0.3253012048192771,False,False,False,32.53012048192771,,,,exposure_only_no_risk_signal
jc,2025,4,JC027,Jersey & 6th St,40.72528910781132,-74.04557168483734,1269,0,0.0,0.0,290.69184035570805,False,insufficient_data,0.3253012048192771,0.0,0.3253012048192771,False,False,False,32.53012048192771,,,,exposure_only_no_risk_signal
jc,2023,11,JC020,Baldwin at Montgomery,40.72362885636211,-74.06422143158174,1158,0,0.0,0.0,318.5560841203744,False,insufficient_data,0.3253012048192771,0.0,0.3253012048192771,False,False,False,32.53012048192771,,,,exposure_only_no_risk_signal
jc,2025,3,JC078,Lafayette Park,40.71346382669195,-74.06285852193832,1104,0,0.0,0.0,334.13763171321875,False,insufficient_data,0.3253012048192771,0.0,0.3253012048192771,False,False,False,32.53012048192771,,,,exposure_only_no_risk_signal
jc,2023,12,JC076,Dixon Mills,40.72163502051087,-74.04998727818037,845,0,0.0,0.0,436.55378155194495,False,insufficient_data,0.3253012048192771,0.0,0.3253012048192771,False,False,False,32.53012048192771,,,,exposure_only_no_risk_signal
jc,2025,2,JC002,Paulus Hook,40.7141454,-74.0335519,737,0,0.0,0.0,500.52638454734534,False,insufficient_data,0.3253012048192771,0.0,0.3253012048192771,False,False,False,32.53012048192771,,,,exposure_only_no_risk_signal
jc,2025,12,JC053,Lincoln Park,40.7246050998869,-74.07840594649315,390,0,0.0,0.0,945.8665266958809,False,insufficient_data,0.32407407407407407,0.0,0.32407407407407407,False,False,False,32.407407407407405,,,,exposure_only_no_risk_signal
jc,2025,6,HB508,Monroe St & 11 St,40.7501091128573,-74.036636745998,1500,0,0.0,0.0,245.925296940929,False,insufficient_data,0.32352941176470584,0.0,0.32352941176470584,False,False,False,32.35294117647059,,,,exposure_only_no_risk_signal
jc,2025,6,JC024,Pershing Field,40.742677141,-74.051788633,1500,0,0.0,0.0,245.925296940929,False,insufficient_data,0.32352941176470584,0.0,0.32352941176470584,False,False,False,32.35294117647059,,,,exposure_only_no_risk_signal
jc,2019,12,3483,Montgomery St,40.71942,-74.05099,400,0,0.0,0.0,922.2198635284838,False,insufficient_data,0.32291666666666674,0.0,0.32291666666666674,False,False,False,32.29166666666667,,,,exposure_only_no_risk_signal
jc,2019,12,3678,Fairmount Ave,40.72572613742557,-74.07195925712585,400,0,0.0,0.0,922.2198635284838,False,insufficient_data,0.32291666666666674,0.0,0.32291666666666674,False,False,False,32.29166666666667,,,,exposure_only_no_risk_signal
jc,2025,7,HB508,Monroe St & 11 St,40.7501091128573,-74.036636745998,1631,0,0.0,0.0,226.17286659190285,False,insufficient_data,0.32142857142857145,0.0,0.32142857142857145,False,False,False,32.142857142857146,,,,exposure_only_no_risk_signal
jc,2025,5,JC078,Lafayette Park,40.71346382669195,-74.06285852193832,1354,0,0.0,0.0,272.4430911457855,False,insufficient_data,0.32142857142857145,0.0,0.32142857142857145,False,False,False,32.142857142857146,,,,exposure_only_no_risk_signal
jc,2023,1,JC099,Montgomery St,40.71942238095771,-74.05099386467771,875,0,0.0,0.0,421.5862233273069,False,insufficient_data,0.32098765432098764,0.0,0.32098765432098764,False,False,False,32.098765432098766,,,,exposure_only_no_risk_signal
jc,2023,2,JC027,Jersey & 6th St,40.72528642060842,-74.04555953979035,792,0,0.0,0.0,465.76760784266855,False,insufficient_data,0.32098765432098764,0.0,0.32098765432098764,False,False,False,32.098765432098766,,,,exposure_only_no_risk_signal
jc,2025,9,JC034,Christ Hospital,40.734785818,-74.050443636,1522,0,0.0,0.0,242.3705291796278,False,insufficient_data,0.3191489361702128,0.0,0.3191489361702128,False,False,False,31.914893617021278,,,,exposure_only_no_risk_signal
jc,2025,10,JC038,Essex Light Rail,40.7127742,-74.0364857,1394,0,0.0,0.0,264.6254988603971,False,insufficient_data,0.3191489361702128,0.0,0.3191489361702128,False,False,False,31.914893617021278,,,,exposure_only_no_risk_signal
jc,2025,8,JC057,Riverview Park,40.7443187,-74.0439909,1571,0,0.0,0.0,234.810913692803,False,insufficient_data,0.3181818181818182,0.0,0.3181818181818182,False,False,False,31.818181818181817,,,,exposure_only_no_risk_signal
jc,2023,9,JC078,Lafayette Park,40.71355436700406,-74.06272848145765,1371,0,0.0,0.0,269.0648763029858,False,insufficient_data,0.3176470588235294,0.0,0.3176470588235294,False,False,False,31.76470588235294,,,,exposure_only_no_risk_signal
jc,2025,1,JC078,Lafayette Park,40.71346382669195,-74.06285852193832,685,0,0.0,0.0,538.5225480458299,False,insufficient_data,0.3176470588235294,0.0,0.3176470588235294,False,False,False,31.76470588235294,,,,exposure_only_no_risk_signal
jc,2023,5,JC099,Montgomery St,40.71942655461695,-74.05099167934044,1408,0,0.0,0.0,261.9942794115011,False,insufficient_data,0.3170731707317073,0.0,0.3170731707317073,False,False,False,31.70731707317073,,,,exposure_only_no_risk_signal
jc,2023,7,JC057,Riverview Park,40.74432236527253,-74.04395202057486,1387,0,0.0,0.0,265.96102769386704,False,insufficient_data,0.3170731707317073,0.0,0.3170731707317073,False,False,False,31.70731707317073,,,,exposure_only_no_risk_signal
jc,2023,6,JC057,Riverview Park,40.7443927513649,-74.04395701458611,1320,0,0.0,0.0,279.46056470560114,False,insufficient_data,0.3170731707317073,0.0,0.3170731707317073,False,False,False,31.70731707317073,,,,exposure_only_no_risk_signal
jc,2023,4,JC024,Pershing Field,40.74266690893283,-74.05180129910282,1206,0,0.0,0.0,305.8772350011555,False,insufficient_data,0.3170731707317073,0.0,0.3170731707317073,False,False,False,31.70731707317073,,,,exposure_only_no_risk_signal
jc,2023,3,JC076,Dixon Mills,40.72163143406782,-74.04997892485676,946,0,0.0,0.0,389.9449740078156,False,insufficient_data,0.3170731707317073,0.0,0.3170731707317073,False,False,False,31.70731707317073,,,,exposure_only_no_risk_signal
jc,2025,12,JC038,Essex Light Rail,40.7127742,-74.0364857,357,0,0.0,0.0,1033.2995669786933,False,insufficient_data,0.3148148148148148,0.0,0.3148148148148148,False,False,False,31.48148148148148,,,,exposure_only_no_risk_signal
jc,2025,11,JC034,Christ Hospital,40.734785818,-74.050443636,1018,0,0.0,0.0,362.36536877347106,False,insufficient_data,0.31382978723404253,0.0,0.31382978723404253,False,False,False,31.382978723404253,,,,exposure_only_no_risk_signal
jc,2025,11,JC057,Riverview Park,40.7443187,-74.0439909,1018,0,0.0,0.0,362.36536877347106,False,insufficient_data,0.31382978723404253,0.0,0.31382978723404253,False,False,False,31.382978723404253,,,,exposure_only_no_risk_signal
jc,2023,8,JC075,Monmouth and 6th,40.7256733764012,-74.04873908541471,1508,0,0.0,0.0,244.62065345583125,False,insufficient_data,0.3132530120481928,0.0,0.3132530120481928,False,False,False,31.32530120481928,,,,exposure_only_no_risk_signal
jc,2023,10,JC024,Pershing Field,40.74251625282962,-74.05177740996712,1348,0,0.0,0.0,273.65574585414953,False,insufficient_data,0.3132530120481928,0.0,0.3132530120481928,False,False,False,31.32530120481928,,,,exposure_only_no_risk_signal
jc,2025,4,JC019,Hilltop,40.7311689,-74.0575736,1248,0,0.0,0.0,295.5832895924628,False,insufficient_data,0.3132530120481928,0.0,0.3132530120481928,False,False,False,31.32530120481928,,,,exposure_only_no_risk_signal
jc,2023,11,JC024,Pershing Field,40.74257482407353,-74.05183621989858,1147,0,0.0,0.0,321.6111119541356,False,insufficient_data,0.3132530120481928,0.0,0.3132530120481928,False,False,False,31.32530120481928,,,,exposure_only_no_risk_signal
jc,2025,3,JC027,Jersey & 6th St,40.72528910781132,-74.04557168483734,1100,0,0.0,0.0,335.35267764672136,False,insufficient_data,0.3132530120481928,0.0,0.3132530120481928,False,False,False,31.32530120481928,,,,exposure_only_no_risk_signal
jc,2023,12,JC095,Bergen Ave,40.72209954275785,-74.07143937107713,840,0,0.0,0.0,439.1523159659447,False,insufficient_data,0.3132530120481928,0.0,0.3132530120481928,False,False,False,31.32530120481928,,,,exposure_only_no_risk_signal
jc,2025,2,JC078,Lafayette Park,40.71346382669195,-74.06285852193832,710,0,0.0,0.0,519.5604864949205,False,insufficient_data,0.3132530120481928,0.0,0.3132530120481928,False,False,False,31.32530120481928,,,,exposure_only_no_risk_signal
jc,2020,8,3679,Bergen Ave,40.722103786686034,-74.07145500183105,903,0,0.0,0.0,408.51378229390207,False,insufficient_data,0.3125,0.0,0.3125,False,False,False,31.25,,,,exposure_only_no_risk_signal
jc,2020,6,3280,Astor Place,40.71928220070702,-74.07126188278198,752,0,0.0,0.0,490.5424806002574,False,insufficient_data,0.3125,0.0,0.3125,False,False,False,31.25,,,,exposure_only_no_risk_signal
jc,2019,6,3481,York St,40.71649,-74.04105,657,0,0.0,0.0,561.4732806870526,False,insufficient_data,0.3125,0.0,0.3125,False,False,False,31.25,,,,exposure_only_no_risk_signal
jc,2019,4,3280,Astor Place,40.71928220070702,-74.07126188278198,654,0,0.0,0.0,564.0488461947913,False,insufficient_data,0.3125,0.0,0.3125,False,False,False,31.25,,,,exposure_only_no_risk_signal
jc,2020,5,3278,Monmouth and 6th,40.72568548362901,-74.04879033565521,526,0,0.0,0.0,701.3078810102538,False,insufficient_data,0.3125,0.0,0.3125,False,False,False,31.25,,,,exposure_only_no_risk_signal
jc,2019,3,3481,York St,40.71649,-74.04105,465,0,0.0,0.0,793.3074094868679,False,insufficient_data,0.3125,0.0,0.3125,False,False,False,31.25,,,,exposure_only_no_risk_signal
jc,2019,1,3225,Baldwin at Montgomery,40.7236589,-74.0641943,416,0,0.0,0.0,886.7498687773883,False,insufficient_data,0.3125,0.0,0.3125,False,False,False,31.25,,,,exposure_only_no_risk_signal
jc,2019,2,3225,Baldwin at Montgomery,40.7236589,-74.0641943,394,0,0.0,0.0,936.2638208411004,False,insufficient_data,0.3125,0.0,0.3125,False,False,False,31.25,,,,exposure_only_no_risk_signal
jc,2020,4,3272,Jersey & 3rd,40.72333158646436,-74.04595255851744,230,0,0.0,0.0,1603.86063222345,False,insufficient_data,0.3125,0.0,0.3125,False,False,False,31.25,,,,exposure_only_no_risk_signal
jc,2025,7,JC022,Oakland Ave,40.7376037,-74.0524783,1573,0,0.0,0.0,234.51236199071428,False,insufficient_data,0.30952380952380953,0.0,0.30952380952380953,False,False,False,30.952380952380953,,,,exposure_only_no_risk_signal
jc,2025,5,HB508,Monroe St & 11 St,40.7501091128573,-74.036636745998,1340,0,0.0,0.0,275.28951150103995,False,insufficient_data,0.30952380952380953,0.0,0.30952380952380953,False,False,False,30.952380952380953,,,,exposure_only_no_risk_signal
jc,2023,1,JC095,Bergen Ave,40.72210373529248,-74.0714437013422,870,0,0.0,0.0,424.0091326567742,False,insufficient_data,0.30864197530864196,0.0,0.30864197530864196,False,False,False,30.864197530864196,,,,exposure_only_no_risk_signal
jc,2023,2,JC076,Dixon Mills,40.72163476214847,-74.04998061073684,782,0,0.0,0.0,471.7237153598383,False,insufficient_data,0.30864197530864196,0.0,0.30864197530864196,False,False,False,30.864197530864196,,,,exposure_only_no_risk_signal
jc,2025,9,JC053,Lincoln Park,40.7246050998869,-74.07840594649315,1482,0,0.0,0.0,248.91224386733705,False,insufficient_data,0.30851063829787234,0.0,0.30851063829787234,False,False,False,30.851063829787233,,,,exposure_only_no_risk_signal
jc,2025,10,JC097,York St & Marin Blvd,40.716615000830494,-74.0424120426178,1349,0,0.0,0.0,273.4528876289055,False,insufficient_data,0.30851063829787234,0.0,0.30851063829787234,False,False,False,30.851063829787233,,,,exposure_only_no_risk_signal
jc,2019,9,3225,Baldwin at Montgomery,40.72365889999999,-74.0641943,807,0,0.0,0.0,457.11021736232163,False,insufficient_data,0.30612244897959184,0.0,0.30612244897959184,False,False,False,30.612244897959183,,,,exposure_only_no_risk_signal
jc,2020,9,3280,Astor Place,40.71928220070702,-74.07126188278198,805,0,0.0,0.0,458.24589492098573,False,insufficient_data,0.30612244897959184,0.0,0.30612244897959184,False,False,False,30.612244897959183,,,,exposure_only_no_risk_signal
jc,2019,8,3280,Astor Place,40.71928220070702,-74.07126188278198,782,0,0.0,0.0,471.7237153598383,False,insufficient_data,0.30612244897959184,0.0,0.30612244897959184,False,False,False,30.612244897959183,,,,exposure_only_no_risk_signal
jc,2020,7,3210,Pershing Field,40.742677141,-74.051788633,736,0,0.0,0.0,501.2064475698282,False,insufficient_data,0.30612244897959184,0.0,0.30612244897959184,False,False,False,30.612244897959183,,,,exposure_only_no_risk_signal
jc,2019,10,3268,Lafayette Park,40.71346382669195,-74.06285852193832,728,0,0.0,0.0,506.71421072993616,False,insufficient_data,0.30612244897959184,0.0,0.30612244897959184,False,False,False,30.612244897959183,,,,exposure_only_no_risk_signal
jc,2019,7,3481,York St,40.71649,-74.04105,712,0,0.0,0.0,518.1010469261146,False,insufficient_data,0.30612244897959184,0.0,0.30612244897959184,False,False,False,30.612244897959183,,,,exposure_only_no_risk_signal
jc,2019,5,3481,York St,40.71649,-74.04105,651,0,0.0,0.0,566.648149633477,False,insufficient_data,0.30612244897959184,0.0,0.30612244897959184,False,False,False,30.612244897959183,,,,exposure_only_no_risk_signal
jc,2020,10,3280,Astor Place,40.71928220070702,-74.07126188278198,583,0,0.0,0.0,632.740901220229,False,insufficient_data,0.30612244897959184,0.0,0.30612244897959184,False,False,False,30.612244897959183,,,,exposure_only_no_risk_signal
jc,2019,11,3225,Baldwin at Montgomery,40.7236589,-74.0641943,535,0,0.0,0.0,689.5101783390534,False,insufficient_data,0.30612244897959184,0.0,0.30612244897959184,False,False,False,30.612244897959183,,,,exposure_only_no_risk_signal
jc,2020,1,3678,Fairmount Ave,40.72572613742557,-74.07195925712585,468,0,0.0,0.0,788.2221055799008,False,insufficient_data,0.30612244897959184,0.0,0.30612244897959184,False,False,False,30.612244897959183,,,,exposure_only_no_risk_signal
jc,2020,11,3280,Astor Place,40.71928220070702,-74.07126188278198,428,0,0.0,0.0,861.8877229238167,False,insufficient_data,0.30612244897959184,0.0,0.30612244897959184,False,False,False,30.612244897959183,,,,exposure_only_no_risk_signal
jc,2020,2,3481,York St,40.71649,-74.04105,427,0,0.0,0.0,863.9061953428419,False,insufficient_data,0.30612244897959184,0.0,0.30612244897959184,False,False,False,30.612244897959183,,,,exposure_only_no_risk_signal
jc,2020,3,3678,Fairmount Ave,40.72572613742557,-74.07195925712585,353,0,0.0,0.0,1045.0083439416246,False,insufficient_data,0.30612244897959184,0.0,0.30612244897959184,False,False,False,30.612244897959183,,,,exposure_only_no_risk_signal
jc,2025,6,JC019,Hilltop,40.7311689,-74.0575736,1490,0,0.0,0.0,247.57580228952588,False,insufficient_data,0.3058823529411765,0.0,0.3058823529411765,False,False,False,30.58823529411765,,,,exposure_only_no_risk_signal
jc,2023,9,JC099,Montgomery St,40.71941645043993,-74.05094915004456,1354,0,0.0,0.0,272.4430911457855,False,insufficient_data,0.3058823529411765,0.0,0.3058823529411765,False,False,False,30.58823529411765,,,,exposure_only_no_risk_signal
jc,2025,1,JC099,Montgomery St,40.71942,-74.05099,665,0,0.0,0.0,554.7187149043513,False,insufficient_data,0.3058823529411765,0.0,0.3058823529411765,False,False,False,30.58823529411765,,,,exposure_only_no_risk_signal
jc,2025,12,JC094,Glenwood Ave,40.72755146730012,-74.07106071710587,356,0,0.0,0.0,1036.2020938522292,False,insufficient_data,0.3055555555555556,0.0,0.3055555555555556,False,False,False,30.555555555555557,,,,exposure_only_no_risk_signal
jc,2023,7,HB507,Adams St & 11 St,40.75077121320746,-74.03359850230399,1375,0,0.0,0.0,268.28214211737713,False,insufficient_data,0.3048780487804878,0.0,0.3048780487804878,False,False,False,30.48780487804878,,,,exposure_only_no_risk_signal
jc,2023,5,JC024,Pershing Field,40.74266280335645,-74.05179521673304,1341,0,0.0,0.0,275.08422476613987,False,insufficient_data,0.3048780487804878,0.0,0.3048780487804878,False,False,False,30.48780487804878,,,,exposure_only_no_risk_signal
jc,2023,6,JC075,Monmouth and 6th,40.72566715208444,-74.04879671726759,1313,0,0.0,0.0,280.950453474024,False,insufficient_data,0.3048780487804878,0.0,0.3048780487804878,False,False,False,30.48780487804878,,,,exposure_only_no_risk_signal
jc,2023,4,JC076,Dixon Mills,40.72163313692612,-74.04997606205572,1186,0,0.0,0.0,311.03536712596417,False,insufficient_data,0.3048780487804878,0.0,0.3048780487804878,False,False,False,30.48780487804878,,,,exposure_only_no_risk_signal
jc,2023,3,JC020,Baldwin at Montgomery,40.7236341055284,-74.06421476144051,933,0,0.0,0.0,395.3782909018152,False,insufficient_data,0.3048780487804878,0.0,0.3048780487804878,False,False,False,30.48780487804878,,,,exposure_only_no_risk_signal
jc,2020,12,3278,Monmouth and 6th,40.72568548362901,-74.04879033565521,251,0,0.0,0.0,1469.6730892884204,False,insufficient_data,0.3020833333333333,0.0,0.3020833333333333,False,False,False,30.208333333333332,,,,exposure_only_no_risk_signal
jc,2020,12,3481,York St,40.71649,-74.04105,251,0,0.0,0.0,1469.6730892884204,False,insufficient_data,0.3020833333333333,0.0,0.3020833333333333,False,False,False,30.208333333333332,,,,exposure_only_no_risk_signal
jc,2023,8,JC019,Hilltop,40.7311457040043,-74.0575369567203,1473,0,0.0,0.0,250.43309260787072,False,insufficient_data,0.30120481927710846,0.0,0.30120481927710846,False,False,False,30.120481927710845,,,,exposure_only_no_risk_signal
jc,2023,10,JC099,Montgomery St,40.71943666181679,-74.05098170224962,1330,0,0.0,0.0,277.35935745217563,False,insufficient_data,0.30120481927710846,0.0,0.30120481927710846,False,False,False,30.120481927710845,,,,exposure_only_no_risk_signal
jc,2025,4,JC078,Lafayette Park,40.71346382669195,-74.06285852193832,1227,0,0.0,0.0,300.6421722994242,False,insufficient_data,0.30120481927710846,0.0,0.30120481927710846,False,False,False,30.120481927710845,,,,exposure_only_no_risk_signal
jc,2023,11,JC027,Jersey & 6th St,40.72528207473936,-74.04554909818773,1105,0,0.0,0.0,333.83524471619324,False,insufficient_data,0.30120481927710846,0.0,0.30120481927710846,False,False,False,30.120481927710845,,,,exposure_only_no_risk_signal
jc,2025,3,JC076,Dixon Mills,40.721630142638354,-74.04996782541275,1065,0,0.0,0.0,346.3736576632803,False,insufficient_data,0.30120481927710846,0.0,0.30120481927710846,False,False,False,30.120481927710845,,,,exposure_only_no_risk_signal
jc,2023,12,JC027,Jersey & 6th St,40.72527913169907,-74.04555768507215,808,0,0.0,0.0,456.5444868952891,False,insufficient_data,0.30120481927710846,0.0,0.30120481927710846,False,False,False,30.120481927710845,,,,exposure_only_no_risk_signal
jc,2025,2,JC022,Oakland Ave,40.7376037,-74.0524783,697,0,0.0,0.0,529.2509977207942,False,insufficient_data,0.30120481927710846,0.0,0.30120481927710846,False,False,False,30.120481927710845,,,,exposure_only_no_risk_signal
jc,2025,8,HB302,6 St & Grand St,40.7443978330956,-74.03450086712837,1535,0,0.0,0.0,240.31787974683618,False,insufficient_data,0.30113636363636365,0.0,0.30113636363636365,False,False,False,30.113636363636363,,,,exposure_only_no_risk_signal
jc,2025,8,JC075,Monmouth & 6th,40.72568548362901,-74.04879033565521,1535,0,0.0,0.0,240.31787974683618,False,insufficient_data,0.30113636363636365,0.0,0.30113636363636365,False,False,False,30.113636363636363,,,,exposure_only_no_risk_signal
jc,2025,9,JC038,Essex Light Rail,40.7127742,-74.0364857,1473,0,0.0,0.0,250.43309260787072,False,insufficient_data,0.2978723404255319,0.0,0.2978723404255319,False,False,False,29.78723404255319,,,,exposure_only_no_risk_signal
jc,2025,10,JC057,Riverview Park,40.7443187,-74.0439909,1341,0,0.0,0.0,275.08422476613987,False,insufficient_data,0.2978723404255319,0.0,0.2978723404255319,False,False,False,29.78723404255319,,,,exposure_only_no_risk_signal
jc,2025,11,JC024,Pershing Field,40.742677141,-74.051788633,961,0,0.0,0.0,383.8584239452586,False,insufficient_data,0.2978723404255319,0.0,0.2978723404255319,False,False,False,29.78723404255319,,,,exposure_only_no_risk_signal
jc,2025,7,JC099,Montgomery St,40.71942,-74.05099,1550,0,0.0,0.0,237.99222284606034,False,insufficient_data,0.2976190476190476,0.0,0.2976190476190476,False,False,False,29.761904761904763,,,,exposure_only_no_risk_signal
jc,2025,5,JC019,Hilltop,40.7311689,-74.0575736,1338,0,0.0,0.0,275.7010055391581,False,insufficient_data,0.2976190476190476,0.0,0.2976190476190476,False,False,False,29.761904761904763,,,,exposure_only_no_risk_signal
jc,2023,1,HB507,Adams St & 11 St,40.750884424230186,-74.0335487584612,857,0,0.0,0.0,430.4410098149283,False,insufficient_data,0.2962962962962963,0.0,0.2962962962962963,False,False,False,29.629629629629626,,,,exposure_only_no_risk_signal
jc,2023,2,HB507,Adams St & 11 St,40.75087993915628,-74.03355481876206,699,0,0.0,0.0,527.73668871444,False,insufficient_data,0.2962962962962963,0.0,0.2962962962962963,False,False,False,29.629629629629626,,,,exposure_only_no_risk_signal
jc,2025,12,JC097,York St & Marin Blvd,40.716615000830494,-74.0424120426178,334,0,0.0,0.0,1104.4549263814179,False,insufficient_data,0.2962962962962963,0.0,0.2962962962962963,False,False,False,29.629629629629626,,,,exposure_only_no_risk_signal
jc,2025,6,JC022,Oakland Ave,40.7376037,-74.0524783,1460,0,0.0,0.0,252.66297630917364,False,insufficient_data,0.29411764705882354,0.0,0.29411764705882354,False,False,False,29.411764705882355,,,,exposure_only_no_risk_signal
jc,2023,9,JC075,Monmouth and 6th,40.72565764213952,-74.04880333945822,1335,0,0.0,0.0,276.3205583605944,False,insufficient_data,0.29411764705882354,0.0,0.29411764705882354,False,False,False,29.411764705882355,,,,exposure_only_no_risk_signal
jc,2025,1,JC076,Dixon Mills,40.721630142638354,-74.04996782541275,659,0,0.0,0.0,559.7692646606882,False,insufficient_data,0.29411764705882354,0.0,0.29411764705882354,False,False,False,29.411764705882355,,,,exposure_only_no_risk_signal
jc,2023,7,JC099,Montgomery St,40.71942785335706,-74.05098318786035,1363,0,0.0,0.0,270.6441272277282,False,insufficient_data,0.2926829268292683,0.0,0.2926829268292683,False,False,False,29.268292682926827,,,,exposure_only_no_risk_signal
jc,2023,5,HB507,Adams St & 11 St,40.750897336927125,-74.03354900393734,1332,0,0.0,0.0,276.94290196050565,False,insufficient_data,0.2926829268292683,0.0,0.2926829268292683,False,False,False,29.268292682926827,,,,exposure_only_no_risk_signal
jc,2023,6,JC099,Montgomery St,40.7194398004497,-74.05097823346647,1312,0,0.0,0.0,281.1645925391719,False,insufficient_data,0.2926829268292683,0.0,0.2926829268292683,False,False,False,29.268292682926827,,,,exposure_only_no_risk_signal
jc,2023,4,JC099,Montgomery St,40.71942268085935,-74.05099292383105,1166,0,0.0,0.0,316.3704506101145,False,insufficient_data,0.2926829268292683,0.0,0.2926829268292683,False,False,False,29.268292682926827,,,,exposure_only_no_risk_signal
jc,2020,8,3481,York St,40.71649,-74.04105,887,0,0.0,0.0,415.88268930258573,False,insufficient_data,0.2916666666666667,0.0,0.2916666666666667,False,False,False,29.166666666666668,,,,exposure_only_no_risk_signal
jc,2020,6,3268,Lafayette Park,40.71346382669195,-74.06285852193832,749,0,0.0,0.0,492.507270242181,False,insufficient_data,0.2916666666666667,0.0,0.2916666666666667,False,False,False,29.166666666666668,,,,exposure_only_no_risk_signal
jc,2019,6,3206,Hilltop,40.7311689,-74.0575736,638,0,0.0,0.0,578.1942718046921,False,insufficient_data,0.2916666666666667,0.0,0.2916666666666667,False,False,False,29.166666666666668,,,,exposure_only_no_risk_signal
jc,2019,4,3481,York St,40.71649,-74.04105,574,0,0.0,0.0,642.6619258038214,False,insufficient_data,0.2916666666666667,0.0,0.2916666666666667,False,False,False,29.166666666666668,,,,exposure_only_no_risk_signal
jc,2020,5,3679,Bergen Ave,40.722103786686034,-74.07145500183105,519,0,0.0,0.0,710.7667541645347,False,insufficient_data,0.2916666666666667,0.0,0.2916666666666667,False,False,False,29.166666666666668,,,,exposure_only_no_risk_signal
jc,2019,3,3225,Baldwin at Montgomery,40.7236589,-74.0641943,429,0,0.0,0.0,859.8786606326189,False,insufficient_data,0.2916666666666667,0.0,0.2916666666666667,False,False,False,29.166666666666668,,,,exposure_only_no_risk_signal
jc,2019,12,3481,York St,40.71649,-74.04105,361,0,0.0,0.0,1021.8502642974889,False,insufficient_data,0.2916666666666667,0.0,0.2916666666666667,False,False,False,29.166666666666668,,,,exposure_only_no_risk_signal
jc,2019,2,3481,York St,40.71649,-74.04105,360,0,0.0,0.0,1024.688737253871,False,insufficient_data,0.2916666666666667,0.0,0.2916666666666667,False,False,False,29.166666666666668,,,,exposure_only_no_risk_signal
jc,2019,1,3481,York St,40.71649,-74.04105,351,0,0.0,0.0,1050.9628074398677,False,insufficient_data,0.2916666666666667,0.0,0.2916666666666667,False,False,False,29.166666666666668,,,,exposure_only_no_risk_signal
jc,2020,4,3209,Brunswick St,40.7241765,-74.0506564,227,0,0.0,0.0,1625.0570282440244,False,insufficient_data,0.2916666666666667,0.0,0.2916666666666667,False,False,False,29.166666666666668,,,,exposure_only_no_risk_signal
jc,2023,8,JC099,Montgomery St,40.719442387437326,-74.05095180611241,1468,0,0.0,0.0,251.28606635653512,False,insufficient_data,0.2891566265060241,0.0,0.2891566265060241,False,False,False,28.915662650602407,,,,exposure_only_no_risk_signal
jc,2025,4,HB610,Adams St & 12 St,40.751889392240685,-74.03329162748534,1203,0,0.0,0.0,306.6400211233529,False,insufficient_data,0.2891566265060241,0.0,0.2891566265060241,False,False,False,28.915662650602407,,,,exposure_only_no_risk_signal
jc,2023,11,JC099,Montgomery St,40.71942308096529,-74.05099711671107,1066,0,0.0,0.0,346.0487292789808,False,insufficient_data,0.2891566265060241,0.0,0.2891566265060241,False,False,False,28.915662650602407,,,,exposure_only_no_risk_signal
jc,2025,3,JC019,Hilltop,40.7311689,-74.0575736,1064,0,0.0,0.0,346.69919681521947,False,insufficient_data,0.2891566265060241,0.0,0.2891566265060241,False,False,False,28.915662650602407,,,,exposure_only_no_risk_signal
jc,2025,2,JC034,Christ Hospital,40.734785818,-74.050443636,688,0,0.0,0.0,536.1743392607465,False,insufficient_data,0.2891566265060241,0.0,0.2891566265060241,False,False,False,28.915662650602407,,,,exposure_only_no_risk_signal
jc,2025,9,JC022,Oakland Ave,40.7376037,-74.0524783,1465,0,0.0,0.0,251.80064533200925,False,insufficient_data,0.2872340425531915,0.0,0.2872340425531915,False,False,False,28.723404255319153,,,,exposure_only_no_risk_signal
jc,2025,10,JC053,Lincoln Park,40.7246050998869,-74.07840594649315,1249,0,0.0,0.0,295.3466336360237,False,insufficient_data,0.2872340425531915,0.0,0.2872340425531915,False,False,False,28.723404255319153,,,,exposure_only_no_risk_signal
jc,2025,11,JC097,York St & Marin Blvd,40.716615000830494,-74.0424120426178,916,0,0.0,0.0,402.7160976106917,False,insufficient_data,0.2872340425531915,0.0,0.2872340425531915,False,False,False,28.723404255319153,,,,exposure_only_no_risk_signal
jc,2025,12,JC059,Heights Elevator,40.74871594538023,-74.04044330120087,329,0,0.0,0.0,1121.2399556577311,False,insufficient_data,0.28703703703703703,0.0,0.28703703703703703,False,False,False,28.703703703703702,,,,exposure_only_no_risk_signal
jc,2023,3,JC057,Riverview Park,40.744411473602,-74.0439399265122,902,0,0.0,0.0,408.96668005697734,False,insufficient_data,0.2865853658536585,0.0,0.2865853658536585,False,False,False,28.65853658536585,,,,exposure_only_no_risk_signal
jc,2023,3,JC095,Bergen Ave,40.72210300134577,-74.07144431713621,902,0,0.0,0.0,408.96668005697734,False,insufficient_data,0.2865853658536585,0.0,0.2865853658536585,False,False,False,28.65853658536585,,,,exposure_only_no_risk_signal
jc,2025,7,JC038,Essex Light Rail,40.7127742,-74.0364857,1549,0,0.0,0.0,238.145865339828,False,insufficient_data,0.2857142857142857,0.0,0.2857142857142857,False,False,False,28.57142857142857,,,,exposure_only_no_risk_signal
jc,2025,5,JC076,Dixon Mills,40.721630142638354,-74.04996782541275,1319,0,0.0,0.0,279.6724377645137,False,insufficient_data,0.2857142857142857,0.0,0.2857142857142857,False,False,False,28.57142857142857,,,,exposure_only_no_risk_signal
jc,2019,9,3268,Lafayette Park,40.71346382669195,-74.06285852193832,791,0,0.0,0.0,466.3564417337466,False,insufficient_data,0.2857142857142857,0.0,0.2857142857142857,False,False,False,28.57142857142857,,,,exposure_only_no_risk_signal
jc,2019,8,3481,York St,40.71649,-74.04105,756,0,0.0,0.0,487.94701773993853,False,insufficient_data,0.2857142857142857,0.0,0.2857142857142857,False,False,False,28.57142857142857,,,,exposure_only_no_risk_signal
jc,2020,9,3198,Heights Elevator,40.74871594538023,-74.04044330120087,747,0,0.0,0.0,493.825897471745,False,insufficient_data,0.2857142857142857,0.0,0.2857142857142857,False,False,False,28.57142857142857,,,,exposure_only_no_risk_signal
jc,2020,7,3198,Heights Elevator,40.74871594538023,-74.04044330120087,724,0,0.0,0.0,509.51373675606845,False,insufficient_data,0.2857142857142857,0.0,0.2857142857142857,False,False,False,28.57142857142857,,,,exposure_only_no_risk_signal
jc,2019,10,3679,Bergen Ave,40.722103786686034,-74.07145500183105,719,0,0.0,0.0,513.0569477209924,False,insufficient_data,0.2857142857142857,0.0,0.2857142857142857,False,False,False,28.57142857142857,,,,exposure_only_no_risk_signal
jc,2019,7,3280,Astor Place,40.71928220070702,-74.07126188278198,697,0,0.0,0.0,529.2509977207942,False,insufficient_data,0.2857142857142857,0.0,0.2857142857142857,False,False,False,28.57142857142857,,,,exposure_only_no_risk_signal
jc,2019,5,3679,Bergen Ave,40.722103786686034,-74.07145500183105,579,0,0.0,0.0,637.1121682407488,False,insufficient_data,0.2857142857142857,0.0,0.2857142857142857,False,False,False,28.57142857142857,,,,exposure_only_no_risk_signal
jc,2020,10,3791,Hoboken Ave at Monmouth St,40.73520838045357,-74.04696375131607,575,0,0.0,0.0,641.5442528893801,False,insufficient_data,0.2857142857142857,0.0,0.2857142857142857,False,False,False,28.57142857142857,,,,exposure_only_no_risk_signal
jc,2019,11,3481,York St,40.71649,-74.04105,526,0,0.0,0.0,701.3078810102538,False,insufficient_data,0.2857142857142857,0.0,0.2857142857142857,False,False,False,28.57142857142857,,,,exposure_only_no_risk_signal
jc,2020,1,3481,York St,40.71649,-74.04105,437,0,0.0,0.0,844.1371748544474,False,insufficient_data,0.2857142857142857,0.0,0.2857142857142857,False,False,False,28.57142857142857,,,,exposure_only_no_risk_signal
jc,2020,11,3679,Bergen Ave,40.722103786686034,-74.07145500183105,425,0,0.0,0.0,867.9716362621024,False,insufficient_data,0.2857142857142857,0.0,0.2857142857142857,False,False,False,28.57142857142857,,,,exposure_only_no_risk_signal
jc,2020,2,3268,Lafayette Park,40.71346382669195,-74.06285852193832,403,0,0.0,0.0,915.3547032540782,False,insufficient_data,0.2857142857142857,0.0,0.2857142857142857,False,False,False,28.57142857142857,,,,exposure_only_no_risk_signal
jc,2020,3,3481,York St,40.71649,-74.04105,301,0,0.0,0.0,1225.5413468817062,False,insufficient_data,0.2857142857142857,0.0,0.2857142857142857,False,False,False,28.57142857142857,,,,exposure_only_no_risk_signal
jc,2025,8,JC024,Pershing Field,40.742677141,-74.051788633,1502,0,0.0,0.0,245.59783316337789,False,insufficient_data,0.2840909090909091,0.0,0.2840909090909091,False,False,False,28.40909090909091,,,,exposure_only_no_risk_signal
jc,2023,1,JC076,Dixon Mills,40.721634092719,-74.04998077202664,826,0,0.0,0.0,446.5955755585878,False,insufficient_data,0.2839506172839506,0.0,0.2839506172839506,False,False,False,28.39506172839506,,,,exposure_only_no_risk_signal
jc,2023,2,JC057,Riverview Park,40.74441367346275,-74.04393901095702,698,0,0.0,0.0,528.4927584690452,False,insufficient_data,0.2839506172839506,0.0,0.2839506172839506,False,False,False,28.39506172839506,,,,exposure_only_no_risk_signal
jc,2023,10,JC075,Monmouth and 6th,40.72567105751152,-74.04878335926757,1224,0,0.0,0.0,301.3790403687856,False,insufficient_data,0.28313253012048195,0.0,0.28313253012048195,False,False,False,28.313253012048197,,,,exposure_only_no_risk_signal
jc,2023,10,JC076,Dixon Mills,40.72163744542662,-74.05000726492807,1224,0,0.0,0.0,301.3790403687856,False,insufficient_data,0.28313253012048195,0.0,0.28313253012048195,False,False,False,28.313253012048197,,,,exposure_only_no_risk_signal
jc,2023,12,JC093,Fairmount Ave,40.7257400796335,-74.07197000095823,803,0,0.0,0.0,459.387229653043,False,insufficient_data,0.28313253012048195,0.0,0.28313253012048195,False,False,False,28.313253012048197,,,,exposure_only_no_risk_signal
jc,2023,12,JC099,Montgomery St,40.71944565696305,-74.05097069204234,803,0,0.0,0.0,459.387229653043,False,insufficient_data,0.28313253012048195,0.0,0.28313253012048195,False,False,False,28.313253012048197,,,,exposure_only_no_risk_signal
jc,2025,6,JC053,Lincoln Park,40.7246050998869,-74.07840594649315,1398,0,0.0,0.0,263.86834435722,False,insufficient_data,0.2823529411764706,0.0,0.2823529411764706,False,False,False,28.235294117647058,,,,exposure_only_no_risk_signal
jc,2023,9,JC057,Riverview Park,40.74431921691076,-74.043878707816,1270,0,0.0,0.0,290.4629491428296,False,insufficient_data,0.2823529411764706,0.0,0.2823529411764706,False,False,False,28.235294117647058,,,,exposure_only_no_risk_signal
jc,2025,1,JC095,Bergen Ave,40.722103786686034,-74.07145500183105,638,0,0.0,0.0,578.1942718046921,False,insufficient_data,0.2823529411764706,0.0,0.2823529411764706,False,False,False,28.235294117647058,,,,exposure_only_no_risk_signal
jc,2023,7,JC019,Hilltop,40.73114265003223,-74.05752293483009,1334,0,0.0,0.0,276.52769521093967,False,insufficient_data,0.2804878048780488,0.0,0.2804878048780488,False,False,False,28.04878048780488,,,,exposure_only_no_risk_signal
jc,2023,5,HB404,Mama Johnson Field - 4 St & Jackson St,40.74314252643952,-74.04004635721122,1304,0,0.0,0.0,282.889528689719,False,insufficient_data,0.2804878048780488,0.0,0.2804878048780488,False,False,False,28.04878048780488,,,,exposure_only_no_risk_signal
jc,2023,6,HB404,Mama Johnson Field - 4 St & Jackson St,40.74312142381344,-74.04006008200234,1239,0,0.0,0.0,297.7303837057252,False,insufficient_data,0.2804878048780488,0.0,0.2804878048780488,False,False,False,28.04878048780488,,,,exposure_only_no_risk_signal
jc,2023,4,JC057,Riverview Park,40.744405323807925,-74.04394494785701,1161,0,0.0,0.0,317.732941784146,False,insufficient_data,0.2804878048780488,0.0,0.2804878048780488,False,False,False,28.04878048780488,,,,exposure_only_no_risk_signal
jc,2025,12,JC065,Dey St,40.737711,-74.066921,324,0,0.0,0.0,1138.54304139319,False,insufficient_data,0.2777777777777778,0.0,0.2777777777777778,False,False,False,27.77777777777778,,,,exposure_only_no_risk_signal
jc,2023,8,JC057,Riverview Park,40.7444438003493,-74.04390617425827,1461,0,0.0,0.0,252.49003792703184,False,insufficient_data,0.27710843373493976,0.0,0.27710843373493976,False,False,False,27.710843373493976,,,,exposure_only_no_risk_signal
jc,2025,4,JC076,Dixon Mills,40.721630142638354,-74.04996782541275,1197,0,0.0,0.0,308.1770638357507,False,insufficient_data,0.27710843373493976,0.0,0.27710843373493976,False,False,False,27.710843373493976,,,,exposure_only_no_risk_signal
jc,2023,11,JC075,Monmouth and 6th,40.72566238752569,-74.04880679492231,1052,0,0.0,0.0,350.6539405051269,False,insufficient_data,0.27710843373493976,0.0,0.27710843373493976,False,False,False,27.710843373493976,,,,exposure_only_no_risk_signal
jc,2025,3,JC022,Oakland Ave,40.7376037,-74.0524783,1037,0,0.0,0.0,355.7260804352879,False,insufficient_data,0.27710843373493976,0.0,0.27710843373493976,False,False,False,27.710843373493976,,,,exposure_only_no_risk_signal
jc,2025,2,JC099,Montgomery St,40.71942,-74.05099,678,0,0.0,0.0,544.0825153560377,False,insufficient_data,0.27710843373493976,0.0,0.27710843373493976,False,False,False,27.710843373493976,,,,exposure_only_no_risk_signal
jc,2025,9,JC024,Pershing Field,40.742677141,-74.051788633,1372,0,0.0,0.0,268.86876487710896,False,insufficient_data,0.2765957446808511,0.0,0.2765957446808511,False,False,False,27.659574468085108,,,,exposure_only_no_risk_signal
jc,2025,10,JC022,Oakland Ave,40.7376037,-74.0524783,1242,0,0.0,0.0,297.0112281895278,False,insufficient_data,0.2765957446808511,0.0,0.2765957446808511,False,False,False,27.659574468085108,,,,exposure_only_no_risk_signal
jc,2025,11,JC038,Essex Light Rail,40.7127742,-74.0364857,843,0,0.0,0.0,437.5894963361726,False,insufficient_data,0.2765957446808511,0.0,0.2765957446808511,False,False,False,27.659574468085108,,,,exposure_only_no_risk_signal
jc,2025,7,JC024,Pershing Field,40.742677141,-74.051788633,1527,0,0.0,0.0,241.57691251564736,False,insufficient_data,0.27380952380952384,0.0,0.27380952380952384,False,False,False,27.380952380952383,,,,exposure_only_no_risk_signal
jc,2025,5,JC024,Pershing Field,40.742677141,-74.051788633,1277,0,0.0,0.0,288.8707481686715,False,insufficient_data,0.27380952380952384,0.0,0.27380952380952384,False,False,False,27.380952380952383,,,,exposure_only_no_risk_signal
jc,2025,8,JC099,Montgomery St,40.71942,-74.05099,1491,0,0.0,0.0,247.40975547377164,False,insufficient_data,0.2727272727272727,0.0,0.2727272727272727,False,False,False,27.27272727272727,,,,exposure_only_no_risk_signal
jc,2023,1,JC093,Fairmount Ave,40.725733849395205,-74.07196112232789,792,0,0.0,0.0,465.76760784266855,False,insufficient_data,0.2716049382716049,0.0,0.2716049382716049,False,False,False,27.160493827160494,,,,exposure_only_no_risk_signal
jc,2023,2,JC019,Hilltop,40.731160420872094,-74.05755532603489,688,0,0.0,0.0,536.1743392607465,False,insufficient_data,0.2716049382716049,0.0,0.2716049382716049,False,False,False,27.160493827160494,,,,exposure_only_no_risk_signal
jc,2020,8,3280,Astor Place,40.71928220070702,-74.07126188278198,873,0,0.0,0.0,422.5520565995344,False,insufficient_data,0.2708333333333333,0.0,0.2708333333333333,False,False,False,27.083333333333332,,,,exposure_only_no_risk_signal
jc,2020,6,3279,Dixon Mills,40.721630142638354,-74.04996782541275,715,0,0.0,0.0,515.9271963795713,False,insufficient_data,0.2708333333333333,0.0,0.2708333333333333,False,False,False,27.083333333333332,,,,exposure_only_no_risk_signal
jc,2019,6,3679,Bergen Ave,40.722103786686034,-74.07145500183105,628,0,0.0,0.0,587.4011869608178,False,insufficient_data,0.2708333333333333,0.0,0.2708333333333333,False,False,False,27.083333333333332,,,,exposure_only_no_risk_signal
jc,2019,4,3206,Hilltop,40.7311689,-74.0575736,554,0,0.0,0.0,665.8627173490859,False,insufficient_data,0.2708333333333333,0.0,0.2708333333333333,False,False,False,27.083333333333332,,,,exposure_only_no_risk_signal
jc,2020,5,3280,Astor Place,40.71928220070702,-74.07126188278198,488,0,0.0,0.0,755.9179209249868,False,insufficient_data,0.2708333333333333,0.0,0.2708333333333333,False,False,False,27.083333333333332,,,,exposure_only_no_risk_signal
jc,2019,12,3207,Oakland Ave,40.7376037,-74.0524783,352,0,0.0,0.0,1047.9771176460044,False,insufficient_data,0.2708333333333333,0.0,0.2708333333333333,False,False,False,27.083333333333332,,,,exposure_only_no_risk_signal
jc,2019,3,3679,Bergen Ave,40.722103786686034,-74.07145500183105,336,0,0.0,0.0,1097.8807899148617,False,insufficient_data,0.2708333333333333,0.0,0.2708333333333333,False,False,False,27.083333333333332,,,,exposure_only_no_risk_signal
jc,2019,2,3679,Bergen Ave,40.722103786686034,-74.07145500183105,329,0,0.0,0.0,1121.2399556577311,False,insufficient_data,0.2708333333333333,0.0,0.2708333333333333,False,False,False,27.083333333333332,,,,exposure_only_no_risk_signal
jc,2019,1,3678,Fairmount Ave,40.72572613742557,-74.07195925712585,325,0,0.0,0.0,1135.039832035057,False,insufficient_data,0.2708333333333333,0.0,0.2708333333333333,False,False,False,27.083333333333332,,,,exposure_only_no_risk_signal
jc,2020,12,3640,Journal Square,40.73367,-74.0625,244,0,0.0,0.0,1511.8358418499736,False,insufficient_data,0.2708333333333333,0.0,0.2708333333333333,False,False,False,27.083333333333332,,,,exposure_only_no_risk_signal
jc,2020,4,3280,Astor Place,40.71928220070702,-74.07126188278198,205,0,0.0,0.0,1799.4533922507,False,insufficient_data,0.2708333333333333,0.0,0.2708333333333333,False,False,False,27.083333333333332,,,,exposure_only_no_risk_signal
jc,2025,6,HB610,Adams St & 12 St,40.751889392240685,-74.03329162748534,1368,0,0.0,0.0,269.65493085628185,False,insufficient_data,0.27058823529411763,0.0,0.27058823529411763,False,False,False,27.058823529411764,,,,exposure_only_no_risk_signal
jc,2023,9,JC024,Pershing Field,40.742443507081454,-74.05182710648711,1240,0,0.0,0.0,297.49027855757544,False,insufficient_data,0.27058823529411763,0.0,0.27058823529411763,False,False,False,27.058823529411764,,,,exposure_only_no_risk_signal
jc,2025,1,HB610,Adams St & 12 St,40.751889392240685,-74.03329162748534,634,0,0.0,0.0,581.8421851914725,False,insufficient_data,0.27058823529411763,0.0,0.27058823529411763,False,False,False,27.058823529411764,,,,exposure_only_no_risk_signal
jc,2025,12,JC018,5 Corners Library,40.73496102000952,-74.0595030784607,299,0,0.0,0.0,1233.7389478641924,False,insufficient_data,0.26851851851851855,0.0,0.26851851851851855,False,False,False,26.851851851851855,,,,exposure_only_no_risk_signal
jc,2023,5,JC076,Dixon Mills,40.72163210968633,-74.04997575002572,1302,0,0.0,0.0,283.3240748167385,False,insufficient_data,0.2682926829268293,0.0,0.2682926829268293,False,False,False,26.82926829268293,,,,exposure_only_no_risk_signal
jc,2023,7,JC022,Oakland Ave,40.7375052211526,-74.05234613368151,1280,0,0.0,0.0,288.1937073526512,False,insufficient_data,0.2682926829268293,0.0,0.2682926829268293,False,False,False,26.82926829268293,,,,exposure_only_no_risk_signal
jc,2023,6,JC024,Pershing Field,40.74263139163915,-74.05179187590993,1199,0,0.0,0.0,307.6630070153407,False,insufficient_data,0.2682926829268293,0.0,0.2682926829268293,False,False,False,26.82926829268293,,,,exposure_only_no_risk_signal
jc,2023,3,JC019,Hilltop,40.731162023767006,-74.05755579879933,897,0,0.0,0.0,411.2463159547308,False,insufficient_data,0.2682926829268293,0.0,0.2682926829268293,False,False,False,26.82926829268293,,,,exposure_only_no_risk_signal
jc,2025,9,JC078,Lafayette Park,40.71346382669195,-74.06285852193832,1330,0,0.0,0.0,277.35935745217563,False,insufficient_data,0.26595744680851063,0.0,0.26595744680851063,False,False,False,26.595744680851062,,,,exposure_only_no_risk_signal
jc,2025,10,JC024,Pershing Field,40.742677141,-74.051788633,1210,0,0.0,0.0,304.86607058792856,False,insufficient_data,0.26595744680851063,0.0,0.26595744680851063,False,False,False,26.595744680851062,,,,exposure_only_no_risk_signal
jc,2025,11,JC053,Lincoln Park,40.7246050998869,-74.07840594649315,826,0,0.0,0.0,446.5955755585878,False,insufficient_data,0.26595744680851063,0.0,0.26595744680851063,False,False,False,26.595744680851062,,,,exposure_only_no_risk_signal
jc,2020,9,3210,Pershing Field,40.742677141,-74.051788633,742,0,0.0,0.0,497.15356524446565,False,insufficient_data,0.2653061224489796,0.0,0.2653061224489796,False,False,False,26.53061224489796,,,,exposure_only_no_risk_signal
jc,2019,9,3280,Astor Place,40.71928220070702,-74.07126188278198,724,0,0.0,0.0,509.51373675606845,False,insufficient_data,0.2653061224489796,0.0,0.2653061224489796,False,False,False,26.53061224489796,,,,exposure_only_no_risk_signal
jc,2019,8,3678,Fairmount Ave,40.72572613742557,-74.07195925712585,714,0,0.0,0.0,516.6497834893466,False,insufficient_data,0.2653061224489796,0.0,0.2653061224489796,False,False,False,26.53061224489796,,,,exposure_only_no_risk_signal
jc,2020,7,3278,Monmouth and 6th,40.72568548362901,-74.04879033565521,707,0,0.0,0.0,521.7651278803304,False,insufficient_data,0.2653061224489796,0.0,0.2653061224489796,False,False,False,26.53061224489796,,,,exposure_only_no_risk_signal
jc,2019,10,3280,Astor Place,40.71928220070702,-74.07126188278198,689,0,0.0,0.0,535.3961471863477,False,insufficient_data,0.2653061224489796,0.0,0.2653061224489796,False,False,False,26.53061224489796,,,,exposure_only_no_risk_signal
jc,2019,7,3678,Fairmount Ave,40.72572613742557,-74.07195925712585,683,0,0.0,0.0,540.0994808365938,False,insufficient_data,0.2653061224489796,0.0,0.2653061224489796,False,False,False,26.53061224489796,,,,exposure_only_no_risk_signal
jc,2019,5,3678,Fairmount Ave,40.72572613742557,-74.07195925712585,566,0,0.0,0.0,651.7454865925681,False,insufficient_data,0.2653061224489796,0.0,0.2653061224489796,False,False,False,26.53061224489796,,,,exposure_only_no_risk_signal
jc,2020,10,3679,Bergen Ave,40.722103786686034,-74.07145500183105,554,0,0.0,0.0,665.8627173490859,False,insufficient_data,0.2653061224489796,0.0,0.2653061224489796,False,False,False,26.53061224489796,,,,exposure_only_no_risk_signal
jc,2019,11,3678,Fairmount Ave,40.72572613742557,-74.07195925712585,484,0,0.0,0.0,762.1651764698214,False,insufficient_data,0.2653061224489796,0.0,0.2653061224489796,False,False,False,26.53061224489796,,,,exposure_only_no_risk_signal
jc,2020,1,3207,Oakland Ave,40.73760370000001,-74.0524783,416,0,0.0,0.0,886.7498687773883,False,insufficient_data,0.2653061224489796,0.0,0.2653061224489796,False,False,False,26.53061224489796,,,,exposure_only_no_risk_signal
jc,2020,2,3210,Pershing Field,40.742677141,-74.051788633,390,0,0.0,0.0,945.8665266958809,False,insufficient_data,0.2653061224489796,0.0,0.2653061224489796,False,False,False,26.53061224489796,,,,exposure_only_no_risk_signal
jc,2020,11,3210,Pershing Field,40.742677141,-74.051788633,352,0,0.0,0.0,1047.9771176460044,False,insufficient_data,0.2653061224489796,0.0,0.2653061224489796,False,False,False,26.53061224489796,,,,exposure_only_no_risk_signal
jc,2020,3,3206,Hilltop,40.7311689,-74.0575736,295,0,0.0,0.0,1250.467611564046,False,insufficient_data,0.2653061224489796,0.0,0.2653061224489796,False,False,False,26.53061224489796,,,,exposure_only_no_risk_signal
jc,2023,8,JC024,Pershing Field,40.74256894760818,-74.05183125569012,1379,0,0.0,0.0,267.50394881174293,False,insufficient_data,0.26506024096385544,0.0,0.26506024096385544,False,False,False,26.506024096385545,,,,exposure_only_no_risk_signal
jc,2023,10,JC020,Baldwin at Montgomery,40.72363939387548,-74.06415289341406,1218,0,0.0,0.0,302.86366618341015,False,insufficient_data,0.26506024096385544,0.0,0.26506024096385544,False,False,False,26.506024096385545,,,,exposure_only_no_risk_signal
jc,2025,4,JC022,Oakland Ave,40.7376037,-74.0524783,1190,0,0.0,0.0,309.98987009360803,False,insufficient_data,0.26506024096385544,0.0,0.26506024096385544,False,False,False,26.506024096385545,,,,exposure_only_no_risk_signal
jc,2023,11,JC076,Dixon Mills,40.7216530207454,-74.04998738958373,1032,0,0.0,0.0,357.4495595071643,False,insufficient_data,0.26506024096385544,0.0,0.26506024096385544,False,False,False,26.506024096385545,,,,exposure_only_no_risk_signal
jc,2025,3,JC057,Riverview Park,40.7443187,-74.0439909,1017,0,0.0,0.0,362.7216769040251,False,insufficient_data,0.26506024096385544,0.0,0.26506024096385544,False,False,False,26.506024096385545,,,,exposure_only_no_risk_signal
jc,2023,12,JC057,Riverview Park,40.74446004477328,-74.04390517462706,791,0,0.0,0.0,466.3564417337466,False,insufficient_data,0.26506024096385544,0.0,0.26506024096385544,False,False,False,26.506024096385545,,,,exposure_only_no_risk_signal
jc,2025,2,JC075,Monmouth & 6th,40.72568548362901,-74.04879033565521,654,0,0.0,0.0,564.0488461947913,False,insufficient_data,0.26506024096385544,0.0,0.26506024096385544,False,False,False,26.506024096385545,,,,exposure_only_no_risk_signal
jc,2023,4,HB404,Mama Johnson Field - 4 St & Jackson St,40.74314644313956,-74.04005313273173,1048,0,0.0,0.0,351.9923143238488,False,insufficient_data,0.2621951219512195,0.0,0.2621951219512195,False,False,False,26.21951219512195,,,,exposure_only_no_risk_signal
jc,2023,4,JC022,Oakland Ave,40.737599730919854,-74.05246350035783,1048,0,0.0,0.0,351.9923143238488,False,insufficient_data,0.2621951219512195,0.0,0.2621951219512195,False,False,False,26.21951219512195,,,,exposure_only_no_risk_signal
jc,2025,7,JC053,Lincoln Park,40.7246050998869,-74.07840594649315,1520,0,0.0,0.0,242.68943777065363,False,insufficient_data,0.2619047619047619,0.0,0.2619047619047619,False,False,False,26.190476190476193,,,,exposure_only_no_risk_signal
jc,2025,5,JC022,Oakland Ave,40.7376037,-74.0524783,1208,0,0.0,0.0,305.3708157379086,False,insufficient_data,0.2619047619047619,0.0,0.2619047619047619,False,False,False,26.190476190476193,,,,exposure_only_no_risk_signal
jc,2025,8,JC022,Oakland Ave,40.7376037,-74.0524783,1429,0,0.0,0.0,258.1441185524098,False,insufficient_data,0.26136363636363635,0.0,0.26136363636363635,False,False,False,26.136363636363637,,,,exposure_only_no_risk_signal
jc,2023,1,JC019,Hilltop,40.73116056217008,-74.05755435867391,782,0,0.0,0.0,471.7237153598383,False,insufficient_data,0.25925925925925924,0.0,0.25925925925925924,False,False,False,25.925925925925924,,,,exposure_only_no_risk_signal
jc,2023,2,JC099,Montgomery St,40.71942409925522,-74.05099332809851,670,0,0.0,0.0,550.5790230020799,False,insufficient_data,0.25925925925925924,0.0,0.25925925925925924,False,False,False,25.925925925925924,,,,exposure_only_no_risk_signal
jc,2025,12,JC080,Leonard Gordon Park,40.74590996631558,-74.0572714805603,230,0,0.0,0.0,1603.86063222345,False,insufficient_data,0.25925925925925924,0.0,0.25925925925925924,False,False,False,25.925925925925924,,,,exposure_only_no_risk_signal
jc,2025,6,JC057,Riverview Park,40.7443187,-74.0439909,1362,0,0.0,0.0,270.8428380406707,False,insufficient_data,0.25882352941176473,0.0,0.25882352941176473,False,False,False,25.882352941176475,,,,exposure_only_no_risk_signal
jc,2023,9,JC038,Essex Light Rail,40.71281720945875,-74.03648610721122,1212,0,0.0,0.0,304.36299126352606,False,insufficient_data,0.25882352941176473,0.0,0.25882352941176473,False,False,False,25.882352941176475,,,,exposure_only_no_risk_signal
jc,2025,1,JC019,Hilltop,40.7311689,-74.0575736,630,0,0.0,0.0,585.5364212879263,False,insufficient_data,0.25882352941176473,0.0,0.25882352941176473,False,False,False,25.882352941176475,,,,exposure_only_no_risk_signal
jc,2023,5,JC057,Riverview Park,40.74439156770676,-74.04395133852043,1272,0,0.0,0.0,290.00624639260496,False,insufficient_data,0.25609756097560976,0.0,0.25609756097560976,False,False,False,25.609756097560975,,,,exposure_only_no_risk_signal
jc,2023,7,JC024,Pershing Field,40.7426290680431,-74.0517759963893,1245,0,0.0,0.0,296.29553848304704,False,insufficient_data,0.25609756097560976,0.0,0.25609756097560976,False,False,False,25.609756097560975,,,,exposure_only_no_risk_signal
jc,2023,6,HB507,Adams St & 11 St,40.75080141977351,-74.03359192110413,1197,0,0.0,0.0,308.1770638357507,False,insufficient_data,0.25609756097560976,0.0,0.25609756097560976,False,False,False,25.609756097560975,,,,exposure_only_no_risk_signal
jc,2023,3,JC024,Pershing Field,40.74266486202294,-74.05180294366743,872,0,0.0,0.0,423.0366346460935,False,insufficient_data,0.25609756097560976,0.0,0.25609756097560976,False,False,False,25.609756097560975,,,,exposure_only_no_risk_signal
jc,2025,9,JC118,Communipaw Ave & Pacific Ave,40.711354,-74.062446,1320,0,0.0,0.0,279.46056470560114,False,insufficient_data,0.2553191489361702,0.0,0.2553191489361702,False,False,False,25.53191489361702,,,,exposure_only_no_risk_signal
jc,2025,10,JC078,Lafayette Park,40.71346382669195,-74.06285852193832,1161,0,0.0,0.0,317.732941784146,False,insufficient_data,0.2553191489361702,0.0,0.2553191489361702,False,False,False,25.53191489361702,,,,exposure_only_no_risk_signal
jc,2025,11,JC078,Lafayette Park,40.71346382669195,-74.06285852193832,779,0,0.0,0.0,473.5403663817632,False,insufficient_data,0.2553191489361702,0.0,0.2553191489361702,False,False,False,25.53191489361702,,,,exposure_only_no_risk_signal
jc,2023,8,JC022,Oakland Ave,40.73757551593901,-74.05241526231552,1328,0,0.0,0.0,277.77706732785657,False,insufficient_data,0.25301204819277107,0.0,0.25301204819277107,False,False,False,25.301204819277107,,,,exposure_only_no_risk_signal
jc,2025,4,JC024,Pershing Field,40.742677141,-74.051788633,1160,0,0.0,0.0,318.0068494925806,False,insufficient_data,0.25301204819277107,0.0,0.25301204819277107,False,False,False,25.301204819277107,,,,exposure_only_no_risk_signal
jc,2023,10,JC038,Essex Light Rail,40.71280911745672,-74.03649966328071,1140,0,0.0,0.0,323.5859170275382,False,insufficient_data,0.25301204819277107,0.0,0.25301204819277107,False,False,False,25.301204819277107,,,,exposure_only_no_risk_signal
jc,2025,3,JC075,Monmouth & 6th,40.72568548362901,-74.04879033565521,1014,0,0.0,0.0,363.7948179599542,False,insufficient_data,0.25301204819277107,0.0,0.25301204819277107,False,False,False,25.301204819277107,,,,exposure_only_no_risk_signal
jc,2023,11,JC022,Oakland Ave,40.73758105564852,-74.05244854909073,992,0,0.0,0.0,371.86284819696925,False,insufficient_data,0.25301204819277107,0.0,0.25301204819277107,False,False,False,25.301204819277107,,,,exposure_only_no_risk_signal
jc,2023,12,JC024,Pershing Field,40.742591616301866,-74.05185858225532,752,0,0.0,0.0,490.5424806002574,False,insufficient_data,0.25301204819277107,0.0,0.25301204819277107,False,False,False,25.301204819277107,,,,exposure_only_no_risk_signal
jc,2025,2,JC095,Bergen Ave,40.722103786686034,-74.07145500183105,649,0,0.0,0.0,568.3943688927482,False,insufficient_data,0.25301204819277107,0.0,0.25301204819277107,False,False,False,25.301204819277107,,,,exposure_only_no_risk_signal
jc,2025,7,JC019,Hilltop,40.7311689,-74.0575736,1491,0,0.0,0.0,247.40975547377164,False,insufficient_data,0.25,0.0,0.25,False,False,False,25.0,,,,exposure_only_no_risk_signal
jc,2025,8,JC027,Jersey & 6th St,40.72528910781132,-74.04557168483734,1413,0,0.0,0.0,261.06719420480783,False,insufficient_data,0.25,0.0,0.25,False,False,False,25.0,,,,exposure_only_no_risk_signal
jc,2025,5,JC053,Lincoln Park,40.7246050998869,-74.07840594649315,1198,0,0.0,0.0,307.919820877624,False,insufficient_data,0.25,0.0,0.25,False,False,False,25.0,,,,exposure_only_no_risk_signal
jc,2020,8,3198,Heights Elevator,40.74871594538023,-74.04044330120087,860,0,0.0,0.0,428.9394714085971,False,insufficient_data,0.25,0.0,0.25,False,False,False,25.0,,,,exposure_only_no_risk_signal
jc,2020,6,3278,Monmouth and 6th,40.72568548362901,-74.04879033565521,641,0,0.0,0.0,575.4882143703487,False,insufficient_data,0.25,0.0,0.25,False,False,False,25.0,,,,exposure_only_no_risk_signal
jc,2019,6,3678,Fairmount Ave,40.72572613742557,-74.07195925712585,592,0,0.0,0.0,623.1215294111378,False,insufficient_data,0.25,0.0,0.25,False,False,False,25.0,,,,exposure_only_no_risk_signal
jc,2019,4,3679,Bergen Ave,40.722103786686034,-74.07145500183105,541,0,0.0,0.0,681.8631153630195,False,insufficient_data,0.25,0.0,0.25,False,False,False,25.0,,,,exposure_only_no_risk_signal
jc,2020,5,3277,Communipaw & Berry Lane,40.71435836870427,-74.06661093235016,483,0,0.0,0.0,763.7431582016429,False,insufficient_data,0.25,0.0,0.25,False,False,False,25.0,,,,exposure_only_no_risk_signal
jc,2019,12,3225,Baldwin at Montgomery,40.7236589,-74.0641943,341,0,0.0,0.0,1081.782831118456,False,insufficient_data,0.25,0.0,0.25,False,False,False,25.0,,,,exposure_only_no_risk_signal
jc,2019,3,3220,5 Corners Library,40.73496102000952,-74.0595030784607,330,0,0.0,0.0,1117.8422588224046,False,insufficient_data,0.25,0.0,0.25,False,False,False,25.0,,,,exposure_only_no_risk_signal
jc,2019,1,3679,Bergen Ave,40.722103786686034,-74.07145500183105,271,0,0.0,0.0,1361.2101306693487,False,insufficient_data,0.25,0.0,0.25,False,False,False,25.0,,,,exposure_only_no_risk_signal
jc,2019,2,3281,Leonard Gordon Park,40.74590996631558,-74.0572714805603,254,0,0.0,0.0,1452.3147457141476,False,insufficient_data,0.25,0.0,0.25,False,False,False,25.0,,,,exposure_only_no_risk_signal
jc,2020,12,3679,Bergen Ave,40.722103786686034,-74.07145500183105,236,0,0.0,0.0,1563.0845144550574,False,insufficient_data,0.25,0.0,0.25,False,False,False,25.0,,,,exposure_only_no_risk_signal
jc,2025,12,JC120,Arlington Ave & Bramhall Ave,40.713225,-74.070645,188,0,0.0,0.0,1962.1699224010297,False,insufficient_data,0.25,0.0,0.25,False,False,False,25.0,,,,exposure_only_no_risk_signal
jc,2020,4,3481,York St,40.71649,-74.04105,185,0,0.0,0.0,1993.9888941156405,False,insufficient_data,0.25,0.0,0.25,False,False,False,25.0,,,,exposure_only_no_risk_signal
jc,2025,6,JC027,Jersey & 6th St,40.72528910781132,-74.04557168483734,1346,0,0.0,0.0,274.06236657607246,False,insufficient_data,0.24705882352941178,0.0,0.24705882352941178,False,False,False,24.705882352941178,,,,exposure_only_no_risk_signal
jc,2023,9,JC027,Jersey & 6th St,40.72530303298539,-74.04553294339964,1194,0,0.0,0.0,308.95137806649376,False,insufficient_data,0.24705882352941178,0.0,0.24705882352941178,False,False,False,24.705882352941178,,,,exposure_only_no_risk_signal
jc,2025,1,JC024,Pershing Field,40.742677141,-74.051788633,608,0,0.0,0.0,606.7235944266341,False,insufficient_data,0.24705882352941178,0.0,0.24705882352941178,False,False,False,24.705882352941178,,,,exposure_only_no_risk_signal
jc,2023,1,JC027,Jersey & 6th St,40.72528656033621,-74.045563603347,740,0,0.0,0.0,498.4972235289101,False,insufficient_data,0.24691358024691357,0.0,0.24691358024691357,False,False,False,24.691358024691358,,,,exposure_only_no_risk_signal
jc,2023,2,JC024,Pershing Field,40.74266527424024,-74.05180249927628,666,0,0.0,0.0,553.8858039210113,False,insufficient_data,0.24691358024691357,0.0,0.24691358024691357,False,False,False,24.691358024691358,,,,exposure_only_no_risk_signal
jc,2020,9,3678,Fairmount Ave,40.72572613742557,-74.07195925712585,717,0,0.0,0.0,514.4880689140775,False,insufficient_data,0.24489795918367346,0.0,0.24489795918367346,False,False,False,24.489795918367346,,,,exposure_only_no_risk_signal
jc,2019,9,3198,Heights Elevator,40.74871594538023,-74.04044330120087,683,0,0.0,0.0,540.0994808365938,False,insufficient_data,0.24489795918367346,0.0,0.24489795918367346,False,False,False,24.489795918367346,,,,exposure_only_no_risk_signal
jc,2019,10,3678,Fairmount Ave,40.72572613742557,-74.07195925712585,680,0,0.0,0.0,542.482272663814,False,insufficient_data,0.24489795918367346,0.0,0.24489795918367346,False,False,False,24.489795918367346,,,,exposure_only_no_risk_signal
jc,2019,7,3198,Heights Elevator,40.74871594538023,-74.04044330120087,667,0,0.0,0.0,553.0553904218793,False,insufficient_data,0.24489795918367346,0.0,0.24489795918367346,False,False,False,24.489795918367346,,,,exposure_only_no_risk_signal
jc,2020,7,3206,Hilltop,40.7311689,-74.0575736,664,0,0.0,0.0,555.5541346557131,False,insufficient_data,0.24489795918367346,0.0,0.24489795918367346,False,False,False,24.489795918367346,,,,exposure_only_no_risk_signal
jc,2019,8,3198,Heights Elevator,40.74871594538023,-74.04044330120087,636,0,0.0,0.0,580.0124927852099,False,insufficient_data,0.24489795918367346,0.0,0.24489795918367346,False,False,False,24.489795918367346,,,,exposure_only_no_risk_signal
jc,2019,5,3206,Hilltop,40.7311689,-74.0575736,544,0,0.0,0.0,678.1028408297675,False,insufficient_data,0.24489795918367346,0.0,0.24489795918367346,False,False,False,24.489795918367346,,,,exposure_only_no_risk_signal
jc,2020,10,3206,Hilltop,40.7311689,-74.0575736,540,0,0.0,0.0,683.1258248359139,False,insufficient_data,0.24489795918367346,0.0,0.24489795918367346,False,False,False,24.489795918367346,,,,exposure_only_no_risk_signal
jc,2019,11,3268,Lafayette Park,40.71346382669195,-74.06285852193832,458,0,0.0,0.0,805.4321952213834,False,insufficient_data,0.24489795918367346,0.0,0.24489795918367346,False,False,False,24.489795918367346,,,,exposure_only_no_risk_signal
jc,2020,1,3268,Lafayette Park,40.71346382669195,-74.06285852193832,413,0,0.0,0.0,893.1911511171757,False,insufficient_data,0.24489795918367346,0.0,0.24489795918367346,False,False,False,24.489795918367346,,,,exposure_only_no_risk_signal
jc,2020,2,3207,Oakland Ave,40.7376037,-74.0524783,380,0,0.0,0.0,970.7577510826145,False,insufficient_data,0.24489795918367346,0.0,0.24489795918367346,False,False,False,24.489795918367346,,,,exposure_only_no_risk_signal
jc,2020,11,3198,Heights Elevator,40.74871594538023,-74.04044330120087,338,0,0.0,0.0,1091.3844538798626,False,insufficient_data,0.24489795918367346,0.0,0.24489795918367346,False,False,False,24.489795918367346,,,,exposure_only_no_risk_signal
jc,2020,3,3791,Hoboken Ave at Monmouth St,40.73520838045357,-74.04696375131607,293,0,0.0,0.0,1259.003226660046,False,insufficient_data,0.24489795918367346,0.0,0.24489795918367346,False,False,False,24.489795918367346,,,,exposure_only_no_risk_signal
jc,2025,9,JC093,Fairmount Ave,40.72572613742557,-74.07195925712585,1148,0,0.0,0.0,321.3309629019107,False,insufficient_data,0.24468085106382978,0.0,0.24468085106382978,False,False,False,24.46808510638298,,,,exposure_only_no_risk_signal
jc,2025,10,JC095,Bergen Ave,40.722103786686034,-74.07145500183105,1038,0,0.0,0.0,355.3833770822674,False,insufficient_data,0.24468085106382978,0.0,0.24468085106382978,False,False,False,24.46808510638298,,,,exposure_only_no_risk_signal
jc,2025,11,JC093,Fairmount Ave,40.72572613742557,-74.07195925712585,758,0,0.0,0.0,486.659558590229,False,insufficient_data,0.24468085106382978,0.0,0.24468085106382978,False,False,False,24.46808510638298,,,,exposure_only_no_risk_signal
jc,2023,5,JC075,Monmouth and 6th,40.7256763620975,-74.04879641736649,1250,0,0.0,0.0,295.11035632911484,False,insufficient_data,0.24390243902439024,0.0,0.24390243902439024,False,False,False,24.390243902439025,,,,exposure_only_no_risk_signal
jc,2023,7,JC103,Journal Square,40.73368666368461,-74.06249092355846,1226,0,0.0,0.0,300.8873942996685,False,insufficient_data,0.24390243902439024,0.0,0.24390243902439024,False,False,False,24.390243902439025,,,,exposure_only_no_risk_signal
jc,2023,6,JC038,Essex Light Rail,40.71280502428024,-74.03650393227046,1193,0,0.0,0.0,309.21034820737094,False,insufficient_data,0.24390243902439024,0.0,0.24390243902439024,False,False,False,24.390243902439025,,,,exposure_only_no_risk_signal
jc,2023,4,JC019,Hilltop,40.73116044041811,-74.0575565382736,1038,0,0.0,0.0,355.3833770822674,False,insufficient_data,0.24390243902439024,0.0,0.24390243902439024,False,False,False,24.390243902439025,,,,exposure_only_no_risk_signal
jc,2023,3,HB507,Adams St & 11 St,40.75088751971576,-74.0335487236516,824,0,0.0,0.0,447.6795454021766,False,insufficient_data,0.24390243902439024,0.0,0.24390243902439024,False,False,False,24.390243902439025,,,,exposure_only_no_risk_signal
jc,2023,8,HB507,Adams St & 11 St,40.75078678848118,-74.03360734312335,1320,0,0.0,0.0,279.46056470560114,False,insufficient_data,0.24096385542168675,0.0,0.24096385542168675,False,False,False,24.096385542168676,,,,exposure_only_no_risk_signal
jc,2023,10,JC093,Fairmount Ave,40.72575009235265,-74.07182096700815,1131,0,0.0,0.0,326.1608712744417,False,insufficient_data,0.24096385542168675,0.0,0.24096385542168675,False,False,False,24.096385542168676,,,,exposure_only_no_risk_signal
jc,2025,4,JC034,Christ Hospital,40.734785818,-74.050443636,1081,0,0.0,0.0,341.24694302626597,False,insufficient_data,0.24096385542168675,0.0,0.24096385542168675,False,False,False,24.096385542168676,,,,exposure_only_no_risk_signal
jc,2025,3,JC038,Essex Light Rail,40.7127742,-74.0364857,1012,0,0.0,0.0,364.51378005078413,False,insufficient_data,0.24096385542168675,0.0,0.24096385542168675,False,False,False,24.096385542168676,,,,exposure_only_no_risk_signal
jc,2023,11,JC095,Bergen Ave,40.72212077055588,-74.07142327492876,921,0,0.0,0.0,400.52979957806025,False,insufficient_data,0.24096385542168675,0.0,0.24096385542168675,False,False,False,24.096385542168676,,,,exposure_only_no_risk_signal
jc,2023,12,JC075,Monmouth and 6th,40.72565370091996,-74.04881345380394,735,0,0.0,0.0,501.88836110393675,False,insufficient_data,0.24096385542168675,0.0,0.24096385542168675,False,False,False,24.096385542168676,,,,exposure_only_no_risk_signal
jc,2025,2,JC053,Lincoln Park,40.7246050998869,-74.07840594649315,606,0,0.0,0.0,608.7259825270521,False,insufficient_data,0.24096385542168675,0.0,0.24096385542168675,False,False,False,24.096385542168676,,,,exposure_only_no_risk_signal
jc,2025,12,JC122,Union St & Bergen Ave,40.71575,-74.07887,146,0,0.0,0.0,2526.6297630917365,False,insufficient_data,0.24074074074074073,0.0,0.24074074074074073,False,False,False,24.074074074074073,,,,exposure_only_no_risk_signal
jc,2025,8,JC076,Dixon Mills,40.721630142638354,-74.04996782541275,1405,0,0.0,0.0,262.55369780170355,False,insufficient_data,0.23863636363636365,0.0,0.23863636363636365,False,False,False,23.863636363636363,,,,exposure_only_no_risk_signal
jc,2025,7,JC027,Jersey & 6th St,40.72528910781132,-74.04557168483734,1445,0,0.0,0.0,255.28577537120657,False,insufficient_data,0.23809523809523805,0.0,0.23809523809523805,False,False,False,23.809523809523807,,,,exposure_only_no_risk_signal
jc,2025,5,JC099,Montgomery St,40.71942,-74.05099,1194,0,0.0,0.0,308.95137806649376,False,insufficient_data,0.23809523809523805,0.0,0.23809523809523805,False,False,False,23.809523809523807,,,,exposure_only_no_risk_signal
jc,2025,6,JC076,Dixon Mills,40.721630142638354,-74.04996782541275,1287,0,0.0,0.0,286.626220210873,False,insufficient_data,0.2352941176470588,0.0,0.2352941176470588,False,False,False,23.52941176470588,,,,exposure_only_no_risk_signal
jc,2023,9,JC022,Oakland Ave,40.737552343116725,-74.05235851072815,1068,0,0.0,0.0,345.400697950743,False,insufficient_data,0.2352941176470588,0.0,0.2352941176470588,False,False,False,23.52941176470588,,,,exposure_only_no_risk_signal
jc,2025,1,JC057,Riverview Park,40.7443187,-74.0439909,559,0,0.0,0.0,659.9068790901495,False,insufficient_data,0.2352941176470588,0.0,0.2352941176470588,False,False,False,23.52941176470588,,,,exposure_only_no_risk_signal
jc,2023,1,HB404,Mama Johnson Field - 4 St & Jackson St,40.74314652646212,-74.0400469038797,734,0,0.0,0.0,502.57213271307023,False,insufficient_data,0.2345679012345679,0.0,0.2345679012345679,False,False,False,23.456790123456788,,,,exposure_only_no_risk_signal
jc,2023,2,JC038,Essex Light Rail,40.71277302056454,-74.03647745399067,643,0,0.0,0.0,573.6982043723071,False,insufficient_data,0.2345679012345679,0.0,0.2345679012345679,False,False,False,23.456790123456788,,,,exposure_only_no_risk_signal
jc,2025,9,JC095,Bergen Ave,40.722103786686034,-74.07145500183105,1136,0,0.0,0.0,324.7253040593253,False,insufficient_data,0.23404255319148937,0.0,0.23404255319148937,False,False,False,23.404255319148938,,,,exposure_only_no_risk_signal
jc,2025,10,JC117,Dr. Lena Edwards Park,40.713203,-74.058261,970,0,0.0,0.0,380.29685093958096,False,insufficient_data,0.23404255319148937,0.0,0.23404255319148937,False,False,False,23.404255319148938,,,,exposure_only_no_risk_signal
jc,2025,11,JC095,Bergen Ave,40.722103786686034,-74.07145500183105,742,0,0.0,0.0,497.15356524446565,False,insufficient_data,0.23404255319148937,0.0,0.23404255319148937,False,False,False,23.404255319148938,,,,exposure_only_no_risk_signal
jc,2023,7,JC027,Jersey & 6th St,40.72529167926304,-74.04554825259908,1224,0,0.0,0.0,301.3790403687856,False,insufficient_data,0.23170731707317074,0.0,0.23170731707317074,False,False,False,23.170731707317074,,,,exposure_only_no_risk_signal
jc,2023,5,JC038,Essex Light Rail,40.71277334310282,-74.03648365714842,1206,0,0.0,0.0,305.8772350011555,False,insufficient_data,0.23170731707317074,0.0,0.23170731707317074,False,False,False,23.170731707317074,,,,exposure_only_no_risk_signal
jc,2023,6,JC027,Jersey & 6th St,40.72529047475285,-74.04557647721026,1144,0,0.0,0.0,322.45449773723215,False,insufficient_data,0.23170731707317074,0.0,0.23170731707317074,False,False,False,23.170731707317074,,,,exposure_only_no_risk_signal
jc,2023,4,JC075,Monmouth and 6th,40.725674885169546,-74.04879952120294,1007,0,0.0,0.0,366.32367965381684,False,insufficient_data,0.23170731707317074,0.0,0.23170731707317074,False,False,False,23.170731707317074,,,,exposure_only_no_risk_signal
jc,2023,3,JC099,Montgomery St,40.719422633881706,-74.05099358556829,820,0,0.0,0.0,449.863348062675,False,insufficient_data,0.23170731707317074,0.0,0.23170731707317074,False,False,False,23.170731707317074,,,,exposure_only_no_risk_signal
jc,2025,12,JC051,Union St,40.7182113,-74.0836394,142,0,0.0,0.0,2597.8024324746025,False,insufficient_data,0.23148148148148148,0.0,0.23148148148148148,False,False,False,23.14814814814815,,,,exposure_only_no_risk_signal
jc,2020,8,3206,Hilltop,40.7311689,-74.0575736,805,0,0.0,0.0,458.24589492098573,False,insufficient_data,0.22916666666666663,0.0,0.22916666666666663,False,False,False,22.916666666666664,,,,exposure_only_no_risk_signal
jc,2020,6,3679,Bergen Ave,40.722103786686034,-74.07145500183105,620,0,0.0,0.0,594.9805571151509,False,insufficient_data,0.22916666666666663,0.0,0.22916666666666663,False,False,False,22.916666666666664,,,,exposure_only_no_risk_signal
jc,2019,6,3268,Lafayette Park,40.71346382669195,-74.06285852193832,564,0,0.0,0.0,654.0566408003432,False,insufficient_data,0.22916666666666663,0.0,0.22916666666666663,False,False,False,22.916666666666664,,,,exposure_only_no_risk_signal
jc,2019,4,3220,5 Corners Library,40.73496102000952,-74.0595030784607,505,0,0.0,0.0,730.4711790324625,False,insufficient_data,0.22916666666666663,0.0,0.22916666666666663,False,False,False,22.916666666666664,,,,exposure_only_no_risk_signal
jc,2020,5,3210,Pershing Field,40.742677141,-74.051788633,470,0,0.0,0.0,784.8679689604118,False,insufficient_data,0.22916666666666663,0.0,0.22916666666666663,False,False,False,22.916666666666664,,,,exposure_only_no_risk_signal
jc,2019,3,3678,Fairmount Ave,40.72572613742557,-74.07195925712585,303,0,0.0,0.0,1217.4519650541042,False,insufficient_data,0.22916666666666663,0.0,0.22916666666666663,False,False,False,22.916666666666664,,,,exposure_only_no_risk_signal
jc,2019,12,3268,Lafayette Park,40.71346382669195,-74.06285852193832,270,0,0.0,0.0,1366.2516496718279,False,insufficient_data,0.22916666666666663,0.0,0.22916666666666663,False,False,False,22.916666666666664,,,,exposure_only_no_risk_signal
jc,2019,2,3678,Fairmount Ave,40.72572613742557,-74.07195925712585,250,0,0.0,0.0,1475.551781645574,False,insufficient_data,0.22916666666666663,0.0,0.22916666666666663,False,False,False,22.916666666666664,,,,exposure_only_no_risk_signal
jc,2020,12,3791,Hoboken Ave at Monmouth St,40.73520838045357,-74.04696375131607,196,0,0.0,0.0,1882.081354139763,False,insufficient_data,0.22916666666666663,0.0,0.22916666666666663,False,False,False,22.916666666666664,,,,exposure_only_no_risk_signal
jc,2020,4,3198,Heights Elevator,40.74871594538023,-74.04044330120087,170,0,0.0,0.0,2169.929090655256,False,insufficient_data,0.22916666666666663,0.0,0.22916666666666663,False,False,False,22.916666666666664,,,,exposure_only_no_risk_signal
jc,2023,8,JC027,Jersey & 6th St,40.72525805473178,-74.04552812776187,1237,0,0.0,0.0,298.2117586187498,False,insufficient_data,0.22891566265060243,0.0,0.22891566265060243,False,False,False,22.89156626506024,,,,exposure_only_no_risk_signal
jc,2023,10,JC022,Oakland Ave,40.73751691664771,-74.05242412184282,1090,0,0.0,0.0,338.4293077168748,False,insufficient_data,0.22891566265060243,0.0,0.22891566265060243,False,False,False,22.89156626506024,,,,exposure_only_no_risk_signal
jc,2025,4,JC053,Lincoln Park,40.7246050998869,-74.07840594649315,1072,0,0.0,0.0,344.1118893762999,False,insufficient_data,0.22891566265060243,0.0,0.22891566265060243,False,False,False,22.89156626506024,,,,exposure_only_no_risk_signal
jc,2025,3,JC053,Lincoln Park,40.7246050998869,-74.07840594649315,957,0,0.0,0.0,385.46284786979476,False,insufficient_data,0.22891566265060243,0.0,0.22891566265060243,False,False,False,22.89156626506024,,,,exposure_only_no_risk_signal
jc,2023,11,JC093,Fairmount Ave,40.72575213713354,-74.071949859712,918,0,0.0,0.0,401.83872049171407,False,insufficient_data,0.22891566265060243,0.0,0.22891566265060243,False,False,False,22.89156626506024,,,,exposure_only_no_risk_signal
jc,2023,12,JC002,Paulus Hook,40.71414671472146,-74.03354350611694,724,0,0.0,0.0,509.51373675606845,False,insufficient_data,0.22891566265060243,0.0,0.22891566265060243,False,False,False,22.89156626506024,,,,exposure_only_no_risk_signal
jc,2025,2,JC076,Dixon Mills,40.721630142638354,-74.04996782541275,589,0,0.0,0.0,626.2953232791061,False,insufficient_data,0.22891566265060243,0.0,0.22891566265060243,False,False,False,22.89156626506024,,,,exposure_only_no_risk_signal
jc,2025,8,JC034,Christ Hospital,40.734785818,-74.050443636,1336,0,0.0,0.0,276.11373159535447,False,insufficient_data,0.22727272727272727,0.0,0.22727272727272727,False,False,False,22.727272727272727,,,,exposure_only_no_risk_signal
jc,2025,7,JC057,Riverview Park,40.7443187,-74.0439909,1435,0,0.0,0.0,257.0647703215286,False,insufficient_data,0.2261904761904762,0.0,0.2261904761904762,False,False,False,22.61904761904762,,,,exposure_only_no_risk_signal
jc,2025,5,JC038,Essex Light Rail,40.7127742,-74.0364857,1186,0,0.0,0.0,311.03536712596417,False,insufficient_data,0.2261904761904762,0.0,0.2261904761904762,False,False,False,22.61904761904762,,,,exposure_only_no_risk_signal
jc,2020,9,3679,Bergen Ave,40.722103786686034,-74.07145500183105,693,0,0.0,0.0,532.3058375344784,False,insufficient_data,0.22448979591836735,0.0,0.22448979591836735,False,False,False,22.448979591836736,,,,exposure_only_no_risk_signal
jc,2019,9,3678,Fairmount Ave,40.72572613742557,-74.07195925712585,660,0,0.0,0.0,558.9211294112023,False,insufficient_data,0.22448979591836735,0.0,0.22448979591836735,False,False,False,22.448979591836736,,,,exposure_only_no_risk_signal
jc,2019,7,3679,Bergen Ave,40.722103786686034,-74.07145500183105,636,0,0.0,0.0,580.0124927852099,False,insufficient_data,0.22448979591836735,0.0,0.22448979591836735,False,False,False,22.448979591836736,,,,exposure_only_no_risk_signal
jc,2019,8,3791,Hoboken Ave at Monmouth St,40.73520838045357,-74.04696375131607,619,0,0.0,0.0,595.9417534917504,False,insufficient_data,0.22448979591836735,0.0,0.22448979591836735,False,False,False,22.448979591836736,,,,exposure_only_no_risk_signal
jc,2019,10,3791,Hoboken Ave at Monmouth St,40.73520838045357,-74.04696375131607,615,0,0.0,0.0,599.8177974169,False,insufficient_data,0.22448979591836735,0.0,0.22448979591836735,False,False,False,22.448979591836736,,,,exposure_only_no_risk_signal
jc,2020,7,3277,Communipaw & Berry Lane,40.71435836870427,-74.06661093235016,608,0,0.0,0.0,606.7235944266341,False,insufficient_data,0.22448979591836735,0.0,0.22448979591836735,False,False,False,22.448979591836736,,,,exposure_only_no_risk_signal
jc,2019,5,3198,Heights Elevator,40.74871594538023,-74.04044330120087,531,0,0.0,0.0,694.7042286466922,False,insufficient_data,0.22448979591836735,0.0,0.22448979591836735,False,False,False,22.448979591836736,,,,exposure_only_no_risk_signal
jc,2020,10,3210,Pershing Field,40.742677141,-74.051788633,499,0,0.0,0.0,739.2543996220312,False,insufficient_data,0.22448979591836735,0.0,0.22448979591836735,False,False,False,22.448979591836736,,,,exposure_only_no_risk_signal
jc,2019,11,3791,Hoboken Ave at Monmouth St,40.73520838045357,-74.04696375131607,386,0,0.0,0.0,955.6682523611231,False,insufficient_data,0.22448979591836735,0.0,0.22448979591836735,False,False,False,22.448979591836736,,,,exposure_only_no_risk_signal
jc,2020,1,3791,Hoboken Ave at Monmouth St,40.73520838045357,-74.04696375131607,339,0,0.0,0.0,1088.1650307120753,False,insufficient_data,0.22448979591836735,0.0,0.22448979591836735,False,False,False,22.448979591836736,,,,exposure_only_no_risk_signal
jc,2020,11,3277,Communipaw & Berry Lane,40.71435836870427,-74.06661093235016,329,0,0.0,0.0,1121.2399556577311,False,insufficient_data,0.22448979591836735,0.0,0.22448979591836735,False,False,False,22.448979591836736,,,,exposure_only_no_risk_signal
jc,2020,2,3791,Hoboken Ave at Monmouth St,40.73520838045357,-74.04696375131607,317,0,0.0,0.0,1163.684370382945,False,insufficient_data,0.22448979591836735,0.0,0.22448979591836735,False,False,False,22.448979591836736,,,,exposure_only_no_risk_signal
jc,2020,3,3268,Lafayette Park,40.71346382669195,-74.06285852193832,283,0,0.0,0.0,1303.4909731851362,False,insufficient_data,0.22448979591836735,0.0,0.22448979591836735,False,False,False,22.448979591836736,,,,exposure_only_no_risk_signal
jc,2025,6,JC099,Montgomery St,40.71942,-74.05099,1229,0,0.0,0.0,300.1529254771306,False,insufficient_data,0.2235294117647059,0.0,0.2235294117647059,False,False,False,22.35294117647059,,,,exposure_only_no_risk_signal
jc,2023,9,JC019,Hilltop,40.73114436912875,-74.05743632892255,1033,0,0.0,0.0,357.10352895585044,False,insufficient_data,0.2235294117647059,0.0,0.2235294117647059,False,False,False,22.35294117647059,,,,exposure_only_no_risk_signal
jc,2025,9,JC084,Communipaw & Berry Lane,40.71435836870427,-74.06661093235016,1014,0,0.0,0.0,363.7948179599542,False,insufficient_data,0.22340425531914893,0.0,0.22340425531914893,False,False,False,22.340425531914892,,,,exposure_only_no_risk_signal
jc,2025,10,JC059,Heights Elevator,40.74871594538023,-74.04044330120087,915,0,0.0,0.0,403.15622449332625,False,insufficient_data,0.22340425531914893,0.0,0.22340425531914893,False,False,False,22.340425531914892,,,,exposure_only_no_risk_signal
jc,2025,11,JC084,Communipaw & Berry Lane,40.71435836870427,-74.06661093235016,708,0,0.0,0.0,521.0281714850191,False,insufficient_data,0.22340425531914893,0.0,0.22340425531914893,False,False,False,22.340425531914892,,,,exposure_only_no_risk_signal
jc,2023,1,JC024,Pershing Field,40.74266593646483,-74.0518016352,725,0,0.0,0.0,508.810959188129,False,insufficient_data,0.2222222222222222,0.0,0.2222222222222222,False,False,False,22.22222222222222,,,,exposure_only_no_risk_signal
jc,2023,2,JC022,Oakland Ave,40.73759339751258,-74.05245468327202,636,0,0.0,0.0,580.0124927852099,False,insufficient_data,0.2222222222222222,0.0,0.2222222222222222,False,False,False,22.22222222222222,,,,exposure_only_no_risk_signal
jc,2025,12,JC124,West Side Ave Light Rail,40.714964,-74.08829,132,0,0.0,0.0,2794.6056470560115,False,insufficient_data,0.2222222222222222,0.0,0.2222222222222222,False,False,False,22.22222222222222,,,,exposure_only_no_risk_signal
jc,2023,7,JC038,Essex Light Rail,40.712800384649206,-74.03647957472123,1222,0,0.0,0.0,301.87229575400454,False,insufficient_data,0.21951219512195125,0.0,0.21951219512195125,False,False,False,21.951219512195124,,,,exposure_only_no_risk_signal
jc,2023,5,JC022,Oakland Ave,40.73760074191772,-74.05246306861713,1191,0,0.0,0.0,309.72959312459574,False,insufficient_data,0.21951219512195125,0.0,0.21951219512195125,False,False,False,21.951219512195124,,,,exposure_only_no_risk_signal
jc,2023,6,JC019,Hilltop,40.73116625837461,-74.0575132308494,1058,0,0.0,0.0,348.66535483118486,False,insufficient_data,0.21951219512195125,0.0,0.21951219512195125,False,False,False,21.951219512195124,,,,exposure_only_no_risk_signal
jc,2023,4,HB507,Adams St & 11 St,40.75088742998691,-74.0335520945232,990,0,0.0,0.0,372.6140862741349,False,insufficient_data,0.21951219512195125,0.0,0.21951219512195125,False,False,False,21.951219512195124,,,,exposure_only_no_risk_signal
jc,2023,3,JC093,Fairmount Ave,40.725733993991405,-74.07196410176446,817,0,0.0,0.0,451.5152330616812,False,insufficient_data,0.21951219512195125,0.0,0.21951219512195125,False,False,False,21.951219512195124,,,,exposure_only_no_risk_signal
jc,2019,1,3206,Hilltop,40.7311689,-74.0575736,245,0,0.0,0.0,1505.6650833118103,False,insufficient_data,0.21875,0.0,0.21875,False,False,False,21.875,,,,exposure_only_no_risk_signal
jc,2019,1,3281,Leonard Gordon Park,40.74590996631558,-74.0572714805603,245,0,0.0,0.0,1505.6650833118103,False,insufficient_data,0.21875,0.0,0.21875,False,False,False,21.875,,,,exposure_only_no_risk_signal
jc,2025,1,JC038,Essex Light Rail,40.7127742,-74.0364857,519,0,0.0,0.0,710.7667541645347,False,insufficient_data,0.21764705882352942,0.0,0.21764705882352942,False,False,False,21.764705882352942,,,,exposure_only_no_risk_signal
jc,2025,1,JC093,Fairmount Ave,40.72572613742557,-74.07195925712585,519,0,0.0,0.0,710.7667541645347,False,insufficient_data,0.21764705882352942,0.0,0.21764705882352942,False,False,False,21.764705882352942,,,,exposure_only_no_risk_signal
jc,2023,8,JC093,Fairmount Ave,40.72572690695378,-74.07188934877213,1220,0,0.0,0.0,302.36716836999466,False,insufficient_data,0.21686746987951808,0.0,0.21686746987951808,False,False,False,21.686746987951807,,,,exposure_only_no_risk_signal
jc,2023,10,JC095,Bergen Ave,40.72214934309928,-74.07130593135908,1038,0,0.0,0.0,355.3833770822674,False,insufficient_data,0.21686746987951808,0.0,0.21686746987951808,False,False,False,21.686746987951807,,,,exposure_only_no_risk_signal
jc,2025,4,JC057,Riverview Park,40.7443187,-74.0439909,1020,0,0.0,0.0,361.6548484425427,False,insufficient_data,0.21686746987951808,0.0,0.21686746987951808,False,False,False,21.686746987951807,,,,exposure_only_no_risk_signal
jc,2025,3,HB610,Adams St & 12 St,40.751889392240685,-74.03329162748534,928,0,0.0,0.0,397.5085618657258,False,insufficient_data,0.21686746987951808,0.0,0.21686746987951808,False,False,False,21.686746987951807,,,,exposure_only_no_risk_signal
jc,2023,11,JC057,Riverview Park,40.744459380108985,-74.04392959396404,890,0,0.0,0.0,414.4808375408916,False,insufficient_data,0.21686746987951808,0.0,0.21686746987951808,False,False,False,21.686746987951807,,,,exposure_only_no_risk_signal
jc,2023,12,HB610,Adams St & 12 St,40.75187066599607,-74.03328554114707,675,0,0.0,0.0,546.5006598687312,False,insufficient_data,0.21686746987951808,0.0,0.21686746987951808,False,False,False,21.686746987951807,,,,exposure_only_no_risk_signal
jc,2025,2,JC019,Hilltop,40.7311689,-74.0575736,573,0,0.0,0.0,643.783499845364,False,insufficient_data,0.21686746987951808,0.0,0.21686746987951808,False,False,False,21.686746987951807,,,,exposure_only_no_risk_signal
jc,2025,8,JC097,York St & Marin Blvd,40.716615000830494,-74.0424120426178,1278,0,0.0,0.0,288.64471471940027,False,insufficient_data,0.2159090909090909,0.0,0.2159090909090909,False,False,False,21.59090909090909,,,,exposure_only_no_risk_signal
jc,2025,7,HB610,Adams St & 12 St,40.751889392240685,-74.03329162748534,1405,0,0.0,0.0,262.55369780170355,False,insufficient_data,0.21428571428571427,0.0,0.21428571428571427,False,False,False,21.428571428571427,,,,exposure_only_no_risk_signal
jc,2025,5,JC057,Riverview Park,40.7443187,-74.0439909,1162,0,0.0,0.0,317.4595055175504,False,insufficient_data,0.21428571428571427,0.0,0.21428571428571427,False,False,False,21.428571428571427,,,,exposure_only_no_risk_signal
jc,2025,12,JC121,MLK Dr & Bramhall Ave,40.71647,-74.07413,114,0,0.0,0.0,3235.859170275382,False,insufficient_data,0.21296296296296297,0.0,0.21296296296296297,False,False,False,21.296296296296298,,,,exposure_only_no_risk_signal
jc,2025,9,JC059,Heights Elevator,40.74871594538023,-74.04044330120087,992,0,0.0,0.0,371.86284819696925,False,insufficient_data,0.2127659574468085,0.0,0.2127659574468085,False,False,False,21.27659574468085,,,,exposure_only_no_risk_signal
jc,2025,10,JC093,Fairmount Ave,40.72572613742557,-74.07195925712585,890,0,0.0,0.0,414.4808375408916,False,insufficient_data,0.2127659574468085,0.0,0.2127659574468085,False,False,False,21.27659574468085,,,,exposure_only_no_risk_signal
jc,2025,11,JC117,Dr. Lena Edwards Park,40.713203,-74.058261,658,0,0.0,0.0,560.6199778288656,False,insufficient_data,0.2127659574468085,0.0,0.2127659574468085,False,False,False,21.27659574468085,,,,exposure_only_no_risk_signal
jc,2025,6,JC075,Monmouth & 6th,40.72568548362901,-74.04879033565521,1189,0,0.0,0.0,310.25058487081037,False,insufficient_data,0.21176470588235294,0.0,0.21176470588235294,False,False,False,21.176470588235293,,,,exposure_only_no_risk_signal
jc,2023,9,JC095,Bergen Ave,40.72212400961648,-74.07124944306149,1007,0,0.0,0.0,366.32367965381684,False,insufficient_data,0.21176470588235294,0.0,0.21176470588235294,False,False,False,21.176470588235293,,,,exposure_only_no_risk_signal
jc,2023,1,JC022,Oakland Ave,40.73760218564568,-74.05245587436751,683,0,0.0,0.0,540.0994808365938,False,insufficient_data,0.2098765432098765,0.0,0.2098765432098765,False,False,False,20.98765432098765,,,,exposure_only_no_risk_signal
jc,2023,2,JC093,Fairmount Ave,40.72573120782667,-74.0719624121983,615,0,0.0,0.0,599.8177974169,False,insufficient_data,0.2098765432098765,0.0,0.2098765432098765,False,False,False,20.98765432098765,,,,exposure_only_no_risk_signal
jc,2020,8,3277,Communipaw & Berry Lane,40.71435836870427,-74.06661093235016,730,0,0.0,0.0,505.3259526183473,False,insufficient_data,0.20833333333333337,0.0,0.20833333333333337,False,False,False,20.833333333333336,,,,exposure_only_no_risk_signal
jc,2020,6,3678,Fairmount Ave,40.72572613742557,-74.07195925712585,542,0,0.0,0.0,680.6050653346744,False,insufficient_data,0.20833333333333337,0.0,0.20833333333333337,False,False,False,20.833333333333336,,,,exposure_only_no_risk_signal
jc,2019,6,3198,Heights Elevator,40.74871594538023,-74.04044330120087,524,0,0.0,0.0,703.9846286476976,False,insufficient_data,0.20833333333333337,0.0,0.20833333333333337,False,False,False,20.833333333333336,,,,exposure_only_no_risk_signal
jc,2019,4,3281,Leonard Gordon Park,40.74590996631558,-74.0572714805603,471,0,0.0,0.0,783.2015826144236,False,insufficient_data,0.20833333333333337,0.0,0.20833333333333337,False,False,False,20.833333333333336,,,,exposure_only_no_risk_signal
jc,2020,5,3206,Hilltop,40.7311689,-74.0575736,466,0,0.0,0.0,791.6050330716599,False,insufficient_data,0.20833333333333337,0.0,0.20833333333333337,False,False,False,20.833333333333336,,,,exposure_only_no_risk_signal
jc,2019,3,3206,Hilltop,40.7311689,-74.0575736,299,0,0.0,0.0,1233.7389478641924,False,insufficient_data,0.20833333333333337,0.0,0.20833333333333337,False,False,False,20.833333333333336,,,,exposure_only_no_risk_signal
jc,2019,12,3677,Glenwood Ave,40.72755146730012,-74.07106071710587,249,0,0.0,0.0,1481.477692415235,False,insufficient_data,0.20833333333333337,0.0,0.20833333333333337,False,False,False,20.833333333333336,,,,exposure_only_no_risk_signal
jc,2019,2,3206,Hilltop,40.7311689,-74.0575736,234,0,0.0,0.0,1576.4442111598016,False,insufficient_data,0.20833333333333337,0.0,0.20833333333333337,False,False,False,20.833333333333336,,,,exposure_only_no_risk_signal
jc,2020,12,3206,Hilltop,40.7311689,-74.0575736,191,0,0.0,0.0,1931.3504995360918,False,insufficient_data,0.20833333333333337,0.0,0.20833333333333337,False,False,False,20.833333333333336,,,,exposure_only_no_risk_signal
jc,2020,4,3212,Christ Hospital,40.734785818,-74.050443636,158,0,0.0,0.0,2334.7338317176805,False,insufficient_data,0.20833333333333337,0.0,0.20833333333333337,False,False,False,20.833333333333336,,,,exposure_only_no_risk_signal
jc,2023,7,JC053,Lincoln Park,40.72462867717065,-74.0783518577401,1129,0,0.0,0.0,326.7386584689048,False,insufficient_data,0.2073170731707317,0.0,0.2073170731707317,False,False,False,20.73170731707317,,,,exposure_only_no_risk_signal
jc,2023,5,JC019,Hilltop,40.73116294825419,-74.05756126684916,1074,0,0.0,0.0,343.47108511302935,False,insufficient_data,0.2073170731707317,0.0,0.2073170731707317,False,False,False,20.73170731707317,,,,exposure_only_no_risk_signal
jc,2023,6,JC022,Oakland Ave,40.73755999431893,-74.05245040210774,1018,0,0.0,0.0,362.36536877347106,False,insufficient_data,0.2073170731707317,0.0,0.2073170731707317,False,False,False,20.73170731707317,,,,exposure_only_no_risk_signal
jc,2023,4,JC034,Christ Hospital,40.73478854483769,-74.05044700994662,918,0,0.0,0.0,401.83872049171407,False,insufficient_data,0.2073170731707317,0.0,0.2073170731707317,False,False,False,20.73170731707317,,,,exposure_only_no_risk_signal
jc,2023,3,HB404,Mama Johnson Field - 4 St & Jackson St,40.74314696893138,-74.04004949859024,791,0,0.0,0.0,466.3564417337466,False,insufficient_data,0.2073170731707317,0.0,0.2073170731707317,False,False,False,20.73170731707317,,,,exposure_only_no_risk_signal
jc,2023,8,JC095,Bergen Ave,40.72212866206474,-74.0713681555628,1199,0,0.0,0.0,307.6630070153407,False,insufficient_data,0.20481927710843373,0.0,0.20481927710843373,False,False,False,20.481927710843372,,,,exposure_only_no_risk_signal
jc,2023,10,JC019,Hilltop,40.73113322277513,-74.05750014906734,1005,0,0.0,0.0,367.05268200138664,False,insufficient_data,0.20481927710843373,0.0,0.20481927710843373,False,False,False,20.481927710843372,,,,exposure_only_no_risk_signal
jc,2025,4,JC099,Montgomery St,40.71942,-74.05099,1003,0,0.0,0.0,367.7845916364841,False,insufficient_data,0.20481927710843373,0.0,0.20481927710843373,False,False,False,20.481927710843372,,,,exposure_only_no_risk_signal
jc,2023,11,JC038,Essex Light Rail,40.71277111778251,-74.03647891193671,869,0,0.0,0.0,424.49706031230556,False,insufficient_data,0.20481927710843373,0.0,0.20481927710843373,False,False,False,20.481927710843372,,,,exposure_only_no_risk_signal
jc,2023,12,JC022,Oakland Ave,40.73757794965272,-74.05239101658744,669,0,0.0,0.0,551.4020110783161,False,insufficient_data,0.20481927710843373,0.0,0.20481927710843373,False,False,False,20.481927710843372,,,,exposure_only_no_risk_signal
jc,2025,2,JC024,Pershing Field,40.742677141,-74.051788633,533,0,0.0,0.0,692.0974585579615,False,insufficient_data,0.20481927710843373,0.0,0.20481927710843373,False,False,False,20.481927710843372,,,,exposure_only_no_risk_signal
jc,2025,8,JC084,Communipaw & Berry Lane,40.71435836870427,-74.06661093235016,1206,0,0.0,0.0,305.8772350011555,False,insufficient_data,0.20454545454545456,0.0,0.20454545454545456,False,False,False,20.454545454545457,,,,exposure_only_no_risk_signal
jc,2019,9,3679,Bergen Ave,40.722103786686034,-74.07145500183105,649,0,0.0,0.0,568.3943688927482,False,insufficient_data,0.20408163265306123,0.0,0.20408163265306123,False,False,False,20.408163265306122,,,,exposure_only_no_risk_signal
jc,2020,9,3640,Journal Square,40.73367,-74.0625,639,0,0.0,0.0,577.2894294388005,False,insufficient_data,0.20408163265306123,0.0,0.20408163265306123,False,False,False,20.408163265306122,,,,exposure_only_no_risk_signal
jc,2019,8,3679,Bergen Ave,40.722103786686034,-74.07145500183105,607,0,0.0,0.0,607.7231390632513,False,insufficient_data,0.20408163265306123,0.0,0.20408163265306123,False,False,False,20.408163265306122,,,,exposure_only_no_risk_signal
jc,2019,7,3206,Hilltop,40.7311689,-74.0575736,599,0,0.0,0.0,615.839641755248,False,insufficient_data,0.20408163265306123,0.0,0.20408163265306123,False,False,False,20.408163265306122,,,,exposure_only_no_risk_signal
jc,2020,7,3678,Fairmount Ave,40.72572613742557,-74.07195925712585,592,0,0.0,0.0,623.1215294111378,False,insufficient_data,0.20408163265306123,0.0,0.20408163265306123,False,False,False,20.408163265306122,,,,exposure_only_no_risk_signal
jc,2019,10,3198,Heights Elevator,40.74871594538023,-74.04044330120087,540,0,0.0,0.0,683.1258248359139,False,insufficient_data,0.20408163265306123,0.0,0.20408163265306123,False,False,False,20.408163265306122,,,,exposure_only_no_risk_signal
jc,2020,10,3277,Communipaw & Berry Lane,40.71435836870427,-74.06661093235016,488,0,0.0,0.0,755.9179209249868,False,insufficient_data,0.20408163265306123,0.0,0.20408163265306123,False,False,False,20.408163265306122,,,,exposure_only_no_risk_signal
jc,2019,5,3196,Riverview Park,40.7443187,-74.0439909,463,0,0.0,0.0,796.734223350742,False,insufficient_data,0.20408163265306123,0.0,0.20408163265306123,False,False,False,20.408163265306122,,,,exposure_only_no_risk_signal
jc,2019,11,3677,Glenwood Ave,40.72755146730012,-74.07106071710587,351,0,0.0,0.0,1050.9628074398677,False,insufficient_data,0.20408163265306123,0.0,0.20408163265306123,False,False,False,20.408163265306122,,,,exposure_only_no_risk_signal
jc,2020,1,3212,Christ Hospital,40.734785818,-74.050443636,271,0,0.0,0.0,1361.2101306693487,False,insufficient_data,0.20408163265306123,0.0,0.20408163265306123,False,False,False,20.408163265306122,,,,exposure_only_no_risk_signal
jc,2020,2,3212,Christ Hospital,40.734785818,-74.050443636,262,0,0.0,0.0,1407.9692572953952,False,insufficient_data,0.20408163265306123,0.0,0.20408163265306123,False,False,False,20.408163265306122,,,,exposure_only_no_risk_signal
jc,2020,11,3206,Hilltop,40.7311689,-74.0575736,255,0,0.0,0.0,1446.6193937701707,False,insufficient_data,0.20408163265306123,0.0,0.20408163265306123,False,False,False,20.408163265306122,,,,exposure_only_no_risk_signal
jc,2020,3,3207,Oakland Ave,40.7376037,-74.0524783,238,0,0.0,0.0,1549.9493504680402,False,insufficient_data,0.20408163265306123,0.0,0.20408163265306123,False,False,False,20.408163265306122,,,,exposure_only_no_risk_signal
jc,2025,12,JC108,Bergen Ave & Stegman St,40.70657545063453,-74.0867006778717,106,0,0.0,0.0,3480.07495671126,False,insufficient_data,0.2037037037037037,0.0,0.2037037037037037,False,False,False,20.37037037037037,,,,exposure_only_no_risk_signal
jc,2025,7,JC075,Monmouth & 6th,40.72568548362901,-74.04879033565521,1387,0,0.0,0.0,265.96102769386704,False,insufficient_data,0.20238095238095238,0.0,0.20238095238095238,False,False,False,20.238095238095237,,,,exposure_only_no_risk_signal
jc,2025,5,JC075,Monmouth & 6th,40.72568548362901,-74.04879033565521,1154,0,0.0,0.0,319.66026465458714,False,insufficient_data,0.20238095238095238,0.0,0.20238095238095238,False,False,False,20.238095238095237,,,,exposure_only_no_risk_signal
jc,2025,9,JC117,Dr. Lena Edwards Park,40.713203,-74.058261,967,0,0.0,0.0,381.4766757098175,False,insufficient_data,0.20212765957446804,0.0,0.20212765957446804,False,False,False,20.212765957446805,,,,exposure_only_no_risk_signal
jc,2025,10,JC084,Communipaw & Berry Lane,40.71435836870427,-74.06661093235016,864,0,0.0,0.0,426.9536405224462,False,insufficient_data,0.20212765957446804,0.0,0.20212765957446804,False,False,False,20.212765957446805,,,,exposure_only_no_risk_signal
jc,2025,11,JC077,Astor Place,40.71928220070702,-74.07126188278198,609,0,0.0,0.0,605.7273323668203,False,insufficient_data,0.20212765957446804,0.0,0.20212765957446804,False,False,False,20.212765957446805,,,,exposure_only_no_risk_signal
jc,2025,6,JC034,Christ Hospital,40.734785818,-74.050443636,1184,0,0.0,0.0,311.5607647055689,False,insufficient_data,0.2,0.0,0.2,False,False,False,20.0,,,,exposure_only_no_risk_signal
jc,2023,9,JC093,Fairmount Ave,40.72575320874532,-74.07185463788453,983,0,0.0,0.0,375.26749278880317,False,insufficient_data,0.2,0.0,0.2,False,False,False,20.0,,,,exposure_only_no_risk_signal
jc,2025,1,HB503,Madison St & 10 St,40.74994325412246,-74.03586477041245,505,0,0.0,0.0,730.4711790324625,False,insufficient_data,0.2,0.0,0.2,False,False,False,20.0,,,,exposure_only_no_risk_signal
jc,2025,3,JC034,Christ Hospital,40.734785818,-74.050443636,924,0,0.0,0.0,399.2293781508588,False,insufficient_data,0.19879518072289154,0.0,0.19879518072289154,False,False,False,19.879518072289155,,,,exposure_only_no_risk_signal
jc,2025,3,JC099,Montgomery St,40.71942,-74.05099,924,0,0.0,0.0,399.2293781508588,False,insufficient_data,0.19879518072289154,0.0,0.19879518072289154,False,False,False,19.879518072289155,,,,exposure_only_no_risk_signal
jc,2023,1,JC057,Riverview Park,40.744404132657536,-74.043944304344,657,0,0.0,0.0,561.4732806870526,False,insufficient_data,0.19753086419753085,0.0,0.19753086419753085,False,False,False,19.753086419753085,,,,exposure_only_no_risk_signal
jc,2023,2,HB404,Mama Johnson Field - 4 St & Jackson St,40.743151449229,-74.04006067848108,586,0,0.0,0.0,629.501613330023,False,insufficient_data,0.19753086419753085,0.0,0.19753086419753085,False,False,False,19.753086419753085,,,,exposure_only_no_risk_signal
jc,2023,7,JC095,Bergen Ave,40.72210904264476,-74.07143282391417,1124,0,0.0,0.0,328.1921222521295,False,insufficient_data,0.1951219512195122,0.0,0.1951219512195122,False,False,False,19.51219512195122,,,,exposure_only_no_risk_signal
jc,2023,5,JC080,Leonard Gordon Park,40.74588229797079,-74.05725576496611,1024,0,0.0,0.0,360.242134190814,False,insufficient_data,0.1951219512195122,0.0,0.1951219512195122,False,False,False,19.51219512195122,,,,exposure_only_no_risk_signal
jc,2023,6,JC053,Lincoln Park,40.72465534432555,-74.07831559886715,1002,0,0.0,0.0,368.15164212713927,False,insufficient_data,0.1951219512195122,0.0,0.1951219512195122,False,False,False,19.51219512195122,,,,exposure_only_no_risk_signal
jc,2023,4,JC038,Essex Light Rail,40.712772352419314,-74.03648235344347,911,0,0.0,0.0,404.92639452403245,False,insufficient_data,0.1951219512195122,0.0,0.1951219512195122,False,False,False,19.51219512195122,,,,exposure_only_no_risk_signal
jc,2023,3,JC080,Leonard Gordon Park,40.74590492723848,-74.05724884697423,751,0,0.0,0.0,491.19566632675577,False,insufficient_data,0.1951219512195122,0.0,0.1951219512195122,False,False,False,19.51219512195122,,,,exposure_only_no_risk_signal
jc,2025,12,JC123,Carteret Ave & Arlington Ave,40.709142,-74.074553,99,0,0.0,0.0,3726.1408627413484,False,insufficient_data,0.19444444444444448,0.0,0.19444444444444448,False,False,False,19.444444444444446,,,,exposure_only_no_risk_signal
jc,2025,8,JC095,Bergen Ave,40.722103786686034,-74.07145500183105,1058,0,0.0,0.0,348.66535483118486,False,insufficient_data,0.19318181818181818,0.0,0.19318181818181818,False,False,False,19.318181818181817,,,,exposure_only_no_risk_signal
jc,2023,8,HB609,River St & 1 St,40.73722126924508,-74.02888018939447,1175,0,0.0,0.0,313.9471875841647,False,insufficient_data,0.1927710843373494,0.0,0.1927710843373494,False,False,False,19.27710843373494,,,,exposure_only_no_risk_signal
jc,2025,4,JC075,Monmouth & 6th,40.72568548362901,-74.04879033565521,1002,0,0.0,0.0,368.15164212713927,False,insufficient_data,0.1927710843373494,0.0,0.1927710843373494,False,False,False,19.27710843373494,,,,exposure_only_no_risk_signal
jc,2023,10,JC034,Christ Hospital,40.73471095888241,-74.05044165694774,995,0,0.0,0.0,370.7416536797925,False,insufficient_data,0.1927710843373494,0.0,0.1927710843373494,False,False,False,19.27710843373494,,,,exposure_only_no_risk_signal
jc,2023,11,JC019,Hilltop,40.73115926973758,-74.05754892519745,785,0,0.0,0.0,469.9209495686541,False,insufficient_data,0.1927710843373494,0.0,0.1927710843373494,False,False,False,19.27710843373494,,,,exposure_only_no_risk_signal
jc,2023,12,JC034,Christ Hospital,40.73478637002057,-74.05044798826899,632,0,0.0,0.0,583.6834579294201,False,insufficient_data,0.1927710843373494,0.0,0.1927710843373494,False,False,False,19.27710843373494,,,,exposure_only_no_risk_signal
jc,2025,2,HB610,Adams St & 12 St,40.751889392240685,-74.03329162748534,520,0,0.0,0.0,709.3998950219107,False,insufficient_data,0.1927710843373494,0.0,0.1927710843373494,False,False,False,19.27710843373494,,,,exposure_only_no_risk_signal
jc,2025,9,JC077,Astor Place,40.71928220070702,-74.07126188278198,833,0,0.0,0.0,442.84267156229714,False,insufficient_data,0.1914893617021277,0.0,0.1914893617021277,False,False,False,19.148936170212767,,,,exposure_only_no_risk_signal
jc,2025,10,JC077,Astor Place,40.71928220070702,-74.07126188278198,744,0,0.0,0.0,495.8171309292924,False,insufficient_data,0.1914893617021277,0.0,0.1914893617021277,False,False,False,19.148936170212767,,,,exposure_only_no_risk_signal
jc,2025,11,JC059,Heights Elevator,40.74871594538023,-74.04044330120087,530,0,0.0,0.0,696.014991342252,False,insufficient_data,0.1914893617021277,0.0,0.1914893617021277,False,False,False,19.148936170212767,,,,exposure_only_no_risk_signal
jc,2025,7,JC076,Dixon Mills,40.721630142638354,-74.04996782541275,1361,0,0.0,0.0,271.0418408606859,False,insufficient_data,0.19047619047619047,0.0,0.19047619047619047,False,False,False,19.047619047619047,,,,exposure_only_no_risk_signal
jc,2025,5,JC034,Christ Hospital,40.734785818,-74.050443636,1118,0,0.0,0.0,329.95343954507473,False,insufficient_data,0.19047619047619047,0.0,0.19047619047619047,False,False,False,19.047619047619047,,,,exposure_only_no_risk_signal
jc,2025,6,JC038,Essex Light Rail,40.7127742,-74.0364857,1174,0,0.0,0.0,314.21460426864866,False,insufficient_data,0.18823529411764706,0.0,0.18823529411764706,False,False,False,18.823529411764707,,,,exposure_only_no_risk_signal
jc,2023,9,JC080,Leonard Gordon Park,40.74590045778164,-74.05722387518506,884,0,0.0,0.0,417.29405589524157,False,insufficient_data,0.18823529411764706,0.0,0.18823529411764706,False,False,False,18.823529411764707,,,,exposure_only_no_risk_signal
jc,2025,1,JC053,Lincoln Park,40.7246050998869,-74.07840594649315,504,0,0.0,0.0,731.9205266099078,False,insufficient_data,0.18823529411764706,0.0,0.18823529411764706,False,False,False,18.823529411764707,,,,exposure_only_no_risk_signal
jc,2020,8,3640,Journal Square,40.73367,-74.0625,621,0,0.0,0.0,594.0224563790556,False,insufficient_data,0.1875,0.0,0.1875,False,False,False,18.75,,,,exposure_only_no_risk_signal
jc,2020,6,3277,Communipaw & Berry Lane,40.71435836870427,-74.06661093235016,539,0,0.0,0.0,684.3932196871866,False,insufficient_data,0.1875,0.0,0.1875,False,False,False,18.75,,,,exposure_only_no_risk_signal
jc,2019,6,3281,Leonard Gordon Park,40.74590996631558,-74.0572714805603,473,0,0.0,0.0,779.8899480156311,False,insufficient_data,0.1875,0.0,0.1875,False,False,False,18.75,,,,exposure_only_no_risk_signal
jc,2019,4,3198,Heights Elevator,40.74871594538023,-74.04044330120087,440,0,0.0,0.0,838.3816941168035,False,insufficient_data,0.1875,0.0,0.1875,False,False,False,18.75,,,,exposure_only_no_risk_signal
jc,2020,5,3678,Fairmount Ave,40.72572613742557,-74.07195925712585,408,0,0.0,0.0,904.1371211063567,False,insufficient_data,0.1875,0.0,0.1875,False,False,False,18.75,,,,exposure_only_no_risk_signal
jc,2019,3,3281,Leonard Gordon Park,40.74590996631558,-74.0572714805603,273,0,0.0,0.0,1351.23789527983,False,insufficient_data,0.1875,0.0,0.1875,False,False,False,18.75,,,,exposure_only_no_risk_signal
jc,2019,12,3791,Hoboken Ave at Monmouth St,40.73520838045357,-74.04696375131607,248,0,0.0,0.0,1487.451392787877,False,insufficient_data,0.1875,0.0,0.1875,False,False,False,18.75,,,,exposure_only_no_risk_signal
jc,2019,1,3212,Christ Hospital,40.734785818,-74.050443636,240,0,0.0,0.0,1537.0331058808063,False,insufficient_data,0.1875,0.0,0.1875,False,False,False,18.75,,,,exposure_only_no_risk_signal
jc,2019,2,3220,5 Corners Library,40.73496102000952,-74.0595030784607,200,0,0.0,0.0,1844.4397270569675,False,insufficient_data,0.1875,0.0,0.1875,False,False,False,18.75,,,,exposure_only_no_risk_signal
jc,2020,12,3677,Glenwood Ave,40.72755146730012,-74.07106071710587,181,0,0.0,0.0,2038.0549470242738,False,insufficient_data,0.1875,0.0,0.1875,False,False,False,18.75,,,,exposure_only_no_risk_signal
jc,2020,4,3207,Oakland Ave,40.7376037,-74.0524783,156,0,0.0,0.0,2364.6663167397023,False,insufficient_data,0.1875,0.0,0.1875,False,False,False,18.75,,,,exposure_only_no_risk_signal
jc,2023,1,JC038,Essex Light Rail,40.7127765648794,-74.03648464794472,597,0,0.0,0.0,617.9027561329875,False,insufficient_data,0.1851851851851852,0.0,0.1851851851851852,False,False,False,18.51851851851852,,,,exposure_only_no_risk_signal
jc,2023,2,JC034,Christ Hospital,40.73478947510333,-74.05044079545571,542,0,0.0,0.0,680.6050653346744,False,insufficient_data,0.1851851851851852,0.0,0.1851851851851852,False,False,False,18.51851851851852,,,,exposure_only_no_risk_signal
jc,2025,12,JC118,Communipaw Ave & Pacific Ave,40.711354,-74.062446,94,0,0.0,0.0,3924.3398448020594,False,insufficient_data,0.1851851851851852,0.0,0.1851851851851852,False,False,False,18.51851851851852,,,,exposure_only_no_risk_signal
jc,2020,9,3277,Communipaw & Berry Lane,40.71435836870427,-74.06661093235016,630,0,0.0,0.0,585.5364212879263,False,insufficient_data,0.1836734693877551,0.0,0.1836734693877551,False,False,False,18.367346938775512,,,,exposure_only_no_risk_signal
jc,2019,9,3220,5 Corners Library,40.73496102000952,-74.0595030784607,590,0,0.0,0.0,625.233805782023,False,insufficient_data,0.1836734693877551,0.0,0.1836734693877551,False,False,False,18.367346938775512,,,,exposure_only_no_risk_signal
jc,2019,8,3206,Hilltop,40.7311689,-74.0575736,585,0,0.0,0.0,630.5776844639206,False,insufficient_data,0.1836734693877551,0.0,0.1836734693877551,False,False,False,18.367346938775512,,,,exposure_only_no_risk_signal
jc,2019,7,3220,5 Corners Library,40.73496102000952,-74.0595030784607,524,0,0.0,0.0,703.9846286476976,False,insufficient_data,0.1836734693877551,0.0,0.1836734693877551,False,False,False,18.367346938775512,,,,exposure_only_no_risk_signal
jc,2019,10,3220,5 Corners Library,40.73496102000952,-74.0595030784607,510,0,0.0,0.0,723.3096968850854,False,insufficient_data,0.1836734693877551,0.0,0.1836734693877551,False,False,False,18.367346938775512,,,,exposure_only_no_risk_signal
jc,2020,7,3640,Journal Square,40.73367,-74.0625,504,0,0.0,0.0,731.9205266099078,False,insufficient_data,0.1836734693877551,0.0,0.1836734693877551,False,False,False,18.367346938775512,,,,exposure_only_no_risk_signal
jc,2019,5,3268,Lafayette Park,40.71346382669195,-74.06285852193832,458,0,0.0,0.0,805.4321952213834,False,insufficient_data,0.1836734693877551,0.0,0.1836734693877551,False,False,False,18.367346938775512,,,,exposure_only_no_risk_signal
jc,2020,10,3640,Journal Square,40.73367,-74.0625,430,0,0.0,0.0,857.8789428171942,False,insufficient_data,0.1836734693877551,0.0,0.1836734693877551,False,False,False,18.367346938775512,,,,exposure_only_no_risk_signal
jc,2019,11,3196,Riverview Park,40.7443187,-74.0439909,336,0,0.0,0.0,1097.8807899148617,False,insufficient_data,0.1836734693877551,0.0,0.1836734693877551,False,False,False,18.367346938775512,,,,exposure_only_no_risk_signal
jc,2020,1,3206,Hilltop,40.7311689,-74.0575736,263,0,0.0,0.0,1402.6157620205076,False,insufficient_data,0.1836734693877551,0.0,0.1836734693877551,False,False,False,18.367346938775512,,,,exposure_only_no_risk_signal
jc,2020,11,3640,Journal Square,40.73367,-74.0625,253,0,0.0,0.0,1458.0551202031365,False,insufficient_data,0.1836734693877551,0.0,0.1836734693877551,False,False,False,18.367346938775512,,,,exposure_only_no_risk_signal
jc,2020,2,3206,Hilltop,40.7311689,-74.0575736,247,0,0.0,0.0,1493.4734632040224,False,insufficient_data,0.1836734693877551,0.0,0.1836734693877551,False,False,False,18.367346938775512,,,,exposure_only_no_risk_signal
jc,2020,3,3677,Glenwood Ave,40.72755146730012,-74.07106071710587,214,0,0.0,0.0,1723.7754458476334,False,insufficient_data,0.1836734693877551,0.0,0.1836734693877551,False,False,False,18.367346938775512,,,,exposure_only_no_risk_signal
jc,2023,7,JC093,Fairmount Ave,40.72572882417882,-74.07183173814713,1099,0,0.0,0.0,335.6578211204673,False,insufficient_data,0.18292682926829268,0.0,0.18292682926829268,False,False,False,18.29268292682927,,,,exposure_only_no_risk_signal
jc,2023,5,JC053,Lincoln Park,40.724610806276985,-74.07841122404324,988,0,0.0,0.0,373.3683658010056,False,insufficient_data,0.18292682926829268,0.0,0.18292682926829268,False,False,False,18.29268292682927,,,,exposure_only_no_risk_signal
jc,2023,6,JC093,Fairmount Ave,40.725763895854925,-74.07188934321968,960,0,0.0,0.0,384.25827647020157,False,insufficient_data,0.18292682926829268,0.0,0.18292682926829268,False,False,False,18.29268292682927,,,,exposure_only_no_risk_signal
jc,2023,4,JC095,Bergen Ave,40.72210294566652,-74.07144544242155,868,0,0.0,0.0,424.9861122251078,False,insufficient_data,0.18292682926829268,0.0,0.18292682926829268,False,False,False,18.29268292682927,,,,exposure_only_no_risk_signal
jc,2023,3,JC022,Oakland Ave,40.73759879591467,-74.05245936828534,750,0,0.0,0.0,491.850593881858,False,insufficient_data,0.18292682926829268,0.0,0.18292682926829268,False,False,False,18.29268292682927,,,,exposure_only_no_risk_signal
jc,2025,8,JC093,Fairmount Ave,40.72572613742557,-74.07195925712585,1011,0,0.0,0.0,364.8743278055327,False,insufficient_data,0.18181818181818182,0.0,0.18181818181818182,False,False,False,18.181818181818183,,,,exposure_only_no_risk_signal
jc,2025,9,JC065,Dey St,40.737711,-74.066921,827,0,0.0,0.0,446.05555672478056,False,insufficient_data,0.18085106382978725,0.0,0.18085106382978725,False,False,False,18.085106382978726,,,,exposure_only_no_risk_signal
jc,2025,10,JC065,Dey St,40.737711,-74.066921,742,0,0.0,0.0,497.15356524446565,False,insufficient_data,0.18085106382978725,0.0,0.18085106382978725,False,False,False,18.085106382978726,,,,exposure_only_no_risk_signal
jc,2025,11,JC065,Dey St,40.737711,-74.066921,505,0,0.0,0.0,730.4711790324625,False,insufficient_data,0.18085106382978725,0.0,0.18085106382978725,False,False,False,18.085106382978726,,,,exposure_only_no_risk_signal
jc,2023,8,JC034,Christ Hospital,40.734749138724936,-74.05045587096036,1127,0,0.0,0.0,327.3184963721327,False,insufficient_data,0.18072289156626506,0.0,0.18072289156626506,False,False,False,18.072289156626507,,,,exposure_only_no_risk_signal
jc,2025,4,JC038,Essex Light Rail,40.71277419999999,-74.0364857,983,0,0.0,0.0,375.26749278880317,False,insufficient_data,0.18072289156626506,0.0,0.18072289156626506,False,False,False,18.072289156626507,,,,exposure_only_no_risk_signal
jc,2023,10,JC027,Jersey & 6th St,40.72530118566106,-74.04558942052373,968,0,0.0,0.0,381.0825882349107,False,insufficient_data,0.18072289156626506,0.0,0.18072289156626506,False,False,False,18.072289156626507,,,,exposure_only_no_risk_signal
jc,2025,3,JC024,Pershing Field,40.742677141,-74.05178863299999,922,0,0.0,0.0,400.09538547873484,False,insufficient_data,0.18072289156626506,0.0,0.18072289156626506,False,False,False,18.072289156626507,,,,exposure_only_no_risk_signal
jc,2023,11,HB610,Adams St & 12 St,40.75187207832417,-74.03328470029011,741,0,0.0,0.0,497.8244877346741,False,insufficient_data,0.18072289156626506,0.0,0.18072289156626506,False,False,False,18.072289156626507,,,,exposure_only_no_risk_signal
jc,2023,12,JC038,Essex Light Rail,40.71277165677834,-74.03647247417565,594,0,0.0,0.0,621.0234771235582,False,insufficient_data,0.18072289156626506,0.0,0.18072289156626506,False,False,False,18.072289156626507,,,,exposure_only_no_risk_signal
jc,2025,2,JC057,Riverview Park,40.7443187,-74.0439909,513,0,0.0,0.0,719.0798156167516,False,insufficient_data,0.18072289156626506,0.0,0.18072289156626506,False,False,False,18.072289156626507,,,,exposure_only_no_risk_signal
jc,2025,7,JC034,Christ Hospital,40.734785818,-74.050443636,1348,0,0.0,0.0,273.65574585414953,False,insufficient_data,0.17857142857142858,0.0,0.17857142857142858,False,False,False,17.857142857142858,,,,exposure_only_no_risk_signal
jc,2025,5,JC097,York St & Marin Blvd,40.716615000830494,-74.0424120426178,1057,0,0.0,0.0,348.9952179861812,False,insufficient_data,0.17857142857142858,0.0,0.17857142857142858,False,False,False,17.857142857142858,,,,exposure_only_no_risk_signal
jc,2025,6,JC097,York St & Marin Blvd,40.716615000830494,-74.0424120426178,1074,0,0.0,0.0,343.47108511302935,False,insufficient_data,0.17647058823529413,0.0,0.17647058823529413,False,False,False,17.647058823529413,,,,exposure_only_no_risk_signal
jc,2023,9,JC094,Glenwood Ave,40.727608743508,-74.07099015214384,846,0,0.0,0.0,436.03776053356216,False,insufficient_data,0.17647058823529413,0.0,0.17647058823529413,False,False,False,17.647058823529413,,,,exposure_only_no_risk_signal
jc,2025,1,JC075,Monmouth & 6th,40.72568548362901,-74.04879033565521,479,0,0.0,0.0,770.1209716313017,False,insufficient_data,0.17647058823529413,0.0,0.17647058823529413,False,False,False,17.647058823529413,,,,exposure_only_no_risk_signal
jc,2023,1,JC080,Leonard Gordon Park,40.745882863941176,-74.05725237953925,593,0,0.0,0.0,622.0707342519283,False,insufficient_data,0.1728395061728395,0.0,0.1728395061728395,False,False,False,17.28395061728395,,,,exposure_only_no_risk_signal
jc,2023,2,JC080,Leonard Gordon Park,40.745904266968594,-74.0572482502285,539,0,0.0,0.0,684.3932196871866,False,insufficient_data,0.1728395061728395,0.0,0.1728395061728395,False,False,False,17.28395061728395,,,,exposure_only_no_risk_signal
jc,2025,12,JC063,Jackson Square,40.71113,-74.0789,91,0,0.0,0.0,4053.7136858394892,False,insufficient_data,0.1712962962962963,0.0,0.1712962962962963,False,False,False,17.12962962962963,,,,exposure_only_no_risk_signal
jc,2025,12,JC131,West Side Ave & Stegman Pkwy,40.71087,-74.09368,91,0,0.0,0.0,4053.7136858394892,False,insufficient_data,0.1712962962962963,0.0,0.1712962962962963,False,False,False,17.12962962962963,,,,exposure_only_no_risk_signal
jc,2023,7,JC034,Christ Hospital,40.7347611428663,-74.05040247159644,1087,0,0.0,0.0,339.3633352450722,False,insufficient_data,0.17073170731707318,0.0,0.17073170731707318,False,False,False,17.073170731707318,,,,exposure_only_no_risk_signal
jc,2023,5,JC093,Fairmount Ave,40.72573176970394,-74.07196319136345,945,0,0.0,0.0,390.35761419195086,False,insufficient_data,0.17073170731707318,0.0,0.17073170731707318,False,False,False,17.073170731707318,,,,exposure_only_no_risk_signal
jc,2023,6,JC095,Bergen Ave,40.72210945352267,-74.07144104196601,935,0,0.0,0.0,394.5325619373193,False,insufficient_data,0.17073170731707318,0.0,0.17073170731707318,False,False,False,17.073170731707318,,,,exposure_only_no_risk_signal
jc,2023,4,JC093,Fairmount Ave,40.72573337397012,-74.0719643595786,825,0,0.0,0.0,447.13690352896185,False,insufficient_data,0.17073170731707318,0.0,0.17073170731707318,False,False,False,17.073170731707318,,,,exposure_only_no_risk_signal
jc,2023,3,JC034,Christ Hospital,40.734789293744925,-74.05044633326666,690,0,0.0,0.0,534.62021074115,False,insufficient_data,0.17073170731707318,0.0,0.17073170731707318,False,False,False,17.073170731707318,,,,exposure_only_no_risk_signal
jc,2025,8,JC059,Heights Elevator,40.74871594538023,-74.04044330120087,965,0,0.0,0.0,382.26730094444923,False,insufficient_data,0.17045454545454544,0.0,0.17045454545454544,False,False,False,17.045454545454543,,,,exposure_only_no_risk_signal
jc,2025,9,JC094,Glenwood Ave,40.72755146730012,-74.07106071710587,775,0,0.0,0.0,475.9844456921207,False,insufficient_data,0.1702127659574468,0.0,0.1702127659574468,False,False,False,17.02127659574468,,,,exposure_only_no_risk_signal
jc,2025,10,JC094,Glenwood Ave,40.72755146730012,-74.07106071710587,588,0,0.0,0.0,627.360451379921,False,insufficient_data,0.1702127659574468,0.0,0.1702127659574468,False,False,False,17.02127659574468,,,,exposure_only_no_risk_signal
jc,2025,11,JC094,Glenwood Ave,40.72755146730012,-74.07106071710587,498,0,0.0,0.0,740.7388462076175,False,insufficient_data,0.1702127659574468,0.0,0.1702127659574468,False,False,False,17.02127659574468,,,,exposure_only_no_risk_signal
jc,2023,8,JC053,Lincoln Park,40.72461415759823,-74.07832687304195,1126,0,0.0,0.0,327.60918775434595,False,insufficient_data,0.1686746987951807,0.0,0.1686746987951807,False,False,False,16.867469879518072,,,,exposure_only_no_risk_signal
jc,2025,4,JC095,Bergen Ave,40.722103786686034,-74.07145500183105,933,0,0.0,0.0,395.3782909018152,False,insufficient_data,0.1686746987951807,0.0,0.1686746987951807,False,False,False,16.867469879518072,,,,exposure_only_no_risk_signal
jc,2025,3,JC095,Bergen Ave,40.722103786686034,-74.07145500183105,849,0,0.0,0.0,434.49699106171204,False,insufficient_data,0.1686746987951807,0.0,0.1686746987951807,False,False,False,16.867469879518072,,,,exposure_only_no_risk_signal
jc,2023,10,JC080,Leonard Gordon Park,40.74574191805546,-74.05719931129941,837,0,0.0,0.0,440.72633860381546,False,insufficient_data,0.1686746987951807,0.0,0.1686746987951807,False,False,False,16.867469879518072,,,,exposure_only_no_risk_signal
jc,2023,11,JC034,Christ Hospital,40.73478733360302,-74.05045218682692,728,0,0.0,0.0,506.71421072993616,False,insufficient_data,0.1686746987951807,0.0,0.1686746987951807,False,False,False,16.867469879518072,,,,exposure_only_no_risk_signal
jc,2023,12,JC080,Leonard Gordon Park,40.74589558303417,-74.05724435931256,577,0,0.0,0.0,639.3205293091743,False,insufficient_data,0.1686746987951807,0.0,0.1686746987951807,False,False,False,16.867469879518072,,,,exposure_only_no_risk_signal
jc,2025,2,JC093,Fairmount Ave,40.72572613742557,-74.07195925712585,505,0,0.0,0.0,730.4711790324625,False,insufficient_data,0.1686746987951807,0.0,0.1686746987951807,False,False,False,16.867469879518072,,,,exposure_only_no_risk_signal
jc,2025,7,JC097,York St & Marin Blvd,40.716615000830494,-74.0424120426178,1240,0,0.0,0.0,297.49027855757544,False,insufficient_data,0.16666666666666663,0.0,0.16666666666666663,False,False,False,16.666666666666664,,,,exposure_only_no_risk_signal
jc,2025,5,JC095,Bergen Ave,40.722103786686034,-74.07145500183105,1055,0,0.0,0.0,349.6568202951598,False,insufficient_data,0.16666666666666663,0.0,0.16666666666666663,False,False,False,16.666666666666664,,,,exposure_only_no_risk_signal
jc,2020,8,3678,Fairmount Ave,40.72572613742557,-74.07195925712585,586,0,0.0,0.0,629.501613330023,False,insufficient_data,0.16666666666666663,0.0,0.16666666666666663,False,False,False,16.666666666666664,,,,exposure_only_no_risk_signal
jc,2020,6,3196,Riverview Park,40.7443187,-74.0439909,533,0,0.0,0.0,692.0974585579615,False,insufficient_data,0.16666666666666663,0.0,0.16666666666666663,False,False,False,16.666666666666664,,,,exposure_only_no_risk_signal
jc,2019,6,3212,Christ Hospital,40.734785818,-74.050443636,463,0,0.0,0.0,796.734223350742,False,insufficient_data,0.16666666666666663,0.0,0.16666666666666663,False,False,False,16.666666666666664,,,,exposure_only_no_risk_signal
jc,2019,4,3678,Fairmount Ave,40.72572613742557,-74.07195925712585,437,0,0.0,0.0,844.1371748544474,False,insufficient_data,0.16666666666666663,0.0,0.16666666666666663,False,False,False,16.666666666666664,,,,exposure_only_no_risk_signal
jc,2020,5,3196,Riverview Park,40.7443187,-74.0439909,324,0,0.0,0.0,1138.54304139319,False,insufficient_data,0.16666666666666663,0.0,0.16666666666666663,False,False,False,16.666666666666664,,,,exposure_only_no_risk_signal
jc,2019,3,3212,Christ Hospital,40.734785818,-74.050443636,266,0,0.0,0.0,1386.7967872608779,False,insufficient_data,0.16666666666666663,0.0,0.16666666666666663,False,False,False,16.666666666666664,,,,exposure_only_no_risk_signal
jc,2019,1,3268,Lafayette Park,40.71346382669195,-74.06285852193832,207,0,0.0,0.0,1782.0673691371667,False,insufficient_data,0.16666666666666663,0.0,0.16666666666666663,False,False,False,16.666666666666664,,,,exposure_only_no_risk_signal
jc,2019,12,3212,Christ Hospital,40.734785818,-74.050443636,201,0,0.0,0.0,1835.263410006933,False,insufficient_data,0.16666666666666663,0.0,0.16666666666666663,False,False,False,16.666666666666664,,,,exposure_only_no_risk_signal
jc,2019,2,3268,Lafayette Park,40.71346382669195,-74.06285852193832,194,0,0.0,0.0,1901.484254697905,False,insufficient_data,0.16666666666666663,0.0,0.16666666666666663,False,False,False,16.666666666666664,,,,exposure_only_no_risk_signal
jc,2020,12,3277,Communipaw & Berry Lane,40.71435836870427,-74.06661093235016,158,0,0.0,0.0,2334.7338317176805,False,insufficient_data,0.16666666666666663,0.0,0.16666666666666663,False,False,False,16.666666666666664,,,,exposure_only_no_risk_signal
jc,2020,4,3677,Glenwood Ave,40.72755146730012,-74.07106071710587,155,0,0.0,0.0,2379.9222284606035,False,insufficient_data,0.16666666666666663,0.0,0.16666666666666663,False,False,False,16.666666666666664,,,,exposure_only_no_risk_signal
jc,2025,6,JC095,Bergen Ave,40.722103786686034,-74.07145500183105,1054,0,0.0,0.0,349.98856300891225,False,insufficient_data,0.16470588235294115,0.0,0.16470588235294115,False,False,False,16.470588235294116,,,,exposure_only_no_risk_signal
jc,2023,9,JC034,Christ Hospital,40.734785065049856,-74.05038393648853,829,0,0.0,0.0,444.97942751675936,False,insufficient_data,0.16470588235294115,0.0,0.16470588235294115,False,False,False,16.470588235294116,,,,exposure_only_no_risk_signal
jc,2025,1,HB508,Monroe St & 11 St,40.7501091128573,-74.036636745998,474,0,0.0,0.0,778.2446105725602,False,insufficient_data,0.16470588235294115,0.0,0.16470588235294115,False,False,False,16.470588235294116,,,,exposure_only_no_risk_signal
jc,2019,9,3277,Communipaw & Berry Lane,40.71435836870427,-74.06661093235016,568,0,0.0,0.0,649.4506081186506,False,insufficient_data,0.163265306122449,0.0,0.163265306122449,False,False,False,16.3265306122449,,,,exposure_only_no_risk_signal
jc,2019,8,3277,Communipaw & Berry Lane,40.71435836870427,-74.06661093235016,567,0,0.0,0.0,650.5960236532513,False,insufficient_data,0.163265306122449,0.0,0.163265306122449,False,False,False,16.3265306122449,,,,exposure_only_no_risk_signal
jc,2019,7,3281,Leonard Gordon Park,40.74590996631558,-74.0572714805603,521,0,0.0,0.0,708.038282939335,False,insufficient_data,0.163265306122449,0.0,0.163265306122449,False,False,False,16.3265306122449,,,,exposure_only_no_risk_signal
jc,2020,9,3677,Glenwood Ave,40.72755146730012,-74.07106071710587,503,0,0.0,0.0,733.3756370007824,False,insufficient_data,0.163265306122449,0.0,0.163265306122449,False,False,False,16.3265306122449,,,,exposure_only_no_risk_signal
jc,2020,7,3207,Oakland Ave,40.7376037,-74.0524783,497,0,0.0,0.0,742.229266421315,False,insufficient_data,0.163265306122449,0.0,0.163265306122449,False,False,False,16.3265306122449,,,,exposure_only_no_risk_signal
jc,2019,10,3206,Hilltop,40.7311689,-74.0575736,459,0,0.0,0.0,803.6774409834281,False,insufficient_data,0.163265306122449,0.0,0.163265306122449,False,False,False,16.3265306122449,,,,exposure_only_no_risk_signal
jc,2019,5,3220,5 Corners Library,40.73496102000953,-74.0595030784607,429,0,0.0,0.0,859.8786606326189,False,insufficient_data,0.163265306122449,0.0,0.163265306122449,False,False,False,16.3265306122449,,,,exposure_only_no_risk_signal
jc,2020,10,3220,5 Corners Library,40.73496102000952,-74.0595030784607,344,0,0.0,0.0,1072.348678521493,False,insufficient_data,0.163265306122449,0.0,0.163265306122449,False,False,False,16.3265306122449,,,,exposure_only_no_risk_signal
jc,2019,11,3198,Heights Elevator,40.74871594538023,-74.04044330120087,316,0,0.0,0.0,1167.3669158588402,False,insufficient_data,0.163265306122449,0.0,0.163265306122449,False,False,False,16.3265306122449,,,,exposure_only_no_risk_signal
jc,2020,1,3198,Heights Elevator,40.74871594538023,-74.04044330120087,247,0,0.0,0.0,1493.4734632040224,False,insufficient_data,0.163265306122449,0.0,0.163265306122449,False,False,False,16.3265306122449,,,,exposure_only_no_risk_signal
jc,2020,2,3201,Dey St,40.737711,-74.066921,246,0,0.0,0.0,1499.5444935422502,False,insufficient_data,0.163265306122449,0.0,0.163265306122449,False,False,False,16.3265306122449,,,,exposure_only_no_risk_signal
jc,2020,11,3677,Glenwood Ave,40.72755146730012,-74.07106071710587,229,0,0.0,0.0,1610.8643904427668,False,insufficient_data,0.163265306122449,0.0,0.163265306122449,False,False,False,16.3265306122449,,,,exposure_only_no_risk_signal
jc,2020,3,3198,Heights Elevator,40.74871594538023,-74.04044330120087,187,0,0.0,0.0,1972.6628096865966,False,insufficient_data,0.163265306122449,0.0,0.163265306122449,False,False,False,16.3265306122449,,,,exposure_only_no_risk_signal
jc,2023,1,JC034,Christ Hospital,40.73478956826344,-74.05045105664158,558,0,0.0,0.0,661.0895079057232,False,insufficient_data,0.16049382716049382,0.0,0.16049382716049382,False,False,False,16.049382716049383,,,,exposure_only_no_risk_signal
jc,2023,2,JC077,Astor Place,40.71927923894451,-74.07126725147218,445,0,0.0,0.0,828.9616750817833,False,insufficient_data,0.16049382716049382,0.0,0.16049382716049382,False,False,False,16.049382716049383,,,,exposure_only_no_risk_signal
jc,2025,9,JC018,5 Corners Library,40.73496102000952,-74.0595030784607,733,0,0.0,0.0,503.2577700019011,False,insufficient_data,0.1595744680851064,0.0,0.1595744680851064,False,False,False,15.957446808510639,,,,exposure_only_no_risk_signal
jc,2025,10,JC080,Leonard Gordon Park,40.74590996631558,-74.0572714805603,587,0,0.0,0.0,628.4292085372973,False,insufficient_data,0.1595744680851064,0.0,0.1595744680851064,False,False,False,15.957446808510639,,,,exposure_only_no_risk_signal
jc,2025,11,JC080,Leonard Gordon Park,40.74590996631558,-74.0572714805603,394,0,0.0,0.0,936.2638208411004,False,insufficient_data,0.1595744680851064,0.0,0.1595744680851064,False,False,False,15.957446808510639,,,,exposure_only_no_risk_signal
jc,2025,8,HB506,Grand St & 14 St,40.75409,-74.0316,963,0,0.0,0.0,383.06121018836296,False,insufficient_data,0.1590909090909091,0.0,0.1590909090909091,False,False,False,15.909090909090908,,,,exposure_only_no_risk_signal
jc,2023,7,JC080,Leonard Gordon Park,40.745871023634,-74.05721518258444,1059,0,0.0,0.0,348.33611464720826,False,insufficient_data,0.15853658536585366,0.0,0.15853658536585366,False,False,False,15.853658536585366,,,,exposure_only_no_risk_signal
jc,2023,5,JC095,Bergen Ave,40.72210279759597,-74.07144959067611,936,0,0.0,0.0,394.1110527899504,False,insufficient_data,0.15853658536585366,0.0,0.15853658536585366,False,False,False,15.853658536585366,,,,exposure_only_no_risk_signal
jc,2023,6,JC097,York St & Marin Blvd,40.716657680812986,-74.04242125605921,917,0,0.0,0.0,402.2769306558272,False,insufficient_data,0.15853658536585366,0.0,0.15853658536585366,False,False,False,15.853658536585366,,,,exposure_only_no_risk_signal
jc,2023,4,JC080,Leonard Gordon Park,40.74584939863318,-74.05728231676154,806,0,0.0,0.0,457.6773516270391,False,insufficient_data,0.15853658536585366,0.0,0.15853658536585366,False,False,False,15.853658536585366,,,,exposure_only_no_risk_signal
jc,2023,3,JC038,Essex Light Rail,40.712772974717126,-74.03647873795413,654,0,0.0,0.0,564.0488461947913,False,insufficient_data,0.15853658536585366,0.0,0.15853658536585366,False,False,False,15.853658536585366,,,,exposure_only_no_risk_signal
jc,2025,12,JC139,Danforth Light Rail,40.69277,-74.0878,67,0,0.0,0.0,5505.790230020799,False,insufficient_data,0.1574074074074074,0.0,0.1574074074074074,False,False,False,15.74074074074074,,,,exposure_only_no_risk_signal
jc,2023,8,JC084,Communipaw & Berry Lane,40.7144584217216,-74.06646000918643,1086,0,0.0,0.0,339.6758245040456,False,insufficient_data,0.1566265060240964,0.0,0.1566265060240964,False,False,False,15.66265060240964,,,,exposure_only_no_risk_signal
jc,2025,4,JC097,York St & Marin Blvd,40.716615000830494,-74.0424120426178,841,0,0.0,0.0,438.63013723114574,False,insufficient_data,0.1566265060240964,0.0,0.1566265060240964,False,False,False,15.66265060240964,,,,exposure_only_no_risk_signal
jc,2023,10,JC077,Astor Place,40.71927574487347,-74.0711943499538,814,0,0.0,0.0,453.1792941171911,False,insufficient_data,0.1566265060240964,0.0,0.1566265060240964,False,False,False,15.66265060240964,,,,exposure_only_no_risk_signal
jc,2025,3,JC097,York St & Marin Blvd,40.716615000830494,-74.0424120426178,782,0,0.0,0.0,471.7237153598383,False,insufficient_data,0.1566265060240964,0.0,0.1566265060240964,False,False,False,15.66265060240964,,,,exposure_only_no_risk_signal
jc,2023,11,JC080,Leonard Gordon Park,40.74588864093821,-74.05724122792019,611,0,0.0,0.0,603.7445915080091,False,insufficient_data,0.1566265060240964,0.0,0.1566265060240964,False,False,False,15.66265060240964,,,,exposure_only_no_risk_signal
jc,2023,12,JC019,Hilltop,40.73116634595409,-74.05750399584734,559,0,0.0,0.0,659.9068790901495,False,insufficient_data,0.1566265060240964,0.0,0.1566265060240964,False,False,False,15.66265060240964,,,,exposure_only_no_risk_signal
jc,2025,2,JC065,Dey St,40.737711,-74.066921,497,0,0.0,0.0,742.229266421315,False,insufficient_data,0.1566265060240964,0.0,0.1566265060240964,False,False,False,15.66265060240964,,,,exposure_only_no_risk_signal
jc,2025,7,JC084,Communipaw & Berry Lane,40.71435836870427,-74.06661093235016,1081,0,0.0,0.0,341.24694302626597,False,insufficient_data,0.15476190476190477,0.0,0.15476190476190477,False,False,False,15.476190476190476,,,,exposure_only_no_risk_signal
jc,2025,5,JC084,Communipaw & Berry Lane,40.71435836870427,-74.06661093235016,908,0,0.0,0.0,406.2642570610061,False,insufficient_data,0.15476190476190477,0.0,0.15476190476190477,False,False,False,15.476190476190476,,,,exposure_only_no_risk_signal
jc,2025,6,JC084,Communipaw & Berry Lane,40.71435836870427,-74.06661093235016,940,0,0.0,0.0,392.4339844802059,False,insufficient_data,0.15294117647058825,0.0,0.15294117647058825,False,False,False,15.294117647058824,,,,exposure_only_no_risk_signal
jc,2023,9,JC059,Heights Elevator,40.7486664246075,-74.04046146267869,806,0,0.0,0.0,457.6773516270391,False,insufficient_data,0.15294117647058825,0.0,0.15294117647058825,False,False,False,15.294117647058824,,,,exposure_only_no_risk_signal
jc,2025,1,JC077,Astor Place,40.71928220070702,-74.07126188278198,443,0,0.0,0.0,832.7041657142066,False,insufficient_data,0.15294117647058825,0.0,0.15294117647058825,False,False,False,15.294117647058824,,,,exposure_only_no_risk_signal
jc,2025,9,JC080,Leonard Gordon Park,40.74590996631558,-74.0572714805603,686,0,0.0,0.0,537.7375297542179,False,insufficient_data,0.14893617021276595,0.0,0.14893617021276595,False,False,False,14.893617021276595,,,,exposure_only_no_risk_signal
jc,2025,10,JC018,5 Corners Library,40.73496102000952,-74.0595030784607,583,0,0.0,0.0,632.740901220229,False,insufficient_data,0.14893617021276595,0.0,0.14893617021276595,False,False,False,14.893617021276595,,,,exposure_only_no_risk_signal
jc,2025,11,JC018,5 Corners Library,40.73496102000952,-74.0595030784607,376,0,0.0,0.0,981.0849612005148,False,insufficient_data,0.14893617021276595,0.0,0.14893617021276595,False,False,False,14.893617021276595,,,,exposure_only_no_risk_signal
jc,2023,1,JC094,Glenwood Ave,40.72756856013042,-74.07106506189473,520,0,0.0,0.0,709.3998950219107,False,insufficient_data,0.14814814814814814,0.0,0.14814814814814814,False,False,False,14.814814814814813,,,,exposure_only_no_risk_signal
jc,2023,2,JC094,Glenwood Ave,40.72758403696555,-74.0710483916791,440,0,0.0,0.0,838.3816941168035,False,insufficient_data,0.14814814814814814,0.0,0.14814814814814814,False,False,False,14.814814814814813,,,,exposure_only_no_risk_signal
jc,2025,12,JC119,Garfield Light Rail,40.710526,-74.070112,62,0,0.0,0.0,5949.805571151508,False,insufficient_data,0.14814814814814814,0.0,0.14814814814814814,False,False,False,14.814814814814813,,,,exposure_only_no_risk_signal
jc,2025,8,JC077,Astor Place,40.71928220070702,-74.07126188278198,866,0,0.0,0.0,425.9676044011473,False,insufficient_data,0.14772727272727273,0.0,0.14772727272727273,False,False,False,14.772727272727273,,,,exposure_only_no_risk_signal
jc,2023,7,JC084,Communipaw & Berry Lane,40.714384979397295,-74.06658441821011,1035,0,0.0,0.0,356.4134738274334,False,insufficient_data,0.14634146341463414,0.0,0.14634146341463414,False,False,False,14.634146341463413,,,,exposure_only_no_risk_signal
jc,2023,5,JC059,Heights Elevator,40.748726405976775,-74.04045524298637,905,0,0.0,0.0,407.61098940485476,False,insufficient_data,0.14634146341463414,0.0,0.14634146341463414,False,False,False,14.634146341463413,,,,exposure_only_no_risk_signal
jc,2023,6,JC084,Communipaw & Berry Lane,40.71436484486581,-74.06662904860838,885,0,0.0,0.0,416.8225371880153,False,insufficient_data,0.14634146341463414,0.0,0.14634146341463414,False,False,False,14.634146341463413,,,,exposure_only_no_risk_signal
jc,2023,4,JC053,Lincoln Park,40.7246106071499,-74.07841210735569,747,0,0.0,0.0,493.825897471745,False,insufficient_data,0.14634146341463414,0.0,0.14634146341463414,False,False,False,14.634146341463413,,,,exposure_only_no_risk_signal
jc,2023,3,JC077,Astor Place,40.71929991751947,-74.07125741285823,542,0,0.0,0.0,680.6050653346744,False,insufficient_data,0.14634146341463414,0.0,0.14634146341463414,False,False,False,14.634146341463413,,,,exposure_only_no_risk_signal
jc,2020,8,3196,Riverview Park,40.7443187,-74.0439909,527,0,0.0,0.0,699.9771260178245,False,insufficient_data,0.14583333333333334,0.0,0.14583333333333334,False,False,False,14.583333333333334,,,,exposure_only_no_risk_signal
jc,2019,6,3196,Riverview Park,40.7443187,-74.0439909,460,0,0.0,0.0,801.930316111725,False,insufficient_data,0.14583333333333334,0.0,0.14583333333333334,False,False,False,14.583333333333334,,,,exposure_only_no_risk_signal
jc,2020,6,3677,Glenwood Ave,40.72755146730012,-74.07106071710587,457,0,0.0,0.0,807.1946289089574,False,insufficient_data,0.14583333333333334,0.0,0.14583333333333334,False,False,False,14.583333333333334,,,,exposure_only_no_risk_signal
jc,2019,4,3268,Lafayette Park,40.71346382669195,-74.06285852193832,418,0,0.0,0.0,882.5070464387404,False,insufficient_data,0.14583333333333334,0.0,0.14583333333333334,False,False,False,14.583333333333334,,,,exposure_only_no_risk_signal
jc,2020,5,3640,Journal Square,40.73367,-74.0625,265,0,0.0,0.0,1392.029982684504,False,insufficient_data,0.14583333333333334,0.0,0.14583333333333334,False,False,False,14.583333333333334,,,,exposure_only_no_risk_signal
jc,2019,3,3268,Lafayette Park,40.71346382669195,-74.06285852193832,254,0,0.0,0.0,1452.3147457141476,False,insufficient_data,0.14583333333333334,0.0,0.14583333333333334,False,False,False,14.583333333333334,,,,exposure_only_no_risk_signal
jc,2019,1,3198,Heights Elevator,40.74871594538023,-74.04044330120087,204,0,0.0,0.0,1808.2742422127135,False,insufficient_data,0.14583333333333334,0.0,0.14583333333333334,False,False,False,14.583333333333334,,,,exposure_only_no_risk_signal
jc,2019,2,3198,Heights Elevator,40.74871594538023,-74.04044330120087,193,0,0.0,0.0,1911.3365047222462,False,insufficient_data,0.14583333333333334,0.0,0.14583333333333334,False,False,False,14.583333333333334,,,,exposure_only_no_risk_signal
jc,2019,12,3206,Hilltop,40.7311689,-74.0575736,178,0,0.0,0.0,2072.4041877044583,False,insufficient_data,0.14583333333333334,0.0,0.14583333333333334,False,False,False,14.583333333333334,,,,exposure_only_no_risk_signal
jc,2020,12,3198,Heights Elevator,40.74871594538023,-74.04044330120087,151,0,0.0,0.0,2442.9665259032686,False,insufficient_data,0.14583333333333334,0.0,0.14583333333333334,False,False,False,14.583333333333334,,,,exposure_only_no_risk_signal
jc,2020,4,3640,Journal Square,40.73367,-74.0625,133,0,0.0,0.0,2773.5935745217557,False,insufficient_data,0.14583333333333334,0.0,0.14583333333333334,False,False,False,14.583333333333334,,,,exposure_only_no_risk_signal
jc,2023,8,JC080,Leonard Gordon Park,40.74583188552592,-74.05721305809546,1013,0,0.0,0.0,364.1539441376047,False,insufficient_data,0.14457831325301204,0.0,0.14457831325301204,False,False,False,14.457831325301203,,,,exposure_only_no_risk_signal
jc,2023,10,HB610,Adams St & 12 St,40.75183151781107,-74.033320667698,812,0,0.0,0.0,454.2954992751152,False,insufficient_data,0.14457831325301204,0.0,0.14457831325301204,False,False,False,14.457831325301203,,,,exposure_only_no_risk_signal
jc,2025,4,JC084,Communipaw & Berry Lane,40.71435836870427,-74.06661093235016,802,0,0.0,0.0,459.9600316850293,False,insufficient_data,0.14457831325301204,0.0,0.14457831325301204,False,False,False,14.457831325301203,,,,exposure_only_no_risk_signal
jc,2025,3,JC065,Dey St,40.737711,-74.066921,675,0,0.0,0.0,546.5006598687312,False,insufficient_data,0.14457831325301204,0.0,0.14457831325301204,False,False,False,14.457831325301203,,,,exposure_only_no_risk_signal
jc,2023,11,JC077,Astor Place,40.71927879734495,-74.07127711733686,605,0,0.0,0.0,609.7321411758571,False,insufficient_data,0.14457831325301204,0.0,0.14457831325301204,False,False,False,14.457831325301203,,,,exposure_only_no_risk_signal
jc,2023,12,JC084,Communipaw & Berry Lane,40.71437328320632,-74.06664281564937,506,0,0.0,0.0,729.0275601015683,False,insufficient_data,0.14457831325301204,0.0,0.14457831325301204,False,False,False,14.457831325301203,,,,exposure_only_no_risk_signal
jc,2025,2,JC094,Glenwood Ave,40.72755146730012,-74.07106071710587,472,0,0.0,0.0,781.5422572275287,False,insufficient_data,0.14457831325301204,0.0,0.14457831325301204,False,False,False,14.457831325301203,,,,exposure_only_no_risk_signal
jc,2025,7,JC093,Fairmount Ave,40.72572613742557,-74.07195925712585,1022,0,0.0,0.0,360.9471090131052,False,insufficient_data,0.14285714285714285,0.0,0.14285714285714285,False,False,False,14.285714285714285,,,,exposure_only_no_risk_signal
jc,2025,5,JC093,Fairmount Ave,40.72572613742557,-74.07195925712585,792,0,0.0,0.0,465.76760784266855,False,insufficient_data,0.14285714285714285,0.0,0.14285714285714285,False,False,False,14.285714285714285,,,,exposure_only_no_risk_signal
jc,2019,8,3220,5 Corners Library,40.73496102000952,-74.0595030784607,539,0,0.0,0.0,684.3932196871866,False,insufficient_data,0.14285714285714285,0.0,0.14285714285714285,False,False,False,14.285714285714285,,,,exposure_only_no_risk_signal
jc,2019,7,3277,Communipaw & Berry Lane,40.71435836870427,-74.06661093235016,520,0,0.0,0.0,709.3998950219107,False,insufficient_data,0.14285714285714285,0.0,0.14285714285714285,False,False,False,14.285714285714285,,,,exposure_only_no_risk_signal
jc,2019,9,3206,Hilltop,40.7311689,-74.0575736,494,0,0.0,0.0,746.7367316020112,False,insufficient_data,0.14285714285714285,0.0,0.14285714285714285,False,False,False,14.285714285714285,,,,exposure_only_no_risk_signal
jc,2020,9,3207,Oakland Ave,40.7376037,-74.0524783,483,0,0.0,0.0,763.7431582016429,False,insufficient_data,0.14285714285714285,0.0,0.14285714285714285,False,False,False,14.285714285714285,,,,exposure_only_no_risk_signal
jc,2019,10,3212,Christ Hospital,40.734785818,-74.050443636,428,0,0.0,0.0,861.8877229238167,False,insufficient_data,0.14285714285714285,0.0,0.14285714285714285,False,False,False,14.285714285714285,,,,exposure_only_no_risk_signal
jc,2019,5,3212,Christ Hospital,40.734785818,-74.050443636,407,0,0.0,0.0,906.3585882343822,False,insufficient_data,0.14285714285714285,0.0,0.14285714285714285,False,False,False,14.285714285714285,,,,exposure_only_no_risk_signal
jc,2020,7,3196,Riverview Park,40.7443187,-74.0439909,397,0,0.0,0.0,929.1887793737873,False,insufficient_data,0.14285714285714285,0.0,0.14285714285714285,False,False,False,14.285714285714285,,,,exposure_only_no_risk_signal
jc,2020,10,3196,Riverview Park,40.7443187,-74.0439909,331,0,0.0,0.0,1114.4650918773218,False,insufficient_data,0.14285714285714285,0.0,0.14285714285714285,False,False,False,14.285714285714285,,,,exposure_only_no_risk_signal
jc,2019,11,3212,Christ Hospital,40.734785818,-74.050443636,306,0,0.0,0.0,1205.5161614751423,False,insufficient_data,0.14285714285714285,0.0,0.14285714285714285,False,False,False,14.285714285714285,,,,exposure_only_no_risk_signal
jc,2020,2,3677,Glenwood Ave,40.72755146730012,-74.07106071710587,232,0,0.0,0.0,1590.0342474629033,False,insufficient_data,0.14285714285714285,0.0,0.14285714285714285,False,False,False,14.285714285714285,,,,exposure_only_no_risk_signal
jc,2020,1,3220,5 Corners Library,40.73496102000952,-74.0595030784607,227,0,0.0,0.0,1625.0570282440244,False,insufficient_data,0.14285714285714285,0.0,0.14285714285714285,False,False,False,14.285714285714285,,,,exposure_only_no_risk_signal
jc,2020,11,3207,Oakland Ave,40.7376037,-74.0524783,200,0,0.0,0.0,1844.4397270569675,False,insufficient_data,0.14285714285714285,0.0,0.14285714285714285,False,False,False,14.285714285714285,,,,exposure_only_no_risk_signal
jc,2020,3,3212,Christ Hospital,40.734785818,-74.050443636,186,0,0.0,0.0,1983.2685237171695,False,insufficient_data,0.14285714285714285,0.0,0.14285714285714285,False,False,False,14.285714285714285,,,,exposure_only_no_risk_signal
jc,2025,6,JC059,Heights Elevator,40.74871594538023,-74.04044330120087,921,0,0.0,0.0,400.52979957806025,False,insufficient_data,0.1411764705882353,0.0,0.1411764705882353,False,False,False,14.117647058823529,,,,exposure_only_no_risk_signal
jc,2023,9,JC053,Lincoln Park,40.72463164518337,-74.07840356692736,793,0,0.0,0.0,465.1802590307611,False,insufficient_data,0.1411764705882353,0.0,0.1411764705882353,False,False,False,14.117647058823529,,,,exposure_only_no_risk_signal
jc,2025,1,JC065,Dey St,40.737711,-74.066921,433,0,0.0,0.0,851.9352088022946,False,insufficient_data,0.1411764705882353,0.0,0.1411764705882353,False,False,False,14.117647058823529,,,,exposure_only_no_risk_signal
jc,2025,12,JC135,Danforth Ave & Sullivan Dr,40.70436,-74.09811,57,0,0.0,0.0,6471.718340550764,False,insufficient_data,0.1388888888888889,0.0,0.1388888888888889,False,False,False,13.88888888888889,,,,exposure_only_no_risk_signal
jc,2025,9,JC051,Union St,40.7182113,-74.0836394,533,0,0.0,0.0,692.0974585579615,False,insufficient_data,0.13829787234042554,0.0,0.13829787234042554,False,False,False,13.829787234042554,,,,exposure_only_no_risk_signal
jc,2025,10,JC123,Carteret Ave & Arlington Ave,40.709142,-74.074553,326,0,0.0,0.0,1131.558114758876,False,insufficient_data,0.13829787234042554,0.0,0.13829787234042554,False,False,False,13.829787234042554,,,,exposure_only_no_risk_signal
jc,2025,11,JC120,Arlington Ave & Bramhall Ave,40.713225,-74.070645,305,0,0.0,0.0,1209.4686734799786,False,insufficient_data,0.13829787234042554,0.0,0.13829787234042554,False,False,False,13.829787234042554,,,,exposure_only_no_risk_signal
jc,2025,8,JC065,Dey St,40.737711,-74.066921,825,0,0.0,0.0,447.13690352896185,False,insufficient_data,0.13636363636363635,0.0,0.13636363636363635,False,False,False,13.636363636363635,,,,exposure_only_no_risk_signal
jc,2023,1,JC077,Astor Place,40.71927330080875,-74.07127161735006,511,0,0.0,0.0,721.8942180262104,False,insufficient_data,0.13580246913580246,0.0,0.13580246913580246,False,False,False,13.580246913580247,,,,exposure_only_no_risk_signal
jc,2023,2,JC084,Communipaw & Berry Lane,40.71436665835513,-74.06662718540572,420,0,0.0,0.0,878.3046319318894,False,insufficient_data,0.13580246913580246,0.0,0.13580246913580246,False,False,False,13.580246913580247,,,,exposure_only_no_risk_signal
jc,2023,7,JC059,Heights Elevator,40.748625597144525,-74.0404589048565,982,0,0.0,0.0,375.64963891180605,False,insufficient_data,0.13414634146341464,0.0,0.13414634146341464,False,False,False,13.414634146341465,,,,exposure_only_no_risk_signal
jc,2023,6,JC080,Leonard Gordon Park,40.74586018273017,-74.05719787523323,881,0,0.0,0.0,418.71503451917545,False,insufficient_data,0.13414634146341464,0.0,0.13414634146341464,False,False,False,13.414634146341465,,,,exposure_only_no_risk_signal
jc,2023,5,JC034,Christ Hospital,40.73478660048041,-74.05044386281222,868,0,0.0,0.0,424.9861122251078,False,insufficient_data,0.13414634146341464,0.0,0.13414634146341464,False,False,False,13.414634146341465,,,,exposure_only_no_risk_signal
jc,2023,4,JC077,Astor Place,40.71927653767023,-74.07127475738447,734,0,0.0,0.0,502.57213271307023,False,insufficient_data,0.13414634146341464,0.0,0.13414634146341464,False,False,False,13.414634146341465,,,,exposure_only_no_risk_signal
jc,2023,3,JC059,Heights Elevator,40.74872967015252,-74.04045864096705,535,0,0.0,0.0,689.5101783390534,False,insufficient_data,0.13414634146341464,0.0,0.13414634146341464,False,False,False,13.414634146341465,,,,exposure_only_no_risk_signal
jc,2023,8,JC097,York St & Marin Blvd,40.71664702509295,-74.04237613983209,856,0,0.0,0.0,430.94386146190834,False,insufficient_data,0.13253012048192772,0.0,0.13253012048192772,False,False,False,13.253012048192772,,,,exposure_only_no_risk_signal
jc,2023,10,JC097,York St & Marin Blvd,40.716693227406886,-74.04246060682367,792,0,0.0,0.0,465.76760784266855,False,insufficient_data,0.13253012048192772,0.0,0.13253012048192772,False,False,False,13.253012048192772,,,,exposure_only_no_risk_signal
jc,2025,4,JC065,Dey St,40.737711,-74.066921,763,0,0.0,0.0,483.4704395955354,False,insufficient_data,0.13253012048192772,0.0,0.13253012048192772,False,False,False,13.253012048192772,,,,exposure_only_no_risk_signal
jc,2025,3,JC077,Astor Place,40.71928220070702,-74.07126188278198,658,0,0.0,0.0,560.6199778288656,False,insufficient_data,0.13253012048192772,0.0,0.13253012048192772,False,False,False,13.253012048192772,,,,exposure_only_no_risk_signal
jc,2023,11,JC084,Communipaw & Berry Lane,40.71436921004893,-74.06664494895551,591,0,0.0,0.0,624.1758805607335,False,insufficient_data,0.13253012048192772,0.0,0.13253012048192772,False,False,False,13.253012048192772,,,,exposure_only_no_risk_signal
jc,2023,12,JC077,Astor Place,40.71927969803377,-74.07128361542772,473,0,0.0,0.0,779.8899480156311,False,insufficient_data,0.13253012048192772,0.0,0.13253012048192772,False,False,False,13.253012048192772,,,,exposure_only_no_risk_signal
jc,2025,2,JC077,Astor Place,40.71928220070702,-74.07126188278198,471,0,0.0,0.0,783.2015826144236,False,insufficient_data,0.13253012048192772,0.0,0.13253012048192772,False,False,False,13.253012048192772,,,,exposure_only_no_risk_signal
jc,2025,7,JC059,Heights Elevator,40.74871594538023,-74.04044330120087,994,0,0.0,0.0,371.1146332106575,False,insufficient_data,0.13095238095238096,0.0,0.13095238095238096,False,False,False,13.095238095238097,,,,exposure_only_no_risk_signal
jc,2025,5,JC077,Astor Place,40.71928220070702,-74.07126188278198,763,0,0.0,0.0,483.4704395955354,False,insufficient_data,0.13095238095238096,0.0,0.13095238095238096,False,False,False,13.095238095238097,,,,exposure_only_no_risk_signal
jc,2025,6,JC077,Astor Place,40.71928220070703,-74.07126188278198,898,0,0.0,0.0,410.78835791914645,False,insufficient_data,0.12941176470588237,0.0,0.12941176470588237,False,False,False,12.941176470588237,,,,exposure_only_no_risk_signal
jc,2023,9,JC097,York St & Marin Blvd,40.716646541015535,-74.04237239409821,782,0,0.0,0.0,471.7237153598383,False,insufficient_data,0.12941176470588237,0.0,0.12941176470588237,False,False,False,12.941176470588237,,,,exposure_only_no_risk_signal
jc,2025,1,JC094,Glenwood Ave,40.72755146730012,-74.07106071710587,427,0,0.0,0.0,863.9061953428419,False,insufficient_data,0.12941176470588237,0.0,0.12941176470588237,False,False,False,12.941176470588237,,,,exposure_only_no_risk_signal
jc,2025,9,JC120,Arlington Ave & Bramhall Ave,40.713225,-74.070645,421,0,0.0,0.0,876.2183976517662,False,insufficient_data,0.1276595744680851,0.0,0.1276595744680851,False,False,False,12.76595744680851,,,,exposure_only_no_risk_signal
jc,2025,10,JC063,Jackson Square,40.71113,-74.0789,312,0,0.0,0.0,1182.3331583698512,False,insufficient_data,0.1276595744680851,0.0,0.1276595744680851,False,False,False,12.76595744680851,,,,exposure_only_no_risk_signal
jc,2025,11,JC123,Carteret Ave & Arlington Ave,40.709142,-74.074553,239,0,0.0,0.0,1543.4642067422324,False,insufficient_data,0.1276595744680851,0.0,0.1276595744680851,False,False,False,12.76595744680851,,,,exposure_only_no_risk_signal
jc,2025,8,JC080,Leonard Gordon Park,40.74590996631558,-74.0572714805603,814,0,0.0,0.0,453.1792941171911,False,insufficient_data,0.125,0.0,0.125,False,False,False,12.5,,,,exposure_only_no_risk_signal
jc,2020,8,3207,Oakland Ave,40.7376037,-74.0524783,509,0,0.0,0.0,724.7307375469421,False,insufficient_data,0.125,0.0,0.125,False,False,False,12.5,,,,exposure_only_no_risk_signal
jc,2019,6,3220,5 Corners Library,40.73496102000952,-74.0595030784607,455,0,0.0,0.0,810.742737167898,False,insufficient_data,0.125,0.0,0.125,False,False,False,12.5,,,,exposure_only_no_risk_signal
jc,2020,6,3220,5 Corners Library,40.73496102000952,-74.0595030784607,393,0,0.0,0.0,938.6461715302635,False,insufficient_data,0.125,0.0,0.125,False,False,False,12.5,,,,exposure_only_no_risk_signal
jc,2019,4,3212,Christ Hospital,40.734785818,-74.050443636,373,0,0.0,0.0,988.9757249635217,False,insufficient_data,0.125,0.0,0.125,False,False,False,12.5,,,,exposure_only_no_risk_signal
jc,2020,5,3201,Dey St,40.737711,-74.066921,260,0,0.0,0.0,1418.7997900438213,False,insufficient_data,0.125,0.0,0.125,False,False,False,12.5,,,,exposure_only_no_risk_signal
jc,2019,3,3677,Glenwood Ave,40.72755146730012,-74.07106071710587,232,0,0.0,0.0,1590.0342474629033,False,insufficient_data,0.125,0.0,0.125,False,False,False,12.5,,,,exposure_only_no_risk_signal
jc,2019,2,3677,Glenwood Ave,40.72755146730012,-74.07106071710587,170,0,0.0,0.0,2169.929090655256,False,insufficient_data,0.125,0.0,0.125,False,False,False,12.5,,,,exposure_only_no_risk_signal
jc,2019,12,3277,Communipaw & Berry Lane,40.71435836870427,-74.06661093235016,165,0,0.0,0.0,2235.684517644809,False,insufficient_data,0.125,0.0,0.125,False,False,False,12.5,,,,exposure_only_no_risk_signal
jc,2020,12,3207,Oakland Ave,40.7376037,-74.0524783,134,0,0.0,0.0,2752.8951150103994,False,insufficient_data,0.125,0.0,0.125,False,False,False,12.5,,,,exposure_only_no_risk_signal
jc,2020,4,3201,Dey St,40.737711,-74.066921,112,0,0.0,0.0,3293.6423697445853,False,insufficient_data,0.125,0.0,0.125,False,False,False,12.5,,,,exposure_only_no_risk_signal
jc,2025,12,JC142,Culver Ave & JFK Blvd,40.71005000000001,-74.08576,52,0,0.0,0.0,7093.9989502191065,False,insufficient_data,0.125,0.0,0.125,False,False,False,12.5,,,,exposure_only_no_risk_signal
jc,2025,12,JC145,Mallory Ave & Roosevelt Ave,40.72203,-74.08596,52,0,0.0,0.0,7093.9989502191065,False,insufficient_data,0.125,0.0,0.125,False,False,False,12.5,,,,exposure_only_no_risk_signal
jc,2023,1,JC084,Communipaw & Berry Lane,40.71436770206243,-74.06662693038454,472,0,0.0,0.0,781.5422572275287,False,insufficient_data,0.12345679012345678,0.0,0.12345679012345678,False,False,False,12.345679012345679,,,,exposure_only_no_risk_signal
jc,2023,2,JC059,Heights Elevator,40.748731015181335,-74.04045565970355,416,0,0.0,0.0,886.7498687773883,False,insufficient_data,0.12345679012345678,0.0,0.12345679012345678,False,False,False,12.345679012345679,,,,exposure_only_no_risk_signal
jc,2019,9,3677,Glenwood Ave,40.72755146730012,-74.07106071710587,485,0,0.0,0.0,760.5937018791619,False,insufficient_data,0.12244897959183673,0.0,0.12244897959183673,False,False,False,12.244897959183673,,,,exposure_only_no_risk_signal
jc,2019,7,3196,Riverview Park,40.7443187,-74.0439909,473,0,0.0,0.0,779.8899480156311,False,insufficient_data,0.12244897959183673,0.0,0.12244897959183673,False,False,False,12.244897959183673,,,,exposure_only_no_risk_signal
jc,2020,9,3220,5 Corners Library,40.73496102000952,-74.0595030784607,468,0,0.0,0.0,788.2221055799008,False,insufficient_data,0.12244897959183673,0.0,0.12244897959183673,False,False,False,12.244897959183673,,,,exposure_only_no_risk_signal
jc,2019,10,3196,Riverview Park,40.7443187,-74.0439909,425,0,0.0,0.0,867.9716362621024,False,insufficient_data,0.12244897959183673,0.0,0.12244897959183673,False,False,False,12.244897959183673,,,,exposure_only_no_risk_signal
jc,2019,5,3281,Leonard Gordon Park,40.74590996631558,-74.0572714805603,398,0,0.0,0.0,926.8541341994812,False,insufficient_data,0.12244897959183673,0.0,0.12244897959183673,False,False,False,12.244897959183673,,,,exposure_only_no_risk_signal
jc,2020,7,3220,5 Corners Library,40.73496102000952,-74.0595030784607,392,0,0.0,0.0,941.0406770698816,False,insufficient_data,0.12244897959183673,0.0,0.12244897959183673,False,False,False,12.244897959183673,,,,exposure_only_no_risk_signal
jc,2020,10,3677,Glenwood Ave,40.72755146730012,-74.07106071710587,318,0,0.0,0.0,1160.0249855704199,False,insufficient_data,0.12244897959183673,0.0,0.12244897959183673,False,False,False,12.244897959183673,,,,exposure_only_no_risk_signal
jc,2019,11,3281,Leonard Gordon Park,40.74590996631558,-74.0572714805603,294,0,0.0,0.0,1254.720902759842,False,insufficient_data,0.12244897959183673,0.0,0.12244897959183673,False,False,False,12.244897959183673,,,,exposure_only_no_risk_signal
jc,2020,1,3201,Dey St,40.737711,-74.066921,224,0,0.0,0.0,1646.8211848722926,False,insufficient_data,0.12244897959183673,0.0,0.12244897959183673,False,False,False,12.244897959183673,,,,exposure_only_no_risk_signal
jc,2020,2,3220,5 Corners Library,40.73496102000952,-74.0595030784607,203,0,0.0,0.0,1817.1819971004609,False,insufficient_data,0.12244897959183673,0.0,0.12244897959183673,False,False,False,12.244897959183673,,,,exposure_only_no_risk_signal
jc,2020,11,3196,Riverview Park,40.7443187,-74.0439909,194,0,0.0,0.0,1901.484254697905,False,insufficient_data,0.12244897959183673,0.0,0.12244897959183673,False,False,False,12.244897959183673,,,,exposure_only_no_risk_signal
jc,2020,3,3196,Riverview Park,40.7443187,-74.0439909,184,0,0.0,0.0,2004.8257902793127,False,insufficient_data,0.12244897959183673,0.0,0.12244897959183673,False,False,False,12.244897959183673,,,,exposure_only_no_risk_signal
jc,2023,5,JC097,York St & Marin Blvd,40.71661623022752,-74.04240687131957,860,0,0.0,0.0,428.9394714085971,False,insufficient_data,0.12195121951219512,0.0,0.12195121951219512,False,False,False,12.195121951219512,,,,exposure_only_no_risk_signal
jc,2023,6,JC059,Heights Elevator,40.74866599463181,-74.04048765449086,841,0,0.0,0.0,438.63013723114574,False,insufficient_data,0.12195121951219512,0.0,0.12195121951219512,False,False,False,12.195121951219512,,,,exposure_only_no_risk_signal
jc,2023,7,JC097,York St & Marin Blvd,40.71662312248234,-74.04239470054377,841,0,0.0,0.0,438.63013723114574,False,insufficient_data,0.12195121951219512,0.0,0.12195121951219512,False,False,False,12.195121951219512,,,,exposure_only_no_risk_signal
jc,2023,4,JC059,Heights Elevator,40.74872793378582,-74.04045881437727,717,0,0.0,0.0,514.4880689140775,False,insufficient_data,0.12195121951219512,0.0,0.12195121951219512,False,False,False,12.195121951219512,,,,exposure_only_no_risk_signal
jc,2023,3,JC094,Glenwood Ave,40.72758537733623,-74.0710642033858,498,0,0.0,0.0,740.7388462076175,False,insufficient_data,0.12195121951219512,0.0,0.12195121951219512,False,False,False,12.195121951219512,,,,exposure_only_no_risk_signal
jc,2023,8,JC059,Heights Elevator,40.748735018847846,-74.04044850122892,850,0,0.0,0.0,433.9858181310512,False,insufficient_data,0.12048192771084337,0.0,0.12048192771084337,False,False,False,12.048192771084338,,,,exposure_only_no_risk_signal
jc,2023,10,JC094,Glenwood Ave,40.72757802092352,-74.0709677385802,774,0,0.0,0.0,476.599412676219,False,insufficient_data,0.12048192771084337,0.0,0.12048192771084337,False,False,False,12.048192771084338,,,,exposure_only_no_risk_signal
jc,2025,4,JC093,Fairmount Ave,40.72572613742557,-74.07195925712585,716,0,0.0,0.0,515.206627669544,False,insufficient_data,0.12048192771084337,0.0,0.12048192771084337,False,False,False,12.048192771084338,,,,exposure_only_no_risk_signal
jc,2025,3,JC093,Fairmount Ave,40.72572613742557,-74.07195925712585,642,0,0.0,0.0,574.5918152825444,False,insufficient_data,0.12048192771084337,0.0,0.12048192771084337,False,False,False,12.048192771084338,,,,exposure_only_no_risk_signal
jc,2025,2,JC038,Essex Light Rail,40.712774200000005,-74.0364857,444,0,0.0,0.0,830.828705881517,False,insufficient_data,0.12048192771084337,0.0,0.12048192771084337,False,False,False,12.048192771084338,,,,exposure_only_no_risk_signal
jc,2023,12,JC094,Glenwood Ave,40.72760051122036,-74.0710667948568,434,0,0.0,0.0,849.9722244502155,False,insufficient_data,0.12048192771084337,0.0,0.12048192771084337,False,False,False,12.048192771084338,,,,exposure_only_no_risk_signal
jc,2025,7,JC095,Bergen Ave,40.722103786686034,-74.07145500183105,963,0,0.0,0.0,383.06121018836296,False,insufficient_data,0.11904761904761903,0.0,0.11904761904761903,False,False,False,11.904761904761903,,,,exposure_only_no_risk_signal
jc,2025,5,JC059,Heights Elevator,40.74871594538023,-74.04044330120087,700,0,0.0,0.0,526.9827791591337,False,insufficient_data,0.11904761904761903,0.0,0.11904761904761903,False,False,False,11.904761904761903,,,,exposure_only_no_risk_signal
jc,2025,6,JC093,Fairmount Ave,40.72572613742557,-74.07195925712585,861,0,0.0,0.0,428.4412838692143,False,insufficient_data,0.1176470588235294,0.0,0.1176470588235294,False,False,False,11.76470588235294,,,,exposure_only_no_risk_signal
jc,2023,9,JC084,Communipaw & Berry Lane,40.71439027061581,-74.06642770170978,729,0,0.0,0.0,506.0191295080844,False,insufficient_data,0.1176470588235294,0.0,0.1176470588235294,False,False,False,11.76470588235294,,,,exposure_only_no_risk_signal
jc,2025,1,JC084,Communipaw & Berry Lane,40.71435836870427,-74.06661093235016,394,0,0.0,0.0,936.2638208411004,False,insufficient_data,0.1176470588235294,0.0,0.1176470588235294,False,False,False,11.76470588235294,,,,exposure_only_no_risk_signal
jc,2025,9,JC124,West Side Ave Light Rail,40.714964,-74.08829,374,0,0.0,0.0,986.3314048432983,False,insufficient_data,0.11702127659574468,0.0,0.11702127659574468,False,False,False,11.702127659574469,,,,exposure_only_no_risk_signal
jc,2025,11,JC124,West Side Ave Light Rail,40.71496400000001,-74.08829,223,0,0.0,0.0,1654.2060332349486,False,insufficient_data,0.11702127659574468,0.0,0.11702127659574468,False,False,False,11.702127659574469,,,,exposure_only_no_risk_signal
jc,2019,1,3201,Dey St,40.737711,-74.066921,176,0,0.0,0.0,2095.954235292009,False,insufficient_data,0.11458333333333331,0.0,0.11458333333333331,False,False,False,11.458333333333332,,,,exposure_only_no_risk_signal
jc,2019,1,3220,5 Corners Library,40.73496102000952,-74.0595030784607,176,0,0.0,0.0,2095.954235292009,False,insufficient_data,0.11458333333333331,0.0,0.11458333333333331,False,False,False,11.458333333333332,,,,exposure_only_no_risk_signal
jc,2023,11,JC059,Heights Elevator,40.748736920068815,-74.0404620648582,566,0,0.0,0.0,651.7454865925681,False,insufficient_data,0.11445783132530121,0.0,0.11445783132530121,False,False,False,11.44578313253012,,,,exposure_only_no_risk_signal
jc,2023,11,JC094,Glenwood Ave,40.72759546999001,-74.0710648094954,566,0,0.0,0.0,651.7454865925681,False,insufficient_data,0.11445783132530121,0.0,0.11445783132530121,False,False,False,11.44578313253012,,,,exposure_only_no_risk_signal
jc,2025,8,JC018,5 Corners Library,40.73496102000952,-74.0595030784607,800,0,0.0,0.0,461.1099317642419,False,insufficient_data,0.11363636363636363,0.0,0.11363636363636363,False,False,False,11.363636363636363,,,,exposure_only_no_risk_signal
jc,2019,8,3196,Riverview Park,40.7443187,-74.0439909,494,0,0.0,0.0,746.7367316020112,False,insufficient_data,0.11224489795918367,0.0,0.11224489795918367,False,False,False,11.224489795918368,,,,exposure_only_no_risk_signal
jc,2019,8,3677,Glenwood Ave,40.72755146730012,-74.07106071710587,494,0,0.0,0.0,746.7367316020112,False,insufficient_data,0.11224489795918367,0.0,0.11224489795918367,False,False,False,11.224489795918368,,,,exposure_only_no_risk_signal
jc,2025,10,JC051,Union St,40.7182113,-74.0836394,303,0,0.0,0.0,1217.4519650541042,False,insufficient_data,0.11170212765957446,0.0,0.11170212765957446,False,False,False,11.170212765957446,,,,exposure_only_no_risk_signal
jc,2025,10,JC120,Arlington Ave & Bramhall Ave,40.713225,-74.070645,303,0,0.0,0.0,1217.4519650541042,False,insufficient_data,0.11170212765957446,0.0,0.11170212765957446,False,False,False,11.170212765957446,,,,exposure_only_no_risk_signal
jc,2023,1,JC065,Dey St,40.73771791856292,-74.06694141512803,453,0,0.0,0.0,814.3221753010894,False,insufficient_data,0.1111111111111111,0.0,0.1111111111111111,False,False,False,11.11111111111111,,,,exposure_only_no_risk_signal
jc,2023,2,JC097,York St & Marin Blvd,40.71661712275549,-74.04239989254754,381,0,0.0,0.0,968.2098304760985,False,insufficient_data,0.1111111111111111,0.0,0.1111111111111111,False,False,False,11.11111111111111,,,,exposure_only_no_risk_signal
jc,2025,12,JC107,Grant Ave & MLK Dr,40.70919832245443,-74.08084273338318,45,0,0.0,0.0,8197.509898030969,False,insufficient_data,0.1111111111111111,0.0,0.1111111111111111,False,False,False,11.11111111111111,,,,exposure_only_no_risk_signal
jc,2023,7,JC077,Astor Place,40.719288521162255,-74.07119972911389,829,0,0.0,0.0,444.97942751675936,False,insufficient_data,0.10975609756097562,0.0,0.10975609756097562,False,False,False,10.975609756097562,,,,exposure_only_no_risk_signal
jc,2023,6,JC034,Christ Hospital,40.7347790321881,-74.05041055710922,824,0,0.0,0.0,447.6795454021766,False,insufficient_data,0.10975609756097562,0.0,0.10975609756097562,False,False,False,10.975609756097562,,,,exposure_only_no_risk_signal
jc,2023,5,JC084,Communipaw & Berry Lane,40.71436312202282,-74.06662238026037,758,0,0.0,0.0,486.659558590229,False,insufficient_data,0.10975609756097562,0.0,0.10975609756097562,False,False,False,10.975609756097562,,,,exposure_only_no_risk_signal
jc,2023,4,JC084,Communipaw & Berry Lane,40.71436582467708,-74.06662524699091,711,0,0.0,0.0,518.8297403817068,False,insufficient_data,0.10975609756097562,0.0,0.10975609756097562,False,False,False,10.975609756097562,,,,exposure_only_no_risk_signal
jc,2023,3,JC084,Communipaw & Berry Lane,40.71436776865456,-74.06662802404959,469,0,0.0,0.0,786.5414614315428,False,insufficient_data,0.10975609756097562,0.0,0.10975609756097562,False,False,False,10.975609756097562,,,,exposure_only_no_risk_signal
jc,2023,8,JC077,Astor Place,40.71928731866026,-74.07110280236078,845,0,0.0,0.0,436.55378155194495,False,insufficient_data,0.10843373493975904,0.0,0.10843373493975904,False,False,False,10.843373493975903,,,,exposure_only_no_risk_signal
jc,2023,10,JC084,Communipaw & Berry Lane,40.7145386647161,-74.06646423769222,762,0,0.0,0.0,484.1049152380493,False,insufficient_data,0.10843373493975904,0.0,0.10843373493975904,False,False,False,10.843373493975903,,,,exposure_only_no_risk_signal
jc,2025,4,JC077,Astor Place,40.71928220070702,-74.07126188278198,670,0,0.0,0.0,550.5790230020799,False,insufficient_data,0.10843373493975904,0.0,0.10843373493975904,False,False,False,10.843373493975903,,,,exposure_only_no_risk_signal
jc,2025,3,JC084,Communipaw & Berry Lane,40.71435836870427,-74.06661093235016,634,0,0.0,0.0,581.8421851914725,False,insufficient_data,0.10843373493975904,0.0,0.10843373493975904,False,False,False,10.843373493975903,,,,exposure_only_no_risk_signal
jc,2023,12,JC097,York St & Marin Blvd,40.71662302677981,-74.04237854707623,422,0,0.0,0.0,874.1420507378995,False,insufficient_data,0.10843373493975904,0.0,0.10843373493975904,False,False,False,10.843373493975903,,,,exposure_only_no_risk_signal
jc,2025,2,JC097,York St & Marin Blvd,40.716615000830494,-74.0424120426178,420,0,0.0,0.0,878.3046319318894,False,insufficient_data,0.10843373493975904,0.0,0.10843373493975904,False,False,False,10.843373493975903,,,,exposure_only_no_risk_signal
jc,2025,7,JC077,Astor Place,40.71928220070702,-74.07126188278198,937,0,0.0,0.0,393.69044334193546,False,insufficient_data,0.10714285714285714,0.0,0.10714285714285714,False,False,False,10.714285714285714,,,,exposure_only_no_risk_signal
jc,2025,5,JC080,Leonard Gordon Park,40.74590996631558,-74.0572714805603,684,0,0.0,0.0,539.3098617125637,False,insufficient_data,0.10714285714285714,0.0,0.10714285714285714,False,False,False,10.714285714285714,,,,exposure_only_no_risk_signal
jc,2025,9,JC063,Jackson Square,40.71113,-74.0789,364,0,0.0,0.0,1013.4284214598723,False,insufficient_data,0.10638297872340426,0.0,0.10638297872340426,False,False,False,10.638297872340425,,,,exposure_only_no_risk_signal
jc,2025,11,JC063,Jackson Square,40.71113,-74.0789,221,0,0.0,0.0,1669.1762235809663,False,insufficient_data,0.10638297872340426,0.0,0.10638297872340426,False,False,False,10.638297872340425,,,,exposure_only_no_risk_signal
jc,2025,6,JC065,Dey St,40.737711,-74.066921,838,0,0.0,0.0,440.20041218543383,False,insufficient_data,0.10588235294117647,0.0,0.10588235294117647,False,False,False,10.588235294117647,,,,exposure_only_no_risk_signal
jc,2023,9,JC077,Astor Place,40.71930768213876,-74.07121918041041,680,0,0.0,0.0,542.482272663814,False,insufficient_data,0.10588235294117647,0.0,0.10588235294117647,False,False,False,10.588235294117647,,,,exposure_only_no_risk_signal
jc,2025,1,JC075,Monmouth and 6th,40.72568548362901,-74.04879033565521,376,0,0.0,0.0,981.0849612005148,False,insufficient_data,0.10588235294117647,0.0,0.10588235294117647,False,False,False,10.588235294117647,,,,exposure_only_no_risk_signal
jc,2020,8,3677,Glenwood Ave,40.72755146730012,-74.07106071710587,492,0,0.0,0.0,749.7722467711251,False,insufficient_data,0.10416666666666669,0.0,0.10416666666666669,False,False,False,10.416666666666668,,,,exposure_only_no_risk_signal
jc,2019,6,3277,Communipaw & Berry Lane,40.71435836870427,-74.06661093235016,411,0,0.0,0.0,897.5375800763833,False,insufficient_data,0.10416666666666669,0.0,0.10416666666666669,False,False,False,10.416666666666668,,,,exposure_only_no_risk_signal
jc,2020,6,3201,Dey St,40.737711,-74.066921,378,0,0.0,0.0,975.8940354798771,False,insufficient_data,0.10416666666666669,0.0,0.10416666666666669,False,False,False,10.416666666666668,,,,exposure_only_no_risk_signal
jc,2019,4,3196,Riverview Park,40.7443187,-74.0439909,329,0,0.0,0.0,1121.2399556577311,False,insufficient_data,0.10416666666666669,0.0,0.10416666666666669,False,False,False,10.416666666666668,,,,exposure_only_no_risk_signal
jc,2020,5,3677,Glenwood Ave,40.72755146730012,-74.07106071710587,256,0,0.0,0.0,1440.968536763256,False,insufficient_data,0.10416666666666669,0.0,0.10416666666666669,False,False,False,10.416666666666668,,,,exposure_only_no_risk_signal
jc,2019,3,3198,Heights Elevator,40.74871594538023,-74.04044330120087,229,0,0.0,0.0,1610.8643904427668,False,insufficient_data,0.10416666666666669,0.0,0.10416666666666669,False,False,False,10.416666666666668,,,,exposure_only_no_risk_signal
jc,2019,2,3212,Christ Hospital,40.734785818,-74.050443636,168,0,0.0,0.0,2195.7615798297234,False,insufficient_data,0.10416666666666669,0.0,0.10416666666666669,False,False,False,10.416666666666668,,,,exposure_only_no_risk_signal
jc,2020,12,3196,Riverview Park,40.7443187,-74.0439909,130,0,0.0,0.0,2837.5995800876426,False,insufficient_data,0.10416666666666669,0.0,0.10416666666666669,False,False,False,10.416666666666668,,,,exposure_only_no_risk_signal
jc,2020,4,3196,Riverview Park,40.74431870000001,-74.0439909,107,0,0.0,0.0,3447.5508916952667,False,insufficient_data,0.10416666666666669,0.0,0.10416666666666669,False,False,False,10.416666666666668,,,,exposure_only_no_risk_signal
jc,2025,8,JC094,Glenwood Ave,40.72755146730012,-74.07106071710587,694,0,0.0,0.0,531.538826241201,False,insufficient_data,0.10227272727272728,0.0,0.10227272727272728,False,False,False,10.227272727272728,,,,exposure_only_no_risk_signal
jc,2019,9,3196,Riverview Park,40.7443187,-74.0439909,484,0,0.0,0.0,762.1651764698214,False,insufficient_data,0.10204081632653061,0.0,0.10204081632653061,False,False,False,10.204081632653061,,,,exposure_only_no_risk_signal
jc,2020,9,3201,Dey St,40.73771099999999,-74.066921,442,0,0.0,0.0,834.5881117904831,False,insufficient_data,0.10204081632653061,0.0,0.10204081632653061,False,False,False,10.204081632653061,,,,exposure_only_no_risk_signal
jc,2019,7,3212,Christ Hospital,40.734785818,-74.050443636,420,0,0.0,0.0,878.3046319318894,False,insufficient_data,0.10204081632653061,0.0,0.10204081632653061,False,False,False,10.204081632653061,,,,exposure_only_no_risk_signal
jc,2019,10,3677,Glenwood Ave,40.72755146730012,-74.07106071710587,415,0,0.0,0.0,888.886615449141,False,insufficient_data,0.10204081632653061,0.0,0.10204081632653061,False,False,False,10.204081632653061,,,,exposure_only_no_risk_signal
jc,2020,7,3677,Glenwood Ave,40.72755146730012,-74.07106071710587,389,0,0.0,0.0,948.2980601835309,False,insufficient_data,0.10204081632653061,0.0,0.10204081632653061,False,False,False,10.204081632653061,,,,exposure_only_no_risk_signal
jc,2019,5,3677,Glenwood Ave,40.72755146730012,-74.07106071710587,361,0,0.0,0.0,1021.8502642974889,False,insufficient_data,0.10204081632653061,0.0,0.10204081632653061,False,False,False,10.204081632653061,,,,exposure_only_no_risk_signal
jc,2020,10,3207,Oakland Ave,40.7376037,-74.0524783,302,0,0.0,0.0,1221.4832629516343,False,insufficient_data,0.10204081632653061,0.0,0.10204081632653061,False,False,False,10.204081632653061,,,,exposure_only_no_risk_signal
jc,2019,11,3220,5 Corners Library,40.73496102000952,-74.0595030784607,293,0,0.0,0.0,1259.003226660046,False,insufficient_data,0.10204081632653061,0.0,0.10204081632653061,False,False,False,10.204081632653061,,,,exposure_only_no_risk_signal
jc,2020,1,3196,Riverview Park,40.7443187,-74.0439909,220,0,0.0,0.0,1676.763388233607,False,insufficient_data,0.10204081632653061,0.0,0.10204081632653061,False,False,False,10.204081632653061,,,,exposure_only_no_risk_signal
jc,2020,11,3220,5 Corners Library,40.73496102000952,-74.0595030784607,187,0,0.0,0.0,1972.6628096865966,False,insufficient_data,0.10204081632653061,0.0,0.10204081632653061,False,False,False,10.204081632653061,,,,exposure_only_no_risk_signal
jc,2020,2,3198,Heights Elevator,40.74871594538023,-74.04044330120087,179,0,0.0,0.0,2060.826510678176,False,insufficient_data,0.10204081632653061,0.0,0.10204081632653061,False,False,False,10.204081632653061,,,,exposure_only_no_risk_signal
jc,2020,3,3220,5 Corners Library,40.73496102000952,-74.0595030784607,161,0,0.0,0.0,2291.229474604929,False,insufficient_data,0.10204081632653061,0.0,0.10204081632653061,False,False,False,10.204081632653061,,,,exposure_only_no_risk_signal
jc,2025,12,JC137,Ferris Triangle Park,40.69877,-74.09216,42,0,0.0,0.0,8783.046319318893,False,insufficient_data,0.10185185185185185,0.0,0.10185185185185185,False,False,False,10.185185185185185,,,,exposure_only_no_risk_signal
jc,2023,1,JC059,Heights Elevator,40.74872629229719,-74.04045749202179,446,0,0.0,0.0,827.1030166174743,False,insufficient_data,0.09876543209876543,0.0,0.09876543209876543,False,False,False,9.876543209876543,,,,exposure_only_no_risk_signal
jc,2023,2,JC053,Lincoln Park,40.72461093555243,-74.07841382236398,380,0,0.0,0.0,970.7577510826145,False,insufficient_data,0.09876543209876543,0.0,0.09876543209876543,False,False,False,9.876543209876543,,,,exposure_only_no_risk_signal
jc,2023,7,HB202,14 St Ferry - 14 St & Shipyard Ln,40.75280305729035,-74.02433816154475,804,0,0.0,0.0,458.8158525017333,False,insufficient_data,0.0975609756097561,0.0,0.0975609756097561,False,False,False,9.75609756097561,,,,exposure_only_no_risk_signal
jc,2023,5,JC077,Astor Place,40.71927814898007,-74.07126951007537,740,0,0.0,0.0,498.4972235289101,False,insufficient_data,0.0975609756097561,0.0,0.0975609756097561,False,False,False,9.75609756097561,,,,exposure_only_no_risk_signal
jc,2023,6,JC077,Astor Place,40.71930465231446,-74.07112345138988,686,0,0.0,0.0,537.7375297542179,False,insufficient_data,0.0975609756097561,0.0,0.0975609756097561,False,False,False,9.75609756097561,,,,exposure_only_no_risk_signal
jc,2023,4,JC094,Glenwood Ave,40.72757590028697,-74.07106266724317,678,0,0.0,0.0,544.0825153560377,False,insufficient_data,0.0975609756097561,0.0,0.0975609756097561,False,False,False,9.75609756097561,,,,exposure_only_no_risk_signal
jc,2023,3,JC065,Dey St,40.73771705660982,-74.0669401290514,428,0,0.0,0.0,861.8877229238167,False,insufficient_data,0.0975609756097561,0.0,0.0975609756097561,False,False,False,9.75609756097561,,,,exposure_only_no_risk_signal
jc,2023,8,JC094,Glenwood Ave,40.72756228157131,-74.07090071537043,755,0,0.0,0.0,488.59330518065366,False,insufficient_data,0.0963855421686747,0.0,0.0963855421686747,False,False,False,9.63855421686747,,,,exposure_only_no_risk_signal
jc,2023,10,JC018,5 Corners Library,40.73492569932687,-74.05948701911792,719,0,0.0,0.0,513.0569477209924,False,insufficient_data,0.0963855421686747,0.0,0.0963855421686747,False,False,False,9.63855421686747,,,,exposure_only_no_risk_signal
jc,2025,4,JC059,Heights Elevator,40.74871594538023,-74.04044330120087,603,0,0.0,0.0,611.754470002311,False,insufficient_data,0.0963855421686747,0.0,0.0963855421686747,False,False,False,9.63855421686747,,,,exposure_only_no_risk_signal
jc,2025,3,JC080,Leonard Gordon Park,40.74590996631558,-74.0572714805603,573,0,0.0,0.0,643.783499845364,False,insufficient_data,0.0963855421686747,0.0,0.0963855421686747,False,False,False,9.63855421686747,,,,exposure_only_no_risk_signal
jc,2023,11,JC097,York St & Marin Blvd,40.71662281933357,-74.0423876021683,518,0,0.0,0.0,712.138890755586,False,insufficient_data,0.0963855421686747,0.0,0.0963855421686747,False,False,False,9.63855421686747,,,,exposure_only_no_risk_signal
jc,2023,12,JC059,Heights Elevator,40.74873189420094,-74.0404679307604,413,0,0.0,0.0,893.1911511171757,False,insufficient_data,0.0963855421686747,0.0,0.0963855421686747,False,False,False,9.63855421686747,,,,exposure_only_no_risk_signal
jc,2025,2,JC080,Leonard Gordon Park,40.74590996631558,-74.0572714805603,383,0,0.0,0.0,963.1539044683904,False,insufficient_data,0.0963855421686747,0.0,0.0963855421686747,False,False,False,9.63855421686747,,,,exposure_only_no_risk_signal
jc,2025,9,JC123,Carteret Ave & Arlington Ave,40.709142,-74.074553,340,0,0.0,0.0,1084.964545327628,False,insufficient_data,0.09574468085106384,0.0,0.09574468085106384,False,False,False,9.574468085106384,,,,exposure_only_no_risk_signal
jc,2025,10,JC124,West Side Ave Light Rail,40.714964,-74.08829,301,0,0.0,0.0,1225.5413468817062,False,insufficient_data,0.09574468085106384,0.0,0.09574468085106384,False,False,False,9.574468085106384,,,,exposure_only_no_risk_signal
jc,2025,11,JC051,Union St,40.7182113,-74.0836394,208,0,0.0,0.0,1773.4997375547766,False,insufficient_data,0.09574468085106384,0.0,0.09574468085106384,False,False,False,9.574468085106384,,,,exposure_only_no_risk_signal
jc,2025,7,JC065,Dey St,40.737711,-74.066921,851,0,0.0,0.0,433.4758465468784,False,insufficient_data,0.09523809523809523,0.0,0.09523809523809523,False,False,False,9.523809523809524,,,,exposure_only_no_risk_signal
jc,2025,5,JC065,Dey St,40.737711,-74.066921,665,0,0.0,0.0,554.7187149043513,False,insufficient_data,0.09523809523809523,0.0,0.09523809523809523,False,False,False,9.523809523809524,,,,exposure_only_no_risk_signal
jc,2025,6,JC080,Leonard Gordon Park,40.74590996631558,-74.0572714805603,715,0,0.0,0.0,515.9271963795713,False,insufficient_data,0.09411764705882353,0.0,0.09411764705882353,False,False,False,9.411764705882353,,,,exposure_only_no_risk_signal
jc,2023,9,JC018,5 Corners Library,40.73491695980334,-74.05947305050356,632,0,0.0,0.0,583.6834579294201,False,insufficient_data,0.09411764705882353,0.0,0.09411764705882353,False,False,False,9.411764705882353,,,,exposure_only_no_risk_signal
jc,2025,1,JC097,York St & Marin Blvd,40.716615000830494,-74.0424120426178,373,0,0.0,0.0,988.9757249635217,False,insufficient_data,0.09411764705882353,0.0,0.09411764705882353,False,False,False,9.411764705882353,,,,exposure_only_no_risk_signal
jc,2019,12,3198,Heights Elevator,40.74871594538023,-74.04044330120087,162,0,0.0,0.0,2277.08608278638,False,insufficient_data,0.09375,0.0,0.09375,False,False,False,9.375,,,,exposure_only_no_risk_signal
jc,2019,12,3220,5 Corners Library,40.73496102000952,-74.0595030784607,162,0,0.0,0.0,2277.08608278638,False,insufficient_data,0.09375,0.0,0.09375,False,False,False,9.375,,,,exposure_only_no_risk_signal
jc,2025,12,JC127,Arlington Ave & Wilkinson Ave,40.704503,-74.07721,28,0,0.0,0.0,13174.569478978341,False,insufficient_data,0.0925925925925926,0.0,0.0925925925925926,False,False,False,9.25925925925926,,,,exposure_only_no_risk_signal
jc,2025,8,JC063,Jackson Square,40.71113,-74.0789,597,0,0.0,0.0,617.9027561329875,False,insufficient_data,0.09090909090909091,0.0,0.09090909090909091,False,False,False,9.090909090909092,,,,exposure_only_no_risk_signal
jc,2023,1,JC018,5 Corners Library,40.73497475256916,-74.05952300371767,420,0,0.0,0.0,878.3046319318894,False,insufficient_data,0.08641975308641975,0.0,0.08641975308641975,False,False,False,8.641975308641975,,,,exposure_only_no_risk_signal
jc,2023,2,JC018,5 Corners Library,40.73497246308329,-74.0595239820846,369,0,0.0,0.0,999.6963290281668,False,insufficient_data,0.08641975308641975,0.0,0.08641975308641975,False,False,False,8.641975308641975,,,,exposure_only_no_risk_signal
jc,2023,7,JC094,Glenwood Ave,40.72753781403789,-74.07099965217454,746,0,0.0,0.0,494.4878624817608,False,insufficient_data,0.08536585365853659,0.0,0.08536585365853659,False,False,False,8.536585365853659,,,,exposure_only_no_risk_signal
jc,2023,5,JC018,5 Corners Library,40.73496583667573,-74.05951597416328,644,0,0.0,0.0,572.8073686512322,False,insufficient_data,0.08536585365853659,0.0,0.08536585365853659,False,False,False,8.536585365853659,,,,exposure_only_no_risk_signal
jc,2023,6,JC018,5 Corners Library,40.73494626372278,-74.05950070867551,612,0,0.0,0.0,602.7580807375712,False,insufficient_data,0.08536585365853659,0.0,0.08536585365853659,False,False,False,8.536585365853659,,,,exposure_only_no_risk_signal
jc,2023,4,JC097,York St & Marin Blvd,40.71661698171268,-74.04240169089464,579,0,0.0,0.0,637.1121682407488,False,insufficient_data,0.08536585365853659,0.0,0.08536585365853659,False,False,False,8.536585365853659,,,,exposure_only_no_risk_signal
jc,2023,3,JC018,5 Corners Library,40.7349717386642,-74.05951851732456,425,0,0.0,0.0,867.9716362621024,False,insufficient_data,0.08536585365853659,0.0,0.08536585365853659,False,False,False,8.536585365853659,,,,exposure_only_no_risk_signal
jc,2025,9,JC108,Bergen Ave & Stegman St,40.70657545063453,-74.0867006778717,338,0,0.0,0.0,1091.3844538798626,False,insufficient_data,0.0851063829787234,0.0,0.0851063829787234,False,False,False,8.51063829787234,,,,exposure_only_no_risk_signal
jc,2025,10,JC131,West Side Ave & Stegman Pkwy,40.71087,-74.09368,217,0,0.0,0.0,1699.944448900431,False,insufficient_data,0.0851063829787234,0.0,0.0851063829787234,False,False,False,8.51063829787234,,,,exposure_only_no_risk_signal
jc,2025,11,JC122,Union St & Bergen Ave,40.71575,-74.07887,194,0,0.0,0.0,1901.484254697905,False,insufficient_data,0.0851063829787234,0.0,0.0851063829787234,False,False,False,8.51063829787234,,,,exposure_only_no_risk_signal
jc,2023,10,JC059,Heights Elevator,40.748730089237554,-74.04046289240186,717,0,0.0,0.0,514.4880689140775,False,insufficient_data,0.08433734939759036,0.0,0.08433734939759036,False,False,False,8.433734939759036,,,,exposure_only_no_risk_signal
jc,2023,8,JC065,Dey St,40.73771879250776,-74.06695131239069,709,0,0.0,0.0,520.2932939511898,False,insufficient_data,0.08433734939759036,0.0,0.08433734939759036,False,False,False,8.433734939759036,,,,exposure_only_no_risk_signal
jc,2025,4,JC080,Leonard Gordon Park,40.74590996631558,-74.0572714805603,579,0,0.0,0.0,637.1121682407488,False,insufficient_data,0.08433734939759036,0.0,0.08433734939759036,False,False,False,8.433734939759036,,,,exposure_only_no_risk_signal
jc,2025,3,JC059,Heights Elevator,40.74871594538023,-74.04044330120087,566,0,0.0,0.0,651.7454865925681,False,insufficient_data,0.08433734939759036,0.0,0.08433734939759036,False,False,False,8.433734939759036,,,,exposure_only_no_risk_signal
jc,2023,11,JC065,Dey St,40.737691124332656,-74.06691658833536,493,0,0.0,0.0,748.2514105707779,False,insufficient_data,0.08433734939759036,0.0,0.08433734939759036,False,False,False,8.433734939759036,,,,exposure_only_no_risk_signal
jc,2025,2,JC084,Communipaw & Berry Lane,40.71435836870427,-74.06661093235016,381,0,0.0,0.0,968.2098304760985,False,insufficient_data,0.08433734939759036,0.0,0.08433734939759036,False,False,False,8.433734939759036,,,,exposure_only_no_risk_signal
jc,2023,12,JC053,Lincoln Park,40.72461590463187,-74.07843331126925,371,0,0.0,0.0,994.3071304889313,False,insufficient_data,0.08433734939759036,0.0,0.08433734939759036,False,False,False,8.433734939759036,,,,exposure_only_no_risk_signal
jc,2025,7,JC080,Leonard Gordon Park,40.74590996631558,-74.0572714805603,849,0,0.0,0.0,434.49699106171204,False,insufficient_data,0.08333333333333331,0.0,0.08333333333333331,False,False,False,8.333333333333332,,,,exposure_only_no_risk_signal
jc,2025,5,HB612,Newark St & Washington St,40.73681,-74.0309,625,0,0.0,0.0,590.2207126582297,False,insufficient_data,0.08333333333333331,0.0,0.08333333333333331,False,False,False,8.333333333333332,,,,exposure_only_no_risk_signal
jc,2020,8,3201,Dey St,40.737711,-74.066921,458,0,0.0,0.0,805.4321952213834,False,insufficient_data,0.08333333333333331,0.0,0.08333333333333331,False,False,False,8.333333333333332,,,,exposure_only_no_risk_signal
jc,2020,6,3640,Journal Square,40.73367,-74.0625,370,0,0.0,0.0,996.9944470578203,False,insufficient_data,0.08333333333333331,0.0,0.08333333333333331,False,False,False,8.333333333333332,,,,exposure_only_no_risk_signal
jc,2019,6,3201,Dey St,40.737711,-74.066921,316,0,0.0,0.0,1167.3669158588402,False,insufficient_data,0.08333333333333331,0.0,0.08333333333333331,False,False,False,8.333333333333332,,,,exposure_only_no_risk_signal
jc,2019,4,3677,Glenwood Ave,40.72755146730012,-74.07106071710587,299,0,0.0,0.0,1233.7389478641924,False,insufficient_data,0.08333333333333331,0.0,0.08333333333333331,False,False,False,8.333333333333332,,,,exposure_only_no_risk_signal
jc,2020,5,3207,Oakland Ave,40.7376037,-74.0524783,219,0,0.0,0.0,1684.4198420611579,False,insufficient_data,0.08333333333333331,0.0,0.08333333333333331,False,False,False,8.333333333333332,,,,exposure_only_no_risk_signal
jc,2019,3,3277,Communipaw & Berry Lane,40.71435836870427,-74.06661093235016,174,0,0.0,0.0,2120.045663283871,False,insufficient_data,0.08333333333333331,0.0,0.08333333333333331,False,False,False,8.333333333333332,,,,exposure_only_no_risk_signal
jc,2019,1,3677,Glenwood Ave,40.72755146730012,-74.07106071710587,171,0,0.0,0.0,2157.239446850255,False,insufficient_data,0.08333333333333331,0.0,0.08333333333333331,False,False,False,8.333333333333332,,,,exposure_only_no_risk_signal
jc,2019,2,3201,Dey St,40.737711,-74.066921,151,0,0.0,0.0,2442.9665259032686,False,insufficient_data,0.08333333333333331,0.0,0.08333333333333331,False,False,False,8.333333333333332,,,,exposure_only_no_risk_signal
jc,2020,12,3212,Christ Hospital,40.734785818,-74.050443636,110,0,0.0,0.0,3353.526776467214,False,insufficient_data,0.08333333333333331,0.0,0.08333333333333331,False,False,False,8.333333333333332,,,,exposure_only_no_risk_signal
jc,2020,4,3277,Communipaw & Berry Lane,40.71435836870427,-74.06661093235016,98,0,0.0,0.0,3764.162708279526,False,insufficient_data,0.08333333333333331,0.0,0.08333333333333331,False,False,False,8.333333333333332,,,,exposure_only_no_risk_signal
jc,2025,12,JC138,Ocean Ave & New St,40.6968,-74.08862,24,0,0.0,0.0,15370.331058808066,False,insufficient_data,0.08333333333333331,0.0,0.08333333333333331,False,False,False,8.333333333333332,,,,exposure_only_no_risk_signal
jc,2025,6,JC018,5 Corners Library,40.73496102000952,-74.0595030784607,619,0,0.0,0.0,595.9417534917504,False,insufficient_data,0.08235294117647057,0.0,0.08235294117647057,False,False,False,8.235294117647058,,,,exposure_only_no_risk_signal
jc,2023,9,JC065,Dey St,40.737666299625,-74.06679340135035,568,0,0.0,0.0,649.4506081186506,False,insufficient_data,0.08235294117647057,0.0,0.08235294117647057,False,False,False,8.235294117647058,,,,exposure_only_no_risk_signal
jc,2025,1,JC080,Leonard Gordon Park,40.74590996631558,-74.0572714805603,368,0,0.0,0.0,1002.4128951396564,False,insufficient_data,0.08235294117647057,0.0,0.08235294117647057,False,False,False,8.235294117647058,,,,exposure_only_no_risk_signal
jc,2019,8,3201,Dey St,40.737711,-74.066921,491,0,0.0,0.0,751.2992778236121,False,insufficient_data,0.0816326530612245,0.0,0.0816326530612245,False,False,False,8.16326530612245,,,,exposure_only_no_risk_signal
jc,2019,9,3212,Christ Hospital,40.734785818,-74.050443636,449,0,0.0,0.0,821.5767158382929,False,insufficient_data,0.0816326530612245,0.0,0.0816326530612245,False,False,False,8.16326530612245,,,,exposure_only_no_risk_signal
jc,2020,9,3196,Riverview Park,40.7443187,-74.0439909,440,0,0.0,0.0,838.3816941168035,False,insufficient_data,0.0816326530612245,0.0,0.0816326530612245,False,False,False,8.16326530612245,,,,exposure_only_no_risk_signal
jc,2019,7,3677,Glenwood Ave,40.72755146730012,-74.07106071710587,399,0,0.0,0.0,924.5311915072521,False,insufficient_data,0.0816326530612245,0.0,0.0816326530612245,False,False,False,8.16326530612245,,,,exposure_only_no_risk_signal
jc,2019,10,3277,Communipaw & Berry Lane,40.71435836870427,-74.06661093235016,381,0,0.0,0.0,968.2098304760985,False,insufficient_data,0.0816326530612245,0.0,0.0816326530612245,False,False,False,8.16326530612245,,,,exposure_only_no_risk_signal
jc,2020,7,3201,Dey St,40.737711,-74.066921,347,0,0.0,0.0,1063.077652482402,False,insufficient_data,0.0816326530612245,0.0,0.0816326530612245,False,False,False,8.16326530612245,,,,exposure_only_no_risk_signal
jc,2019,5,3277,Communipaw & Berry Lane,40.71435836870427,-74.06661093235016,299,0,0.0,0.0,1233.7389478641924,False,insufficient_data,0.0816326530612245,0.0,0.0816326530612245,False,False,False,8.16326530612245,,,,exposure_only_no_risk_signal
jc,2019,11,3206,Hilltop,40.7311689,-74.0575736,290,0,0.0,0.0,1272.0273979703225,False,insufficient_data,0.0816326530612245,0.0,0.0816326530612245,False,False,False,8.16326530612245,,,,exposure_only_no_risk_signal
jc,2020,10,3212,Christ Hospital,40.734785818,-74.050443636,283,0,0.0,0.0,1303.4909731851362,False,insufficient_data,0.0816326530612245,0.0,0.0816326530612245,False,False,False,8.16326530612245,,,,exposure_only_no_risk_signal
jc,2020,1,3277,Communipaw & Berry Lane,40.71435836870427,-74.06661093235016,197,0,0.0,0.0,1872.5276416822007,False,insufficient_data,0.0816326530612245,0.0,0.0816326530612245,False,False,False,8.16326530612245,,,,exposure_only_no_risk_signal
jc,2020,2,3196,Riverview Park,40.7443187,-74.0439909,173,0,0.0,0.0,2132.300262493604,False,insufficient_data,0.0816326530612245,0.0,0.0816326530612245,False,False,False,8.16326530612245,,,,exposure_only_no_risk_signal
jc,2020,11,3212,Christ Hospital,40.734785818,-74.050443636,168,0,0.0,0.0,2195.7615798297234,False,insufficient_data,0.0816326530612245,0.0,0.0816326530612245,False,False,False,8.16326530612245,,,,exposure_only_no_risk_signal
jc,2020,3,3201,Dey St,40.737711,-74.066921,151,0,0.0,0.0,2442.9665259032686,False,insufficient_data,0.0816326530612245,0.0,0.0816326530612245,False,False,False,8.16326530612245,,,,exposure_only_no_risk_signal
jc,2025,8,JC051,Union St,40.7182113,-74.0836394,565,0,0.0,0.0,652.8990184272452,False,insufficient_data,0.07954545454545454,0.0,0.07954545454545454,False,False,False,7.954545454545454,,,,exposure_only_no_risk_signal
jc,2025,9,JC122,Union St & Bergen Ave,40.71575,-74.07887,247,0,0.0,0.0,1493.4734632040224,False,insufficient_data,0.07446808510638298,0.0,0.07446808510638298,False,False,False,7.446808510638298,,,,exposure_only_no_risk_signal
jc,2025,10,JC121,MLK Dr & Bramhall Ave,40.71647000000001,-74.07413,216,0,0.0,0.0,1707.8145620897849,False,insufficient_data,0.07446808510638298,0.0,0.07446808510638298,False,False,False,7.446808510638298,,,,exposure_only_no_risk_signal
jc,2025,11,JC121,MLK Dr & Bramhall Ave,40.71647,-74.07413,180,0,0.0,0.0,2049.377474507742,False,insufficient_data,0.07446808510638298,0.0,0.07446808510638298,False,False,False,7.446808510638298,,,,exposure_only_no_risk_signal
jc,2023,1,JC053,Lincoln Park,40.72461002350579,-74.07841933255239,364,0,0.0,0.0,1013.4284214598723,False,insufficient_data,0.07407407407407407,0.0,0.07407407407407407,False,False,False,7.4074074074074066,,,,exposure_only_no_risk_signal
jc,2023,2,JC065,Dey St,40.73771190296657,-74.06694899896378,359,0,0.0,0.0,1027.5430234300657,False,insufficient_data,0.07407407407407407,0.0,0.07407407407407407,False,False,False,7.4074074074074066,,,,exposure_only_no_risk_signal
jc,2025,12,JC140,Caven Point Recreation Fields,40.69222,-74.08025,21,0,0.0,0.0,17566.092638637787,False,insufficient_data,0.07407407407407407,0.0,0.07407407407407407,False,False,False,7.4074074074074066,,,,exposure_only_no_risk_signal
jc,2023,7,JC018,5 Corners Library,40.73491645543,-74.05950866824666,714,0,0.0,0.0,516.6497834893466,False,insufficient_data,0.07317073170731707,0.0,0.07317073170731707,False,False,False,7.317073170731707,,,,exposure_only_no_risk_signal
jc,2023,5,JC094,Glenwood Ave,40.727564848014346,-74.07106039340897,625,0,0.0,0.0,590.2207126582297,False,insufficient_data,0.07317073170731707,0.0,0.07317073170731707,False,False,False,7.317073170731707,,,,exposure_only_no_risk_signal
jc,2023,4,JC065,Dey St,40.737716315437495,-74.06694146432459,496,0,0.0,0.0,743.7256963939385,False,insufficient_data,0.07317073170731707,0.0,0.07317073170731707,False,False,False,7.317073170731707,,,,exposure_only_no_risk_signal
jc,2023,6,JC094,Glenwood Ave,40.72755596903579,-74.07092899986357,492,0,0.0,0.0,749.7722467711251,False,insufficient_data,0.07317073170731707,0.0,0.07317073170731707,False,False,False,7.317073170731707,,,,exposure_only_no_risk_signal
jc,2023,3,JC053,Lincoln Park,40.72461127339122,-74.07841097727311,411,0,0.0,0.0,897.5375800763833,False,insufficient_data,0.07317073170731707,0.0,0.07317073170731707,False,False,False,7.317073170731707,,,,exposure_only_no_risk_signal
jc,2023,8,JC018,5 Corners Library,40.73492435513349,-74.05949921210889,684,0,0.0,0.0,539.3098617125637,False,insufficient_data,0.07228915662650602,0.0,0.07228915662650602,False,False,False,7.228915662650602,,,,exposure_only_no_risk_signal
jc,2025,4,JC094,Glenwood Ave,40.72755146730012,-74.07106071710587,547,0,0.0,0.0,674.3838124522733,False,insufficient_data,0.07228915662650602,0.0,0.07228915662650602,False,False,False,7.228915662650602,,,,exposure_only_no_risk_signal
jc,2023,10,JC053,Lincoln Park,40.72464491575052,-74.07831823641882,546,0,0.0,0.0,675.618947639915,False,insufficient_data,0.07228915662650602,0.0,0.07228915662650602,False,False,False,7.228915662650602,,,,exposure_only_no_risk_signal
jc,2025,3,JC094,Glenwood Ave,40.72755146730012,-74.07106071710587,528,0,0.0,0.0,698.6514117640029,False,insufficient_data,0.07228915662650602,0.0,0.07228915662650602,False,False,False,7.228915662650602,,,,exposure_only_no_risk_signal
jc,2023,11,JC018,5 Corners Library,40.73497918349008,-74.05953056464105,445,0,0.0,0.0,828.9616750817833,False,insufficient_data,0.07228915662650602,0.0,0.07228915662650602,False,False,False,7.228915662650602,,,,exposure_only_no_risk_signal
jc,2023,12,JC065,Dey St,40.73771662884054,-74.0669581118027,370,0,0.0,0.0,996.9944470578203,False,insufficient_data,0.07228915662650602,0.0,0.07228915662650602,False,False,False,7.228915662650602,,,,exposure_only_no_risk_signal
jc,2025,2,JC059,Heights Elevator,40.74871594538023,-74.04044330120087,335,0,0.0,0.0,1101.1580460041598,False,insufficient_data,0.07228915662650602,0.0,0.07228915662650602,False,False,False,7.228915662650602,,,,exposure_only_no_risk_signal
jc,2025,7,JC018,5 Corners Library,40.73496102000952,-74.0595030784607,675,0,0.0,0.0,546.5006598687312,False,insufficient_data,0.07142857142857142,0.0,0.07142857142857142,False,False,False,7.142857142857142,,,,exposure_only_no_risk_signal
jc,2025,5,JC018,5 Corners Library,40.73496102000952,-74.0595030784607,537,0,0.0,0.0,686.9421702260587,False,insufficient_data,0.07142857142857142,0.0,0.07142857142857142,False,False,False,7.142857142857142,,,,exposure_only_no_risk_signal
jc,2023,9,HB507,Adams St & 11 St,40.750738614929055,-74.03356631653664,547,0,0.0,0.0,674.3838124522733,False,insufficient_data,0.07058823529411765,0.0,0.07058823529411765,False,False,False,7.0588235294117645,,,,exposure_only_no_risk_signal
jc,2025,6,JC094,Glenwood Ave,40.72755146730012,-74.07106071710587,472,0,0.0,0.0,781.5422572275287,False,insufficient_data,0.07058823529411765,0.0,0.07058823529411765,False,False,False,7.0588235294117645,,,,exposure_only_no_risk_signal
jc,2025,1,JC018,5 Corners Library,40.73496102000952,-74.0595030784607,246,0,0.0,0.0,1499.5444935422502,False,insufficient_data,0.07058823529411765,0.0,0.07058823529411765,False,False,False,7.0588235294117645,,,,exposure_only_no_risk_signal
jc,2025,8,JC108,Bergen Ave & Stegman St,40.70657545063453,-74.0867006778717,404,0,0.0,0.0,913.0889737905782,False,insufficient_data,0.06818181818181818,0.0,0.06818181818181818,False,False,False,6.8181818181818175,,,,exposure_only_no_risk_signal
jc,2025,12,JC130,Woodlawn Ave & Sterling Ave,40.7073,-74.09243,14,0,0.0,0.0,26349.138957956682,False,insufficient_data,0.06481481481481481,0.0,0.06481481481481481,False,False,False,6.481481481481481,,,,exposure_only_no_risk_signal
jc,2025,10,JC108,Bergen Ave & Stegman St,40.70657545063453,-74.0867006778717,212,0,0.0,0.0,1740.03747835563,False,insufficient_data,0.06382978723404255,0.0,0.06382978723404255,False,False,False,6.382978723404255,,,,exposure_only_no_risk_signal
jc,2025,9,JC131,West Side Ave & Stegman Pkwy,40.71087,-74.09368,178,0,0.0,0.0,2072.4041877044583,False,insufficient_data,0.06382978723404255,0.0,0.06382978723404255,False,False,False,6.382978723404255,,,,exposure_only_no_risk_signal
jc,2025,11,JC125,Claremont Ave & JFK Blvd,40.71188950748599,-74.08384994659119,153,0,0.0,0.0,2411.0323229502847,False,insufficient_data,0.06382978723404255,0.0,0.06382978723404255,False,False,False,6.382978723404255,,,,exposure_only_no_risk_signal
jc,2020,8,3220,5 Corners Library,40.73496102000952,-74.0595030784607,430,0,0.0,0.0,857.8789428171942,False,insufficient_data,0.0625,0.0,0.0625,False,False,False,6.25,,,,exposure_only_no_risk_signal
jc,2020,6,3207,Oakland Ave,40.7376037,-74.0524783,345,0,0.0,0.0,1069.2404214823,False,insufficient_data,0.0625,0.0,0.0625,False,False,False,6.25,,,,exposure_only_no_risk_signal
jc,2019,6,3677,Glenwood Ave,40.72755146730012,-74.07106071710587,291,0,0.0,0.0,1267.6561697986033,False,insufficient_data,0.0625,0.0,0.0625,False,False,False,6.25,,,,exposure_only_no_risk_signal
jc,2019,4,3201,Dey St,40.737711,-74.066921,269,0,0.0,0.0,1371.3306520869648,False,insufficient_data,0.0625,0.0,0.0625,False,False,False,6.25,,,,exposure_only_no_risk_signal
jc,2020,5,3212,Christ Hospital,40.734785818,-74.050443636,209,0,0.0,0.0,1765.0140928774808,False,insufficient_data,0.0625,0.0,0.0625,False,False,False,6.25,,,,exposure_only_no_risk_signal
jc,2019,3,3196,Riverview Park,40.7443187,-74.0439909,166,0,0.0,0.0,2222.2165386228526,False,insufficient_data,0.0625,0.0,0.0625,False,False,False,6.25,,,,exposure_only_no_risk_signal
jc,2019,12,3196,Riverview Park,40.7443187,-74.0439909,156,0,0.0,0.0,2364.6663167397023,False,insufficient_data,0.0625,0.0,0.0625,False,False,False,6.25,,,,exposure_only_no_risk_signal
jc,2019,1,3196,Riverview Park,40.7443187,-74.0439909,145,0,0.0,0.0,2544.054795940645,False,insufficient_data,0.0625,0.0,0.0625,False,False,False,6.25,,,,exposure_only_no_risk_signal
jc,2019,2,3196,Riverview Park,40.7443187,-74.0439909,122,0,0.0,0.0,3023.671683699947,False,insufficient_data,0.0625,0.0,0.0625,False,False,False,6.25,,,,exposure_only_no_risk_signal
jc,2020,12,3201,Dey St,40.737711,-74.066921,88,0,0.0,0.0,4191.908470584018,False,insufficient_data,0.0625,0.0,0.0625,False,False,False,6.25,,,,exposure_only_no_risk_signal
jc,2020,4,3268,Lafayette Park,40.71346382669195,-74.06285852193832,69,0,0.0,0.0,5346.2021074115,False,insufficient_data,0.0625,0.0,0.0625,False,False,False,6.25,,,,exposure_only_no_risk_signal
jc,2023,2,HB608,2 St & Park Ave,40.739153754070784,-74.03307706404198,299,0,0.0,0.0,1233.7389478641924,False,insufficient_data,0.06172839506172839,0.0,0.06172839506172839,False,False,False,6.172839506172839,,,,exposure_only_no_risk_signal
jc,2023,1,JC097,York St & Marin Blvd,40.71661620516978,-74.04240643879467,286,0,0.0,0.0,1289.8179909489286,False,insufficient_data,0.06172839506172839,0.0,0.06172839506172839,False,False,False,6.172839506172839,,,,exposure_only_no_risk_signal
jc,2019,8,3281,Leonard Gordon Park,40.74590996631558,-74.0572714805603,465,0,0.0,0.0,793.3074094868679,False,insufficient_data,0.061224489795918366,0.0,0.061224489795918366,False,False,False,6.122448979591836,,,,exposure_only_no_risk_signal
jc,2019,9,3281,Leonard Gordon Park,40.74590996631558,-74.0572714805603,440,0,0.0,0.0,838.3816941168035,False,insufficient_data,0.061224489795918366,0.0,0.061224489795918366,False,False,False,6.122448979591836,,,,exposure_only_no_risk_signal
jc,2019,7,3201,Dey St,40.737711,-74.066921,382,0,0.0,0.0,965.6752497680459,False,insufficient_data,0.061224489795918366,0.0,0.061224489795918366,False,False,False,6.122448979591836,,,,exposure_only_no_risk_signal
jc,2019,10,3281,Leonard Gordon Park,40.74590996631558,-74.0572714805603,357,0,0.0,0.0,1033.2995669786933,False,insufficient_data,0.061224489795918366,0.0,0.061224489795918366,False,False,False,6.122448979591836,,,,exposure_only_no_risk_signal
jc,2020,7,3281,Leonard Gordon Park,40.74590996631558,-74.0572714805603,301,0,0.0,0.0,1225.5413468817062,False,insufficient_data,0.061224489795918366,0.0,0.061224489795918366,False,False,False,6.122448979591836,,,,exposure_only_no_risk_signal
jc,2019,5,3201,Dey St,40.737711,-74.066921,295,0,0.0,0.0,1250.467611564046,False,insufficient_data,0.061224489795918366,0.0,0.061224489795918366,False,False,False,6.122448979591836,,,,exposure_only_no_risk_signal
jc,2020,9,3212,Christ Hospital,40.734785818,-74.050443636,293,0,0.0,0.0,1259.003226660046,False,insufficient_data,0.061224489795918366,0.0,0.061224489795918366,False,False,False,6.122448979591836,,,,exposure_only_no_risk_signal
jc,2019,11,3201,Dey St,40.737711,-74.066921,286,0,0.0,0.0,1289.8179909489286,False,insufficient_data,0.061224489795918366,0.0,0.061224489795918366,False,False,False,6.122448979591836,,,,exposure_only_no_risk_signal
jc,2020,10,3201,Dey St,40.737711,-74.066921,277,0,0.0,0.0,1331.7254346981717,False,insufficient_data,0.061224489795918366,0.0,0.061224489795918366,False,False,False,6.122448979591836,,,,exposure_only_no_risk_signal
jc,2020,1,3677,Glenwood Ave,40.72755146730012,-74.07106071710587,190,0,0.0,0.0,1941.515502165229,False,insufficient_data,0.061224489795918366,0.0,0.061224489795918366,False,False,False,6.122448979591836,,,,exposure_only_no_risk_signal
jc,2020,2,3281,Leonard Gordon Park,40.74590996631558,-74.0572714805603,148,0,0.0,0.0,2492.486117644551,False,insufficient_data,0.061224489795918366,0.0,0.061224489795918366,False,False,False,6.122448979591836,,,,exposure_only_no_risk_signal
jc,2020,11,3201,Dey St,40.737711,-74.066921,146,0,0.0,0.0,2526.6297630917365,False,insufficient_data,0.061224489795918366,0.0,0.061224489795918366,False,False,False,6.122448979591836,,,,exposure_only_no_risk_signal
jc,2020,3,3281,Leonard Gordon Park,40.74590996631558,-74.0572714805603,131,0,0.0,0.0,2815.9385145907904,False,insufficient_data,0.061224489795918366,0.0,0.061224489795918366,False,False,False,6.122448979591836,,,,exposure_only_no_risk_signal
jc,2023,7,JC065,Dey St,40.73769040064842,-74.06691222769342,548,0,0.0,0.0,673.1531850572875,False,insufficient_data,0.06097560975609756,0.0,0.06097560975609756,False,False,False,6.097560975609756,,,,exposure_only_no_risk_signal
jc,2023,5,JC065,Dey St,40.737711894176805,-74.06689723139164,526,0,0.0,0.0,701.3078810102538,False,insufficient_data,0.06097560975609756,0.0,0.06097560975609756,False,False,False,6.097560975609756,,,,exposure_only_no_risk_signal
jc,2023,4,JC018,5 Corners Library,40.734972229095646,-74.05951962344261,489,0,0.0,0.0,754.3720765059172,False,insufficient_data,0.06097560975609756,0.0,0.06097560975609756,False,False,False,6.097560975609756,,,,exposure_only_no_risk_signal
jc,2023,6,JC065,Dey St,40.737714255776815,-74.06688866552626,463,0,0.0,0.0,796.734223350742,False,insufficient_data,0.06097560975609756,0.0,0.06097560975609756,False,False,False,6.097560975609756,,,,exposure_only_no_risk_signal
jc,2023,3,JC097,York St & Marin Blvd,40.71661872621227,-74.04239916415253,370,0,0.0,0.0,996.9944470578203,False,insufficient_data,0.06097560975609756,0.0,0.06097560975609756,False,False,False,6.097560975609756,,,,exposure_only_no_risk_signal
jc,2023,8,JC038,Essex Light Rail,40.712785313453246,-74.03649126979208,606,0,0.0,0.0,608.7259825270521,False,insufficient_data,0.060240963855421686,0.0,0.060240963855421686,False,False,False,6.024096385542169,,,,exposure_only_no_risk_signal
jc,2023,10,JC065,Dey St,40.73770418325209,-74.0669444614584,517,0,0.0,0.0,713.5163354185562,False,insufficient_data,0.060240963855421686,0.0,0.060240963855421686,False,False,False,6.024096385542169,,,,exposure_only_no_risk_signal
jc,2025,4,JC018,5 Corners Library,40.73496102000952,-74.0595030784607,444,0,0.0,0.0,830.828705881517,False,insufficient_data,0.060240963855421686,0.0,0.060240963855421686,False,False,False,6.024096385542169,,,,exposure_only_no_risk_signal
jc,2025,3,JC018,5 Corners Library,40.73496102000952,-74.0595030784607,413,0,0.0,0.0,893.1911511171757,False,insufficient_data,0.060240963855421686,0.0,0.060240963855421686,False,False,False,6.024096385542169,,,,exposure_only_no_risk_signal
jc,2023,11,JC051,Union St,40.7182256498936,-74.08343103331826,354,0,0.0,0.0,1042.0563429700383,False,insufficient_data,0.060240963855421686,0.0,0.060240963855421686,False,False,False,6.024096385542169,,,,exposure_only_no_risk_signal
jc,2023,12,JC018,5 Corners Library,40.73493398425395,-74.05948864040785,313,0,0.0,0.0,1178.5557361386375,False,insufficient_data,0.060240963855421686,0.0,0.060240963855421686,False,False,False,6.024096385542169,,,,exposure_only_no_risk_signal
jc,2025,2,JC018,5 Corners Library,40.73496102000952,-74.0595030784607,291,0,0.0,0.0,1267.6561697986033,False,insufficient_data,0.060240963855421686,0.0,0.060240963855421686,False,False,False,6.024096385542169,,,,exposure_only_no_risk_signal
jc,2025,7,JC094,Glenwood Ave,40.72755146730012,-74.07106071710587,578,0,0.0,0.0,638.2144384280165,False,insufficient_data,0.059523809523809514,0.0,0.059523809523809514,False,False,False,5.952380952380952,,,,exposure_only_no_risk_signal
jc,2025,5,JC094,Glenwood Ave,40.72755146730012,-74.07106071710587,469,0,0.0,0.0,786.5414614315428,False,insufficient_data,0.059523809523809514,0.0,0.059523809523809514,False,False,False,5.952380952380952,,,,exposure_only_no_risk_signal
jc,2025,6,JC063,Jackson Square,40.71113,-74.0789,466,0,0.0,0.0,791.6050330716599,False,insufficient_data,0.0588235294117647,0.0,0.0588235294117647,False,False,False,5.88235294117647,,,,exposure_only_no_risk_signal
jc,2023,9,HB610,Adams St & 12 St,40.751800830799375,-74.03332100060659,432,0,0.0,0.0,853.9072810448924,False,insufficient_data,0.0588235294117647,0.0,0.0588235294117647,False,False,False,5.88235294117647,,,,exposure_only_no_risk_signal
jc,2025,1,JC059,Heights Elevator,40.74871594538023,-74.04044330120087,203,0,0.0,0.0,1817.1819971004609,False,insufficient_data,0.0588235294117647,0.0,0.0588235294117647,False,False,False,5.88235294117647,,,,exposure_only_no_risk_signal
jc,2025,8,JC107,Grant Ave & MLK Dr,40.70919832245443,-74.08084273338318,97,0,0.0,0.0,3802.96850939581,False,insufficient_data,0.056818181818181816,0.0,0.056818181818181816,False,False,False,5.681818181818182,,,,exposure_only_no_risk_signal
jc,2025,10,JC122,Union St & Bergen Ave,40.71575,-74.07887,199,0,0.0,0.0,1853.7082683989624,False,insufficient_data,0.05319148936170213,0.0,0.05319148936170213,False,False,False,5.319148936170213,,,,exposure_only_no_risk_signal
jc,2025,9,JC121,MLK Dr & Bramhall Ave,40.71647,-74.07413,177,0,0.0,0.0,2084.1126859400765,False,insufficient_data,0.05319148936170213,0.0,0.05319148936170213,False,False,False,5.319148936170213,,,,exposure_only_no_risk_signal
jc,2025,11,JC108,Bergen Ave & Stegman St,40.70657545063453,-74.0867006778717,142,0,0.0,0.0,2597.8024324746025,False,insufficient_data,0.05319148936170213,0.0,0.05319148936170213,False,False,False,5.319148936170213,,,,exposure_only_no_risk_signal
jc,2025,12,JC143,MLK Dr & Bayview Ave,40.7071,-74.08335,13,0,0.0,0.0,28375.995800876426,False,insufficient_data,0.05092592592592592,0.0,0.05092592592592592,False,False,False,5.092592592592593,,,,exposure_only_no_risk_signal
jc,2025,12,JC144,Danforth Ave & JFK Blvd,40.70056,-74.09474,13,0,0.0,0.0,28375.995800876426,False,insufficient_data,0.05092592592592592,0.0,0.05092592592592592,False,False,False,5.092592592592593,,,,exposure_only_no_risk_signal
jc,2023,1,JC051,Union St,40.7181909118189,-74.08358977211417,254,0,0.0,0.0,1452.3147457141476,False,insufficient_data,0.04938271604938271,0.0,0.04938271604938271,False,False,False,4.938271604938271,,,,exposure_only_no_risk_signal
jc,2023,2,JC051,Union St,40.718194161175,-74.083591791275,160,0,0.0,0.0,2305.5496588212095,False,insufficient_data,0.04938271604938271,0.0,0.04938271604938271,False,False,False,4.938271604938271,,,,exposure_only_no_risk_signal
jc,2023,7,JC051,Union St,40.71823005716707,-74.0831765716762,419,0,0.0,0.0,880.4008243708677,False,insufficient_data,0.04878048780487805,0.0,0.04878048780487805,False,False,False,4.878048780487805,,,,exposure_only_no_risk_signal
jc,2023,5,JC051,Union St,40.71819348663897,-74.08359266243839,349,0,0.0,0.0,1056.9855169380903,False,insufficient_data,0.04878048780487805,0.0,0.04878048780487805,False,False,False,4.878048780487805,,,,exposure_only_no_risk_signal
jc,2023,6,JC051,Union St,40.71817913788554,-74.0833068182249,332,0,0.0,0.0,1111.1082693114263,False,insufficient_data,0.04878048780487805,0.0,0.04878048780487805,False,False,False,4.878048780487805,,,,exposure_only_no_risk_signal
jc,2023,4,JC051,Union St,40.71819215343903,-74.08359336552961,287,0,0.0,0.0,1285.3238516076428,False,insufficient_data,0.04878048780487805,0.0,0.04878048780487805,False,False,False,4.878048780487805,,,,exposure_only_no_risk_signal
jc,2023,3,JC051,Union St,40.718183979155846,-74.08356629445454,231,0,0.0,0.0,1596.9175126034352,False,insufficient_data,0.04878048780487805,0.0,0.04878048780487805,False,False,False,4.878048780487805,,,,exposure_only_no_risk_signal
jc,2023,10,JC063,Jackson Square,40.71126041243132,-74.07867387386347,415,0,0.0,0.0,888.886615449141,False,insufficient_data,0.04819277108433735,0.0,0.04819277108433735,False,False,False,4.819277108433735,,,,exposure_only_no_risk_signal
jc,2023,8,JC051,Union St,40.718165934015,-74.08352908533,400,0,0.0,0.0,922.2198635284838,False,insufficient_data,0.04819277108433735,0.0,0.04819277108433735,False,False,False,4.819277108433735,,,,exposure_only_no_risk_signal
jc,2025,4,JC063,Jackson Square,40.71113,-74.0789,331,0,0.0,0.0,1114.4650918773218,False,insufficient_data,0.04819277108433735,0.0,0.04819277108433735,False,False,False,4.819277108433735,,,,exposure_only_no_risk_signal
jc,2025,3,JC051,Union St,40.7182113,-74.0836394,292,0,0.0,0.0,1263.3148815458683,False,insufficient_data,0.04819277108433735,0.0,0.04819277108433735,False,False,False,4.819277108433735,,,,exposure_only_no_risk_signal
jc,2023,11,JC063,Jackson Square,40.71114351546442,-74.07890238311612,267,0,0.0,0.0,1381.602791802972,False,insufficient_data,0.04819277108433735,0.0,0.04819277108433735,False,False,False,4.819277108433735,,,,exposure_only_no_risk_signal
jc,2023,12,JC051,Union St,40.71816754590909,-74.08353258029338,242,0,0.0,0.0,1524.3303529396428,False,insufficient_data,0.04819277108433735,0.0,0.04819277108433735,False,False,False,4.819277108433735,,,,exposure_only_no_risk_signal
jc,2025,2,JC063,Jackson Square,40.71113,-74.0789,163,0,0.0,0.0,2263.116229517752,False,insufficient_data,0.04819277108433735,0.0,0.04819277108433735,False,False,False,4.819277108433735,,,,exposure_only_no_risk_signal
jc,2025,7,JC063,Jackson Square,40.71113,-74.0789,498,0,0.0,0.0,740.7388462076175,False,insufficient_data,0.047619047619047616,0.0,0.047619047619047616,False,False,False,4.761904761904762,,,,exposure_only_no_risk_signal
jc,2025,5,JC063,Jackson Square,40.71113,-74.0789,430,0,0.0,0.0,857.8789428171942,False,insufficient_data,0.047619047619047616,0.0,0.047619047619047616,False,False,False,4.761904761904762,,,,exposure_only_no_risk_signal
jc,2025,6,JC051,Union St,40.7182113,-74.0836394,418,0,0.0,0.0,882.5070464387404,False,insufficient_data,0.047058823529411764,0.0,0.047058823529411764,False,False,False,4.705882352941177,,,,exposure_only_no_risk_signal
jc,2023,9,JC063,Jackson Square,40.711147472474,-74.07889993722081,391,0,0.0,0.0,943.4474307196766,False,insufficient_data,0.047058823529411764,0.0,0.047058823529411764,False,False,False,4.705882352941177,,,,exposure_only_no_risk_signal
jc,2025,1,JC051,Union St,40.7182113,-74.0836394,159,0,0.0,0.0,2320.0499711408397,False,insufficient_data,0.047058823529411764,0.0,0.047058823529411764,False,False,False,4.705882352941177,,,,exposure_only_no_risk_signal
jc,2025,8,JC117,Dr. Lena Edwards Park,40.713203,-74.058261,55,0,0.0,0.0,6707.053552934428,False,insufficient_data,0.045454545454545456,0.0,0.045454545454545456,False,False,False,4.545454545454546,,,,exposure_only_no_risk_signal
jc,2025,10,JC119,Garfield Light Rail,40.710526,-74.070112,184,0,0.0,0.0,2004.8257902793127,False,insufficient_data,0.0425531914893617,0.0,0.0425531914893617,False,False,False,4.25531914893617,,,,exposure_only_no_risk_signal
jc,2025,9,JC119,Garfield Light Rail,40.710526,-74.070112,161,0,0.0,0.0,2291.229474604929,False,insufficient_data,0.0425531914893617,0.0,0.0425531914893617,False,False,False,4.25531914893617,,,,exposure_only_no_risk_signal
jc,2025,11,JC131,West Side Ave & Stegman Pkwy,40.71087,-74.09368,136,0,0.0,0.0,2712.41136331907,False,insufficient_data,0.0425531914893617,0.0,0.0425531914893617,False,False,False,4.25531914893617,,,,exposure_only_no_risk_signal
jc,2020,8,3212,Christ Hospital,40.734785818,-74.050443636,355,0,0.0,0.0,1039.120972989841,False,insufficient_data,0.04166666666666666,0.0,0.04166666666666666,False,False,False,4.166666666666666,,,,exposure_only_no_risk_signal
jc,2020,6,3281,Leonard Gordon Park,40.74590996631558,-74.0572714805603,339,0,0.0,0.0,1088.1650307120753,False,insufficient_data,0.04166666666666666,0.0,0.04166666666666666,False,False,False,4.166666666666666,,,,exposure_only_no_risk_signal
jc,2019,4,3277,Communipaw & Berry Lane,40.71435836870427,-74.06661093235016,255,0,0.0,0.0,1446.6193937701707,False,insufficient_data,0.04166666666666666,0.0,0.04166666666666666,False,False,False,4.166666666666666,,,,exposure_only_no_risk_signal
jc,2019,6,3791,Hoboken Ave at Monmouth St,40.73520838045357,-74.04696375131607,216,0,0.0,0.0,1707.8145620897849,False,insufficient_data,0.04166666666666666,0.0,0.04166666666666666,False,False,False,4.166666666666666,,,,exposure_only_no_risk_signal
jc,2020,5,3220,5 Corners Library,40.73496102000952,-74.0595030784607,157,0,0.0,0.0,2349.604747843271,False,insufficient_data,0.04166666666666666,0.0,0.04166666666666666,False,False,False,4.166666666666666,,,,exposure_only_no_risk_signal
jc,2019,3,3201,Dey St,40.737711,-74.066921,151,0,0.0,0.0,2442.9665259032686,False,insufficient_data,0.04166666666666666,0.0,0.04166666666666666,False,False,False,4.166666666666666,,,,exposure_only_no_risk_signal
jc,2019,12,3281,Leonard Gordon Park,40.74590996631558,-74.0572714805603,138,0,0.0,0.0,2673.10105370575,False,insufficient_data,0.04166666666666666,0.0,0.04166666666666666,False,False,False,4.166666666666666,,,,exposure_only_no_risk_signal
jc,2019,1,3277,Communipaw & Berry Lane,40.71435836870427,-74.06661093235016,130,0,0.0,0.0,2837.5995800876426,False,insufficient_data,0.04166666666666666,0.0,0.04166666666666666,False,False,False,4.166666666666666,,,,exposure_only_no_risk_signal
jc,2019,2,3277,Communipaw & Berry Lane,40.71435836870427,-74.06661093235016,99,0,0.0,0.0,3726.1408627413484,False,insufficient_data,0.04166666666666666,0.0,0.04166666666666666,False,False,False,4.166666666666666,,,,exposure_only_no_risk_signal
jc,2020,12,3220,5 Corners Library,40.73496102000952,-74.0595030784607,77,0,0.0,0.0,4790.7525378103055,False,insufficient_data,0.04166666666666666,0.0,0.04166666666666666,False,False,False,4.166666666666666,,,,exposure_only_no_risk_signal
jc,2020,4,3220,5 Corners Library,40.73496102000952,-74.0595030784607,63,0,0.0,0.0,5855.364212879263,False,insufficient_data,0.04166666666666666,0.0,0.04166666666666666,False,False,False,4.166666666666666,,,,exposure_only_no_risk_signal
jc,2019,8,3212,Christ Hospital,40.734785818,-74.050443636,382,0,0.0,0.0,965.6752497680459,False,insufficient_data,0.04081632653061225,0.0,0.04081632653061225,False,False,False,4.081632653061225,,,,exposure_only_no_risk_signal
jc,2019,7,3791,Hoboken Ave at Monmouth St,40.73520838045357,-74.04696375131607,371,0,0.0,0.0,994.3071304889313,False,insufficient_data,0.04081632653061225,0.0,0.04081632653061225,False,False,False,4.081632653061225,,,,exposure_only_no_risk_signal
jc,2020,7,3212,Christ Hospital,40.734785818,-74.050443636,254,0,0.0,0.0,1452.3147457141476,False,insufficient_data,0.04081632653061225,0.0,0.04081632653061225,False,False,False,4.081632653061225,,,,exposure_only_no_risk_signal
jc,2020,9,3281,Leonard Gordon Park,40.74590996631558,-74.0572714805603,224,0,0.0,0.0,1646.8211848722926,False,insufficient_data,0.04081632653061225,0.0,0.04081632653061225,False,False,False,4.081632653061225,,,,exposure_only_no_risk_signal
jc,2019,11,3277,Communipaw & Berry Lane,40.71435836870427,-74.06661093235016,189,0,0.0,0.0,1951.7880709597541,False,insufficient_data,0.04081632653061225,0.0,0.04081632653061225,False,False,False,4.081632653061225,,,,exposure_only_no_risk_signal
jc,2019,9,3201,Dey St,40.737711,-74.066921,177,0,0.0,0.0,2084.1126859400765,False,insufficient_data,0.04081632653061225,0.0,0.04081632653061225,False,False,False,4.081632653061225,,,,exposure_only_no_risk_signal
jc,2020,10,3281,Leonard Gordon Park,40.74590996631558,-74.0572714805603,177,0,0.0,0.0,2084.1126859400765,False,insufficient_data,0.04081632653061225,0.0,0.04081632653061225,False,False,False,4.081632653061225,,,,exposure_only_no_risk_signal
jc,2019,10,3201,Dey St,40.737711,-74.066921,174,0,0.0,0.0,2120.045663283871,False,insufficient_data,0.04081632653061225,0.0,0.04081632653061225,False,False,False,4.081632653061225,,,,exposure_only_no_risk_signal
jc,2020,1,3281,Leonard Gordon Park,40.74590996631558,-74.0572714805603,166,0,0.0,0.0,2222.2165386228526,False,insufficient_data,0.04081632653061225,0.0,0.04081632653061225,False,False,False,4.081632653061225,,,,exposure_only_no_risk_signal
jc,2020,3,3277,Communipaw & Berry Lane,40.71435836870427,-74.06661093235016,130,0,0.0,0.0,2837.5995800876426,False,insufficient_data,0.04081632653061225,0.0,0.04081632653061225,False,False,False,4.081632653061225,,,,exposure_only_no_risk_signal
jc,2020,2,3277,Communipaw & Berry Lane,40.71435836870427,-74.06661093235016,106,0,0.0,0.0,3480.07495671126,False,insufficient_data,0.04081632653061225,0.0,0.04081632653061225,False,False,False,4.081632653061225,,,,exposure_only_no_risk_signal
jc,2020,11,3281,Leonard Gordon Park,40.74590996631558,-74.0572714805603,56,0,0.0,0.0,6587.2847394891705,False,insufficient_data,0.04081632653061225,0.0,0.04081632653061225,False,False,False,4.081632653061225,,,,exposure_only_no_risk_signal
jc,2019,5,3426,JCBS Depot,40.70965083364061,-74.06860113143921,23,0,0.0,0.0,16038.606322234502,False,insufficient_data,0.04081632653061225,0.0,0.04081632653061225,False,False,False,4.081632653061225,,,,exposure_only_no_risk_signal
jc,2023,1,JC063,Jackson Square,40.71114036684276,-74.0788978411195,159,0,0.0,0.0,2320.0499711408397,False,insufficient_data,0.037037037037037035,0.0,0.037037037037037035,False,False,False,3.7037037037037033,,,,exposure_only_no_risk_signal
jc,2023,2,JC063,Jackson Square,40.71113339527777,-74.07889939126986,126,0,0.0,0.0,2927.6821064396313,False,insufficient_data,0.037037037037037035,0.0,0.037037037037037035,False,False,False,3.7037037037037033,,,,exposure_only_no_risk_signal
jc,2023,7,JC063,Jackson Square,40.71120882645992,-74.07876734835702,366,0,0.0,0.0,1007.8905612333157,False,insufficient_data,0.036585365853658534,0.0,0.036585365853658534,False,False,False,3.6585365853658534,,,,exposure_only_no_risk_signal
jc,2023,6,JC063,Jackson Square,40.711140045202654,-74.07889797100333,301,0,0.0,0.0,1225.5413468817062,False,insufficient_data,0.036585365853658534,0.0,0.036585365853658534,False,False,False,3.6585365853658534,,,,exposure_only_no_risk_signal
jc,2023,5,JC108,Bergen Ave & Stegman St,40.70660133283644,-74.08670329887208,287,0,0.0,0.0,1285.3238516076428,False,insufficient_data,0.036585365853658534,0.0,0.036585365853658534,False,False,False,3.6585365853658534,,,,exposure_only_no_risk_signal
jc,2023,4,JC063,Jackson Square,40.71113905346535,-74.07889938496041,202,0,0.0,0.0,1826.1779475811563,False,insufficient_data,0.036585365853658534,0.0,0.036585365853658534,False,False,False,3.6585365853658534,,,,exposure_only_no_risk_signal
jc,2023,3,JC063,Jackson Square,40.7111357403473,-74.0789008586527,167,0,0.0,0.0,2208.9098527628357,False,insufficient_data,0.036585365853658534,0.0,0.036585365853658534,False,False,False,3.6585365853658534,,,,exposure_only_no_risk_signal
jc,2023,8,JC063,Jackson Square,40.711137377177664,-74.07889985451523,394,0,0.0,0.0,936.2638208411004,False,insufficient_data,0.03614457831325301,0.0,0.03614457831325301,False,False,False,3.614457831325301,,,,exposure_only_no_risk_signal
jc,2023,10,JC051,Union St,40.71817712366408,-74.08354818038745,388,0,0.0,0.0,950.7421273489525,False,insufficient_data,0.03614457831325301,0.0,0.03614457831325301,False,False,False,3.614457831325301,,,,exposure_only_no_risk_signal
jc,2025,4,JC051,Union St,40.7182113,-74.0836394,287,0,0.0,0.0,1285.3238516076428,False,insufficient_data,0.03614457831325301,0.0,0.03614457831325301,False,False,False,3.614457831325301,,,,exposure_only_no_risk_signal
jc,2025,3,JC063,Jackson Square,40.71113,-74.0789,271,0,0.0,0.0,1361.2101306693487,False,insufficient_data,0.03614457831325301,0.0,0.03614457831325301,False,False,False,3.614457831325301,,,,exposure_only_no_risk_signal
jc,2023,11,JC053,Lincoln Park,40.72461814375508,-74.07842147847474,192,0,0.0,0.0,1921.2913823510082,False,insufficient_data,0.03614457831325301,0.0,0.03614457831325301,False,False,False,3.614457831325301,,,,exposure_only_no_risk_signal
jc,2023,12,JC063,Jackson Square,40.71114325936559,-74.07890267711828,186,0,0.0,0.0,1983.2685237171695,False,insufficient_data,0.03614457831325301,0.0,0.03614457831325301,False,False,False,3.614457831325301,,,,exposure_only_no_risk_signal
jc,2025,2,JC051,Union St,40.7182113,-74.0836394,153,0,0.0,0.0,2411.0323229502847,False,insufficient_data,0.03614457831325301,0.0,0.03614457831325301,False,False,False,3.614457831325301,,,,exposure_only_no_risk_signal
jc,2025,7,JC051,Union St,40.7182113,-74.0836394,436,0,0.0,0.0,846.073269292187,False,insufficient_data,0.03571428571428571,0.0,0.03571428571428571,False,False,False,3.571428571428571,,,,exposure_only_no_risk_signal
jc,2025,5,JC051,Union St,40.7182113,-74.0836394,418,0,0.0,0.0,882.5070464387404,False,insufficient_data,0.03571428571428571,0.0,0.03571428571428571,False,False,False,3.571428571428571,,,,exposure_only_no_risk_signal
jc,2025,6,JC108,Bergen Ave & Stegman St,40.70657545063453,-74.0867006778717,366,0,0.0,0.0,1007.8905612333157,False,insufficient_data,0.03529411764705882,0.0,0.03529411764705882,False,False,False,3.5294117647058822,,,,exposure_only_no_risk_signal
jc,2023,9,JC051,Union St,40.71817384619863,-74.08354277333218,292,0,0.0,0.0,1263.3148815458683,False,insufficient_data,0.03529411764705882,0.0,0.03529411764705882,False,False,False,3.5294117647058822,,,,exposure_only_no_risk_signal
jc,2025,1,JC108,Bergen Ave & Stegman St,40.70657545063453,-74.0867006778717,112,0,0.0,0.0,3293.6423697445853,False,insufficient_data,0.03529411764705882,0.0,0.03529411764705882,False,False,False,3.5294117647058822,,,,exposure_only_no_risk_signal
jc,2025,8,JC120,Arlington Ave & Bramhall Ave,40.71322500000001,-74.070645,29,0,0.0,0.0,12720.273979703226,False,insufficient_data,0.03409090909090909,0.0,0.03409090909090909,False,False,False,3.4090909090909087,,,,exposure_only_no_risk_signal
jc,2025,12,JC132,Van Nostrand Ave & Ocean Ave,40.69983,-74.08416,12,0,0.0,0.0,30740.66211761613,False,insufficient_data,0.032407407407407406,0.0,0.032407407407407406,False,False,False,3.2407407407407405,,,,exposure_only_no_risk_signal
jc,2025,12,JC133,Richard St Light Rail,40.6990691577764,-74.07915010654774,12,0,0.0,0.0,30740.66211761613,False,insufficient_data,0.032407407407407406,0.0,0.032407407407407406,False,False,False,3.2407407407407405,,,,exposure_only_no_risk_signal
jc,2025,10,JC125,Claremont Ave & JFK Blvd,40.71188950748599,-74.08384994659119,127,0,0.0,0.0,2904.6294914282953,False,insufficient_data,0.031914893617021274,0.0,0.031914893617021274,False,False,False,3.1914893617021276,,,,exposure_only_no_risk_signal
jc,2025,9,JC107,Grant Ave & MLK Dr,40.70919832245442,-74.08084273338318,108,0,0.0,0.0,3415.6291241795698,False,insufficient_data,0.031914893617021274,0.0,0.031914893617021274,False,False,False,3.1914893617021276,,,,exposure_only_no_risk_signal
jc,2025,11,JC119,Garfield Light Rail,40.71052600000001,-74.070112,108,0,0.0,0.0,3415.6291241795698,False,insufficient_data,0.031914893617021274,0.0,0.031914893617021274,False,False,False,3.1914893617021276,,,,exposure_only_no_risk_signal
jc,2023,1,JC107,Grant Ave & MLK Dr,40.7091790322168,-74.08081049053978,127,0,0.0,0.0,2904.6294914282953,False,insufficient_data,0.024691358024691357,0.0,0.024691358024691357,False,False,False,2.4691358024691357,,,,exposure_only_no_risk_signal
jc,2023,2,JC107,Grant Ave & MLK Dr,40.709187906691504,-74.08081678649545,79,0,0.0,0.0,4669.467663435361,False,insufficient_data,0.024691358024691357,0.0,0.024691358024691357,False,False,False,2.4691358024691357,,,,exposure_only_no_risk_signal
jc,2023,7,JC108,Bergen Ave & Stegman St,40.70671543940326,-74.08649370153148,359,0,0.0,0.0,1027.5430234300657,False,insufficient_data,0.024390243902439025,0.0,0.024390243902439025,False,False,False,2.4390243902439024,,,,exposure_only_no_risk_signal
jc,2023,5,JC063,Jackson Square,40.71113886135573,-74.07890061234387,253,0,0.0,0.0,1458.0551202031365,False,insufficient_data,0.024390243902439025,0.0,0.024390243902439025,False,False,False,2.4390243902439024,,,,exposure_only_no_risk_signal
jc,2023,6,JC108,Bergen Ave & Stegman St,40.70659830057981,-74.08670249031945,208,0,0.0,0.0,1773.4997375547766,False,insufficient_data,0.024390243902439025,0.0,0.024390243902439025,False,False,False,2.4390243902439024,,,,exposure_only_no_risk_signal
jc,2023,4,JC108,Bergen Ave & Stegman St,40.70659750220734,-74.08670291487606,172,0,0.0,0.0,2144.697357042986,False,insufficient_data,0.024390243902439025,0.0,0.024390243902439025,False,False,False,2.4390243902439024,,,,exposure_only_no_risk_signal
jc,2023,3,JC108,Bergen Ave & Stegman St,40.70660309340938,-74.08670450916513,79,0,0.0,0.0,4669.467663435361,False,insufficient_data,0.024390243902439025,0.0,0.024390243902439025,False,False,False,2.4390243902439024,,,,exposure_only_no_risk_signal
jc,2023,8,JC108,Bergen Ave & Stegman St,40.70661552186412,-74.08670466728375,320,0,0.0,0.0,1152.7748294106048,False,insufficient_data,0.024096385542168676,0.0,0.024096385542168676,False,False,False,2.4096385542168677,,,,exposure_only_no_risk_signal
jc,2023,10,JC108,Bergen Ave & Stegman St,40.706897128011065,-74.08633835619175,233,0,0.0,0.0,1583.2100661433199,False,insufficient_data,0.024096385542168676,0.0,0.024096385542168676,False,False,False,2.4096385542168677,,,,exposure_only_no_risk_signal
jc,2025,4,JC108,Bergen Ave & Stegman St,40.70657545063453,-74.0867006778717,231,0,0.0,0.0,1596.9175126034352,False,insufficient_data,0.024096385542168676,0.0,0.024096385542168676,False,False,False,2.4096385542168677,,,,exposure_only_no_risk_signal
jc,2023,11,JC108,Bergen Ave & Stegman St,40.70672029883587,-74.0866694949845,181,0,0.0,0.0,2038.0549470242738,False,insufficient_data,0.024096385542168676,0.0,0.024096385542168676,False,False,False,2.4096385542168677,,,,exposure_only_no_risk_signal
jc,2025,3,JC108,Bergen Ave & Stegman St,40.70657545063453,-74.0867006778717,143,0,0.0,0.0,2579.635981897857,False,insufficient_data,0.024096385542168676,0.0,0.024096385542168676,False,False,False,2.4096385542168677,,,,exposure_only_no_risk_signal
jc,2023,12,JC108,Bergen Ave & Stegman St,40.70663419009269,-74.08669371277414,124,0,0.0,0.0,2974.902785575754,False,insufficient_data,0.024096385542168676,0.0,0.024096385542168676,False,False,False,2.4096385542168677,,,,exposure_only_no_risk_signal
jc,2025,2,JC108,Bergen Ave & Stegman St,40.70657545063453,-74.0867006778717,75,0,0.0,0.0,4918.505938818581,False,insufficient_data,0.024096385542168676,0.0,0.024096385542168676,False,False,False,2.4096385542168677,,,,exposure_only_no_risk_signal
jc,2025,7,JC108,Bergen Ave & Stegman St,40.70657545063453,-74.0867006778717,356,0,0.0,0.0,1036.2020938522292,False,insufficient_data,0.023809523809523808,0.0,0.023809523809523808,False,False,False,2.380952380952381,,,,exposure_only_no_risk_signal
jc,2025,5,JC108,Bergen Ave & Stegman St,40.70657545063453,-74.0867006778717,324,0,0.0,0.0,1138.54304139319,False,insufficient_data,0.023809523809523808,0.0,0.023809523809523808,False,False,False,2.380952380952381,,,,exposure_only_no_risk_signal
jc,2025,6,HB102,Hoboken Terminal - River St & Hudson Pl,40.7360676564825,-74.02912706136703,304,0,0.0,0.0,1213.4471888532682,False,insufficient_data,0.023529411764705882,0.0,0.023529411764705882,False,False,False,2.3529411764705883,,,,exposure_only_no_risk_signal
jc,2023,9,JC108,Bergen Ave & Stegman St,40.70673140701128,-74.08660794008185,237,0,0.0,0.0,1556.4892211451204,False,insufficient_data,0.023529411764705882,0.0,0.023529411764705882,False,False,False,2.3529411764705883,,,,exposure_only_no_risk_signal
jc,2025,1,JC063,Jackson Square,40.71113,-74.0789,104,0,0.0,0.0,3546.9994751095533,False,insufficient_data,0.023529411764705882,0.0,0.023529411764705882,False,False,False,2.3529411764705883,,,,exposure_only_no_risk_signal
jc,2025,8,JC122,Union St & Bergen Ave,40.71575,-74.07887,19,0,0.0,0.0,19415.155021652292,False,insufficient_data,0.022727272727272728,0.0,0.022727272727272728,False,False,False,2.272727272727273,,,,exposure_only_no_risk_signal
jc,2025,9,JC125,Claremont Ave & JFK Blvd,40.71188950748599,-74.08384994659119,97,0,0.0,0.0,3802.96850939581,False,insufficient_data,0.02127659574468085,0.0,0.02127659574468085,False,False,False,2.127659574468085,,,,exposure_only_no_risk_signal
jc,2025,10,JC127,Arlington Ave & Wilkinson Ave,40.704503,-74.07721,89,0,0.0,0.0,4144.808375408917,False,insufficient_data,0.02127659574468085,0.0,0.02127659574468085,False,False,False,2.127659574468085,,,,exposure_only_no_risk_signal
jc,2025,11,JC127,Arlington Ave & Wilkinson Ave,40.704503,-74.07721,64,0,0.0,0.0,5763.874147053024,False,insufficient_data,0.02127659574468085,0.0,0.02127659574468085,False,False,False,2.127659574468085,,,,exposure_only_no_risk_signal
jc,2020,8,3281,Leonard Gordon Park,40.74590996631558,-74.0572714805603,328,0,0.0,0.0,1124.6583701566876,False,insufficient_data,0.02083333333333333,0.0,0.02083333333333333,False,False,False,2.083333333333333,,,,exposure_only_no_risk_signal
jc,2020,6,3212,Christ Hospital,40.734785818,-74.050443636,326,0,0.0,0.0,1131.558114758876,False,insufficient_data,0.02083333333333333,0.0,0.02083333333333333,False,False,False,2.083333333333333,,,,exposure_only_no_risk_signal
jc,2020,5,3281,Leonard Gordon Park,40.74590996631558,-74.0572714805603,136,0,0.0,0.0,2712.41136331907,False,insufficient_data,0.02083333333333333,0.0,0.02083333333333333,False,False,False,2.083333333333333,,,,exposure_only_no_risk_signal
jc,2019,12,3201,Dey St,40.737711,-74.066921,127,0,0.0,0.0,2904.6294914282953,False,insufficient_data,0.02083333333333333,0.0,0.02083333333333333,False,False,False,2.083333333333333,,,,exposure_only_no_risk_signal
jc,2020,4,3281,Leonard Gordon Park,40.74590996631558,-74.0572714805603,42,0,0.0,0.0,8783.046319318893,False,insufficient_data,0.02083333333333333,0.0,0.02083333333333333,False,False,False,2.083333333333333,,,,exposure_only_no_risk_signal
jc,2020,12,3281,Leonard Gordon Park,40.74590996631558,-74.0572714805603,33,0,0.0,0.0,11178.422588224046,False,insufficient_data,0.02083333333333333,0.0,0.02083333333333333,False,False,False,2.083333333333333,,,,exposure_only_no_risk_signal
jc,2019,3,3426,JCBS Depot,40.70965083364061,-74.06860113143921,29,0,0.0,0.0,12720.273979703226,False,insufficient_data,0.02083333333333333,0.0,0.02083333333333333,False,False,False,2.083333333333333,,,,exposure_only_no_risk_signal
jc,2019,2,3426,JCBS Depot,40.70965083364061,-74.06860113143921,18,0,0.0,0.0,20493.77474507742,False,insufficient_data,0.02083333333333333,0.0,0.02083333333333333,False,False,False,2.083333333333333,,,,exposure_only_no_risk_signal
jc,2019,4,3426,JCBS Depot,40.70965083364061,-74.06860113143921,18,0,0.0,0.0,20493.77474507742,False,insufficient_data,0.02083333333333333,0.0,0.02083333333333333,False,False,False,2.083333333333333,,,,exposure_only_no_risk_signal
jc,2019,1,3426,JCBS Depot,40.70965083364061,-74.06860113143921,15,0,0.0,0.0,24592.5296940929,False,insufficient_data,0.02083333333333333,0.0,0.02083333333333333,False,False,False,2.083333333333333,,,,exposure_only_no_risk_signal
jc,2019,6,3426,JCBS Depot,40.70965083364061,-74.06860113143921,10,0,0.0,0.0,36888.79454113935,False,insufficient_data,0.02083333333333333,0.0,0.02083333333333333,False,False,False,2.083333333333333,,,,exposure_only_no_risk_signal
jc,2019,9,3426,JCBS Depot,40.70965083364061,-74.06860113143921,16,0,0.0,0.0,23055.496588212096,False,insufficient_data,0.020408163265306124,0.0,0.020408163265306124,False,False,False,2.0408163265306123,,,,exposure_only_no_risk_signal
jc,2019,10,3426,JCBS Depot,40.70965083364061,-74.06860113143921,13,0,0.0,0.0,28375.995800876426,False,insufficient_data,0.020408163265306124,0.0,0.020408163265306124,False,False,False,2.0408163265306123,,,,exposure_only_no_risk_signal
jc,2019,7,3426,JCBS Depot,40.70965083364061,-74.06860113143921,12,0,0.0,0.0,30740.66211761613,False,insufficient_data,0.020408163265306124,0.0,0.020408163265306124,False,False,False,2.0408163265306123,,,,exposure_only_no_risk_signal
jc,2019,8,3426,JCBS Depot,40.70965083364061,-74.06860113143921,10,0,0.0,0.0,36888.79454113935,False,insufficient_data,0.020408163265306124,0.0,0.020408163265306124,False,False,False,2.0408163265306123,,,,exposure_only_no_risk_signal
jc,2020,1,3426,JCBS Depot,40.70965083364061,-74.06860113143921,9,0,0.0,0.0,40987.54949015484,False,insufficient_data,0.020408163265306124,0.0,0.020408163265306124,False,False,False,2.0408163265306123,,,,exposure_only_no_risk_signal
jc,2020,9,3426,JCBS Depot,40.70965083364061,-74.06860113143921,6,0,0.0,0.0,61481.32423523226,False,insufficient_data,0.020408163265306124,0.0,0.020408163265306124,False,False,False,2.0408163265306123,,,,exposure_only_no_risk_signal
jc,2020,10,3426,JCBS Depot,40.70965083364061,-74.06860113143921,6,0,0.0,0.0,61481.32423523226,False,insufficient_data,0.020408163265306124,0.0,0.020408163265306124,False,False,False,2.0408163265306123,,,,exposure_only_no_risk_signal
jc,2020,2,3426,JCBS Depot,40.70965083364061,-74.06860113143921,4,0,0.0,0.0,92221.98635284838,False,insufficient_data,0.020408163265306124,0.0,0.020408163265306124,False,False,False,2.0408163265306123,,,,exposure_only_no_risk_signal
jc,2020,7,3426,JCBS Depot,40.70965083364061,-74.06860113143921,4,0,0.0,0.0,92221.98635284838,False,insufficient_data,0.020408163265306124,0.0,0.020408163265306124,False,False,False,2.0408163265306123,,,,exposure_only_no_risk_signal
jc,2019,5,3791,Hoboken Ave at Monmouth St,40.73520838045357,-74.04696375131607,3,0,0.0,0.0,122962.64847046453,False,insufficient_data,0.020408163265306124,0.0,0.020408163265306124,False,False,False,2.0408163265306123,,,,exposure_only_no_risk_signal
jc,2019,11,3426,JCBS Depot,40.70965083364061,-74.06860113143921,2,0,0.0,0.0,184443.97270569677,False,insufficient_data,0.020408163265306124,0.0,0.020408163265306124,False,False,False,2.0408163265306123,,,,exposure_only_no_risk_signal
jc,2020,11,3426,JCBS Depot,40.70965083364061,-74.06860113143921,2,0,0.0,0.0,184443.97270569677,False,insufficient_data,0.020408163265306124,0.0,0.020408163265306124,False,False,False,2.0408163265306123,,,,exposure_only_no_risk_signal
jc,2020,3,3426,JCBS Depot,40.70965083364061,-74.06860113143921,1,0,0.0,0.0,368887.94541139354,False,insufficient_data,0.020408163265306124,0.0,0.020408163265306124,False,False,False,2.0408163265306123,,,,exposure_only_no_risk_signal
jc,2025,12,JC125,Claremont Ave & JFK Blvd,40.71188950748599,-74.08384994659119,8,0,0.0,0.0,46110.99317642419,False,insufficient_data,0.018518518518518517,0.0,0.018518518518518517,False,False,False,1.8518518518518516,,,,exposure_only_no_risk_signal
jc,2023,1,JC108,Bergen Ave & Stegman St,40.70662306237533,-74.08669362711375,98,0,0.0,0.0,3764.162708279526,False,insufficient_data,0.012345679012345678,0.0,0.012345679012345678,False,False,False,1.2345679012345678,,,,exposure_only_no_risk_signal
jc,2023,2,JC108,Bergen Ave & Stegman St,40.70660607528043,-74.08670961686,70,0,0.0,0.0,5269.827791591336,False,insufficient_data,0.012345679012345678,0.0,0.012345679012345678,False,False,False,1.2345679012345678,,,,exposure_only_no_risk_signal
jc,2023,7,JC107,Grant Ave & MLK Dr,40.709299737542565,-74.0807141729121,194,0,0.0,0.0,1901.484254697905,False,insufficient_data,0.012195121951219513,0.0,0.012195121951219513,False,False,False,1.2195121951219512,,,,exposure_only_no_risk_signal
jc,2023,5,JC107,Grant Ave & MLK Dr,40.70918252705154,-74.08082233266984,162,0,0.0,0.0,2277.08608278638,False,insufficient_data,0.012195121951219513,0.0,0.012195121951219513,False,False,False,1.2195121951219512,,,,exposure_only_no_risk_signal
jc,2023,4,JC107,Grant Ave & MLK Dr,40.709179119503474,-74.0808110765241,115,0,0.0,0.0,3207.7212644469,False,insufficient_data,0.012195121951219513,0.0,0.012195121951219513,False,False,False,1.2195121951219512,,,,exposure_only_no_risk_signal
jc,2023,6,JC107,Grant Ave & MLK Dr,40.70940086049843,-74.0806536569585,91,0,0.0,0.0,4053.7136858394892,False,insufficient_data,0.012195121951219513,0.0,0.012195121951219513,False,False,False,1.2195121951219512,,,,exposure_only_no_risk_signal
jc,2023,3,JC107,Grant Ave & MLK Dr,40.70918717217288,-74.0808275954647,72,0,0.0,0.0,5123.443686269355,False,insufficient_data,0.012195121951219513,0.0,0.012195121951219513,False,False,False,1.2195121951219512,,,,exposure_only_no_risk_signal
jc,2023,8,JC107,Grant Ave & MLK Dr,40.70928938732596,-74.08079814719952,133,0,0.0,0.0,2773.5935745217557,False,insufficient_data,0.012048192771084338,0.0,0.012048192771084338,False,False,False,1.2048192771084338,,,,exposure_only_no_risk_signal
jc,2025,4,JC107,Grant Ave & MLK Dr,40.70919832245442,-74.08084273338318,108,0,0.0,0.0,3415.6291241795698,False,insufficient_data,0.012048192771084338,0.0,0.012048192771084338,False,False,False,1.2048192771084338,,,,exposure_only_no_risk_signal
jc,2023,10,JC107,Grant Ave & MLK Dr,40.71010894978922,-74.0796358370686,107,0,0.0,0.0,3447.5508916952667,False,insufficient_data,0.012048192771084338,0.0,0.012048192771084338,False,False,False,1.2048192771084338,,,,exposure_only_no_risk_signal
jc,2025,3,JC107,Grant Ave & MLK Dr,40.70919832245443,-74.08084273338318,99,0,0.0,0.0,3726.1408627413484,False,insufficient_data,0.012048192771084338,0.0,0.012048192771084338,False,False,False,1.2048192771084338,,,,exposure_only_no_risk_signal
jc,2023,12,JC107,Grant Ave & MLK Dr,40.709169358855405,-74.0807969569764,78,0,0.0,0.0,4729.332633479405,False,insufficient_data,0.012048192771084338,0.0,0.012048192771084338,False,False,False,1.2048192771084338,,,,exposure_only_no_risk_signal
jc,2023,11,JC107,Grant Ave & MLK Dr,40.70917072629442,-74.08080023444543,71,0,0.0,0.0,5195.604864949205,False,insufficient_data,0.012048192771084338,0.0,0.012048192771084338,False,False,False,1.2048192771084338,,,,exposure_only_no_risk_signal
jc,2025,2,JC107,Grant Ave & MLK Dr,40.70919832245443,-74.08084273338318,44,0,0.0,0.0,8383.816941168036,False,insufficient_data,0.012048192771084338,0.0,0.012048192771084338,False,False,False,1.2048192771084338,,,,exposure_only_no_risk_signal
jc,2025,5,JC107,Grant Ave & MLK Dr,40.70919832245443,-74.08084273338318,130,0,0.0,0.0,2837.5995800876426,False,insufficient_data,0.011904761904761904,0.0,0.011904761904761904,False,False,False,1.1904761904761905,,,,exposure_only_no_risk_signal
jc,2025,7,JC107,Grant Ave & MLK Dr,40.70919832245443,-74.08084273338318,72,0,0.0,0.0,5123.443686269355,False,insufficient_data,0.011904761904761904,0.0,0.011904761904761904,False,False,False,1.1904761904761905,,,,exposure_only_no_risk_signal
jc,2025,6,JC107,Grant Ave & MLK Dr,40.709198322454434,-74.08084273338318,116,0,0.0,0.0,3180.0684949258066,False,insufficient_data,0.011764705882352941,0.0,0.011764705882352941,False,False,False,1.1764705882352942,,,,exposure_only_no_risk_signal
jc,2025,1,JC107,Grant Ave & MLK Dr,40.70919832245443,-74.08084273338318,77,0,0.0,0.0,4790.7525378103055,False,insufficient_data,0.011764705882352941,0.0,0.011764705882352941,False,False,False,1.1764705882352942,,,,exposure_only_no_risk_signal
jc,2023,9,JC107,Grant Ave & MLK Dr,40.709177919469205,-74.08081049531296,74,0,0.0,0.0,4984.972235289102,False,insufficient_data,0.011764705882352941,0.0,0.011764705882352941,False,False,False,1.1764705882352942,,,,exposure_only_no_risk_signal
jc,2025,8,JC121,MLK Dr & Bramhall Ave,40.71647,-74.07413,13,0,0.0,0.0,28375.995800876426,False,insufficient_data,0.011363636363636364,0.0,0.011363636363636364,False,False,False,1.1363636363636365,,,,exposure_only_no_risk_signal
jc,2025,9,JC127,Arlington Ave & Wilkinson Ave,40.704503,-74.07721,66,0,0.0,0.0,5589.211294112023,False,insufficient_data,0.010638297872340425,0.0,0.010638297872340425,False,False,False,1.0638297872340425,,,,exposure_only_no_risk_signal
jc,2025,10,JC107,Grant Ave & MLK Dr,40.70919832245443,-74.08084273338318,35,0,0.0,0.0,10539.655583182672,False,insufficient_data,0.010638297872340425,0.0,0.010638297872340425,False,False,False,1.0638297872340425,,,,exposure_only_no_risk_signal
jc,2025,11,JC107,Grant Ave & MLK Dr,40.70919832245443,-74.08084273338318,33,0,0.0,0.0,11178.422588224046,False,insufficient_data,0.010638297872340425,0.0,0.010638297872340425,False,False,False,1.0638297872340425,,,,exposure_only_no_risk_signal
jc,2025,12,JC134,Wade St & MLK Dr,40.7017,-74.08952,6,0,0.0,0.0,61481.32423523226,False,insufficient_data,0.009259259259259259,0.0,0.009259259259259259,False,False,False,0.9259259259259258,,,,exposure_only_no_risk_signal
