mode,start_station_id,start_station_name,year,trips,start_trips,end_trips,touchpoints,station_lat,station_lng,months_covered,crashes_within_500m,crashes_within_500m_per_100k_trips,risk_proxy_available,data_quality
nyc,116,W 17 St & 8 Ave,2019,97725,48706,49019,97725,40.74177603,-74.00149746,7,537,549.5011511895626,1,yearly
nyc,119,Park Ave & St Edwards St,2019,11074,5313,5761,11074,40.69608941,-73.97803415,12,437,3946.1802420083077,1,yearly
nyc,120,Lexington Ave & Classon Ave,2019,23069,11779,11290,23069,40.68676793,-73.95928168,12,256,1109.7143352551043,1,yearly
nyc,127,Barrow St & Hudson St,2019,126684,63095,63589,126684,40.73172428,-74.00674436,12,528,416.78507151652934,1,yearly
nyc,128,MacDougal St & Prince St,2019,136088,67558,68530,136088,40.72710258,-74.00297088,12,680,499.6766797954265,1,yearly
nyc,143,Clinton St & Joralemon St,2019,49269,24630,24639,49269,40.69239502,-73.99337909,12,548,1112.2612596155798,1,yearly
nyc,144,Nassau St & Navy St,2019,24838,12067,12771,24838,40.69839895,-73.98068914,12,602,2423.705612368146,1,yearly
nyc,146,Hudson St & Reade St,2019,65592,32635,32957,65592,40.71625008,-74.0091059,12,554,844.6151969752409,1,yearly
nyc,150,E 2 St & Avenue C,2019,72787,37322,35465,72787,40.7208736,-73.98085795,12,355,487.7244562902716,1,yearly
nyc,151,Cleveland Pl & Spring St,2019,170370,85076,85294,170370,40.722103786686034,-73.99724900722504,12,1013,594.5882491048894,1,yearly
nyc,157,Henry St & Atlantic Ave,2019,41575,20666,20909,41575,40.69089272,-73.99612349,12,652,1568.2501503307276,1,yearly
nyc,161,LaGuardia Pl & W 3 St,2019,113891,56287,57604,113891,40.72917025,-73.99810231,12,500,439.0162523816632,1,yearly
nyc,164,E 47 St & 2 Ave,2019,75835,37900,37935,75835,40.75323098,-73.97032517,12,830,1094.4814399683523,1,yearly
nyc,167,E 39 St & 3 Ave,2019,104276,52289,51987,104276,40.74890060311814,-73.97604884983814,12,1236,1185.3158924392958,1,yearly
nyc,168,W 18 St & 6 Ave,2019,160608,79865,80743,160608,40.73971301,-73.99456405,12,789,491.258218768679,1,yearly
nyc,173,Broadway & W 49 St,2019,139150,70197,68953,139150,40.76068327096592,-73.9845272898674,12,1080,776.1408551922386,1,yearly
nyc,174,E 25 St & 1 Ave,2019,82336,41339,40997,82336,40.7381765,-73.97738662,12,564,684.9980567431015,1,yearly
nyc,195,Liberty St & Broadway,2019,93972,46991,46981,93972,40.70905623,-74.01043382,12,592,629.9748861362959,1,yearly
nyc,2000,Front St & Washington St,2019,72470,35757,36713,72470,40.70255088,-73.98940236,12,468,645.7844625362219,1,yearly
nyc,2002,Wythe Ave & Metropolitan Ave,2019,78868,39014,39854,78868,40.716887,-73.963198,12,286,362.6312319318355,1,yearly
nyc,2003,1 Ave & E 18 St,2019,121147,61365,59782,121147,40.73381219196632,-73.98054420948029,12,466,384.65665678885983,1,yearly
nyc,2005,Railroad Ave & Kay Ave,2019,2216,1054,1162,2216,40.70531194,-73.97100056,12,45,2030.6859205776175,1,yearly
nyc,2006,Central Park S & 6 Ave,2019,149562,75587,73975,149562,40.76590939447247,-73.97634153081326,12,626,418.5555154384135,1,yearly
nyc,2008,Little West St & 1 Pl,2019,108980,54284,54696,108980,40.70569254,-74.01677685,12,317,290.879060378051,1,yearly
nyc,2009,Catherine St & Monroe St,2019,50720,25126,25594,50720,40.71117444,-73.99682619,12,403,794.5583596214511,1,yearly
nyc,2010,Grand St & Greene St,2019,8629,4285,4344,8629,40.72165481,-74.00234737,3,1025,11878.549078688144,1,yearly
nyc,2012,E 27 St & 1 Ave,2019,85174,44029,41145,85174,40.739445,-73.976806,12,599,703.266254960434,1,yearly
nyc,2017,E 43 St & 2 Ave,2019,44863,22865,21998,44863,40.75022392,-73.97121414,11,799,1780.9776430466086,1,yearly
nyc,2021,W 45 St & 8 Ave,2019,104711,52554,52157,104711,40.75929124,-73.98859651,12,1329,1269.2076286159047,1,yearly
nyc,2022,E 60 St & York Ave,2019,25271,12637,12634,25271,40.759107,-73.959223,12,888,3513.909224011713,1,yearly
nyc,2023,E 55 St & Lexington Ave,2019,29722,14775,14947,29722,40.75968085,-73.97031366,7,1187,3993.67471906332,1,yearly
nyc,212,W 16 St & The High Line,2019,111494,54982,56512,111494,40.743349343140316,-74.0068175335829,12,421,377.598794553967,1,yearly
nyc,216,Columbia Heights & Cranberry St,2019,17478,8993,8485,17478,40.70037867,-73.99548059,12,297,1699.2790937178165,1,yearly
nyc,217,Old Fulton St,2019,77806,36373,41433,77806,40.70277159,-73.99383605,12,355,456.2630131352338,1,yearly
nyc,223,W 13 St & 7 Ave,2019,117401,58476,58925,117401,40.73781509,-73.99994661,12,499,425.0389690036712,1,yearly
nyc,224,Spruce St & Nassau St,2019,51174,25635,25539,51174,40.71146364,-74.00552427,12,604,1180.2868644233401,1,yearly
nyc,228,E 48 St & 3 Ave,2019,58861,29780,29081,58861,40.7546011026,-73.971878855,12,952,1617.3697354785002,1,yearly
nyc,229,Great Jones St,2019,156524,76523,80001,156524,40.72743423,-73.99379025,12,616,393.54987094630854,1,yearly
nyc,232,Cadman Plaza E & Tillary St,2019,1,0,1,1,40.69597683,-73.99014892,1,664,66400000.0,1,yearly
nyc,236,St Marks Pl & 2 Ave,2019,117452,58046,59406,117452,40.7284186,-73.98713956,12,505,429.9628784524742,1,yearly
nyc,237,E 11 St & 2 Ave,2019,114224,56688,57536,114224,40.73047309,-73.98672378,12,583,510.40061633281965,1,yearly
nyc,238,Bank St & Washington St,2019,73163,36510,36653,73163,40.7361967,-74.00859207,12,271,370.40580621352325,1,yearly
nyc,239,Willoughby St & Fleet St,2019,53996,27729,26267,53996,40.69196566,-73.9813018,12,653,1209.3488406548634,1,yearly
nyc,241,DeKalb Ave & S Portland Ave,2019,34075,17264,16811,34075,40.68981035,-73.97493121,12,350,1027.1460014673514,1,yearly
nyc,242,Carlton Ave & Flushing Ave,2019,25567,12211,13356,25567,40.697787,-73.973736,12,229,895.6858450346149,1,yearly
nyc,243,Fulton St & Rockwell Pl,2019,27766,13140,14626,27766,40.68834866666666,-73.97943266666665,12,722,2600.3025282719873,1,yearly
nyc,244,Willoughby Ave & Hall St,2019,34591,17913,16678,34591,40.69196035,-73.96536851,12,303,875.9503917203896,1,yearly
nyc,245,Myrtle Ave & St Edwards St,2019,18917,9643,9274,18917,40.69327018,-73.97703874,12,397,2098.6414336311254,1,yearly
nyc,247,Perry St & Bleecker St,2019,73180,36524,36656,73180,40.73535398,-74.00483091,12,461,629.9535392183657,1,yearly
nyc,248,Laight St & Hudson St,2019,24321,12097,12224,24321,40.72185379,-74.00771779,12,751,3087.8664528596687,1,yearly
nyc,249,Harrison St & Hudson St,2019,37917,18959,18958,37917,40.71870987,-74.0090009,12,616,1624.601102407891,1,yearly
nyc,250,Lafayette St & Jersey St,2019,47617,23898,23719,47617,40.72456089,-73.99565293,5,856,1797.6773001239053,1,yearly
nyc,251,Mott St & Prince St,2019,110431,55012,55419,110431,40.72317949394324,-73.99480013458232,12,929,841.2492868850231,1,yearly
nyc,252,MacDougal St & Washington Sq,2019,85618,42431,43187,85618,40.73226398,-73.99852205,12,447,522.0864771426569,1,yearly
nyc,254,W 11 St & 6 Ave,2019,97531,48875,48656,97531,40.73532427,-73.99800419,12,525,538.2903897222421,1,yearly
nyc,257,Lispenard St & Broadway,2019,97705,48550,49155,97705,40.71939226,-74.00247214,12,1047,1071.5930607440766,1,yearly
nyc,258,DeKalb Ave & Vanderbilt Ave,2019,34673,18167,16506,34673,40.68940747,-73.96885458,12,262,755.6311827646872,1,yearly
nyc,259,South St & Whitehall St,2019,61850,30089,31761,61850,40.70122128,-74.01234218,12,218,352.46564268391273,1,yearly
nyc,260,Broad St & Bridge St,2019,31973,15308,16665,31973,40.70365182,-74.01167797,12,422,1319.8636349419824,1,yearly
nyc,261,Johnson St & Gold St,2019,30074,14958,15116,30074,40.69474881,-73.98362464,12,868,2886.2140054532156,1,yearly
nyc,262,Washington Park,2019,26834,13838,12996,26834,40.6917823,-73.9737299,12,265,987.5531042707013,1,yearly
nyc,264,Maiden Ln & Pearl St,2019,49694,24452,25242,49694,40.70706456,-74.00731853,12,502,1010.1823157725279,1,yearly
nyc,265,Stanton St & Chrystie St,2019,96879,47546,49333,96879,40.72229346,-73.99147535,12,1167,1204.5954231567212,1,yearly
nyc,266,Avenue D & E 8 St,2019,48349,25336,23013,48349,40.72368361,-73.97574813,12,212,438.47856212124344,1,yearly
nyc,267,Broadway & W 36 St,2019,60523,30631,29892,60523,40.75097716525252,-73.98765435269054,11,983,1624.175933116336,1,yearly
nyc,268,Howard St & Centre St,2019,94277,46966,47311,94277,40.71910537,-73.99973337,12,1209,1282.3912513126213,1,yearly
nyc,270,Adelphi St & Myrtle Ave,2019,38789,19604,19185,38789,40.69308257,-73.97178913,12,307,791.4614968161076,1,yearly
nyc,274,Lafayette Ave & Fort Greene Pl,2019,42163,20704,21459,42163,40.68691865,-73.976682,12,705,1672.0821573417452,1,yearly
nyc,275,Washington Ave & Greene Ave,2019,22833,11603,11230,22833,40.68650065,-73.96563307,12,314,1375.2025577015722,1,yearly
nyc,276,Duane St & Greenwich St,2019,43575,21723,21852,43575,40.71748752,-74.0104554,12,474,1087.7796901893287,1,yearly
nyc,278,Concord St & Bridge St,2019,19694,9889,9805,19694,40.69766564,-73.98476437,12,909,4615.618970244745,1,yearly
nyc,279,Peck Slip & Front St,2019,75553,36728,38825,75553,40.707873,-74.00167,12,326,431.4851825870581,1,yearly
nyc,280,E 10 St & 5 Ave,2019,80002,39838,40164,80002,40.73331967,-73.99510132,12,539,673.7331566710832,1,yearly
nyc,281,Grand Army Plaza & Central Park S,2019,151520,77736,73784,151520,40.76439708999496,-73.97371465718948,12,846,558.3421330517423,1,yearly
nyc,282,Kent Ave & S 11 St,2019,44610,22188,22422,44610,40.707644944175705,-73.96841526031494,12,150,336.24747814391395,1,yearly
nyc,284,Greenwich Ave & 8 Ave,2019,120937,60000,60937,120937,40.7390169121,-74.0026376103,9,473,391.1127281146382,1,yearly
nyc,285,Broadway & E 14 St,2019,227190,113012,114178,227190,40.73454567,-73.99074142,12,597,262.77565033672255,1,yearly
nyc,289,Monroe St & Classon Ave,2019,20548,10795,9753,20548,40.6845683,-73.95881081,12,292,1421.062877165661,1,yearly
nyc,291,Madison St & Montgomery St,2019,42368,21147,21221,42368,40.713126,-73.984844,12,285,672.6774924471299,1,yearly
nyc,293,Lafayette St & E 8 St,2019,191422,93809,97613,191422,40.73020661924223,-73.99102629942207,12,540,282.09923624243817,1,yearly
nyc,295,Pike St & E Broadway,2019,62258,31026,31232,62258,40.71406667,-73.99293911,12,638,1024.7679013138875,1,yearly
nyc,296,Division St & Bowery,2019,71412,35382,36030,71412,40.71413089,-73.9970468,11,725,1015.2355346440374,1,yearly
nyc,296,Division St & Bowery (old),2019,4058,1958,2100,4058,40.71413089,-73.9970468,1,725,17865.943814687038,1,yearly
nyc,297,E 15 St & 3 Ave,2019,131502,65742,65760,131502,40.73423199430451,-73.9869229773408,12,637,484.40327903758117,1,yearly
nyc,298,3 Ave & Schermerhorn St,2019,34938,16923,18015,34938,40.68683208,-73.9796772,12,812,2324.117007270021,1,yearly
nyc,3002,South End Ave & Liberty St,2019,169686,84624,85062,169686,40.711512,-74.015756,12,296,174.43984771872752,1,yearly
nyc,301,E 2 St & Avenue B,2019,112904,55584,57320,112904,40.72217444,-73.98368779,12,499,441.9683979309856,1,yearly
nyc,3016,Kent Ave & N 7 St,2019,96007,46017,49990,96007,40.72036775298455,-73.96165072917938,12,221,230.19154853291946,1,yearly
nyc,302,Avenue D & E 3 St,2019,53845,26977,26868,53845,40.72082834,-73.97793172,12,305,566.4407094437738,1,yearly
nyc,303,Mercer St & Spring St,2019,99925,48327,51598,99925,40.72362738,-73.99949601,12,781,781.5861896422317,1,yearly
nyc,304,Broadway & Battery Pl,2019,98837,45611,53226,98837,40.70463334,-74.01361706,11,428,433.03621113550594,1,yearly
nyc,3040,Handlebar @ Gowanus,2019,39,10,29,39,40.66979964220026,-73.99497985839844,5,484,1241025.641025641,1,yearly
nyc,3041,Kingston Ave & Herkimer St,2019,14840,7370,7470,14840,40.67890679,-73.94142771,12,513,3456.8733153638814,1,yearly
nyc,3042,Fulton St & Utica Ave,2019,15529,7737,7792,15529,40.6794268,-73.9298911,12,466,3000.8371434091055,1,yearly
nyc,3043,Lewis Ave & Decatur St,2019,9823,4920,4903,9823,40.6814598,-73.934903,12,355,3613.967219790288,1,yearly
nyc,3044,Albany Ave & Fulton St,2019,5869,2971,2898,5869,40.6800105,-73.938475,12,444,7565.172942579655,1,yearly
nyc,3046,Marcus Garvey Blvd & Macon St,2019,12772,6386,6386,12772,40.682601,-73.938037,12,302,2364.547447541497,1,yearly
nyc,3047,Halsey St & Tompkins Ave,2019,16213,8127,8086,16213,40.6823687,-73.944118,12,378,2331.4624067106643,1,yearly
nyc,3048,Putnam Ave & Nostrand Ave,2019,10306,5238,5068,10306,40.68402,-73.94977,12,441,4279.060741315739,1,yearly
nyc,3049,Cambridge Pl & Gates Ave,2019,18490,9282,9208,18490,40.68488,-73.96304,12,342,1849.6484586262845,1,yearly
nyc,305,E 58 St & 3 Ave,2019,96932,48395,48537,96932,40.76095756148444,-73.96724469641937,12,1349,1391.6972723146123,1,yearly
nyc,3050,Putnam Ave & Throop Ave,2019,14962,7584,7378,14962,40.6851532,-73.94111,12,241,1610.7472263066434,1,yearly
nyc,3052,Lewis Ave & Madison St,2019,19228,9615,9613,19228,40.686312,-73.935775,12,222,1154.5662575410859,1,yearly
nyc,3053,Marcy Ave & Lafayette Ave,2019,11311,5787,5524,11311,40.6900815,-73.947915,12,355,3138.5377066572364,1,yearly
nyc,3054,Greene Ave & Throop Ave,2019,13468,6835,6633,13468,40.6894932,-73.942061,12,290,2153.252153252153,1,yearly
nyc,3055,Greene Ave & Nostrand Ave,2019,15863,8036,7827,15863,40.6883337,-73.950916,12,386,2433.33543465927,1,yearly
nyc,3056,Kosciuszko St & Nostrand Ave,2019,15330,7644,7686,15330,40.69072549,-73.95133465,12,411,2681.017612524462,1,yearly
nyc,3057,Kosciuszko St & Tompkins Ave,2019,18772,9453,9319,18772,40.69128258,-73.9452416,12,295,1571.489452375879,1,yearly
nyc,3058,Lewis Ave & Kosciuszko St,2019,14341,7295,7046,14341,40.69237074,-73.93705428,12,293,2043.0932292029843,1,yearly
nyc,3059,Pulaski St & Marcus Garvey Blvd,2019,10346,5227,5119,10346,40.6933982,-73.939877,12,331,3199.304078871061,1,yearly
nyc,3060,Willoughby Ave & Tompkins Ave,2019,13318,6657,6661,13318,40.69425403,-73.94626915,12,307,2305.1509235620965,1,yearly
nyc,3061,Throop Ave & Myrtle Ave,2019,7568,3880,3688,7568,40.69622937,-73.94371094,12,368,4862.579281183933,1,yearly
nyc,3062,Myrtle Ave & Marcy Ave,2019,15333,7660,7673,15333,40.69539811423389,-73.94954914315406,12,379,2471.792865062284,1,yearly
nyc,3063,Nostrand Ave & Myrtle Ave,2019,10191,5107,5084,10191,40.69527008,-73.95238108,12,459,4503.97409478952,1,yearly
nyc,3064,Myrtle Ave & Lewis Ave,2019,26021,13043,12978,26021,40.69681963,-73.93756926,12,490,1883.094423734676,1,yearly
nyc,3065,Union Ave & Wallabout St,2019,12479,6249,6230,12479,40.70029511,-73.95032283,12,355,2844.7792291048963,1,yearly
nyc,3066,Tompkins Ave & Hopkins St,2019,12313,6160,6153,12313,40.69957608,-73.94708417,12,375,3045.5616015593273,1,yearly
nyc,3067,Broadway & Whipple St,2019,18172,9055,9117,18172,40.7016657,-73.9437303,12,471,2591.8996257979306,1,yearly
nyc,3068,Humboldt St & Varet St,2019,11812,5853,5959,11812,40.7031724,-73.940636,12,539,4563.15611242804,1,yearly
nyc,3069,Lorimer St & Broadway,2019,13476,6666,6810,13476,40.70411791,-73.94818595,12,397,2945.97803502523,1,yearly
nyc,307,Canal St & Rutgers St,2019,125681,62951,62730,125681,40.71427487,-73.98990025,12,520,413.74591226995335,1,yearly
nyc,3070,McKibbin St & Manhattan Ave,2019,12738,6363,6375,12738,40.70510918,-73.94407279,12,485,3807.5051028418907,1,yearly
nyc,3071,Boerum St & Broadway,2019,17484,8732,8752,17484,40.70538077,-73.94976519,12,338,1933.1960649736902,1,yearly
nyc,3072,Leonard St & Boerum St,2019,12694,6385,6309,12694,40.70583339,-73.94644578,12,414,3261.383330707421,1,yearly
nyc,3074,Montrose Ave & Bushwick Ave,2019,26867,13562,13305,26867,40.70767788,-73.94016171,12,370,1377.1541296013697,1,yearly
nyc,3075,Division Ave & Marcy Ave,2019,8737,4537,4200,8737,40.70708701,-73.95796783,12,569,6512.532906031819,1,yearly
nyc,3076,Scholes St & Manhattan Ave,2019,30264,15300,14964,30264,40.70870368,-73.9448625,12,401,1325.006608511763,1,yearly
nyc,3077,Stagg St & Union Ave,2019,32629,16487,16142,32629,40.70877084,-73.95095259,12,406,1244.291887584664,1,yearly
nyc,3078,Broadway & Roebling St,2019,44150,22335,21815,44150,40.70924826276157,-73.96063148975372,12,564,1277.4631936579842,1,yearly
nyc,308,St James Pl & Oliver St,2019,49606,24721,24885,49606,40.71307916,-73.99851193,12,686,1382.8972301737692,1,yearly
nyc,3080,S 4 St & Rodney St,2019,28817,14482,14335,28817,40.70934,-73.95608,12,532,1846.132491237811,1,yearly
nyc,3081,Graham Ave & Grand St,2019,29848,15028,14820,29848,40.711863,-73.944024,12,375,1256.3655856338783,1,yearly
nyc,3082,Hope St & Union Ave,2019,38185,19128,19057,38185,40.71167351,-73.95141312,12,567,1484.8762603116406,1,yearly
nyc,3083,Bushwick Ave & Powers St,2019,18919,9679,9240,18919,40.71247661,-73.94100005,12,350,1849.9920714625507,1,yearly
nyc,3085,Roebling St & N 4 St,2019,35084,17432,17652,35084,40.71469,-73.95739,12,609,1735.833998403831,1,yearly
nyc,3086,Graham Ave & Conselyea St,2019,49089,24586,24503,49089,40.715143,-73.944507,12,376,765.9557130925463,1,yearly
nyc,3087,Metropolitan Ave & Meeker Ave,2019,39083,19586,19497,39083,40.71413311,-73.95234386,12,547,1399.5854975308957,1,yearly
nyc,3088,Union Ave & Jackson St,2019,17005,8473,8532,17005,40.7160751,-73.952029,12,491,2887.38606292267,1,yearly
nyc,309,Murray St & West St,2019,79769,38045,41724,79769,40.7149787,-74.013012,12,407,510.22326969123344,1,yearly
nyc,3091,Frost St & Meeker St,2019,490,249,241,490,40.71764,-73.94882,1,459,93673.4693877551,1,yearly
nyc,3092,Berry St & N 8 St,2019,59154,28406,30748,59154,40.7190095,-73.95852515,12,339,573.0804341211076,1,yearly
nyc,3093,N 6 St & Bedford Ave,2019,93875,46822,47053,93875,40.71745169,-73.95850939,12,390,415.44607190412785,1,yearly
nyc,3094,Graham Ave & Withers St,2019,22840,11457,11383,22840,40.7169811,-73.94485918,12,458,2005.2539404553415,1,yearly
nyc,3095,Graham Ave & Herbert St,2019,15412,7753,7659,15412,40.71929301,-73.94500379,12,456,2958.733454451077,1,yearly
nyc,3096,Union Ave & N 12 St,2019,43403,21517,21886,43403,40.71924,-73.95242,12,309,711.9323549063429,1,yearly
nyc,310,State St & Smith St,2019,37560,18598,18962,37560,40.68926942,-73.98912867,12,693,1845.0479233226836,1,yearly
nyc,3100,Nassau Ave & Newell St,2019,32683,16398,16285,32683,40.724812564400175,-73.94752621650696,12,289,884.2517516751828,1,yearly
nyc,3101,N 12 St & Bedford Ave,2019,42583,21241,21342,42583,40.72079821,-73.95484712,12,259,608.223939130639,1,yearly
nyc,3102,Driggs Ave & Lorimer St,2019,27124,13554,13570,27124,40.72179134,-73.9504154,12,309,1139.2125055301578,1,yearly
nyc,3105,N 15 St & Wythe Ave,2019,16102,7996,8106,16102,40.724055,-73.955736,12,260,1614.7062476710967,1,yearly
nyc,3106,Driggs Ave & N Henry St,2019,33172,16679,16493,33172,40.72325,-73.94308,12,518,1561.5579404316893,1,yearly
nyc,3107,Bedford Ave & Nassau Ave,2019,54153,26705,27448,54153,40.72311651,-73.95212324,12,294,542.9062101822614,1,yearly
nyc,3108,Nassau Ave & Russell St,2019,45768,23340,22428,45768,40.72557,-73.94434,12,321,701.3633980073414,1,yearly
nyc,3109,Banker St & Meserole Ave,2019,30946,15350,15596,30946,40.72606,-73.95621,12,235,759.3873198474763,1,yearly
nyc,311,Norfolk St & Broome St,2019,94974,47579,47395,94974,40.7172274,-73.98802084,12,840,884.452587023817,1,yearly
nyc,3110,Meserole Ave & Manhattan Ave,2019,48777,24394,24383,48777,40.72708591960293,-73.9529911707689,12,382,783.1559956536893,1,yearly
nyc,3112,Milton St & Franklin St,2019,65989,32688,33301,65989,40.72906,-73.95779,12,188,284.89596750973647,1,yearly
nyc,3113,Greenpoint Ave & Manhattan Ave,2019,43591,21781,21810,43591,40.73026,-73.95394,12,358,821.2704457342112,1,yearly
nyc,3115,India St & Manhattan Ave,2019,33828,16743,17085,33828,40.73232194,-73.9550858,12,286,845.4534704978124,1,yearly
nyc,3116,Huron St & Franklin St,2019,38491,18958,19533,38491,40.73266,-73.95826,12,130,337.74129017172845,1,yearly
nyc,3117,Franklin St & Dupont St,2019,30874,15428,15446,30874,40.73564,-73.95866,12,73,236.44490509814082,1,yearly
nyc,3118,McGuinness Blvd & Eagle St,2019,40429,20176,20253,40429,40.73555,-73.95284,12,153,378.44121793761906,1,yearly
nyc,3119,Vernon Blvd & 50 Ave,2019,55875,27830,28045,55875,40.74232744,-73.95411749,12,262,468.9038031319911,1,yearly
nyc,312,Allen St & Stanton St,2019,131549,65231,66318,131549,40.722055,-73.989111,12,1096,833.1496248546168,1,yearly
nyc,3121,Jackson Ave & 46 Rd,2019,13638,6811,6827,13638,40.74524768,-73.94733276,12,330,2419.7096348438185,1,yearly
nyc,3122,48 Ave & 5 St,2019,9063,4498,4565,9063,40.74436328706688,-73.9558732509613,12,239,2637.0958843650005,1,yearly
nyc,3123,31 St & Thomson Ave,2019,10796,5361,5435,10796,40.74469738,-73.93540375,12,579,5363.0974434975915,1,yearly
nyc,3124,46 Ave & 5 St,2019,36508,18177,18331,36508,40.74731,-73.95451,12,148,405.3905993206968,1,yearly
nyc,3125,45 Rd & 11 St,2019,24712,12328,12384,24712,40.74708586,-73.94977234,12,286,1157.332470055034,1,yearly
nyc,3126,44 Dr & Jackson Ave,2019,31219,15633,15586,31219,40.74718234,-73.9432635,12,339,1085.8771901726514,1,yearly
nyc,3127,9 St & 44 Rd,2019,10926,5426,5500,10926,40.74966,-73.9521,12,158,1446.0918909024344,1,yearly
nyc,3128,21 St & 43 Ave,2019,8251,4121,4130,8251,40.75052534,-73.94594845,12,365,4423.70621742819,1,yearly
nyc,3129,Queens Plaza North & Crescent St,2019,52842,26452,26390,52842,40.75110165,-73.94073717,12,654,1237.651867832406,1,yearly
nyc,313,Washington Ave & Park Ave,2019,33549,16526,17023,33549,40.69610226,-73.96751037,12,303,903.156576947152,1,yearly
nyc,3130,21 St & Queens Plaza North,2019,20012,10034,9978,20012,40.75325964,-73.94335788,12,388,1938.8366979812115,1,yearly
nyc,3131,E 68 St & 3 Ave,2019,24446,12257,12189,24446,40.76712840349542,-73.96224617958069,12,610,2495.2957539065696,1,yearly
nyc,3132,E 59 St & Madison Ave,2019,61483,30712,30771,61483,40.76350532,-73.97109243,12,1012,1645.983442577623,1,yearly
nyc,3134,3 Ave & E 62 St,2019,49877,25245,24632,49877,40.76312584,-73.96526895,12,1266,2538.244080437877,1,yearly
nyc,3135,E 75 St & 3 Ave,2019,35810,17911,17899,35810,40.77112927,-73.95772297,12,511,1426.9757051103045,1,yearly
nyc,3136,5 Ave & E 63 St,2019,43452,21963,21489,43452,40.766368,-73.971518,12,628,1445.2729448586947,1,yearly
nyc,3137,5 Ave & E 73 St,2019,106423,53139,53284,106423,40.77282817,-73.96685276,12,218,204.8429380866918,1,yearly
nyc,3139,E 72 St & Park Ave,2019,40231,20181,20050,40231,40.77118287540658,-73.96409422159195,12,378,939.5739603788123,1,yearly
nyc,314,Cadman Plaza West & Montague St,2019,39513,20316,19197,39513,40.69383,-73.990539,11,570,1442.5632070457825,1,yearly
nyc,3140,1 Ave & E 78 St,2019,95796,47886,47910,95796,40.77140426,-73.9535166,12,483,504.1964173869473,1,yearly
nyc,3141,1 Ave & E 68 St,2019,128860,64430,64430,128860,40.76500525,-73.95818491,12,901,699.2084432717678,1,yearly
nyc,3142,1 Ave & E 62 St,2019,95165,47471,47694,95165,40.76122739206283,-73.96094025699057,12,1172,1231.5452109494036,1,yearly
nyc,3143,5 Ave & E 78 St,2019,79268,40205,39063,79268,40.77632142182271,-73.96427392959595,12,265,334.30892667911394,1,yearly
nyc,3144,E 81 St & Park Ave,2019,7975,4017,3958,7975,40.77677702,-73.9590097,8,489,6131.66144200627,1,yearly
nyc,3145,E 84 St & Park Ave,2019,36315,18622,17693,36315,40.77862688,-73.95772073,12,458,1261.1868373950158,1,yearly
nyc,3146,E 81 St & 3 Ave,2019,32586,16287,16299,32586,40.77573034,-73.9567526,12,529,1623.3965506659301,1,yearly
nyc,3147,E 85 St & 3 Ave,2019,17979,8959,9020,17979,40.77801203,-73.95407149,5,470,2614.160965570944,1,yearly
nyc,3148,E 84 St & 1 Ave,2019,49710,24764,24946,49710,40.77565541,-73.95068615,12,435,875.0754375377187,1,yearly
nyc,315,South St & Gouverneur Ln,2019,101770,50513,51257,101770,40.70355377,-74.00670227,12,289,283.97366610985557,1,yearly
nyc,3150,E 85 St & York Ave,2019,28277,14216,14061,28277,40.77536905,-73.94803392,12,373,1319.0932560031122,1,yearly
nyc,3151,E 81 St & York Ave,2019,42072,21278,20794,42072,40.7728384,-73.94989233,12,445,1057.71059136718,1,yearly
nyc,3152,3 Ave & E 71 St,2019,20133,10102,10031,20133,40.76873687,-73.96119945,12,547,2716.932399543039,1,yearly
nyc,3153,E 71 St & 2 Ave,2019,669,332,337,669,40.76817546742245,-73.95910263061523,1,598,89387.14499252615,1,yearly
nyc,3154,E 77 St & 3 Ave,2019,37528,18804,18724,37528,40.77314236,-73.95856158,12,566,1508.2072052867193,1,yearly
nyc,3155,Lexington Ave & E 63 St,2019,34947,17497,17450,34947,40.76440023,-73.96648977,9,1115,3190.5456834635306,1,yearly
nyc,3156,E 72 St & York Ave,2019,70337,35124,35213,70337,40.76663814,-73.95348296,12,638,907.0617171616645,1,yearly
nyc,3157,East End Ave & E 86 St,2019,20184,10083,10101,20184,40.77518615,-73.94446054,12,225,1114.74435196195,1,yearly
nyc,3158,W 63 St & Broadway,2019,93740,48802,44938,93740,40.77163851,-73.98261428,12,518,552.5922765094944,1,yearly
nyc,3159,W 67 St & Broadway,2019,78441,40005,38436,78441,40.77492513,-73.98266566,12,507,646.3456610701037,1,yearly
nyc,316,Fulton St & William St,2019,60873,30313,30560,60873,40.709559607920625,-74.00653611940979,12,600,985.6586664038243,1,yearly
nyc,3160,Central Park West & W 76 St,2019,67826,35325,32501,67826,40.77896784,-73.97374737,12,213,314.03886415239,1,yearly
nyc,3161,W 76 St & Columbus Ave,2019,53970,29947,24023,53970,40.7801839724239,-73.97728532552719,12,466,863.4426533259218,1,yearly
nyc,3162,W 78 St & Broadway,2019,41052,21131,19921,41052,40.78339981,-73.98093133,12,458,1115.6581896131736,1,yearly
nyc,3163,Central Park West & W 68 St,2019,100509,53926,46583,100509,40.7734066,-73.97782542,12,308,306.44021928384524,1,yearly
nyc,3164,Columbus Ave & W 72 St,2019,115773,63951,51822,115773,40.7770575,-73.97898475,12,453,391.2829416185121,1,yearly
nyc,3165,Central Park West & W 72 St,2019,116225,60369,55856,116225,40.77579376683666,-73.9762057363987,12,203,174.66121746612174,1,yearly
nyc,3166,Riverside Dr & W 72 St,2019,56973,28671,28302,56973,40.78057799010334,-73.98562431335449,12,363,637.1439102732874,1,yearly
nyc,3167,Amsterdam Ave & W 73 St,2019,109139,55401,53738,109139,40.77966809007312,-73.98093044757842,12,487,446.21995803516614,1,yearly
nyc,3168,Central Park West & W 85 St,2019,84389,43151,41238,84389,40.78472675,-73.96961715,12,230,272.5473699178803,1,yearly
nyc,3169,Riverside Dr & W 82 St,2019,39304,19775,19529,39304,40.78720869,-73.98128127,12,312,793.8123346224303,1,yearly
nyc,317,E 6 St & Avenue B,2019,109296,54739,54557,109296,40.72453734,-73.98185424,12,357,326.6359244620114,1,yearly
nyc,3170,W 84 St & Columbus Ave,2019,52584,27411,25173,52584,40.78499979,-73.97283406,12,375,713.144682793245,1,yearly
nyc,3171,Amsterdam Ave & W 82 St,2019,63249,32186,31063,63249,40.78524672,-73.97667321,12,426,673.5284352321776,1,yearly
nyc,3172,W 74 St & Columbus Ave,2019,39720,20471,19249,39720,40.7785669,-73.97754961,12,402,1012.084592145015,1,yearly
nyc,3173,Riverside Blvd & W 67 St,2019,58262,29327,28935,58262,40.777507027547976,-73.98888587951659,12,196,336.4113830627167,1,yearly
nyc,3175,W 70 St & Amsterdam Ave,2019,71421,36561,34860,71421,40.77748039530589,-73.98288594498428,12,531,743.4788087537279,1,yearly
nyc,3177,W 84 St & Broadway,2019,48052,25792,22260,48052,40.7867947,-73.977112,12,419,871.9720303005078,1,yearly
nyc,3178,Riverside Dr & W 78 St,2019,35009,17723,17286,35009,40.78414472,-73.98362492,12,368,1051.158273586792,1,yearly
nyc,3179,Park Ave & Marcus Garvey Blvd,2019,11138,5599,5539,11138,40.698617,-73.941342,12,537,4821.332375650924,1,yearly
nyc,3182,Yankee Ferry Terminal,2019,22088,11064,11024,22088,40.686931,-74.016966,7,0,0.0,1,yearly
nyc,319,Fulton St & Broadway,2019,96328,48077,48251,96328,40.711066,-74.009447,12,594,616.6431359521634,1,yearly
nyc,3191,Union St,2019,1,0,1,1,40.7182113,-74.0836394,1,0,0.0,1,yearly
nyc,320,Leonard St & Church St,2019,53830,26892,26938,53830,40.717571,-74.005549,12,791,1469.440832249675,1,yearly
nyc,321,Cadman Plaza E & Red Cross Pl,2019,50799,25482,25317,50799,40.69991755,-73.98971773,12,718,1413.4136498749976,1,yearly
nyc,3221,47 Ave & 31 St,2019,9650,4807,4843,9650,40.743,-73.93561,12,502,5202.072538860104,1,yearly
nyc,3223,E 55 St & 3 Ave,2019,25898,12921,12977,25898,40.75899655960512,-73.96865397691727,6,1257,4853.6566530233995,1,yearly
nyc,3226,W 82 St & Central Park West,2019,35754,20197,15557,35754,40.78275,-73.97137,8,249,696.4255747608659,1,yearly
nyc,323,Lawrence St & Willoughby St,2019,53405,26836,26569,53405,40.69236178,-73.98631746,12,1068,1999.8127516150173,1,yearly
nyc,3231,E 67 St & Park Ave,2019,25202,12724,12478,25202,40.76780080148132,-73.96592080593109,12,486,1928.4183794936912,1,yearly
nyc,3232,Bond St & Fulton St,2019,59018,27632,31386,59018,40.68962188790333,-73.98304268717766,12,764,1294.5203158358468,1,yearly
nyc,3233,E 48 St & 5 Ave,2019,129335,64397,64938,129335,40.75724570198795,-73.97805911071524,12,892,689.6818339969846,1,yearly
nyc,3235,E 41 St & Madison Ave,2019,83433,41758,41675,83433,40.752165280621966,-73.97992193698882,12,1031,1235.7220763966297,1,yearly
nyc,3236,W 42 St & Dyer Ave,2019,86272,43526,42746,86272,40.75898481399634,-73.99379968643188,12,1473,1707.390578635015,1,yearly
nyc,324,DeKalb Ave & Hudson Ave,2019,53341,23164,30177,53341,40.689888,-73.981013,12,720,1349.805965392475,1,yearly
nyc,3240,NYCBS Depot BAL - DYR,2019,6,0,6,6,40.759030082196055,-73.99385869503021,4,1490,24833333.333333336,1,yearly
nyc,3241,Monroe St & Tompkins Ave,2019,18468,9322,9146,18468,40.686203,-73.944694,12,222,1202.0792722547108,1,yearly
nyc,3242,Schermerhorn St & Court St,2019,35962,18051,17911,35962,40.69102925677968,-73.99183362722397,12,592,1646.1820810855902,1,yearly
nyc,3243,E 58 St & 1 Ave,2019,5254,2621,2633,5254,40.75892386377695,-73.96226227283478,2,1225,23315.569090216977,1,yearly
nyc,3243,E 58 St & 1 Ave (NE Corner),2019,24977,12585,12392,24977,40.75892386377695,-73.96226227283478,10,1225,4904.512151179085,1,yearly
nyc,3244,University Pl & E 8 St,2019,95836,47853,47983,95836,40.73143724085228,-73.99490341544151,12,448,467.4652531407822,1,yearly
nyc,3245,NYCBS DEPOT - DELANCEY,2019,343,6,337,343,40.71644423134479,-73.9823305606842,11,360,104956.26822157434,1,yearly
nyc,3246,Montague St & Clinton St,2019,3274,1661,1613,3274,40.694281141397326,-73.99230033159256,2,466,14233.353695784972,1,yearly
nyc,3249,Verona Pl & Fulton St,2019,15712,7831,7881,15712,40.6803560840434,-73.9476791024208,12,637,4054.226069246436,1,yearly
nyc,325,E 19 St & 3 Ave,2019,87109,43709,43400,87109,40.73624527,-73.98473765,12,696,798.9989553318256,1,yearly
nyc,3250,58th St Depot,2019,10,6,4,10,40.71690978045965,-73.98383796215057,2,519,5190000.0,1,yearly
nyc,3254,Soissons Landing,2019,26724,13328,13396,26724,40.69231660719192,-74.01486575603485,7,0,0.0,1,yearly
nyc,3255,8 Ave & W 31 St,2019,241589,119958,121631,241589,40.7505853470215,-73.9946848154068,12,947,391.9880458133442,1,yearly
nyc,3256,Pier 40 - Hudson River Park,2019,129726,64713,65013,129726,40.7277140777778,-74.01129573583603,12,298,229.71493763779043,1,yearly
nyc,3258,W 27 St & 10 Ave,2019,55846,27847,27999,55846,40.75018156325683,-74.00218427181244,6,509,911.4350177273216,1,yearly
nyc,3259,9 Ave & W 28 St,2019,89473,44598,44875,89473,40.74937024193277,-73.99923384189606,12,623,696.2994422898528,1,yearly
nyc,326,E 11 St & 1 Ave,2019,122700,61120,61580,122700,40.72953837,-73.98426726,12,502,409.12795436022816,1,yearly
nyc,3260,Mercer St & Bleecker St,2019,113289,55970,57319,113289,40.72706363348306,-73.99662137031554,12,606,534.9151285649975,1,yearly
nyc,3263,Cooper Square & Astor Pl,2019,165900,80536,85364,165900,40.72951496224949,-73.99075269699097,12,500,301.38637733574444,1,yearly
nyc,327,Vesey Pl & River Terrace,2019,143644,71695,71949,143644,40.71533794638504,-74.01658349911868,12,210,146.19475926596306,1,yearly
nyc,328,Watts St & Greenwich St,2019,83008,41412,41596,83008,40.72405549,-74.00965965,12,606,730.0501156515035,1,yearly
nyc,3282,5 Ave & E 88 St,2019,110469,55140,55329,110469,40.78307,-73.95939,12,189,171.08872172283628,1,yearly
nyc,3283,W 89 St & Columbus Ave,2019,50700,27392,23308,50700,40.7882213,-73.97041561,12,307,605.5226824457594,1,yearly
nyc,3284,E 88 St & Park Ave,2019,21742,10849,10893,21742,40.781410700190015,-73.95595908164978,12,345,1586.7905436482383,1,yearly
nyc,3285,W 87 St & Amsterdam Ave,2019,36993,19056,17937,36993,40.78839,-73.9747,12,346,935.3120860703376,1,yearly
nyc,3286,E 89 St & 3 Ave,2019,35985,17967,18018,35985,40.7806284,-73.9521667,12,471,1308.8786994581076,1,yearly
nyc,3287,W 87 St & West End Ave,2019,14042,7402,6640,14042,40.789622,-73.97757,5,268,1908.5600341831648,1,yearly
nyc,3288,E 88 St & 1 Ave,2019,38739,19272,19467,38739,40.778301,-73.9488134,12,466,1202.922119827564,1,yearly
nyc,3289,W 90 St & Amsterdam Ave,2019,28159,14424,13735,28159,40.79017948095081,-73.97288918495178,12,383,1360.1335274690152,1,yearly
nyc,3290,E 89 St & York Ave,2019,29093,14501,14592,29093,40.7779453,-73.946041,12,334,1148.0424844464303,1,yearly
nyc,3292,5 Ave & E 93 St,2019,38446,19247,19199,38446,40.7857851,-73.957481,12,283,736.0973833428706,1,yearly
nyc,3293,W 92 St & Broadway,2019,34808,17461,17347,34808,40.7921,-73.9739,12,434,1246.8398069409332,1,yearly
nyc,3294,E 91 St & Park Ave,2019,30218,15196,15022,30218,40.7835016,-73.955327,12,401,1327.0236283010126,1,yearly
nyc,3295,Central Park W & W 96 St,2019,77641,41962,35679,77641,40.79127,-73.964839,12,186,239.56414780850326,1,yearly
nyc,3296,E 93 St & 2 Ave,2019,26374,12979,13395,26374,40.782454175279874,-73.9489196240902,12,628,2381.132933950102,1,yearly
nyc,3297,6 St & 7 Ave,2019,16453,8362,8091,16453,40.6686627,-73.97988067,12,210,1276.362973317936,1,yearly
nyc,3298,Warren St & Court St,2019,25755,12826,12929,25755,40.686371,-73.99383324,12,392,1522.0345563968162,1,yearly
nyc,3299,E 98 St & Park Ave,2019,11598,5781,5817,11598,40.78813,-73.95206,12,545,4699.0860493188475,1,yearly
nyc,330,Reade St & Broadway,2019,51629,25825,25804,51629,40.71450451,-74.00562789,12,584,1131.1472234596833,1,yearly
nyc,3300,Prospect Park West & 8 St,2019,25554,13128,12426,25554,40.66514681533792,-73.97637605667114,12,118,461.7672380057916,1,yearly
nyc,3301,Columbus Ave & W 95 St,2019,68569,35312,33257,68569,40.7919557,-73.968087,12,396,577.5204538494071,1,yearly
nyc,3302,Columbus Ave & W 103 St,2019,9184,4705,4479,9184,40.7969347,-73.9643412291,12,245,2667.682926829268,1,yearly
nyc,3303,Butler St & Court St,2019,19824,9878,9946,19824,40.6849894,-73.99440329,12,243,1225.7869249394673,1,yearly
nyc,3304,6 Ave & 9 St,2019,26779,13441,13338,26779,40.668127,-73.98377641,12,269,1004.5184659621345,1,yearly
nyc,3305,E 91 St & 2 Ave,2019,47995,23866,24129,47995,40.78112237204715,-73.94965591896955,12,600,1250.1302218981145,1,yearly
nyc,3306,10 St & 7 Ave,2019,21091,10787,10304,21091,40.6662078,-73.98199886,12,239,1133.1847707552984,1,yearly
nyc,3307,West End Ave & W 94 St,2019,32398,16167,16231,32398,40.7941654,-73.974124,12,415,1280.9432681029693,1,yearly
nyc,3308,Kane St & Clinton St,2019,28223,14133,14090,28223,40.6861758,-73.99645295,12,368,1303.90107359246,1,yearly
nyc,3309,E 97 St & 3 Ave,2019,13537,6799,6738,13537,40.7859201,-73.94860294,12,630,4653.911501809855,1,yearly
nyc,331,Pike St & Monroe St,2019,48881,24380,24501,48881,40.71173107,-73.99193043,12,315,644.4221681225835,1,yearly
nyc,3310,14 St & 7 Ave,2019,22796,11698,11098,22796,40.663779,-73.98396846,12,188,824.7060887875066,1,yearly
nyc,3311,Columbia St & Kane St,2019,19951,9896,10055,19951,40.68763155,-74.0016256,12,436,2185.354117588091,1,yearly
nyc,3312,1 Ave & E 94 St,2019,31523,15564,15959,31523,40.7817212,-73.94594,12,555,1760.6192304031977,1,yearly
nyc,3313,6 Ave & 12 St,2019,15596,7878,7718,15596,40.6663181,-73.9854617,12,258,1654.2703257245446,1,yearly
nyc,3314,W 95 St & Broadway,2019,56434,28465,27969,56434,40.7937704,-73.971888,12,470,832.8312719282702,1,yearly
nyc,3315,Henry St & Degraw St,2019,32614,16305,16309,32614,40.6847514,-73.99917254,12,335,1027.1662476237198,1,yearly
nyc,3317,10 St & 5 Ave,2019,14437,7194,7243,14437,40.6686273,-73.98700053,12,299,2071.067396273464,1,yearly
nyc,3318,2 Ave & E 96 St,2019,52987,26174,26813,52987,40.7839636,-73.9471673,12,598,1128.5787079849774,1,yearly
nyc,3319,14 St & 5 Ave,2019,24316,12140,12176,24316,40.666287,-73.98895053,12,350,1439.3814772166475,1,yearly
nyc,332,Cherry St,2019,50303,25352,24951,50303,40.71219906,-73.97948148,12,167,331.98815180009143,1,yearly
nyc,3320,Central Park West & W 100 St,2019,43848,22374,21474,43848,40.79406660818552,-73.96286845207214,12,167,380.8611567232257,1,yearly
nyc,3321,Clinton St & Union St,2019,24890,12600,12290,24890,40.6831164,-73.99785267,12,259,1040.5785456006429,1,yearly
nyc,3322,12 St & 4 Ave,2019,7191,3577,3614,7191,40.668603,-73.9904394,9,443,6160.478375747462,1,yearly
nyc,3323,W 106 St & Central Park West,2019,41496,21822,19674,41496,40.7981856,-73.9605909006,12,179,431.36687873529974,1,yearly
nyc,3324,3 Ave & 14 St,2019,11610,5761,5849,11610,40.6685455,-73.99333264,12,548,4720.068906115418,1,yearly
nyc,3325,E 95 St & 3 Ave,2019,5434,2711,2723,5434,40.7849032,-73.950503,4,525,9661.39124033861,1,yearly
nyc,3326,Clinton St & Centre St,2019,5757,2807,2950,5757,40.67434,-74.00194698,12,416,7225.985756470383,1,yearly
nyc,3327,3 Ave & E 100 St,2019,9912,4917,4995,9912,40.7877214,-73.94728331,12,595,6002.824858757062,1,yearly
nyc,3328,W 100 St & Manhattan Ave,2019,36320,18504,17816,36320,40.795,-73.9645,12,256,704.8458149779736,1,yearly
nyc,3329,Degraw St & Smith St,2019,25670,12755,12915,25670,40.6829151,-73.99318208,12,184,716.7900272691859,1,yearly
nyc,3330,Henry St & Bay St,2019,5695,2808,2887,5695,40.6725058,-74.00494695,12,213,3740.122914837577,1,yearly
nyc,3331,Riverside Dr & W 104 St,2019,28660,14553,14107,28660,40.8013434,-73.9711457439,12,217,757.1528262386602,1,yearly
nyc,3332,Degraw St & Hoyt St,2019,16703,8302,8401,16703,40.68199044270703,-73.99079024791718,12,183,1095.6115667844101,1,yearly
nyc,3333,Columbia St & Lorraine St,2019,3359,1484,1875,3359,40.6747055,-74.0075572,12,102,3036.618041083656,1,yearly
nyc,3335,Union St & 4 Ave,2019,32697,16081,16616,32697,40.6772744,-73.98282002,12,292,893.0482918922224,1,yearly
nyc,3336,E 97 St & Madison Ave,2019,36049,17990,18059,36049,40.787801,-73.953559,12,481,1334.2949873782907,1,yearly
nyc,3337,Dwight St & Van Dyke St,2019,5373,2386,2987,5373,40.67363551341504,-74.01195555925369,12,70,1302.8103480364787,1,yearly
nyc,3338,2 Ave & E 99 St,2019,16835,8397,8438,16835,40.7862586,-73.94552579,12,654,3884.7638847638846,1,yearly
nyc,3339,Berkeley Pl & 6 Ave,2019,19329,9622,9707,19329,40.6765304,-73.97846879,12,344,1779.7092451756428,1,yearly
nyc,334,W 20 St & 7 Ave,2019,117635,58720,58915,117635,40.74238787,-73.99726235,12,699,594.2109066179283,1,yearly
nyc,3340,Wolcott St & Dwight St,2019,5966,2854,3112,5966,40.6753274,-74.0100698,12,118,1977.8746228628897,1,yearly
nyc,3341,Central Park West & W 102 St,2019,20232,10638,9594,20232,40.795346,-73.96186,12,151,746.3424278370898,1,yearly
nyc,3342,Pioneer St & Richards St,2019,6175,2809,3366,6175,40.6777748,-74.0094613,12,144,2331.9838056680164,1,yearly
nyc,3343,W 107 St & Columbus Ave,2019,17546,8825,8721,17546,40.7997568,-73.9621128676,12,232,1322.2386868802007,1,yearly
nyc,3344,Pioneer St & Van Brunt St,2019,16226,7836,8390,16226,40.679043,-74.011169,12,118,727.2279058301492,1,yearly
nyc,3345,Madison Ave & E 99 St,2019,25604,12815,12789,25604,40.78948541553215,-73.95242929458618,12,490,1913.7634744571162,1,yearly
nyc,3346,Berkeley Pl & 7 Ave,2019,43698,21858,21840,43698,40.675146838709786,-73.97523209452629,12,372,851.297542221612,1,yearly
nyc,3347,Van Brunt St & Wolcott St,2019,16531,7820,8711,16531,40.6773429,-74.01275056,12,91,550.480914645212,1,yearly
nyc,3348,Coffey St & Conover St,2019,12470,6099,6371,12470,40.677236,-74.015665,12,64,513.2317562149158,1,yearly
nyc,3349,Grand Army Plaza & Plaza St West,2019,48153,25241,22912,48153,40.6729679,-73.97087984,12,294,610.5538595726123,1,yearly
nyc,335,Washington Pl & Broadway,2019,87573,43385,44188,87573,40.729039130921706,-73.99404652585703,12,485,553.8236671120094,1,yearly
nyc,3350,W 100 St & Broadway,2019,47666,24313,23353,47666,40.79737207561279,-73.97041195854241,12,466,977.636050853858,1,yearly
nyc,3351,E 102 St & 1 Ave,2019,40202,20010,20192,40202,40.7869946,-73.94164802,12,585,1455.151485000746,1,yearly
nyc,3352,Sigourney St & Columbia St,2019,8050,3822,4228,8050,40.67267243410948,-74.0087952464819,12,47,583.8509316770186,1,yearly
nyc,3354,3 St & Prospect Park West,2019,35872,18895,16977,35872,40.668132,-73.97363831,12,120,334.5227475468332,1,yearly
nyc,3355,E 66 St & Madison Ave,2019,22621,11319,11302,22621,40.76800889305947,-73.96845281124115,12,418,1847.8405021882322,1,yearly
nyc,3356,Amsterdam Ave & W 66 St,2019,37846,18936,18910,37846,40.7746671,-73.98470567,12,397,1048.9880040162766,1,yearly
nyc,3357,W 106 St & Amsterdam Ave,2019,28453,14438,14015,28453,40.8008363,-73.9664492472,12,309,1086.0014761185112,1,yearly
nyc,3358,Garfield Pl & 8 Ave,2019,22007,11179,10828,22007,40.6711978,-73.97484126,12,217,986.049893215795,1,yearly
nyc,3359,E 68 St & Madison Ave,2019,19568,9789,9779,19568,40.7691572,-73.96703464,12,386,1972.6083401471792,1,yearly
nyc,336,Sullivan St & Washington Sq,2019,104312,51534,52778,104312,40.73047747,-73.99906065,12,517,495.62849911803056,1,yearly
nyc,3360,Amsterdam Ave & W 79 St,2019,65177,32680,32497,65177,40.7829391,-73.9786517,12,460,705.7704404928119,1,yearly
nyc,3361,Carroll St & 6 Ave,2019,25507,12728,12779,25507,40.6740886,-73.9787282,12,254,995.8050731171835,1,yearly
nyc,3362,Madison Ave & E 82 St,2019,45523,22801,22722,45523,40.7781314,-73.96069399,12,369,810.57926762296,1,yearly
nyc,3363,E 102 St & Park Ave,2019,17779,8844,8935,17779,40.7904828,-73.95033068,12,559,3144.158839079813,1,yearly
nyc,3364,Carroll St & 5 Ave,2019,30386,15084,15302,30386,40.6751622,-73.9814832,12,270,888.5671032712432,1,yearly
nyc,3365,3 St & 7 Ave,2019,27237,13717,13520,27237,40.6703837,-73.97839676,12,205,752.6526416271982,1,yearly
nyc,3366,West End Ave & W 107 St,2019,25363,13072,12291,25363,40.8021174,-73.9681805305,12,254,1001.4588179631746,1,yearly
nyc,3367,5 Ave & E 103 St,2019,50071,24915,25156,50071,40.792255184090486,-73.95249937622991,12,346,691.0187533702143,1,yearly
nyc,3368,5 Ave & 3 St,2019,35677,17710,17967,35677,40.6728155,-73.98352355,12,265,742.7754575777112,1,yearly
nyc,3369,E 82 St & East End Ave,2019,28580,14283,14297,28580,40.7724607,-73.9468208,12,288,1007.6976906927921,1,yearly
nyc,337,Old Slip & Front St,2019,56137,26438,29699,56137,40.7037992,-74.00838676,12,365,650.1950585175553,1,yearly
nyc,3370,E 78 St & 2 Ave,2019,26127,13028,13099,26127,40.7727966,-73.95577801,12,530,2028.5528380602443,1,yearly
nyc,3371,4 Ave & 2 St,2019,2690,1291,1399,2690,40.674613422475815,-73.98501142859459,4,277,10297.397769516729,1,yearly
nyc,3372,E 74 St & 1 Ave,2019,57587,28731,28856,57587,40.7689738,-73.95482273,12,668,1159.9840241721222,1,yearly
nyc,3373,3 St & 3 Ave,2019,26770,13191,13579,26770,40.6750705,-73.98775226,12,261,974.9719835636907,1,yearly
nyc,3374,Central Park North & Adam Clayton Powell Blvd,2019,74715,36863,37852,74715,40.79948403568465,-73.95561302676349,12,234,313.1901224653684,1,yearly
nyc,3375,3 Ave & E 72 St,2019,23369,11706,11663,23369,40.7699426,-73.96060712,12,521,2229.4492704009585,1,yearly
nyc,3376,E 65 St & 2 Ave,2019,36731,18473,18258,36731,40.76471851944339,-73.96222069859505,12,890,2423.021426043397,1,yearly
nyc,3377,Carroll St & Bond St,2019,25635,12767,12868,25635,40.6786115,-73.99037292,12,175,682.660425199922,1,yearly
nyc,3378,E 76 St & Park Ave,2019,34549,17250,17299,34549,40.773763,-73.96222088,12,418,1209.8758285333874,1,yearly
nyc,3379,E 103 St & Lexington Ave,2019,25023,12389,12634,25023,40.7903051,-73.94755757,12,540,2158.01462654358,1,yearly
nyc,3381,3 St & Hoyt St,2019,13657,6797,6860,13657,40.6777287,-73.99364123,12,163,1193.5271289448635,1,yearly
nyc,3382,Carroll St & Smith St,2019,39116,19563,19553,39116,40.68061097191579,-73.99475826111188,12,186,475.50874322527864,1,yearly
nyc,3383,Cathedral Pkwy & Broadway,2019,36242,18947,17295,36242,40.804213,-73.96699104,12,252,695.3258650184869,1,yearly
nyc,3384,Smith St & 3 St,2019,22769,11486,11283,22769,40.6787242,-73.99599099,12,241,1058.456673547367,1,yearly
nyc,3386,1 Pl & Clinton St,2019,20264,10288,9976,20264,40.6809591,-73.99905709,12,317,1564.3505724437425,1,yearly
nyc,3387,E 106 St & Madison Ave,2019,17952,8933,9019,17952,40.7934337,-73.94945003,12,420,2339.572192513369,1,yearly
nyc,3388,President St & Henry St,2019,19513,9692,9821,19513,40.6828003,-73.99990419,12,296,1516.937426331164,1,yearly
nyc,3389,Carroll St & Columbia St,2019,22911,11417,11494,22911,40.6830456,-74.00348559,12,269,1174.10850683078,1,yearly
nyc,339,Avenue D & E 12 St,2019,35546,18496,17050,35546,40.72580614,-73.97422494,12,164,461.37399426095766,1,yearly
nyc,3390,E 109 St & 3 Ave,2019,18104,9013,9091,18104,40.79329668,-73.9432083,12,519,2866.7697746354397,1,yearly
nyc,3391,E 106 St & 1 Ave,2019,14578,7242,7336,14578,40.7892529,-73.93956237,12,432,2963.36946083139,1,yearly
nyc,3392,Commerce St & Van Brunt St,2019,8059,3810,4249,8059,40.6812117,-74.00860912,12,180,2233.527732969351,1,yearly
nyc,3393,Richards St & Delavan St,2019,6256,2984,3272,6256,40.6794327,-74.00785041,12,228,3644.501278772379,1,yearly
nyc,3394,Columbia St & W 9 St,2019,6363,3082,3281,6363,40.6769993,-74.00647134,12,302,4746.188904604746,1,yearly
nyc,3395,Henry St & W 9 St,2019,4713,2361,2352,4713,40.6763744,-74.00324957,12,418,8869.085508168895,1,yearly
nyc,3396,Clinton St & 4 Place,2019,19709,9831,9878,19709,40.6783563,-74.00014502,12,411,2085.3417220559136,1,yearly
nyc,3397,Court St & Nelson St,2019,17436,8672,8764,17436,40.6763947,-73.99869893,12,404,2317.045193851801,1,yearly
nyc,3398,Smith St & 9 St,2019,27810,13932,13878,27810,40.6746957,-73.99785768,12,420,1510.2481121898597,1,yearly
nyc,3399,7 St & 3 Ave,2019,13371,6596,6775,13371,40.67260298150126,-73.98983001708984,12,275,2056.6898511704435,1,yearly
nyc,340,Madison St & Clinton St,2019,46714,23377,23337,46714,40.71269042,-73.98776323,12,321,687.160166117224,1,yearly
nyc,3400,E 110 St & Madison Ave,2019,33920,16905,17015,33920,40.7961535,-73.94782145,12,376,1108.4905660377358,1,yearly
nyc,3401,2 Ave & 9 St,2019,2677,1331,1346,2677,40.6724811,-73.99331394,5,348,12999.626447515875,1,yearly
nyc,3402,Court St & State St,2019,54906,27340,27566,54906,40.6902375,-73.99203074,12,623,1134.6665209631005,1,yearly
nyc,3403,4 Ave & 9 St,2019,20132,9917,10215,20132,40.6705135,-73.98876585,12,333,1654.0830518577388,1,yearly
nyc,3404,7 St & 5 Ave,2019,16058,7986,8072,16058,40.6704922,-73.98541675,12,315,1961.639058413252,1,yearly
nyc,3405,5 St & 6 Ave,2019,13001,6526,6475,13001,40.6704836,-73.98208968,12,267,2053.6881778324746,1,yearly
nyc,3407,Union St & Nevins St,2019,19617,9668,9949,19617,40.67909799721684,-73.98765474557877,12,233,1187.7453229341897,1,yearly
nyc,3408,Congress St & Clinton St,2019,34092,16914,17178,34092,40.6881529,-73.99520919,12,569,1669.0132582424028,1,yearly
nyc,3409,Bergen St & Smith St,2019,73270,36011,37259,73270,40.6867443,-73.99063168,12,516,704.2445748601065,1,yearly
nyc,341,Stanton St & Mangin St,2019,38953,19435,19518,38953,40.71782143,-73.97628939,12,194,498.0360947808898,1,yearly
nyc,3410,Dean St & Hoyt St,2019,19874,9739,10135,19874,40.6864442,-73.98759104,12,498,2505.786454664386,1,yearly
nyc,3411,Bond St & Bergen St,2019,24981,12439,12542,24981,40.6849668,-73.98620772,12,405,1621.232136423682,1,yearly
nyc,3412,Pacific St & Nevins St,2019,22379,11176,11203,22379,40.6853761,-73.98302136,12,710,3172.617185754502,1,yearly
nyc,3413,Wyckoff St & 3 Ave,2019,20745,10336,10409,20745,40.6827549,-73.98258555,12,499,2405.3988912991085,1,yearly
nyc,3414,Bergen St & Flatbush Ave,2019,31650,15741,15909,31650,40.680944723477296,-73.97567331790923,12,622,1965.2448657187995,1,yearly
nyc,3415,Prospect Pl & 6 Ave,2019,19672,9812,9860,19672,40.6793307,-73.97519523,12,499,2536.6002440016264,1,yearly
nyc,3416,7 Ave & Park Pl,2019,41328,20732,20596,41328,40.6776147,-73.97324283,11,448,1084.010840108401,1,yearly
nyc,3417,Baltic St & 5 Ave,2019,30379,15038,15341,30379,40.6795766,-73.97854971,12,523,1721.5839889397282,1,yearly
nyc,3418,Plaza St West & Flatbush Ave,2019,37077,20467,16610,37077,40.6750207,-73.97111473,12,362,976.3465221026512,1,yearly
nyc,3419,Douglass St & 4 Ave,2019,23935,11806,12129,23935,40.6792788,-73.98154004,12,324,1353.6661792354294,1,yearly
nyc,342,Columbia St & Rivington St,2019,46193,23175,23018,46193,40.71739973,-73.98016555,12,362,783.6685212045115,1,yearly
nyc,3420,Douglass St & 3 Ave,2019,31654,15668,15986,31654,40.6802133,-73.98432695,12,282,890.8826688570165,1,yearly
nyc,3422,Columbia St & Degraw St,2019,22718,11253,11465,22718,40.6859296,-74.00242364,12,290,1276.520820494762,1,yearly
nyc,3423,West Drive & Prospect Park West,2019,64540,32256,32284,64540,40.6610633719006,-73.97945255041122,12,116,179.73349860551596,1,yearly
nyc,3424,E 106 St & Lexington Ave,2019,15684,7692,7992,15684,40.791976,-73.945993,12,531,3385.615914307575,1,yearly
nyc,3425,2 Ave & E 104 St,2019,26227,13063,13164,26227,40.7892105,-73.94370784,12,475,1811.1106874594884,1,yearly
nyc,3427,Lafayette St & Jersey St,2019,69695,34756,34939,69695,40.72430527250332,-73.99600982666016,7,856,1228.20862328718,1,yearly
nyc,3427,Lafayette St & Jersey St S,2019,10244,5192,5052,10244,40.72430527250332,-73.99600982666016,1,856,8356.11089418196,1,yearly
nyc,3429,Hanson Pl & Ashland Pl,2019,83023,41397,41626,83023,40.68506807308177,-73.97790759801863,12,799,962.3839177095504,1,yearly
nyc,343,Clinton Ave & Flushing Ave,2019,18309,8605,9704,18309,40.69794,-73.96986848,12,211,1152.438691353979,1,yearly
nyc,3430,Richardson St & N Henry St,2019,28104,14191,13913,28104,40.71907891179564,-73.94223690032959,12,512,1821.8047253060063,1,yearly
nyc,3431,E 35 St & 3 Ave,2019,5394,2704,2690,5394,40.746524,-73.977885,2,1150,21319.985168705967,1,yearly
nyc,3432,NYCBS Depot - GOW,2019,1345,215,1130,1345,40.66906013501107,-73.99463653564453,6,534,39702.602230483266,1,yearly
nyc,3434,W 88 St & West End Ave,2019,20022,10208,9814,20022,40.79025417330419,-73.97718340158461,8,258,1288.5825591848966,1,yearly
nyc,3435,Grand St & Elizabeth St,2019,163864,81812,82052,163864,40.718822,-73.99596,12,1273,776.8637406629888,1,yearly
nyc,3437,Riverside Dr & W 91 St,2019,27641,14155,13486,27641,40.79313480986663,-73.97700369358063,12,276,998.5166962121486,1,yearly
nyc,344,Monroe St & Bedford Ave,2019,26364,13451,12913,26364,40.6851443,-73.95380904,12,356,1350.3262023972084,1,yearly
nyc,3440,Fulton St & Adams St,2019,63452,32118,31334,63452,40.69241829257847,-73.98949474096298,12,727,1145.7479669671563,1,yearly
nyc,3441,10 Hudson Yards,2019,8281,4131,4150,8281,40.752957,-74.00264,12,534,6448.496558386668,1,yearly
nyc,3443,W 52 St & 6 Ave,2019,121034,58167,62867,121034,40.76132983124814,-73.97982001304626,12,919,759.2907777979741,1,yearly
nyc,3449,Eckford St & Engert Ave,2019,12136,6068,6068,12136,40.72146256229816,-73.94800901412964,11,418,3444.2979564930783,1,yearly
nyc,3452,Bayard St & Leonard St,2019,23474,11767,11707,23474,40.71915571696044,-73.94885390996933,12,392,1669.9326914884555,1,yearly
nyc,3453,Devoe St & Lorimer St,2019,33028,16476,16552,33028,40.71335226222875,-73.9491033554077,12,543,1644.0595858059826,1,yearly
nyc,3454,Leonard St & Maujer St,2019,21144,10691,10453,21144,40.7103685423523,-73.94705951213837,12,353,1669.5043511161557,1,yearly
nyc,3456,Jackson St & Leonard St,2019,8374,4222,4152,8374,40.71638031973561,-73.94821286201477,12,504,6018.629090040602,1,yearly
nyc,3457,E 58 St & Madison Ave,2019,38244,19124,19120,38244,40.76302594280519,-73.97209525108337,10,1057,2763.832235121849,1,yearly
nyc,3458,W 55 St & 6 Ave,2019,26342,13152,13190,26342,40.76309387270797,-73.9783501625061,5,891,3382.431098625769,1,yearly
nyc,3459,E 53 St & 3 Ave,2019,87250,43347,43903,87250,40.75763227739443,-73.96930575370789,11,1069,1225.214899713467,1,yearly
nyc,346,Bank St & Hudson St,2019,81842,40922,40920,81842,40.736528910904774,-74.00618029637468,12,400,488.74660932039785,1,yearly
nyc,3461,Murray St & Greenwich St,2019,86047,41803,44244,86047,40.71485150526252,-74.01122331619263,12,514,597.3479609980592,1,yearly
nyc,3462,E 44 St & 2 Ave,2019,3930,1970,1960,3930,40.75118387463277,-73.97138714790344,2,810,20610.687022900765,1,yearly
nyc,3463,E 16 St & Irving Pl,2019,85876,42807,43069,85876,40.735367055605394,-73.98797392845154,12,679,790.6749266384089,1,yearly
nyc,3466,W 45 St & 6 Ave,2019,5097,2533,2564,5097,40.75668720603179,-73.98257732391357,2,1122,22012.94879340789,1,yearly
nyc,3466,W 45 St & 6 Ave -,2019,6369,3166,3203,6369,40.75668720603179,-73.98257732391357,1,1122,17616.58031088083,1,yearly
nyc,3467,W Broadway & Spring St,2019,22935,10243,12692,22935,40.72494672359416,-74.00165855884552,3,848,3697.4057117942007,1,yearly
nyc,3467,W Broadway & Spring Street,2019,84627,40046,44581,84627,40.72494672359416,-74.00165855884552,9,848,1002.0442648327366,1,yearly
nyc,3469,India St & West St,2019,23881,11856,12025,23881,40.73181401720966,-73.95995020866394,12,95,397.8057870273439,1,yearly
nyc,347,Greenwich St & W Houston St,2019,121059,59378,61681,121059,40.728846,-74.008591,12,483,398.979010234679,1,yearly
nyc,3472,W 15 St & 10 Ave,2019,89733,43891,45842,89733,40.74275382865903,-74.00747358798981,12,404,450.2245550689267,1,yearly
nyc,3474,6 Ave & Spring St,2019,10617,5287,5330,10617,40.7252556952547,-74.00412082672119,3,827,7789.394367523783,1,yearly
nyc,3477,39 St & 2 Ave - Citi Bike HQ at Industry City,2019,6025,2843,3182,6025,40.65539977447831,-74.01062786579132,12,330,5477.178423236514,1,yearly
nyc,3478,2 Ave & 36 St - Citi Bike HQ at Industry City,2019,11704,5349,6355,11704,40.65708866668485,-74.00870203971863,12,316,2699.931647300068,1,yearly
nyc,3479,Picnic Point,2019,17007,8544,8463,17007,40.68512559515415,-74.02535319328308,6,0,0.0,1,yearly
nyc,3486,Schermerhorn St & Bond St,2019,50697,25249,25448,50697,40.688417427540834,-73.98451656103134,12,812,1601.6726828017438,1,yearly
nyc,3489,Gold St & Frankfort St,2019,1115,559,556,1115,40.71069994631387,-74.00354146957397,1,520,46636.77130044843,1,yearly
nyc,349,Rivington St & Ridge St,2019,63399,32649,30750,63399,40.71850211,-73.98329859,12,617,973.2014700547328,1,yearly
nyc,3490,E 116 St & 2 Ave,2019,10861,5357,5504,10861,40.796879,-73.937261,12,563,5183.68474357794,1,yearly
nyc,3491,E 118 St & 1 Ave,2019,16850,8393,8457,16850,40.79747,-73.93504,12,559,3317.507418397626,1,yearly
nyc,3492,E 118 St & Park Ave,2019,8602,4261,4341,8602,40.8005385,-73.9419949,12,504,5859.10253429435,1,yearly
nyc,3493,E 118 St & 3 Ave,2019,16601,8255,8346,16601,40.799139,-73.9389152,12,642,3867.2369134389496,1,yearly
nyc,3494,E 115 St & Lexington Ave,2019,18890,9376,9514,18890,40.797911,-73.9423,12,582,3080.995235574378,1,yearly
nyc,3495,E 114 St & 1 Ave,2019,14045,6957,7088,14045,40.7945663,-73.9362541,12,492,3503.0259878960483,1,yearly
nyc,3496,1 Ave & E 110 St,2019,27508,13667,13841,27508,40.7923272,-73.9383,12,418,1519.5579467791188,1,yearly
nyc,3497,Pleasant Ave & E 116 St,2019,34221,17044,17177,34221,40.7949879,-73.9333349,12,414,1209.7834662926273,1,yearly
nyc,3498,Pleasant Ave & E 120 St,2019,13137,6543,6594,13137,40.7974772,-73.9311847,12,417,3174.240694222425,1,yearly
nyc,3499,2 Ave & E 122 St,2019,10659,5282,5377,10659,40.8006721,-73.9349,12,787,7383.431841636176,1,yearly
nyc,350,Clinton St & Grand St,2019,111795,55693,56102,111795,40.71559509,-73.9870295,12,720,644.0359586743593,1,yearly
nyc,3500,E 115 St & Madison Ave,2019,12707,6281,6426,12707,40.7989445,-73.944846,12,492,3871.8816400409223,1,yearly
nyc,3501,E 118 St & Madison Ave,2019,14542,7243,7299,14542,40.8014866,-73.9442507,12,424,2915.6924769632788,1,yearly
nyc,3502,Lexington Ave & E 111 St,2019,22483,11116,11367,22483,40.7954121,-73.9441232,12,548,2437.3971445091847,1,yearly
nyc,3503,Madison Ave & E 120 St,2019,10422,5141,5281,10422,40.80295,-73.942954,12,553,5306.083285357897,1,yearly
nyc,3504,E 123 St & Lexington Ave,2019,14335,7132,7203,14335,40.8029263,-73.9379,12,780,5441.227764213463,1,yearly
nyc,3505,Lexington Ave & E 127 St,2019,10112,4991,5121,10112,40.805726,-73.936322,12,869,8593.75,1,yearly
nyc,3506,Lexington Ave & E 120 St,2019,10567,5268,5299,10567,40.8013066,-73.9398167,12,720,6813.665184063594,1,yearly
nyc,3507,Park Ave & E 124 St,2019,57947,28916,29031,57947,40.8045555,-73.9396861,12,677,1168.3089719916477,1,yearly
nyc,3508,St Nicholas Ave & Manhattan Ave,2019,35271,17550,17721,35271,40.809725,-73.953149,12,515,1460.1230472626237,1,yearly
nyc,3509,Lenox Ave & W 115 St,2019,20049,9682,10367,20049,40.8011939,-73.9500739,12,367,1830.5152376677142,1,yearly
nyc,351,Front St & Maiden Ln,2019,60922,29209,31713,60922,40.70530954,-74.00612572,12,336,551.524900692689,1,yearly
nyc,3510,Adam Clayton Powell Blvd & W 123 St,2019,18174,9069,9105,18174,40.8078316,-73.949373,12,584,3213.381754154286,1,yearly
nyc,3511,Adam Clayton Powell Blvd & W 115 St,2019,10027,4971,5056,10027,40.802535,-73.9532423,10,400,3989.2290814800035,1,yearly
nyc,3512,27 Ave & 4 St,2019,2332,1165,1167,2332,40.7747175,-73.9337894,8,72,3087.478559176672,1,yearly
nyc,3513,21 St & Hoyt Ave S,2019,7756,3875,3881,7756,40.774645,-73.923706,12,256,3300.6704486848894,1,yearly
nyc,3514,Astoria Park S & Shore Blvd,2019,12276,6137,6139,12276,40.7767,-73.927631,12,99,806.4516129032257,1,yearly
nyc,3515,24 Ave & 26 St,2019,11016,5496,5520,11016,40.774591,-73.918544,12,454,4121.278140885984,1,yearly
nyc,3516,31 St & Astoria Blvd,2019,13549,6810,6739,13549,40.7699176,-73.9184057,12,652,4812.1632592811275,1,yearly
nyc,3517,31 St & Hoyt Ave N,2019,7168,3601,3567,7168,40.7711528,-73.9170074,12,606,8454.24107142857,1,yearly
nyc,3518,Lenox Ave & W 126 St,2019,32784,16138,16646,32784,40.808442,-73.9452087,12,564,1720.3513909224012,1,yearly
nyc,3520,Adam Clayton Powell Blvd & W 118 St,2019,14667,7226,7441,14667,40.804372,-73.951475,12,416,2836.29917501875,1,yearly
nyc,3521,Lenox Ave & W 111 St,2019,63618,31436,32182,63618,40.7987859,-73.9523,12,273,429.1238328774875,1,yearly
nyc,3522,37 St & 24 Ave,2019,7244,3621,3623,7244,40.7701477,-73.9120938,12,664,9166.206515737162,1,yearly
nyc,3523,24 Ave & 29 St,2019,9224,4618,4606,9224,40.7729,-73.916142,12,571,6190.372940156114,1,yearly
nyc,3524,19 St & 24 Ave,2019,12829,6399,6430,12829,40.7774552,-73.9225403,12,132,1028.9188557175148,1,yearly
nyc,3525,23 Ave & 27 St,2019,6318,3148,3170,6318,40.776165,-73.9153175,12,191,3023.1085786641343,1,yearly
nyc,3526,31 St & 23 Ave,2019,35962,17989,17973,35962,40.7747878,-73.9125551,12,197,547.8004560369278,1,yearly
nyc,3527,5 Ave & E 126 St,2019,12856,6396,6460,12856,40.80698,-73.941747,12,662,5149.346608587431,1,yearly
nyc,3528,Steinway St & 23 Ave,2019,10072,5031,5041,10072,40.7713937,-73.9077436,12,421,4179.904686258936,1,yearly
nyc,3529,Lenox Ave & W 130 St,2019,29839,14860,14979,29839,40.8107922,-73.9430681,12,585,1960.5214651965546,1,yearly
nyc,353,S Portland Ave & Hanson Pl,2019,25877,12896,12981,25877,40.68539567,-73.97431458,12,623,2407.5433782896007,1,yearly
nyc,3530,Crescent St & Ditmars Blvd,2019,7920,3956,3964,7920,40.7787185,-73.9145645,12,126,1590.9090909090908,1,yearly
nyc,3531,Frederick Douglass Blvd & W 129 St,2019,13864,6904,6960,13864,40.8125511,-73.9492286,12,507,3656.953260242354,1,yearly
nyc,3532,Ditmars Blvd & 19 St,2019,14226,7114,7112,14226,40.78145,-73.9183302,12,66,463.93926613243354,1,yearly
nyc,3533,St. Nicholas Ave & W 126 St,2019,25582,12699,12883,25582,40.8114323,-73.9518776,12,524,2048.315221640216,1,yearly
nyc,3534,Frederick Douglass Blvd & W 117 St,2019,39525,19547,19978,39525,40.805159,-73.954692,12,317,802.0240354206198,1,yearly
nyc,3535,Mt Morris Park W & W 120 St,2019,18774,9366,9408,18774,40.804038,-73.945925,12,495,2636.625119846596,1,yearly
nyc,3536,W 116 St & Broadway,2019,22775,12240,10535,22775,40.8082,-73.9641,12,230,1009.8792535675083,1,yearly
nyc,3537,Carlton Ave & Dean St,2019,27093,13632,13461,27093,40.6809741,-73.9710097,12,551,2033.7356512752372,1,yearly
nyc,3538,W 110 St & Amsterdam Ave,2019,30014,16572,13442,30014,40.802692,-73.96295,12,298,992.8699940027986,1,yearly
nyc,3539,W 116 St & Amsterdam Ave,2019,23815,12915,10900,23815,40.8067581,-73.9607082,12,214,898.5933235355868,1,yearly
nyc,354,Emerson Pl & Myrtle Ave,2019,31267,15544,15723,31267,40.69363137,-73.96223558,12,324,1036.236287459622,1,yearly
nyc,3540,Morningside Ave & W 123 St,2019,15820,7789,8031,15820,40.81,-73.9551508,12,439,2774.968394437421,1,yearly
nyc,3541,Amsterdam Ave & W 125 St,2019,15702,7725,7977,15702,40.813358,-73.956461,12,400,2547.4461851993374,1,yearly
nyc,3542,Amsterdam Ave & W 119 St,2019,16118,8245,7873,16118,40.8086249,-73.9596214,12,211,1309.0954212681474,1,yearly
nyc,3543,Morningside Dr & Amsterdam Ave,2019,7712,3890,3822,7712,40.81028506306003,-73.95736455917358,12,369,4784.751037344398,1,yearly
nyc,3544,Underhill Ave & Pacific St,2019,19302,9831,9471,19302,40.6804836,-73.9646795,12,453,2346.9070562635993,1,yearly
nyc,3545,Broadway & W 122 St,2019,12085,6032,6053,12085,40.8120562,-73.9612547,12,260,2151.42738932561,1,yearly
nyc,3546,Pacific St & Classon Ave,2019,8395,4277,4118,8395,40.6791944,-73.9587903,12,427,5086.360929124479,1,yearly
nyc,3547,Broadway & Moylan Pl,2019,32252,16021,16231,32252,40.8143256,-73.9590255,12,385,1193.724420190996,1,yearly
nyc,3549,Grand Ave & Bergen St,2019,23776,12158,11618,23776,40.678045,-73.962408,12,317,1333.2772543741587,1,yearly
nyc,355,Bayard St & Baxter St,2019,79276,39229,40047,79276,40.71602118,-73.99974372,12,1003,1265.200060547959,1,yearly
nyc,3551,3 Ave & E 112 St,2019,9346,4622,4724,9346,40.795508,-73.941606,12,557,5959.768885084528,1,yearly
nyc,3552,W 113 St & Broadway,2019,22679,11959,10720,22679,40.805973,-73.964928,12,232,1022.9727942149125,1,yearly
nyc,3553,Frederick Douglass Blvd & W 112 St,2019,37916,18744,19172,37916,40.801694,-73.957145,12,305,804.4097478636987,1,yearly
nyc,3554,Vernon Blvd & 41 Rd,2019,8789,4345,4444,8789,40.7552433,-73.9485678,12,125,1422.2323358743884,1,yearly
nyc,3555,28 St & 41 Ave,2019,21529,10803,10726,21529,40.751047,-73.93797,12,605,2810.163035905058,1,yearly
nyc,3556,24 St & 41 Ave,2019,12429,6230,6199,12429,40.7527085,-73.9397405,12,678,5454.984310885831,1,yearly
nyc,3557,40 Ave & 9 St,2019,7254,3624,3630,7254,40.75742,-73.945133,12,145,1998.897160187483,1,yearly
nyc,3558,Bergen St & Vanderbilt Ave,2019,32581,16365,16216,32581,40.6794388,-73.9680438,12,500,1534.6367514809244,1,yearly
nyc,3559,21 St & 38 Ave,2019,3508,1761,1747,3508,40.7576314,-73.9391224,12,314,8950.96921322691,1,yearly
nyc,356,Bialystoker Pl & Delancey St,2019,37783,19522,18261,37783,40.71622644,-73.98261206,12,331,876.0553688166635,1,yearly
nyc,3560,28 St & 38 Ave,2019,9015,4531,4484,9015,40.754876,-73.934326,10,394,4370.493621741542,1,yearly
nyc,3561,37 Ave & 35 St,2019,8718,4354,4364,8718,40.7531106,-73.9279917,12,264,3028.2174810736406,1,yearly
nyc,3562,Classon Ave & St Marks Ave,2019,26004,13216,12788,26004,40.6765198,-73.9596082,12,324,1245.9621596677434,1,yearly
nyc,3563,28 St & 36 Ave,2019,8406,4245,4161,8406,40.757186,-73.932719,12,312,3711.6345467523197,1,yearly
nyc,3564,21 St & 36 Ave,2019,3625,1822,1803,3625,40.7601853,-73.9362726,12,260,7172.4137931034475,1,yearly
nyc,3565,36 Ave & 10 St,2019,9274,4627,4647,9274,40.7614376,-73.9411265,12,179,1930.1272374379987,1,yearly
nyc,3566,Crescent St & 35 Ave,2019,7169,3616,3553,7169,40.7596276,-73.9321455,12,249,3473.2877667736084,1,yearly
nyc,3567,11 St & 35 Ave,2019,2753,1398,1355,2753,40.7627442,-73.9391141,12,169,6138.757718852162,1,yearly
nyc,3568,34 St & 35 Ave,2019,9448,4720,4728,9448,40.7569332,-73.9262231,12,245,2593.1414055884843,1,yearly
nyc,3569,Franklin Ave & St Marks Ave,2019,18185,9232,8953,18185,40.6758324,-73.9561677,12,378,2078.636238658235,1,yearly
nyc,357,E 11 St & Broadway,2019,13909,6945,6964,13909,40.73261787,-73.99158043,4,510,3666.6906319649147,1,yearly
nyc,3570,35 Ave & 37 St,2019,12283,6163,6120,12283,40.7557327,-73.9236611,12,306,2491.248066433282,1,yearly
nyc,3571,Bedford Ave & Bergen St,2019,26057,13088,12969,26057,40.676368,-73.952918,12,516,1980.2740146601682,1,yearly
nyc,3572,34 Ave & 38 St,2019,27898,13973,13925,27898,40.756913,-73.921631,12,343,1229.478815685712,1,yearly
nyc,3573,35 St & 34 Ave,2019,8551,4268,4283,8551,40.7580583,-73.9242751,12,329,3847.5032159981292,1,yearly
nyc,3574,Prospect Pl & Underhill Ave,2019,18659,9497,9162,18659,40.6769694,-73.96579,12,343,1838.2549975882953,1,yearly
nyc,3575,Crescent St & 34 Ave,2019,9826,4912,4914,9826,40.76108,-73.930562,12,279,2839.4056584571545,1,yearly
nyc,3576,Park Pl & Vanderbilt Ave,2019,31193,16134,15059,31193,40.6767,-73.969024,12,380,1218.2220369954798,1,yearly
nyc,3577,34 Ave & 21 St,2019,6953,3477,3476,6953,40.7628138,-73.9342862,12,247,3552.4234143535164,1,yearly
nyc,3578,Park Pl & Franklin Ave,2019,15917,7986,7931,15917,40.6741806,-73.9564947,12,377,2368.5367845699566,1,yearly
nyc,3579,Sterling Pl & Bedford Ave,2019,18828,9448,9380,18828,40.672695,-73.954131,12,482,2560.0169959634586,1,yearly
nyc,358,Christopher St & Greenwich St,2019,203236,101413,101823,203236,40.73291555152239,-74.00711383774073,12,427,210.10057273317722,1,yearly
nyc,3580,St Johns Pl & Washington Ave,2019,21300,11151,10149,21300,40.6737236,-73.9631611,12,245,1150.2347417840376,1,yearly
nyc,3581,Underhill Ave & Lincoln Pl,2019,24499,12655,11844,24499,40.6740123,-73.9671457,12,302,1232.7033756479855,1,yearly
nyc,3582,Lincoln Pl & Classon Ave,2019,8891,4700,4191,8891,40.6721683,-73.9609,12,269,3025.5314362838826,1,yearly
nyc,3583,Eastern Pkwy & Washington Ave,2019,19660,10688,8972,19660,40.6716493,-73.9631145,12,249,1266.531027466938,1,yearly
nyc,3584,Eastern Pkwy & Franklin Ave,2019,32029,17654,14375,32029,40.6707767,-73.9576801,12,409,1276.9677479783945,1,yearly
nyc,3585,Union St & Bedford Ave,2019,7698,3843,3855,7698,40.6691783,-73.9554162,12,448,5819.693426864121,1,yearly
nyc,3586,34 Ave & 13 St,2019,4271,2122,2149,4271,40.7638753,-73.9364848,12,243,5689.534066963241,1,yearly
nyc,3587,Carroll St & Washington Ave,2019,7686,3817,3869,7686,40.6686744,-73.9618148,12,192,2498.0483996877438,1,yearly
nyc,3588,Vernon Blvd & 10 St,2019,12423,6174,6249,12423,40.7671863,-73.9373554,12,122,982.0494244546406,1,yearly
nyc,3589,Broadway & 12 St,2019,9527,4750,4777,9527,40.7668,-73.9347774,12,246,2582.1349847800984,1,yearly
nyc,359,E 47 St & Park Ave,2019,166888,82895,83993,166888,40.75510267,-73.97498696,12,979,586.6209673553521,1,yearly
nyc,3590,Carroll St & Franklin Ave,2019,4831,2408,2423,4831,40.6679411,-73.9588,12,304,6292.693024218589,1,yearly
nyc,3591,21 St & 31 Dr,2019,13396,6652,6744,13396,40.7659,-73.930819,12,257,1918.483129292326,1,yearly
nyc,3592,Crescent St & Broadway,2019,16113,8061,8052,16113,40.7633589,-73.9286471,12,315,1954.943213554273,1,yearly
nyc,3593,31 St & Broadway,2019,31594,15900,15694,31594,40.761584,-73.925921,12,280,886.244223586757,1,yearly
nyc,3595,35 St & Broadway,2019,10936,5495,5441,10936,40.760339,-73.9222427,12,367,3355.8888076079006,1,yearly
nyc,3596,Sullivan Pl & Bedford Ave,2019,4442,2133,2309,4442,40.6642406,-73.9574686,12,443,9972.985141828005,1,yearly
nyc,3597,43 St & Broadway,2019,15438,7704,7734,15438,40.7577284,-73.9166368,12,332,2150.537634408602,1,yearly
nyc,3598,Newton Rd & 44 St,2019,8980,4487,4493,8980,40.7595701,-73.9142678,12,283,3151.4476614699333,1,yearly
nyc,3599,Franklin Ave & Empire Blvd,2019,27916,13871,14045,27916,40.66314,-73.9605695,12,335,1200.0286574007737,1,yearly
nyc,360,William St & Pine St,2019,51406,25654,25752,51406,40.70717936,-74.00887308,12,543,1056.296930319418,1,yearly
nyc,3601,Sterling St & Bedford Ave,2019,6575,3261,3314,6575,40.6627059,-73.9569115,12,430,6539.923954372624,1,yearly
nyc,3602,31 Ave & 34 St,2019,17804,8909,8895,17804,40.763154,-73.920827,12,432,2426.4210289822513,1,yearly
nyc,3603,31 Ave & 30 St,2019,10666,5355,5311,10666,40.7647,-73.9240312,12,360,3375.210950684418,1,yearly
nyc,3604,Rogers Ave & Sterling St,2019,11024,5483,5541,11024,40.6630619,-73.9538746,12,362,3283.7445573294626,1,yearly
nyc,3605,31 Ave & Crescent St,2019,10947,5485,5462,10947,40.7658346,-73.9265474,12,343,3133.278523796474,1,yearly
nyc,3606,49 Ave & 21 St,2019,11599,5806,5793,11599,40.74252,-73.948852,12,303,2612.2941632899388,1,yearly
nyc,3607,31 Ave & 14 St,2019,7064,3518,3546,7064,40.7682,-73.9322662,12,269,3808.0407701019253,1,yearly
nyc,3608,5 St & 51 Ave,2019,8792,4386,4406,8792,40.7423737,-73.9566,12,196,2229.2993630573246,1,yearly
nyc,3609,Vernon Blvd & 31 Ave,2019,12492,6177,6315,12492,40.7692475,-73.9354504,12,130,1040.6660262568043,1,yearly
nyc,361,Allen St & Hester St,2019,102006,50747,51259,102006,40.71605865805594,-73.99190759306256,12,1025,1004.8428523812325,1,yearly
nyc,3610,Vernon Blvd & 30 Rd,2019,12668,6395,6273,12668,40.770845,-73.934171,12,127,1002.5260498894853,1,yearly
nyc,3611,Vernon Blvd & 47 Rd,2019,20132,10007,10125,20132,40.7449067,-73.9534573,12,302,1500.0993443274388,1,yearly
nyc,3612,30 Ave & 21 St,2019,7667,3824,3843,7667,40.7703743,-73.9286078,12,261,3404.1998173992433,1,yearly
nyc,3613,Center Blvd & 48 Ave,2019,17285,8623,8662,17285,40.745038,-73.957539,12,139,804.1654613827018,1,yearly
nyc,3614,Crescent St & 30 Ave,2019,10456,5222,5234,10456,40.768692,-73.9249574,12,332,3175.2104055087984,1,yearly
nyc,3615,44 Dr & 21 St,2019,23556,11742,11814,23556,40.748,-73.9460927,12,311,1320.2581083375785,1,yearly
nyc,3616,Steinway St & 28 Ave,2019,16038,8083,7955,16038,40.7656251,-73.9136695,12,411,2562.663673774785,1,yearly
nyc,3617,28 Ave & 35 St,2019,12503,6283,6220,12503,40.7671,-73.9169858,12,725,5798.6083339998395,1,yearly
nyc,3618,27 St & Hunter St,2019,15737,7879,7858,15737,40.7485,-73.941275,12,638,4054.139925017475,1,yearly
nyc,3619,Newtown Ave & 23 St,2019,14579,7282,7297,14579,40.7713615,-73.9246145,12,366,2510.460251046025,1,yearly
nyc,362,Broadway & W 37 St,2019,74428,37394,37034,74428,40.75172633652058,-73.98753531842026,12,1083,1455.0975439350782,1,yearly
nyc,3620,11 St & 43 Ave,2019,5474,2738,2736,5474,40.7519071,-73.9479119,12,240,4384.362440628425,1,yearly
nyc,3621,27 Ave & 9 St,2019,7598,3791,3807,7598,40.7739825,-73.9309134,12,160,2105.81732034746,1,yearly
nyc,3622,E 128 St & Madison Ave,2019,11892,5912,5980,11892,40.80756,-73.939182,12,639,5373.360242179617,1,yearly
nyc,3623,W 120 St & Claremont Ave,2019,17097,8843,8254,17097,40.8109494,-73.9634,12,190,1111.306077089548,1,yearly
nyc,3628,Lenox Ave & W 117 St,2019,33213,16434,16779,33213,40.8025566,-73.9490782,12,373,1123.0542257549755,1,yearly
nyc,3629,Adam Clayton Powell Blvd & W 126 St,2019,16310,7959,8351,16310,40.80949534777948,-73.94776493310928,12,641,3930.104230533415,1,yearly
nyc,363,West Thames St,2019,78359,38994,39365,78359,40.70834698,-74.01713445,12,305,389.2341658265164,1,yearly
nyc,3630,Frederick Douglass Blvd & W 115 St,2019,28525,14087,14438,28525,40.80386527990563,-73.95593080960312,12,347,1216.4767747589833,1,yearly
nyc,3631,Crown St & Bedford Ave,2019,2878,1413,1465,2878,40.666563,-73.956741,7,434,15079.91660875608,1,yearly
nyc,3637,Fulton St & Waverly Ave,2019,33071,16723,16348,33071,40.68323865460341,-73.96599590778351,12,489,1478.6368721840888,1,yearly
nyc,364,Lafayette Ave & Classon Ave,2019,31627,16234,15393,31627,40.68900443,-73.96023854,12,271,856.8628070952034,1,yearly
nyc,3641,Broadway & W 25 St,2019,178016,89806,88210,178016,40.74286877312112,-73.98918628692627,12,884,496.5845766672659,1,yearly
nyc,3646,35 Ave & 10 St,2019,8383,4205,4178,8383,40.76315481910373,-73.93985509872437,12,170,2027.9136347369679,1,yearly
nyc,3647,48 Ave & 30 Pl,2019,4766,2368,2398,4766,40.74128309355993,-73.93725872039794,12,555,11644.985312631137,1,yearly
nyc,3648,Flushing Ave & Vanderbilt Ave,2019,34739,17098,17641,34739,40.69795031569544,-73.97077560424805,12,212,610.2651198940672,1,yearly
nyc,3649,W 129 St & Convent Ave,2019,11548,5762,5786,11548,40.814394437915816,-73.95324736833572,12,488,4225.839972289574,1,yearly
nyc,365,Fulton St & Grand Ave,2019,13126,6835,6291,13126,40.68223166,-73.9614583,7,384,2925.491391132104,1,yearly
nyc,3653,31 St & 35 Ave,2019,688,344,344,688,40.75820464696758,-73.92832159996033,2,239,34738.37209302326,1,yearly
nyc,3654,31 St & Northern Blvd,2019,8717,4470,4247,8717,40.75186951421875,-73.93349289894103,12,483,5540.8970976253295,1,yearly
nyc,3656,E 2 St & Avenue A,2019,112997,56137,56860,112997,40.7230774626446,-73.98583621212943,12,606,536.2974238254113,1,yearly
nyc,3658,W 18 St & 9 Ave,2019,46227,23057,23170,46227,40.7435337324616,-74.00367558002472,11,595,1287.12657105155,1,yearly
nyc,3659,W 17 St & 9 Ave,2019,7052,3480,3572,7052,40.74294891660091,-74.00413691997528,3,580,8224.617129892229,1,yearly
nyc,366,Clinton Ave & Myrtle Ave,2019,43829,22225,21604,43829,40.693261,-73.968896,12,309,705.0126628487988,1,yearly
nyc,3660,W 16 St & 8 Ave,2019,65697,32785,32912,65697,40.74102150900266,-74.001384973526,6,538,818.9110613878868,1,yearly
nyc,3661,Montgomery St & Franklin Ave,2019,4841,2381,2460,4841,40.666439306870814,-73.9605563879013,12,275,5680.644494939062,1,yearly
nyc,3662,31 Ave & Steinway St,2019,15306,7667,7639,15306,40.761293897289086,-73.916916847229,12,331,2162.550633738403,1,yearly
nyc,3663,Sterling Pl & 7 Ave,2019,2433,1210,1223,2433,40.67716489469059,-73.973827958107,2,463,19030.004110152076,1,yearly
nyc,3664,North Moore St & Greenwich St,2019,148658,70402,78256,148658,40.72019521437465,-74.0103006362915,12,564,379.39431446676264,1,yearly
nyc,3668,Leonard St & Nassau Ave,2019,37104,18509,18595,37104,40.7239567849954,-73.94984364509583,12,303,816.6235446313066,1,yearly
nyc,367,E 53 St & Lexington Ave,2019,8710,4146,4564,8710,40.75828065,-73.97069431,2,1050,12055.109070034443,1,yearly
nyc,3671,E 81 St & 2 Ave,2019,39632,19883,19749,39632,40.77477944895728,-73.95427465438843,12,520,1312.0710536939846,1,yearly
nyc,3673,Dean St & Franklin Ave,2019,22556,11306,11250,22556,40.67759206937376,-73.955637216568,12,441,1955.1338889874094,1,yearly
nyc,3674,Jay St & York St,2019,86716,40212,46504,86716,40.70140317257725,-73.98672670125961,12,489,563.9097744360902,1,yearly
nyc,3675,3 Ave & E 95 St,2019,15159,7556,7603,15159,40.78459679884892,-73.94968539476395,9,596,3931.6577610660333,1,yearly
nyc,3676,Van Brunt St & Van Dyke St,2019,22273,10161,12112,22273,40.6758329439129,-74.01472628116608,12,73,327.7510887621784,1,yearly
nyc,368,Carmine St & 6 Ave,2019,154457,76525,77932,154457,40.73038599,-74.00214988,12,615,398.16906970872157,1,yearly
nyc,3680,E 43 St & 5 Ave,2019,78944,40066,38878,78944,40.754120810779256,-73.98025184869766,12,979,1240.1195784353465,1,yearly
nyc,3684,W 12 St & W 4 St,2019,18671,9272,9399,18671,40.73756121181137,-74.00398269295692,4,441,2361.9516897862995,1,yearly
nyc,3686,Gansevoort St & Hudson St,2019,127421,63188,64233,127421,40.73944820130404,-74.00507032871246,12,508,398.67839681057285,1,yearly
nyc,3687,E 33 St & 1 Ave,2019,129433,65495,63938,129433,40.74322681432173,-73.97449783980846,12,805,621.9433992876624,1,yearly
nyc,3689,W 104 St & Amsterdam Ave,2019,23603,12629,10974,23603,40.79904139288298,-73.96649479866028,12,311,1317.6291149430158,1,yearly
nyc,369,Washington Pl & 6 Ave,2019,66132,32952,33180,66132,40.73224119,-74.00026394,12,472,713.7240670174801,1,yearly
nyc,3690,Park Pl & Church St,2019,46374,23208,23166,46374,40.71334181536782,-74.00935520928381,12,634,1367.1453831888557,1,yearly
nyc,3691,28 Ave & 44 St,2019,11179,5595,5584,11179,40.76408932350688,-73.91065120697021,12,283,2531.5323374183736,1,yearly
nyc,3692,5 St & Market St,2019,8965,4483,4482,8965,40.6999974843885,-73.97440128028393,12,160,1784.7183491355272,1,yearly
nyc,3693,N 11 St & Kent Ave,2019,25524,12664,12860,25524,40.72248188638219,-73.95921930670738,12,186,728.7259050305595,1,yearly
nyc,3697,W 64 St & Thelonious Monk Circle,2019,67075,34071,33004,67075,40.77515953434235,-73.98918695747852,12,225,335.4453969437197,1,yearly
nyc,3699,W 50 St & 9 Ave,2019,61987,31306,30681,61987,40.76360467795863,-73.98917958140373,12,697,1124.4293158242856,1,yearly
nyc,3701,Cliff St & Fulton St,2019,24410,12110,12300,24410,40.70831794366396,-74.00504082441329,5,494,2023.7607537894307,1,yearly
nyc,3701,Cliff St & Fulton St (Old),2019,3237,1608,1629,3237,40.70831794366396,-74.00504082441329,1,494,15261.044176706828,1,yearly
nyc,3704,47 Ave & Skillman Ave,2019,3881,1934,1947,3881,40.7437524099784,-73.94176483154297,12,287,7395.00128832775,1,yearly
nyc,3707,Lexington Ave & E 26 St,2019,121192,61260,59932,121192,40.741459,-73.983293,10,766,632.0549211169055,1,yearly
nyc,3708,W 13 St & 5 Ave,2019,101228,50535,50693,101228,40.735445,-73.99431,10,578,570.9882641166475,1,yearly
nyc,3709,W 15 St & 6 Ave,2019,58030,29084,28946,58030,40.738046142482766,-73.99642959237099,9,602,1037.394451145959,1,yearly
nyc,3711,E 13 St & Avenue A,2019,164357,85203,79154,164357,40.72966731728846,-73.98067964912295,12,354,215.38480259435255,1,yearly
nyc,3712,W 35 St & Dyer Ave,2019,66277,33291,32986,66277,40.754691750226016,-73.99740189313889,12,1071,1615.945199692201,1,yearly
nyc,3714,Division Av & Hooper St,2019,17437,9125,8312,17437,40.70684203101325,-73.9544353965357,11,493,2827.3212135114986,1,yearly
nyc,3714,Division Ave & Hooper St,2019,756,420,336,756,40.70684203101325,-73.9544353965357,1,493,65211.64021164021,1,yearly
nyc,3715,Driggs Ave & N 9 St,2019,62997,31132,31865,62997,40.71816969454208,-73.95520135760307,12,478,758.7662904582758,1,yearly
nyc,3716,40 Ave & Crescent St,2019,4669,2338,2331,4669,40.7535992020056,-73.93795609474182,12,545,11672.735061040908,1,yearly
nyc,3718,E 11 St & Avenue B,2019,93362,47677,45685,93362,40.72746420692392,-73.97950418293476,12,257,275.27259484586875,1,yearly
nyc,3719,S Portland Ave & Atlantic Ave,2019,50,26,24,50,40.68322254161595,-73.9738118648529,1,663,1326000.0,1,yearly
nyc,372,Franklin Ave & Myrtle Ave,2019,13817,6911,6906,13817,40.694546087246025,-73.95801365375519,12,513,3712.817543605703,1,yearly
nyc,3720,Wyckoff St & Bond St,2019,7121,3414,3707,7121,40.68461653897949,-73.98721285164356,12,363,5097.598651874737,1,yearly
nyc,3721,31 St & Newtown Ave,2019,34982,17565,17417,34982,40.7675487799971,-73.9209334552288,12,560,1600.82328054428,1,yearly
nyc,3723,Cadman Plaza E & Johnson St,2019,25860,12873,12987,25860,40.69531727766904,-73.99015724658966,12,656,2536.736272235112,1,yearly
nyc,3724,7 Ave & Central Park South,2019,105554,53314,52240,105554,40.7667405590595,-73.9790689945221,12,664,629.061901964871,1,yearly
nyc,3725,2 Ave & E 72 St,2019,58781,29412,29369,58781,40.7687620293096,-73.95840793848038,12,597,1015.6343036015038,1,yearly
nyc,3726,Center Blvd & 51 Ave,2019,17861,8905,8956,17861,40.74336608027021,-73.95960688591003,11,79,442.30446223615695,1,yearly
nyc,3727,Frost St & Meeker Ave,2019,12757,6472,6285,12757,40.71767747195138,-73.94869359210134,12,461,3613.7022811005727,1,yearly
nyc,3728,Pierrepont St & Monroe Pl,2019,19298,9784,9514,19298,40.69535693320225,-73.99344027042389,12,306,1585.6565447196601,1,yearly
nyc,373,Willoughby Ave & Walworth St,2019,15151,7533,7618,15151,40.69331716,-73.95381995,12,499,3293.5119794073003,1,yearly
nyc,3731,W 47 St & 6 Ave,2019,1205,589,616,1205,40.758397,-73.98255,1,1101,91369.29460580913,1,yearly
nyc,3733,Avenue C & E 18 St,2019,53787,28405,25382,53787,40.730563,-73.973984,11,142,264.0043133099076,1,yearly
nyc,3734,E 58 St &  1 Ave (NW Corner),2019,40503,20434,20069,40503,40.759125,-73.962658,10,1235,3049.156852578821,1,yearly
nyc,3737,Stanton St & Norfolk St,2019,61471,30657,30814,61471,40.720747,-73.986274,11,855,1390.899773877113,1,yearly
nyc,3739,Perry St & Greenwich Ave,2019,594,289,305,594,40.735918,-74.000939,1,496,83501.6835016835,1,yearly
nyc,3740,W Broadway & W Houston St,2019,742,374,368,742,40.726378,-74.000472,1,721,97169.81132075471,1,yearly
nyc,3744,1 Ave & E 5 St,2019,1254,654,600,1254,40.725864,-73.986389,1,583,46491.228070175435,1,yearly
nyc,3745,36 Ave & 31 St,2019,12916,6526,6390,12916,40.75651272984955,-73.92957486212252,11,262,2028.4917931248065,1,yearly
nyc,3746,6 Ave & Broome St,2019,93679,45792,47887,93679,40.724308321602166,-74.00473035871983,10,891,951.1203151186498,1,yearly
nyc,3747,E 84 St & 3 Ave,2019,48003,23983,24020,48003,40.77755374298887,-73.95512759685516,8,499,1039.5183634356185,1,yearly
nyc,3749,Lexington Ave & E 36 St,2019,51576,25829,25747,51576,40.7475739589548,-73.9788007736206,10,1187,2301.458042500388,1,yearly
nyc,3755,DeKalb Ave & Franklin Ave,2019,15410,7722,7688,15410,40.69064807082944,-73.95746178925037,9,385,2498.377676833225,1,yearly
nyc,3756,White St & Moore St,2019,9151,4547,4604,9151,40.704508,-73.9351,9,342,3737.2964703311113,1,yearly
nyc,3757,Stagg St & Morgan Ave,2019,4996,2493,2503,4996,40.710681,-73.93372,9,259,5184.147317854283,1,yearly
nyc,3758,George St & Wilson Ave,2019,6833,3412,3421,6833,40.702997,-73.92997,9,327,4785.599297526709,1,yearly
nyc,3759,Irving Ave & Jefferson St,2019,7613,3783,3830,7613,40.70537905641025,-73.92535044444443,9,398,5227.899645343492,1,yearly
nyc,376,John St & William St,2019,41909,20914,20995,41909,40.70862144,-74.00722156,12,552,1317.1395165716194,1,yearly
nyc,3760,Willoughby Ave & Wyckoff Ave,2019,8705,4328,4377,8705,40.705614,-73.92153,9,389,4468.69615163699,1,yearly
nyc,3761,Cedar St & Myrtle Ave,2019,12103,6043,6060,12103,40.697842,-73.926241,9,427,3528.0508964719493,1,yearly
nyc,3762,3 Ave & Carroll St,2019,9715,4710,5005,9715,40.677027,-73.9865,9,241,2480.699948533196,1,yearly
nyc,3763,Wyckoff Av & Jefferson St,2019,14100,7013,7087,14100,40.707165,-73.923711,9,366,2595.744680851064,1,yearly
nyc,3764,Bushwick Ave & McKibbin St,2019,4954,2470,2484,4954,40.705517,-73.93936,9,424,8558.740411788454,1,yearly
nyc,3765,Bushwick Ave & Stagg St,2019,2932,1487,1445,2932,40.709897,-73.94008,8,367,12517.053206002729,1,yearly
nyc,3766,Sharon St & Olive St,2019,10884,5474,5410,10884,40.715353,-73.93856,9,275,2526.6446159500183,1,yearly
nyc,3767,Powers St & Olive St,2019,7522,3786,3736,7522,40.71323,-73.93894,9,326,4333.953735708588,1,yearly
nyc,3768,Waterbury St & Stagg St,2019,5406,2708,2698,5406,40.71019,-73.93734,8,342,6326.304106548279,1,yearly
nyc,3769,White St & Johnson Ave,2019,3024,1493,1531,3024,40.707174,-73.93581,9,345,11408.730158730159,1,yearly
nyc,377,6 Ave & Canal St,2019,109041,51176,57865,109041,40.72243797,-74.00566443,12,875,802.4504544162288,1,yearly
nyc,3770,Central Ave & Flushing Ave,2019,7342,3701,3641,7342,40.702831,-73.9333,8,353,4807.954235903024,1,yearly
nyc,3771,McKibbin St & Bogart St,2019,11712,5804,5908,11712,40.706237,-73.933871,9,374,3193.3060109289618,1,yearly
nyc,3772,Devoe St & Morgan Ave,2019,5130,2589,2541,5130,40.713811,-73.93515,9,213,4152.046783625731,1,yearly
nyc,3773,Knickerbocker Ave & Thames St,2019,5977,2994,2983,5977,40.70539,-73.92976,8,347,5805.588087669399,1,yearly
nyc,3774,Knickerbocker Ave & George St,2019,6182,3078,3104,6182,40.704425,-73.92836,8,368,5952.76609511485,1,yearly
nyc,3775,Suydam St & Knickerbocker Ave,2019,9195,4562,4633,9195,40.702013,-73.923769,9,458,4980.967917346384,1,yearly
nyc,3776,Central Ave & Starr Street,2019,9307,4671,4636,9307,40.700003,-73.92834,9,408,4383.7971419361775,1,yearly
nyc,3777,Stockholm St & Wilson Ave,2019,5638,2805,2833,5638,40.699304,-73.923044,8,445,7892.869811990068,1,yearly
nyc,3778,Irving Ave & DeKalb Ave,2019,5143,2538,2605,5143,40.7027,-73.92095,8,443,8613.649620843866,1,yearly
nyc,3779,Hart St & Wyckoff Ave,2019,6099,3064,3035,6099,40.704876,-73.919911,8,397,6509.263813739957,1,yearly
nyc,3780,Wyckoff Av & Stanhope St,2019,1183,579,604,1183,40.703545,-73.917775,3,391,33051.56382079459,1,yearly
nyc,3781,Greene Av & Myrtle Av,2019,11175,5544,5631,11175,40.698568,-73.918877,8,478,4277.404921700224,1,yearly
nyc,3782,Brooklyn Bridge Park - Pier 2,2019,14732,7313,7419,14732,40.698458,-73.997178,7,187,1269.3456421395601,1,yearly
nyc,3783,Cliff St & Fulton St,2019,37685,18581,19104,37685,40.70838,-74.00495,7,492,1305.5592410773518,1,yearly
nyc,3785,W 42 St & 6 Ave,2019,940,458,482,940,40.75492,-73.98455,1,1062,112978.72340425532,1,yearly
nyc,3787,Dock 72 Way & Market St,2019,8297,4118,4179,8297,40.69985,-73.97141,8,126,1518.6211883813426,1,yearly
nyc,3788,E 12 St & 4 Av,2019,63596,31655,31941,63596,40.73269,-73.98974,8,604,949.7452669979244,1,yearly
nyc,3789,Fulton St & Irving Pl,2019,9216,4644,4572,9216,40.68186,-73.959432,6,401,4351.128472222223,1,yearly
nyc,379,W 31 St & 7 Ave,2019,172657,86406,86251,172657,40.749156,-73.9916,12,1103,638.8388539126707,1,yearly
nyc,3790,Henry St & Middagh St,2019,20387,10233,10154,20387,40.7003,-73.991581,8,589,2889.0959925442685,1,yearly
nyc,3793,Stuyvesant Walk & 1 Av Loop,2019,7088,3523,3565,7088,40.73233977715105,-73.97898383438587,7,371,5234.198645598194,1,yearly
nyc,3795,10 St & 2 Ave,2019,3912,1940,1972,3912,40.671907,-73.993612,7,368,9406.952965235174,1,yearly
nyc,3798,W 40 St & 5 Ave,2019,39022,19697,19325,39022,40.752269,-73.982079,6,979,2508.8411665214494,1,yearly
nyc,3799,6 Ave & W 34 St,2019,40259,20269,19990,40259,40.74964,-73.98805,6,1027,2550.982389031024,1,yearly
nyc,380,W 4 St & 7 Ave S,2019,129136,64229,64907,129136,40.73401143,-74.00293877,12,481,372.47552967414197,1,yearly
nyc,3803,Bedford Ave & Montgomery St,2019,2509,1244,1265,2509,40.665816,-73.956934,5,395,15743.324033479475,1,yearly
nyc,3804,Front St & Jay St,2019,16443,8246,8197,16443,40.702461,-73.986842,5,486,2955.6650246305417,1,yearly
nyc,3805,E 80 St & Park Ave,2019,3970,2016,1954,3970,40.776173,-73.959757,3,433,10906.801007556676,1,yearly
nyc,3809,W 55 St & 6 Ave,2019,30542,15390,15152,30542,40.7631914,-73.97843879999999,5,877,2871.455700347063,1,yearly
nyc,3810,Central Park West & W 82 St,2019,21544,11495,10049,21544,40.782593,-73.971211,5,235,1090.7909394727071,1,yearly
nyc,3811,27 Ave & 3 St,2019,1363,677,686,1363,40.77485,-73.9342,4,61,4475.421863536317,1,yearly
nyc,3812,University Pl & E 14 St,2019,49993,24471,25522,49993,40.734814,-73.992085,4,603,1206.1688636409096,1,yearly
nyc,3814,E 56 St & Madison Ave,2019,3109,1554,1555,3109,40.761573,-73.972628,2,1091,35091.66934705693,1,yearly
nyc,3815,E 51 St & 2 Ave,2019,8548,4261,4287,8548,40.755293,-73.967641,3,804,9405.70893776322,1,yearly
nyc,3816,Metropolitan Ave & Vandervoort Ave,2019,257,139,118,257,40.71429,-73.93323,4,211,82101.16731517509,1,yearly
nyc,3817,Withers St & Kingsland Ave,2019,1538,769,769,1538,40.71773,-73.94051,4,408,26527.958387516253,1,yearly
nyc,3818,Calyer St & Jewel St,2019,1675,814,861,1675,40.72984,-73.94839,4,320,19104.4776119403,1,yearly
nyc,3819,Green St & McGuinness Blvd,2019,1055,529,526,1055,40.73396,-73.95204,4,234,22180.094786729856,1,yearly
nyc,382,University Pl & E 14 St,2019,94582,47009,47573,94582,40.73492695,-73.99200509,8,600,634.3701761434522,1,yearly
nyc,382,University Pl & E 14 St (old),2019,2,0,2,2,40.73492695,-73.99200509,1,600,30000000.0,1,yearly
nyc,3820,Willoughby Ave & Myrtle Ave,2019,1802,905,897,1802,40.69757,-73.93098,4,457,25360.710321864593,1,yearly
nyc,3821,Evergreen Ave & Noll St,2019,883,445,438,883,40.70106,-73.93318,4,439,49716.874292185734,1,yearly
nyc,3822,Bushwick Ave & Forrest St,2019,829,415,414,829,40.70076,-73.93641,4,521,62846.80337756333,1,yearly
nyc,3823,Beaver St & Fayette St,2019,1804,898,906,1804,40.70099,-73.93921,4,543,30099.77827050998,1,yearly
nyc,3824,Van Sinderen Ave & Truxton St,2019,126,63,63,126,40.6786,-73.90369,2,620,492063.49206349207,1,yearly
nyc,3825,Broadway & Furman Ave,2019,54,26,28,54,40.68139,-73.90756,2,432,800000.0,1,yearly
nyc,3826,Moffat St & Bushwick,2019,241,124,117,241,40.68458,-73.90925,3,332,137759.33609958505,1,yearly
nyc,3827,Halsey St & Broadway,2019,583,293,290,583,40.68565,-73.91564,3,335,57461.40651801029,1,yearly
nyc,3828,Eldert St & Bushwick Ave,2019,364,179,185,364,40.68652,-73.91321,3,371,101923.07692307692,1,yearly
nyc,3829,Central Ave & Decatur St,2019,203,102,101,203,40.6882,-73.90798,3,272,133990.14778325122,1,yearly
nyc,383,Greenwich Ave & Charles St,2019,94265,46870,47395,94265,40.735238,-74.000271,12,483,512.3852967697449,1,yearly
nyc,3830,Halsey St & Evergreen Ave,2019,143,67,76,143,40.68858,-73.91227,2,363,253846.15384615384,1,yearly
nyc,3831,Broadway & Hancock St,2019,210,111,99,210,40.68663,-73.9168,2,305,145238.09523809524,1,yearly
nyc,3832,Central Ave & Weirfield St,2019,317,157,160,317,40.69055,-73.91181,2,339,106940.06309148265,1,yearly
nyc,3833,Madison St & Evergreen Ave,2019,266,134,132,266,40.69122,-73.91693,3,334,125563.9097744361,1,yearly
nyc,3834,Irving Ave & Halsey St,2019,582,290,292,582,40.69467,-73.90663,3,315,54123.71134020618,1,yearly
nyc,3835,Knickerbocker Ave & Hancock St,2019,255,126,129,255,40.69385,-73.90974,2,323,126666.66666666666,1,yearly
nyc,3836,Bushwick Ave & Linden St,2019,425,213,212,425,40.69146,-73.92146,3,389,91529.41176470589,1,yearly
nyc,3837,Broadway & Kosciuszko St,2019,813,404,409,813,40.69329,-73.92852,3,379,46617.46617466175,1,yearly
nyc,3838,Bushwick Ave & Harman St,2019,583,291,292,583,40.69356,-73.92524,3,422,72384.21955403087,1,yearly
nyc,3839,Putnam Ave & Knickerbocker Ave,2019,605,306,299,605,40.69545,-73.91164,3,383,63305.78512396694,1,yearly
nyc,3840,Putnam Ave & Wyckoff Ave,2019,885,459,426,885,40.69811000000001,-73.90904,3,418,47231.6384180791,1,yearly
nyc,3841,Menahan St & Central Ave,2019,351,172,179,351,40.695429999999995,-73.9196,3,403,114814.81481481482,1,yearly
nyc,3842,Bushwick Ave & Dekalb Ave,2019,1517,756,761,1517,40.69502,-73.92825,4,439,28938.69479235333,1,yearly
nyc,3843,Myrtle Ave & Grove St,2019,652,325,327,652,40.69905,-73.91516,3,436,66871.16564417178,1,yearly
nyc,3844,Myrtle Ave & Linden St,2019,940,477,463,940,40.69943,-73.91337,3,425,45212.76595744681,1,yearly
nyc,3845,Irving Ave & Harman St,2019,725,360,365,725,40.70108,-73.9179,3,501,69103.44827586207,1,yearly
nyc,3846,Central Ave & Himrod St,2019,418,206,212,418,40.69676,-73.92302,3,443,105980.86124401914,1,yearly
nyc,3847,Cedar St & Evergreen Ave,2019,315,159,156,315,40.69671,-73.92807,3,463,146984.12698412698,1,yearly
nyc,3848,Suydam St & Broadway,2019,1134,567,567,1134,40.69544,-73.93223,3,512,45149.91181657848,1,yearly
nyc,3849,Suydam St & St. Nicholas Ave,2019,403,198,205,403,40.70636,-73.91945,3,350,86848.63523573201,1,yearly
nyc,385,E 55 St & 2 Ave,2019,61679,30803,30876,61679,40.75797322,-73.96603308,11,1105,1791.5335851748569,1,yearly
nyc,3850,Jefferson St & Cypress Ave,2019,1072,534,538,1072,40.70907,-73.92157,3,288,26865.671641791043,1,yearly
nyc,3851,Metropolitan Ave & Stewart Ave,2019,317,158,159,317,40.71401,-73.92793,3,166,52365.93059936908,1,yearly
nyc,3852,Stewart Ave & Johnson Ave,2019,553,272,281,553,40.70869,-73.92587,3,291,52622.06148282098,1,yearly
nyc,3853,Harrison Pl & Porter Ave,2019,754,369,385,754,40.70686,-73.92851,4,352,46684.350132625994,1,yearly
nyc,3854,Morgan Ave & Maspeth Ave,2019,554,281,273,554,40.71665414347826,-73.93636404347825,4,190,34296.028880866426,1,yearly
nyc,3855,Frost St & Debevoise Ave,2019,599,299,300,599,40.71882,-73.93948,3,427,71285.47579298832,1,yearly
nyc,3856,Kingsland Ave & Nassau Ave,2019,3888,1942,1946,3888,40.72577,-73.94173,3,314,8076.131687242798,1,yearly
nyc,3857,Engert Ave & McGuinness Blvd,2019,1525,766,759,1525,40.72158000000001,-73.94546,3,514,33704.91803278688,1,yearly
nyc,3858,Kent St & McGuinness Blvd,2019,1345,666,679,1345,40.73124,-73.95161,4,307,22825.278810408923,1,yearly
nyc,3859,Lorimer St & Calyer St,2019,388,203,185,388,40.72795,-73.95414,1,336,86597.9381443299,1,yearly
nyc,386,Centre St & Worth St,2019,49451,24496,24955,49451,40.71494807,-74.00234482,12,841,1700.6733938646337,1,yearly
nyc,3860,Wilson Ave & Troutman St,2019,929,468,461,929,40.70166,-73.92754,3,384,41334.76856835307,1,yearly
nyc,3861,Menahan St & Wyckoff Ave,2019,571,283,288,571,40.70113,-73.91422,3,459,80385.28896672504,1,yearly
nyc,3862,Linden St & Knickerbocker Ave,2019,305,151,154,305,40.69714,-73.91566,3,441,144590.16393442624,1,yearly
nyc,3863,Central Ave & Woodbine St,2019,565,275,290,565,40.69296,-73.91605,3,313,55398.23008849557,1,yearly
nyc,3864,Central Ave & Covert St,2019,316,153,163,316,40.68929,-73.90951,3,314,99367.08860759494,1,yearly
nyc,3865,Knickerbocker Ave & Cooper St,2019,422,205,217,422,40.69081,-73.90448,3,206,48815.16587677725,1,yearly
nyc,3866,Wilson Ave & Moffat St,2019,391,191,200,391,40.68906,-73.90506,2,183,46803.06905370844,1,yearly
nyc,3867,Somers St & Broadway,2019,16,8,8,16,40.67945,-73.90474,2,529,3306250.0,1,yearly
nyc,3868,Knickerbocker Ave & Halsey St,2019,340,168,172,340,40.693,-73.90824,3,337,99117.64705882354,1,yearly
nyc,3869,Van Buren St & Broadway,2019,527,261,266,527,40.692,-73.92617,3,421,79886.14800759013,1,yearly
nyc,387,Centre St & Chambers St,2019,123079,61517,61562,123079,40.71273266,-74.0046073,12,607,493.179177601378,1,yearly
nyc,3870,Melrose St & Broadway,2019,1179,605,574,1179,40.697481,-73.935877,3,492,41730.27989821883,1,yearly
nyc,3871,Bushwick Ave & Furman Ave,2019,90,45,45,90,40.68281,-73.90623,2,339,376666.6666666667,1,yearly
nyc,3872,Hancock St & Wyckoff Ave,2019,49,29,20,49,40.6972,-73.90674,2,367,748979.5918367347,1,yearly
nyc,3873,Madison St & Cypress Ave,2019,94,46,48,94,40.70067999999999,-73.90742,2,384,408510.6382978723,1,yearly
nyc,3874,Menahan St & Seneca Ave,2019,81,40,41,81,40.70461,-73.91054,2,286,353086.41975308646,1,yearly
nyc,3875,Stephen St & Seneca Ave,2019,58,26,32,58,40.6988,-73.9007,2,311,536206.896551724,1,yearly
nyc,3876,Forest Ave & Summerfield St,2019,145,71,74,145,40.69922,-73.89795,2,287,197931.0344827586,1,yearly
nyc,3877,Madison St & Forest Ave,2019,85,41,44,85,40.70555,-73.90245,1,223,262352.9411764706,1,yearly
nyc,3878,Cypress Ave & George St,2019,83,38,45,83,40.69812,-73.90271,2,332,400000.0,1,yearly
nyc,3879,Broadway & Madison St,2019,410,199,211,410,40.68822,-73.91966,3,374,91219.51219512195,1,yearly
nyc,388,W 26 St & 10 Ave,2019,106567,52747,53820,106567,40.749717753,-74.002950346,12,495,464.49651393020355,1,yearly
nyc,3880,Willoughby Ave & Onderdonk Ave,2019,75,37,38,75,40.7098,-73.91727,2,238,317333.3333333333,1,yearly
nyc,3881,12 Ave & W 125 St,2019,1717,827,890,1717,40.818299,-73.960405,3,315,18345.952242283052,1,yearly
nyc,3882,Norman St & Wyckoff Ave,2019,224,109,115,224,40.69517,-73.90311,2,314,140178.57142857142,1,yearly
nyc,3883,Harman St & Seneca Ave,2019,183,97,86,183,40.70577,-73.91292,2,284,155191.25683060108,1,yearly
nyc,3884,Centre St & Seneca Ave,2019,20,10,10,20,40.69969,-73.9022,1,329,1645000.0,1,yearly
nyc,3885,Onderdonk Ave & Gates Ave,2019,116,57,59,116,40.70413,-73.90737,2,327,281896.551724138,1,yearly
nyc,3886,Menahan St & Onderdonk Ave,2019,70,40,30,70,40.70553,-73.9096,2,276,394285.7142857143,1,yearly
nyc,3887,Flushing Ave & Woodward Ave,2019,86,45,41,86,40.71246,-73.91873,2,203,236046.511627907,1,yearly
nyc,3888,Woodward Ave & Harman St,2019,121,59,62,121,40.70793,-73.91092,1,204,168595.04132231403,1,yearly
nyc,389,Broadway & Berry St,2019,53248,26842,26406,53248,40.71044554,-73.96525063,12,324,608.4735576923077,1,yearly
nyc,3890,Grove St & Broadway,2019,767,405,362,767,40.69047,-73.923511,3,374,48761.40808344198,1,yearly
nyc,3891,Irving Ave & Palmetto St,2019,431,213,218,431,40.698,-73.9127,3,439,101856.14849187936,1,yearly
nyc,3892,38 Ave & 29 St,2019,574,284,290,574,40.75473,-73.93367,2,362,63066.202090592335,1,yearly
nyc,3893,Rockaway Ave & Bainbridge St,2019,225,109,116,225,40.68319988172761,-73.91166642308235,2,369,164000.0,1,yearly
nyc,3895,Cypress Ave & Palmetto St,2019,108,53,55,108,40.70157340873793,-73.90876293182373,2,383,354629.6296296296,1,yearly
nyc,3896,Madison St & Seneca Ave,2019,108,64,44,108,40.70183,-73.90625,2,360,333333.3333333334,1,yearly
nyc,3897,Onderdonk Ave & Dekalb Ave,2019,29,16,13,29,40.70863,-73.91497,1,183,631034.4827586208,1,yearly
nyc,3898,E 63 St & 3 Ave,2019,2407,1264,1143,2407,40.763954,-73.9646,2,1120,46530.951391774,1,yearly
nyc,3899,Manhattan Av & Leonard St,2019,456,227,229,456,40.72084,-73.94844,2,418,91666.66666666666,1,yearly
nyc,390,Duffield St & Willoughby St,2019,40211,20018,20193,40211,40.69221589,-73.9842844,12,983,2444.604710153938,1,yearly
nyc,3900,Morgan Ave & Lombardy St,2019,321,166,155,321,40.72226,-73.93889,2,340,105919.00311526479,1,yearly
nyc,3901,Stanhope St & Fairview Ave,2019,109,65,44,109,40.70998,-73.91116,2,198,181651.376146789,1,yearly
nyc,3902,Fairview Ave & Linden St,2019,19,8,11,19,40.70694,-73.90632,1,250,1315789.4736842103,1,yearly
nyc,3903,Jefferson Ave & Evergreen Ave,2019,90,42,48,90,40.68989,-73.91458,2,301,334444.44444444444,1,yearly
nyc,3907,Central Ave & Melrose St,2019,84,49,35,84,40.70112,-73.93039,1,393,467857.1428571429,1,yearly
nyc,3908,Battery Pl & Greenwich St,2019,3262,1592,1670,3262,40.70463,-74.01507,2,347,10637.64561618639,1,yearly
nyc,3909,Madison St & Woodward Ave,2019,12,6,6,12,40.70408,-73.90408,1,293,2441666.666666667,1,yearly
nyc,391,Clark St & Henry St,2019,57294,30485,26809,57294,40.69760129420947,-73.9934455022289,12,427,745.2787377386811,1,yearly
nyc,3910,Greene Ave & Grandview Ave,2019,64,30,34,64,40.709697,-73.907856,1,261,407812.5,1,yearly
nyc,3911,Wyckoff St & Nevins St,2019,82,30,52,82,40.683426,-73.984275,1,357,435365.85365853657,1,yearly
nyc,392,Jay St & Tech Pl,2019,50465,25008,25457,50465,40.695065,-73.987167,12,847,1678.3909640344793,1,yearly
nyc,393,E 5 St & Avenue C,2019,57098,29072,28026,57098,40.72299208,-73.97995466,12,339,593.7160671126834,1,yearly
nyc,394,E 9 St & Avenue C,2019,91853,47620,44233,91853,40.72521311,-73.97768752,12,222,241.6905272555061,1,yearly
nyc,396,Lefferts Pl & Franklin Ave,2019,16393,8408,7985,16393,40.680342423,-73.9557689392,12,448,2732.8737875922648,1,yearly
nyc,397,Fulton St & Clermont Ave,2019,16626,8676,7950,16626,40.68415748,-73.96922273,12,435,2616.383976903645,1,yearly
nyc,398,Atlantic Ave & Furman St,2019,52843,25858,26985,52843,40.69165183,-73.9999786,12,408,772.0984804042163,1,yearly
nyc,399,Lafayette Ave & St James Pl,2019,36561,19479,17082,36561,40.68851534,-73.9647628,12,245,670.1129618992916,1,yearly
nyc,400,Pitt St & Stanton St,2019,18614,9299,9315,18614,40.71926081,-73.98178024,12,391,2100.5694638444184,1,yearly
nyc,401,Allen St & Rivington St,2019,108155,54165,53990,108155,40.72019571967355,-73.98997821700897,12,1233,1140.0305117655216,1,yearly
nyc,402,Broadway & E 22 St,2019,236284,113138,123146,236284,40.7403432,-73.98955109,12,805,340.6917099761304,1,yearly
nyc,403,E 2 St & 2 Ave,2019,107696,53619,54077,107696,40.72502876,-73.99069656,12,727,675.0482840588322,1,yearly
nyc,405,Washington St & Gansevoort St,2019,141537,70408,71129,141537,40.739323,-74.008119,12,372,262.82880094957505,1,yearly
nyc,406,Hicks St & Montague St,2019,46250,23568,22682,46250,40.69512845,-73.99595065,12,375,810.8108108108108,1,yearly
nyc,407,Henry St & Poplar St,2019,7659,4012,3647,7659,40.700469,-73.991454,5,588,7677.242459851155,1,yearly
nyc,408,Market St & Cherry St,2019,39543,19611,19932,39543,40.71076228,-73.99400398,12,345,872.4679462863212,1,yearly
nyc,409,DeKalb Ave & Skillman St,2019,2653,1325,1328,2653,40.6906495,-73.95643107,3,435,16396.532227666794,1,yearly
nyc,410,Suffolk St & Stanton St,2019,83345,41877,41468,83345,40.72066442,-73.98517977,12,787,944.2678025076489,1,yearly
nyc,411,E 6 St & Avenue D,2019,62690,31567,31123,62690,40.72228087,-73.97668709,12,281,448.23735843037167,1,yearly
nyc,412,Forsyth St & Canal St,2019,99023,49415,49608,99023,40.7158155,-73.99422366,12,984,993.7085323611686,1,yearly
nyc,414,Pearl St & Anchorage Pl,2019,18523,9084,9439,18523,40.70281858,-73.98765762,6,464,2504.9937915024566,1,yearly
nyc,415,Pearl St & Hanover Square,2019,52607,25746,26861,52607,40.7047177,-74.00926027,12,446,847.7959206949645,1,yearly
nyc,416,Cumberland St & Lafayette Ave,2019,30585,16061,14524,30585,40.68753406,-73.97265183,12,289,944.9076344613374,1,yearly
nyc,417,Barclay St & Church St,2019,86214,42959,43255,86214,40.71291224,-74.01020234,12,616,714.5011251072912,1,yearly
nyc,418,Front St & Gold St,2019,29675,14742,14933,29675,40.70224,-73.982578,12,260,876.1583824768323,1,yearly
nyc,419,Carlton Ave & Park Ave,2019,21835,10699,11136,21835,40.69580705,-73.97355569,12,316,1447.2177696359056,1,yearly
nyc,420,Clermont Ave & Lafayette Ave,2019,20837,10913,9924,20837,40.68764484,-73.96968902,12,287,1377.3575850650286,1,yearly
nyc,421,Clermont Ave & Park Ave,2019,18162,9083,9079,18162,40.69573398,-73.97129668,12,353,1943.6185442131923,1,yearly
nyc,422,W 59 St & 10 Ave,2019,76130,39767,36363,76130,40.770512977511835,-73.98803804217079,12,455,597.6618941284644,1,yearly
nyc,423,W 54 St & 9 Ave,2019,59125,29201,29924,59125,40.76584941,-73.98690506,10,688,1163.6363636363635,1,yearly
nyc,426,West St & Chambers St,2019,221639,105636,116003,221639,40.71754834,-74.01322069,12,342,154.30497340269537,1,yearly
nyc,427,Bus Slip & State St,2019,56995,27484,29511,56995,40.701907,-74.013942,12,240,421.0895692604614,1,yearly
nyc,432,E 7 St & Avenue A,2019,138183,70956,67227,138183,40.72621788,-73.98379855,12,436,315.52361723222106,1,yearly
nyc,434,9 Ave & W 18 St,2019,59041,28627,30414,59041,40.74317447646367,-74.00366445603234,7,586,992.5306143188631,1,yearly
nyc,435,W 21 St & 6 Ave,2019,220828,110305,110523,220828,40.74173969,-73.99415556,12,753,340.98936729037985,1,yearly
nyc,436,Hancock St & Bedford Ave,2019,13993,7210,6783,13993,40.68216564,-73.95399026,12,507,3623.2401915243336,1,yearly
nyc,437,Macon St & Nostrand Ave,2019,33884,17063,16821,33884,40.6809833854,-73.9500479759,12,638,1882.8945815133989,1,yearly
nyc,438,St Marks Pl & 1 Ave,2019,133381,66029,67352,133381,40.72779126,-73.98564945,12,483,362.1205419062685,1,yearly
nyc,439,E 4 St & 2 Ave,2019,119743,59441,60302,119743,40.7262807,-73.98978041,12,696,581.2448326833302,1,yearly
nyc,440,E 45 St & 3 Ave,2019,75013,37555,37458,75013,40.75255434,-73.97282625,12,922,1229.120285817125,1,yearly
nyc,441,E 52 St & 2 Ave,2019,35364,17661,17703,35364,40.756014,-73.967416,7,877,2479.923085623798,1,yearly
nyc,442,W 27 St & 7 Ave,2019,135592,67953,67639,135592,40.746647,-73.993915,12,974,718.3314649831849,1,yearly
nyc,443,Bedford Ave & S 9 St,2019,13743,7096,6647,13743,40.70853074,-73.96408963,12,354,2575.8567998253657,1,yearly
nyc,445,E 10 St & Avenue A,2019,143687,70646,73041,143687,40.72740794,-73.98142006,12,319,222.01034192376486,1,yearly
nyc,446,W 24 St & 7 Ave,2019,145087,72422,72665,145087,40.74487634,-73.99529885,12,817,563.1104096162992,1,yearly
nyc,447,8 Ave & W 52 St,2019,112863,56314,56549,112863,40.76370739,-73.9851615,12,829,734.518841427217,1,yearly
nyc,448,W 37 St & 10 Ave,2019,87486,43767,43719,87486,40.75660370587503,-73.99790090822339,12,1204,1376.2201952312369,1,yearly
nyc,450,W 49 St & 8 Ave,2019,108105,55597,52508,108105,40.76227201272053,-73.9878820827633,12,928,858.4246797095416,1,yearly
nyc,453,W 22 St & 8 Ave,2019,133347,66802,66545,133347,40.74475151283159,-73.99915358966393,12,505,378.7111821038344,1,yearly
nyc,454,E 51 St & 1 Ave,2019,63891,32010,31881,63891,40.75455731,-73.96592976,12,604,945.3600663630245,1,yearly
nyc,455,1 Ave & E 44 St,2019,73217,37028,36189,73217,40.75001986,-73.96905301,12,565,771.6787084966606,1,yearly
nyc,456,E 53 St & Madison Ave,2019,73926,37063,36863,73926,40.7597108,-73.97402311,12,1024,1385.1689527365202,1,yearly
nyc,458,11 Ave & W 27 St,2019,139055,69098,69957,139055,40.751396,-74.005226,12,361,259.60950702959263,1,yearly
nyc,459,W 20 St & 11 Ave,2019,196745,96991,99754,196745,40.746745,-74.007756,12,322,163.6636255050954,1,yearly
nyc,460,S 4 St & Wythe Ave,2019,76480,38243,38237,76480,40.71285887,-73.96590294,12,261,341.265690376569,1,yearly
nyc,461,E 20 St & 2 Ave,2019,126730,65081,61649,126730,40.73587678,-73.98205027,12,581,458.45498303479843,1,yearly
nyc,462,W 22 St & 10 Ave,2019,143225,71282,71943,143225,40.74691959,-74.00451887,12,420,293.2448943969279,1,yearly
nyc,464,E 56 St & 3 Ave,2019,21858,10816,11042,21858,40.75934501,-73.96759673,5,1221,5586.05544880593,1,yearly
nyc,465,Broadway & W 41 St,2019,168072,84659,83413,168072,40.75513557,-73.98658032,12,1265,752.6536246370603,1,yearly
nyc,466,W 25 St & 6 Ave,2019,125309,62665,62644,125309,40.74395411,-73.99144871,12,925,738.1752308293898,1,yearly
nyc,467,Dean St & 4 Ave,2019,51362,25434,25928,51362,40.68312489,-73.97895137,12,785,1528.367275417624,1,yearly
nyc,468,Broadway & W 56 St,2019,138318,71237,67081,138318,40.7652653863389,-73.98192339162306,12,898,649.2285891930189,1,yearly
nyc,469,Broadway & W 53 St,2019,85281,43028,42253,85281,40.76344058,-73.98268129,12,987,1157.350406303866,1,yearly
nyc,470,W 20 St & 8 Ave,2019,103143,52124,51019,103143,40.74345335,-74.00004031,12,549,532.2707309269655,1,yearly
nyc,471,Grand St & Havemeyer St,2019,44184,22015,22169,44184,40.71286844,-73.95698119,12,706,1597.8634799927574,1,yearly
nyc,472,E 32 St & Park Ave,2019,136913,69227,67686,136913,40.7457121,-73.98194829,12,973,710.6702796666497,1,yearly
nyc,473,Rivington St & Chrystie St,2019,71686,35178,36508,71686,40.72110063,-73.9919254,12,1257,1753.4804564350081,1,yearly
nyc,474,5 Ave & E 29 St,2019,117811,59094,58717,117811,40.74516772238449,-73.98683074765665,12,901,764.7842731154136,1,yearly
nyc,476,E 31 St & 3 Ave,2019,113098,56925,56173,113098,40.74394314,-73.97966069,12,1016,898.3359564271693,1,yearly
nyc,477,W 41 St & 8 Ave,2019,179906,90092,89814,179906,40.75640545474157,-73.99002618155777,12,1405,780.9633919935967,1,yearly
nyc,478,11 Ave & W 41 St,2019,117512,58984,58528,117512,40.760300978800494,-73.99884219734872,12,866,736.9460140240997,1,yearly
nyc,479,9 Ave & W 45 St,2019,127266,63324,63942,127266,40.76019252,-73.9912551,12,1264,993.1953546116009,1,yearly
nyc,480,W 53 St & 10 Ave,2019,71260,35622,35638,71260,40.76669671,-73.99061728,10,534,749.3685096828516,1,yearly
nyc,481,S 3 St & Bedford Ave,2019,57372,29180,28192,57372,40.71260486,-73.96264403,12,437,761.6956006414279,1,yearly
nyc,482,W 15 St & 7 Ave,2019,129021,64064,64957,129021,40.73935542,-73.99931783,12,532,412.3359763139334,1,yearly
nyc,483,E 12 St & 3 Ave,2019,85696,42705,42991,85696,40.73223272,-73.98889957,11,555,647.6381628080658,1,yearly
nyc,484,W 44 St & 5 Ave,2019,89882,44337,45545,89882,40.75500254,-73.98014437,12,913,1015.7762399590575,1,yearly
nyc,485,W 37 St & 5 Ave,2019,79944,40517,39427,79944,40.750379966733654,-73.98338984517686,12,1021,1277.1440008005604,1,yearly
nyc,486,Broadway & W 29 St,2019,143780,72016,71764,143780,40.7462009,-73.98855723,12,968,673.2507998330783,1,yearly
nyc,487,E 20 St & FDR Drive,2019,110483,55020,55463,110483,40.733142616846074,-73.97573884948869,12,260,235.3303223120299,1,yearly
nyc,488,W 39 St & 9 Ave,2019,6,3,3,6,40.75645824,-73.99372222,1,1382,23033333.333333336,1,yearly
nyc,489,10 Ave & W 28 St,2019,81044,40407,40637,81044,40.750663859999996,-74.00176802,7,553,682.3453926262277,1,yearly
nyc,490,8 Ave & W 33 St,2019,189705,95138,94567,189705,40.751551022649316,-73.9939340537732,12,1089,574.0491816241006,1,yearly
nyc,491,E 24 St & Park Ave S,2019,169392,84313,85079,169392,40.7409637187928,-73.98602212951302,12,753,444.53102862000566,1,yearly
nyc,492,W 33 St & 7 Ave,2019,163435,82200,81235,163435,40.75019995,-73.99093085,12,1123,687.1233211980298,1,yearly
nyc,493,W 45 St & 6 Ave,2019,80448,40026,40422,80448,40.7568001,-73.98291153,10,1100,1367.3428798727127,1,yearly
nyc,494,W 26 St & 8 Ave,2019,133954,67829,66125,133954,40.74734825,-73.99723551,12,684,510.62304970362965,1,yearly
nyc,495,W 47 St & 10 Ave,2019,84512,42468,42044,84512,40.76269882,-73.99301222,11,980,1159.5986368799697,1,yearly
nyc,496,E 16 St & 5 Ave,2019,135035,67434,67601,135035,40.73726186,-73.99238967,12,699,517.6435738882511,1,yearly
nyc,497,E 17 St & Broadway,2019,247247,121781,125466,247247,40.73704983936132,-73.99009294599416,12,684,276.64643049258433,1,yearly
nyc,498,Broadway & W 32 St,2019,34694,17406,17288,34694,40.74854862,-73.98808416,6,1058,3049.5186487577103,1,yearly
nyc,499,Broadway & W 60 St,2019,203098,103167,99931,203098,40.76915505,-73.98191841,12,596,293.4543914760362,1,yearly
nyc,500,Broadway & W 51 St,2019,81342,41038,40304,81342,40.76228826,-73.98336183,12,965,1186.3489955988298,1,yearly
nyc,501,FDR Drive & E 35 St,2019,119101,59718,59383,119101,40.744219,-73.97121214,12,550,461.7929320492691,1,yearly
nyc,502,Henry St & Grand St,2019,60806,30571,30235,60806,40.714214272727276,-73.98130036363636,11,274,450.6134263066145,1,yearly
nyc,503,E 20 St & Park Ave,2019,111753,55802,55951,111753,40.73827428,-73.98751968,12,666,595.9571555126037,1,yearly
nyc,504,1 Ave & E 16 St,2019,164173,82553,81620,164173,40.732218500929235,-73.98165560207438,12,437,266.18262442667185,1,yearly
nyc,505,6 Ave & W 33 St,2019,151583,75657,75926,151583,40.74901270979651,-73.9884839582621,12,1036,683.4539493214938,1,yearly
nyc,507,E 25 St & 2 Ave,2019,128302,65043,63259,128302,40.73912601,-73.97973776,12,662,515.9701329675297,1,yearly
nyc,508,W 46 St & 11 Ave,2019,93869,46797,47072,93869,40.76341381565022,-73.99667449800124,12,751,800.0511350925225,1,yearly
nyc,509,9 Ave & W 22 St,2019,95105,47364,47741,95105,40.7454973,-74.00197139,10,499,524.6832448346564,1,yearly
nyc,513,W 56 St & 10 Ave,2019,75420,37995,37425,75420,40.76825396019047,-73.98863901146032,12,529,701.4054627419782,1,yearly
nyc,514,12 Ave & W 40 St,2019,203048,99300,103748,203048,40.76087502,-74.00277668,12,329,162.0306528505575,1,yearly
nyc,515,W 43 St & 10 Ave,2019,99392,49951,49441,99392,40.76009437,-73.99461843,12,1221,1228.4690920798455,1,yearly
nyc,516,E 47 St & 1 Ave,2019,41342,20594,20748,41342,40.75206862,-73.96784384,12,579,1400.5127957041266,1,yearly
nyc,517,Pershing Square South,2019,122857,63997,58860,122857,40.75158101112173,-73.9779099758454,12,1073,873.3731085733821,1,yearly
nyc,518,E 39 St & 2 Ave,2019,123223,61967,61256,123223,40.74780373,-73.9734419,12,1054,855.3597948434951,1,yearly
nyc,519,Pershing Square North,2019,312111,156575,155536,312111,40.75187300140578,-73.97770599218525,12,1053,337.37997058738716,1,yearly
nyc,520,W 52 St & 5 Ave,2019,104840,51781,53059,104840,40.75992262,-73.97648516,12,942,898.5120183136207,1,yearly
nyc,522,E 51 St & Lexington Ave,2019,68086,34462,33624,68086,40.75714758,-73.97207836,12,957,1405.5753018241637,1,yearly
nyc,523,W 38 St & 8 Ave,2019,172172,86096,86076,172172,40.75466591,-73.99138152,12,1311,761.4478544711103,1,yearly
nyc,524,W 43 St & 6 Ave,2019,42506,21160,21346,42506,40.75527307,-73.98316936,6,1082,2545.5229849903544,1,yearly
nyc,525,W 34 St & 11 Ave,2019,145334,70859,74475,145334,40.75594155850027,-74.00211626265555,12,548,377.06249053903423,1,yearly
nyc,526,E 33 St & 5 Ave,2019,104040,52390,51650,104040,40.74765947,-73.98490707,12,947,910.2268358323721,1,yearly
nyc,528,2 Ave & E 31 St,2019,124070,62399,61671,124070,40.74290902229504,-73.97706057847182,12,901,726.2029499476103,1,yearly
nyc,529,W 42 St & 8 Ave,2019,100357,50032,50325,100357,40.7575699,-73.99098507,12,1562,1556.4434967167213,1,yearly
nyc,530,11 Ave & W 59 St,2019,109101,54492,54609,109101,40.77149671054441,-73.99046033620834,12,325,297.88911192381374,1,yearly
nyc,531,Forsyth St & Broome St,2019,111934,55839,56095,111934,40.71893904,-73.99266288,12,1233,1101.5419800954132,1,yearly
nyc,532,S 5 Pl & S 5 St,2019,92831,46515,46316,92831,40.710451,-73.960876,12,544,586.0111385205373,1,yearly
nyc,533,Broadway & W 38 St,2019,91943,46291,45652,91943,40.75299641,-73.98721619,12,1172,1274.7028049987491,1,yearly
nyc,534,Water - Whitehall Plaza,2019,45449,21546,23903,45449,40.70255065,-74.0127234,12,294,646.8789192281458,1,yearly
nyc,536,1 Ave & E 30 St,2019,85815,42826,42989,85815,40.74144387,-73.97536082,12,677,788.9063683505215,1,yearly
nyc,539,Metropolitan Ave & Bedford Ave,2019,100781,49763,51018,100781,40.71534825,-73.96024116,12,378,375.0706978497931,1,yearly
nyc,540,Lexington Ave & E 29 St,2019,87713,43720,43993,87713,40.74311555376486,-73.98215353488922,12,802,914.3456500176712,1,yearly
nyc,545,E 23 St & 1 Ave,2019,122010,60978,61032,122010,40.73650201325667,-73.97809469085875,12,498,408.16326530612247,1,yearly
nyc,546,E 30 St & Park Ave S,2019,91507,45959,45548,91507,40.74444921,-73.98303529,12,792,865.5075567989335,1,yearly
nyc,72,W 52 St & 11 Ave,2019,91342,45688,45654,91342,40.76727216,-73.99392888,12,370,405.07105165203296,1,yearly
nyc,79,Franklin St & W Broadway,2019,54637,27174,27463,54637,40.71911552,-74.00666661,12,773,1414.7921738016362,1,yearly
nyc,82,St James Pl & Pearl St,2019,28117,13951,14166,28117,40.71117416,-74.00016545,12,447,1589.7855389977594,1,yearly
nyc,83,Atlantic Ave & Fort Greene Pl,2019,36998,17483,19515,36998,40.68382604,-73.97632328,12,779,2105.519217254987,1,yearly
nyc,3460.01,2 Ave & 36 St,2020,18864,9009,9855,18864,40.65708895360496,-74.00870200225187,12,118,625.5301102629347,1,yearly
nyc,3460.01,2 Ave & 36 St - Citi Bike HQ at Industry City,2020,11,6,5,11,40.65708866668485,-74.00870203971863,1,118,1072727.2727272727,1,yearly
nyc,3501.01,39 St & 2 Ave,2020,13515,6618,6897,13515,40.6553999599873,-74.01062796465921,12,138,1021.087680355161,1,yearly
nyc,3501.01,39 St & 2 Ave - Citi Bike HQ at Industry City,2020,4,4,0,4,40.65539977447831,-74.01062786579132,1,138,3450000.0,1,yearly
nyc,3651.04,West Drive & Prospect Park West,2020,98108,49024,49084,98108,40.66106301462997,-73.97945295655073,12,58,59.11852244465283,1,yearly
nyc,3665.06,Sterling St & Bedford Ave,2020,18295,9096,9199,18295,40.6627059585394,-73.95691193769686,12,237,1295.4359114512163,1,yearly
nyc,3696.05,Rogers Ave & Sterling St,2020,23122,11487,11635,23122,40.663061954201574,-73.95387493689513,12,214,925.5254735749502,1,yearly
nyc,3704.01,Franklin Ave & Empire Blvd,2020,43043,21213,21830,43043,40.66314,-73.96056994568693,9,185,429.80275538415077,1,yearly
nyc,3704.08,Sullivan Pl & Franklin Ave,2020,9756,4857,4899,9756,40.66407991960225,-73.96025102017481,4,187,1916.769167691677,1,yearly
nyc,3722.04,Prospect Park West & 8 St,2020,32394,16300,16094,32394,40.66514697210992,-73.97637600188513,12,70,216.08939927147,1,yearly
nyc,3731.11,14 St & 7 Ave,2020,21876,11067,10809,21876,40.663779,-73.98396801845827,12,105,479.97805814591334,1,yearly
nyc,3736.03,Bedford Ave & Montgomery St,2020,10992,5471,5521,10992,40.665816,-73.956934,12,233,2119.7234352256187,1,yearly
nyc,3736.04,Sullivan Pl & Bedford Ave,2020,6532,3224,3308,6532,40.66424094215458,-73.95746894215459,12,232,3551.745254133497,1,yearly
nyc,3762.08,10 St & 7 Ave,2020,18388,9285,9103,18388,40.66620797282465,-73.98199897454936,12,117,636.2845333913422,1,yearly
nyc,3771.06,14 St & 5 Ave,2020,26994,13483,13511,26994,40.666287,-73.9889509583354,12,172,637.1786322886567,1,yearly
nyc,3776.05,Montgomery St & Franklin Ave,2020,5755,2872,2883,5755,40.66643901400668,-73.9605560177052,12,168,2919.2006950477844,1,yearly
nyc,3779.02,3 Ave & 17 St,2020,1,0,1,1,40.666168,-73.995549,1,252,25200000.0,1,yearly
nyc,3803.05,6 Ave & 12 St,2020,15704,7831,7873,15704,40.66631800380585,-73.98546196278399,12,125,795.9755476311768,1,yearly
nyc,3803.09,6 Ave & 9 St,2020,17931,8949,8982,17931,40.668127,-73.98377601375962,12,135,752.8860632424294,1,yearly
nyc,3834.10,6 St & 7 Ave,2020,22514,11371,11143,22514,40.66866297780869,-73.979880977164,12,112,497.46824198276624,1,yearly
nyc,3842.08,10 St & 5 Ave,2020,13539,6716,6823,13539,40.66862700915613,-73.98700096609663,12,148,1093.1383410887067,1,yearly
nyc,3847.04,Carroll St & Franklin Ave,2020,8400,4185,4215,8400,40.66794100535389,-73.9588,12,188,2238.095238095238,1,yearly
nyc,3850.03,3 Ave & 14 St,2020,11772,5731,6041,11772,40.66854595346544,-73.99333295945321,12,276,2344.5463812436287,1,yearly
nyc,3865.05,3 St & Prospect Park West,2020,53324,27039,26285,53324,40.668132,-73.9736380088939,12,67,125.64698822293902,1,yearly
nyc,3874.01,5 St & 6 Ave,2020,10943,5467,5476,10943,40.670483973825846,-73.98208997570285,12,138,1261.0801425568857,1,yearly
nyc,3879.04,Union St & Bedford Ave,2020,12726,6383,6343,12726,40.66917801895501,-73.95541601263666,12,263,2066.6352349520666,1,yearly
nyc,3882.01,12 St & 4 Ave,2020,11089,5483,5606,11089,40.668603,-73.99043901473074,12,212,1911.8044909369646,1,yearly
nyc,3887.03,Carroll St & Washington Ave,2020,7894,3949,3945,7894,40.66867402277287,-73.9618149546171,12,126,1596.1489739042313,1,yearly
nyc,3905.15,3 St & 7 Ave,2020,24765,12557,12208,24765,40.67038396930226,-73.97839697124444,12,111,448.21320411871596,1,yearly
nyc,3914.02,7 St & 5 Ave,2020,14331,7115,7216,14331,40.670492006924974,-73.98541696942381,12,142,990.8589770427744,1,yearly
nyc,3919.07,Eastern Pkwy & Franklin Ave,2020,33186,17243,15943,33186,40.67077694618985,-73.95768000495002,12,252,759.3563550894955,1,yearly
nyc,3922.02,10 St & 2 Ave,2020,6826,3383,3443,6826,40.671907,-73.993612,12,174,2549.077058306475,1,yearly
nyc,3928.08,Eastern Pkwy & Washington Ave,2020,23200,12138,11062,23200,40.671649015427654,-73.96311493969577,12,142,612.0689655172414,1,yearly
nyc,3940.04,Sigourney St & Columbia St,2020,9513,4539,4974,9513,40.67267201861459,-74.00879501056913,12,30,315.35793125197097,1,yearly
nyc,3955.05,4 Ave & 9 St,2020,18226,8769,9457,18226,40.67051396192584,-73.98876597378575,12,149,817.5134423351255,1,yearly
nyc,3960.01,Lincoln Pl & Classon Ave,2020,10024,5182,4842,10024,40.672168017595084,-73.9609,12,160,1596.169193934557,1,yearly
nyc,3972.08,Henry St & Bay St,2020,4310,2096,2214,4310,40.67250596970806,-74.00494697508971,12,122,2830.6264501160094,1,yearly
nyc,3978.13,Garfield Pl & 8 Ave,2020,20267,10205,10062,20267,40.67119797113524,-73.97484100757005,12,116,572.3590072531701,1,yearly
nyc,3981.10,Dwight St & Van Dyke St,2020,8816,4059,4757,8816,40.67363595590416,-74.01195595810582,12,33,374.31941923774957,1,yearly
nyc,3987.06,5 Ave & 3 St,2020,33764,16760,17004,33764,40.67281596442559,-73.98352396595754,12,143,423.5280180073451,1,yearly
nyc,3993.03,Sterling Pl & Bedford Ave,2020,24451,12376,12075,24451,40.672695,-73.954131,12,264,1079.7104412907447,1,yearly
nyc,3996.01,7 St & 3 Ave,2020,10731,5266,5465,10731,40.67260298296948,-73.98983000049796,12,130,1211.44348150219,1,yearly
nyc,4001.09,St Johns Pl & Washington Ave,2020,24188,12792,11396,24188,40.67372394962485,-73.9631610045273,12,136,562.2622788159417,1,yearly
nyc,4010.13,Plaza St West & Flatbush Ave,2020,36111,19029,17082,36111,40.67502096391792,-73.97111496503983,12,187,517.8477472238376,1,yearly
nyc,4010.15,Grand Army Plaza & Plaza St West,2020,79954,40360,39594,79954,40.672967967506374,-73.97087996458637,12,148,185.10643620081547,1,yearly
nyc,4013.08,Columbia St & Lorraine St,2020,3332,1595,1737,3332,40.67470593051993,-74.00755701233128,12,62,1860.7442977190876,1,yearly
nyc,4019.06,Carroll St & 6 Ave,2020,21019,10482,10537,21019,40.674088970307665,-73.9787280054222,12,146,694.6096388981398,1,yearly
nyc,4028.03,3 St & 3 Ave,2020,19547,9513,10034,19547,40.675070966021565,-73.98775200782107,12,128,654.8319435207449,1,yearly
nyc,4033.06,Park Pl & Franklin Ave,2020,18300,9146,9154,18300,40.674180939576125,-73.95649494478552,12,220,1202.1857923497269,1,yearly
nyc,4042.08,Underhill Ave & Lincoln Pl,2020,28222,14786,13436,28222,40.674012012425976,-73.96714595640422,12,175,620.0836227056906,1,yearly
nyc,4045.01,Clinton St & Centre St,2020,6188,3041,3147,6188,40.67434,-74.00194697176799,12,228,3684.5507433742728,1,yearly
nyc,4051.01,Berkeley Pl & 7 Ave,2020,24729,12337,12392,24729,40.67514696995915,-73.9752320033305,12,198,800.6793643091108,1,yearly
nyc,4054.02,Wolcott St & Dwight St,2020,3598,1736,1862,3598,40.67532702176171,-74.01006995633158,12,66,1834.3524180100055,1,yearly
nyc,4060.09,Carroll St & 5 Ave,2020,23945,11836,12109,23945,40.675162005345484,-73.98148300534548,12,140,584.6732094382961,1,yearly
nyc,4066.15,Bedford Ave & Bergen St,2020,37529,18937,18592,37529,40.676368,-73.952918,12,296,788.7233872471954,1,yearly
nyc,4074.03,Classon Ave & St Marks Ave,2020,24299,12640,11659,24299,40.6765199604211,-73.9596080077889,12,189,777.8097864109634,1,yearly
nyc,4077.04,Smith St & 9 St,2020,17163,8555,8608,17163,40.674695956049106,-73.99785795504731,12,227,1322.61259686535,1,yearly
nyc,4077.07,Court St & Nelson St,2020,15423,7476,7947,15423,40.676394957038504,-73.99869896832284,12,214,1387.538092459314,1,yearly
nyc,4083.13,Park Pl & Vanderbilt Ave,2020,32520,16580,15940,32520,40.6767,-73.969024,12,202,621.1562115621156,1,yearly
nyc,4086.05,Columbia St & W 9 St,2020,5110,2450,2660,5110,40.676999014762345,-74.00647101673066,12,148,2896.2818003913894,1,yearly
nyc,4086.06,Henry St & W 9 St,2020,3872,1927,1945,3872,40.676374029168365,-74.00324992984118,12,225,5810.9504132231405,1,yearly
nyc,4095.03,Van Brunt St & Wolcott St,2020,14222,6881,7341,14222,40.6773429736707,-74.01275096091038,12,35,246.09759527492616,1,yearly
nyc,4095.10,Van Brunt St & Van Dyke St,2020,21908,10110,11798,21908,40.675832976915764,-74.01472601250323,12,31,141.5008216176739,1,yearly
nyc,4107.05,Franklin Ave & St Marks Ave,2020,20878,10539,10339,20878,40.67583202745019,-73.95616793679201,12,243,1163.9045885621229,1,yearly
nyc,4107.13,Dean St & Franklin Ave,2020,31710,15814,15896,31710,40.677592003236676,-73.95563701010413,12,283,892.462945443078,1,yearly
nyc,4110.10,3 St & Hoyt St,2020,9276,4603,4673,9276,40.6777289783201,-73.99364100501674,12,91,981.0263044415697,1,yearly
nyc,4116.08,Prospect Pl & Underhill Ave,2020,15706,7962,7744,15706,40.67696901544394,-73.96579,12,176,1120.5908569973258,1,yearly
nyc,4119.04,Clinton St & 4 Place,2020,17040,8511,8529,17040,40.678356012156314,-74.00014500081042,12,216,1267.605633802817,1,yearly
nyc,4124.04,Verona Pl & Fulton St,2020,15941,7977,7964,15941,40.68035600509123,-73.9476790062045,12,352,2208.142525563014,1,yearly
nyc,4125.07,7 Ave & Park Pl,2020,34807,17503,17304,34807,40.67761496621992,-73.97324297046626,12,227,652.1676674232195,1,yearly
nyc,4128.08,Pioneer St & Richards St,2020,5768,2797,2971,5768,40.677774948953754,-74.0094610161975,12,76,1317.6144244105408,1,yearly
nyc,4134.06,Berkeley Pl & 6 Ave,2020,16299,8135,8164,16299,40.676530016836686,-73.97846896462683,12,172,1055.2794649978528,1,yearly
nyc,4137.10,Coffey St & Conover St,2020,16303,8091,8212,16303,40.677236,-74.015665,12,29,177.88137152671288,1,yearly
nyc,4143.03,Union St & Nevins St,2020,12334,6001,6333,12334,40.67909797944796,-73.98765497091463,12,120,972.9203826820171,1,yearly
nyc,4143.04,3 Ave & Carroll St,2020,9933,4700,5233,9933,40.677027,-73.9865,12,120,1208.0942313500454,1,yearly
nyc,4148.07,Pacific St & Classon Ave,2020,6933,3474,3459,6933,40.679194017331945,-73.95879001299895,12,243,3504.9762007788836,1,yearly
nyc,4151.01,Smith St & 3 St,2020,17283,8626,8657,17283,40.67872400730412,-73.99599097492971,12,118,682.7518370653243,1,yearly
nyc,4157.10,Bergen St & Vanderbilt Ave,2020,35975,18098,17877,35975,40.67943895807042,-73.96804395807042,12,251,697.7067407922168,1,yearly
nyc,4161.01,Van Sinderen Ave & Truxton St,2020,8640,4341,4299,8640,40.6786,-73.90369,12,333,3854.166666666667,1,yearly
nyc,4166.08,Prospect Pl & 6 Ave,2020,15307,7641,7666,15307,40.67933095785144,-73.97519500920616,12,262,1711.6351995818904,1,yearly
nyc,4169.04,Pioneer St & Van Brunt St,2020,13635,6656,6979,13635,40.679043,-74.011169,12,59,432.7099376604327,1,yearly
nyc,4175.14,Douglass St & 4 Ave,2020,18737,9218,9519,18737,40.67927897310829,-73.98154000136371,12,163,869.9364892992475,1,yearly
nyc,4175.15,Union St & 4 Ave,2020,26801,12930,13871,26801,40.67727401241828,-73.98282000062092,12,148,552.2182008134025,1,yearly
nyc,4184.07,Carroll St & Bond St,2020,18657,9231,9426,18657,40.67861196660542,-73.99037298000779,12,94,503.83234174840544,1,yearly
nyc,4190.06,Grand Ave & Bergen St,2020,21273,10994,10279,21273,40.678045,-73.962408,12,182,855.5445870352089,1,yearly
nyc,4193.14,1 Pl & Clinton St,2020,15646,7829,7817,15646,40.68095900357773,-73.99905700321996,12,174,1112.105330435894,1,yearly
nyc,4199.12,Carlton Ave & Dean St,2020,28306,14124,14182,28306,40.68097400368389,-73.9710099627534,12,274,967.9926517346145,1,yearly
nyc,4202.04,Richards St & Delavan St,2020,5280,2547,2733,5280,40.67943296950403,-74.0078500170505,12,120,2272.727272727273,1,yearly
nyc,4203.04,Somers St & Broadway,2020,2297,1129,1168,2297,40.67945,-73.90474,12,306,13321.723987810188,1,yearly
nyc,4205.06,Kingston Ave & Herkimer St,2020,25167,12576,12591,25167,40.6789069365909,-73.9414279311836,12,310,1231.7717646123892,1,yearly
nyc,4208.11,Baltic St & 5 Ave,2020,28650,14109,14541,28650,40.67957696118828,-73.9785499649358,12,264,921.4659685863875,1,yearly
nyc,4214.03,Macon St & Nostrand Ave,2020,25924,12968,12956,25924,40.68098301818862,-73.9500479651921,12,340,1311.525999074217,1,yearly
nyc,4217.02,Douglass St & 3 Ave,2020,16304,7909,8395,16304,40.680213009358276,-73.98432697957125,12,145,889.352306182532,1,yearly
nyc,4222.02,Lefferts Pl & Franklin Ave,2020,16298,8178,8120,16298,40.680342019703225,-73.95576896272861,12,263,1613.6949318934837,1,yearly
nyc,4225.14,Carroll St & Smith St,2020,22284,11037,11247,22284,40.680611,-73.99475800790952,12,108,484.6526655896607,1,yearly
nyc,4228.02,Fulton St & Utica Ave,2020,27938,13916,14022,27938,40.679426932086834,-73.92989100795752,12,308,1102.44111962202,1,yearly
nyc,4231.04,Underhill Ave & Pacific St,2020,20037,10041,9996,20037,40.680483959924,-73.96467995597432,12,220,1097.9687577980737,1,yearly
nyc,4237.01,Lewis Ave & Decatur St,2020,18095,9046,9049,18095,40.68145993713084,-73.934903,12,264,1458.966565349544,1,yearly
nyc,4237.02,Albany Ave & Fulton St,2020,10196,5127,5069,10196,40.680010914255384,-73.938475,12,294,2883.4837191055317,1,yearly
nyc,4243.01,Commerce St & Van Brunt St,2020,8333,4116,4217,8333,40.681211974345146,-74.0086090034864,12,80,960.0384015360614,1,yearly
nyc,4244.06,Broadway & Furman Ave,2020,3926,1987,1939,3926,40.68139,-73.90756,12,272,6928.171166581763,1,yearly
nyc,4255.05,Hancock St & Bedford Ave,2020,21360,10794,10566,21360,40.68216593931731,-73.95399001570964,12,298,1395.1310861423221,1,yearly
nyc,4258.07,Degraw St & Hoyt St,2020,15014,7473,7541,15014,40.68199001816756,-73.99079001017388,12,101,672.7054748901026,1,yearly
nyc,4263.12,Fulton St & Irving Pl,2020,19789,9970,9819,19789,40.68186,-73.959432,12,219,1106.6754257415737,1,yearly
nyc,4266.03,Clinton St & Union St,2020,18691,9356,9335,18691,40.683116011434244,-73.99785297199607,12,147,786.4747739553796,1,yearly
nyc,4278.03,Marcus Garvey Blvd & Macon St,2020,13889,6943,6946,13889,40.682601,-73.938037,12,233,1677.5865793073656,1,yearly
nyc,4281.08,Bergen St & Flatbush Ave,2020,29016,14397,14619,29016,40.68094495367736,-73.97567301596196,12,327,1126.9644334160464,1,yearly
nyc,4285.09,Rockaway Ave & Bainbridge St,2020,12464,6221,6243,12464,40.68319993661337,-73.91166603894366,12,241,1933.568677792041,1,yearly
nyc,4290.08,Wyckoff St & Nevins St,2020,16766,8350,8416,16766,40.683426,-73.984275,12,186,1109.3880472384587,1,yearly
nyc,4298.05,Degraw St & Smith St,2020,23234,11478,11756,23234,40.682915003091715,-73.99318200247338,12,95,408.883532753723,1,yearly
nyc,4307.13,President St & Henry St,2020,15000,7394,7606,15000,40.68280000937652,-73.99990400593846,12,160,1066.6666666666667,1,yearly
nyc,4317.05,Bushwick Ave & Furman Ave,2020,3304,1676,1628,3304,40.68281,-73.90623,12,228,6900.726392251816,1,yearly
nyc,4319.07,Halsey St & Tompkins Ave,2020,22569,11321,11248,22569,40.68236894064555,-73.944118,12,215,952.63414418007,1,yearly
nyc,4322.02,Dean St & 4 Ave,2020,37347,18210,19137,37347,40.68312497134199,-73.97895101496421,12,391,1046.9381744182933,1,yearly
nyc,4327.09,Putnam Ave & Nostrand Ave,2020,13192,6606,6586,13192,40.68402,-73.94977,12,233,1766.2219526986053,1,yearly
nyc,4330.08,Wyckoff St & Bond St,2020,666,324,342,666,40.68461699595317,-73.98721299869773,3,162,24324.324324324327,1,yearly
nyc,4330.09,Hoyt St & Warren St,2020,7727,3896,3831,7727,40.68435496757476,-73.98901601360669,10,141,1824.7702860100947,1,yearly
nyc,4336.01,Monroe St & Classon Ave,2020,20469,10249,10220,20469,40.684568015208164,-73.95881095119812,12,170,830.5242073379256,1,yearly
nyc,4339.01,Butler St & Court St,2020,15086,7508,7578,15086,40.68498901145477,-73.99440300830472,12,121,802.0681426488135,1,yearly
nyc,4345.11,Fulton St & Waverly Ave,2020,33245,16993,16252,33245,40.68323895472276,-73.965995965035,12,245,736.9529252519176,1,yearly
nyc,4348.07,Carroll St & Columbia St,2020,12082,6017,6065,12082,40.68304598115345,-74.00348598095563,11,138,1142.1950008276776,1,yearly
nyc,4354.05,S Portland Ave & Hanson Pl,2020,24047,11979,12068,24047,40.68539595488655,-73.9743149511157,12,338,1405.5807377219612,1,yearly
nyc,4354.07,Atlantic Ave & Fort Greene Pl,2020,38101,18849,19252,38101,40.68382600174235,-73.9763230121964,12,391,1026.2197842576309,1,yearly
nyc,4357.01,Moffat St & Bushwick,2020,4280,2139,2141,4280,40.68458,-73.90925,12,221,5163.551401869159,1,yearly
nyc,4362.04,Pacific St & Nevins St,2020,20695,10365,10330,20695,40.68537600298209,-73.98302101073553,12,324,1565.5955544817589,1,yearly
nyc,4366.01,Halsey St & Broadway,2020,12663,6375,6288,12663,40.68565,-73.91564,12,285,2250.6515043828476,1,yearly
nyc,4368.05,Monroe St & Bedford Ave,2020,25476,12827,12649,25476,40.685144016264985,-73.95380900216867,12,201,788.9778615167215,1,yearly
nyc,4374.01,Picnic Point,2020,13265,6648,6617,13265,40.68512595111627,-74.02535300701577,5,0,0.0,1,yearly
nyc,4377.04,Cambridge Pl & Gates Ave,2020,21820,10907,10913,21820,40.68488,-73.96304,12,196,898.2584784601283,1,yearly
nyc,4380.08,Henry St & Degraw St,2020,22833,11374,11459,22833,40.68475101172496,-73.9991729704754,12,196,858.4066920684974,1,yearly
nyc,4386.05,Fulton St & Clermont Ave,2020,19598,9883,9715,19598,40.68415701855972,-73.96922296095545,12,219,1117.460965404633,1,yearly
nyc,4392.04,Putnam Ave & Throop Ave,2020,17653,8842,8811,17653,40.6851530105775,-73.94111,12,191,1081.969070412961,1,yearly
nyc,4395.04,Lafayette Ave & Fort Greene Pl,2020,42844,21345,21499,42844,40.68691895887553,-73.976682,12,372,868.2662683222856,1,yearly
nyc,4395.07,Hanson Pl & Ashland Pl,2020,57492,28469,29023,57492,40.685068002955894,-73.97790795508503,12,415,721.8395602866485,1,yearly
nyc,4399.03,Eldert St & Bushwick Ave,2020,5303,2653,2650,5303,40.68652,-73.91321,12,296,5581.746181406751,1,yearly
nyc,4404.10,Bond St & Bergen St,2020,21513,10565,10948,21513,40.68496697295694,-73.98620797051323,12,190,883.1869102403198,1,yearly
nyc,4413.08,Warren St & Court St,2020,19273,9601,9672,19273,40.686371,-73.9938330059995,12,188,975.4578944637576,1,yearly
nyc,4419.03,Washington Ave & Greene Ave,2020,22645,11311,11334,22645,40.68650096007918,-73.96563300280002,12,170,750.7175977036874,1,yearly
nyc,4422.04,Columbia St & Degraw St,2020,22487,11182,11305,22487,40.6859299653948,-74.00242396696888,12,168,747.0983234757861,1,yearly
nyc,4422.05,Columbia St & Kane St,2020,20253,10054,10199,20253,40.68763196968249,-74.00162597116483,12,264,1303.510591023552,1,yearly
nyc,4425.02,Lewis Ave & Madison St,2020,25755,12836,12919,25755,40.686312,-73.935775,12,171,663.9487478159581,1,yearly
nyc,4428.02,Cumberland St & Lafayette Ave,2020,27506,13729,13777,27506,40.687534002196585,-73.97265196576903,12,165,599.8691194648441,1,yearly
nyc,4432.10,Central Ave & Decatur St,2020,4935,2472,2463,4935,40.6882,-73.90798,12,216,4376.899696048632,1,yearly
nyc,4434.06,Monroe St & Tompkins Ave,2020,23174,11566,11608,23174,40.686203,-73.944694,12,157,677.4833865538966,1,yearly
nyc,4437.01,3 Ave & Schermerhorn St,2020,39271,19594,19677,39271,40.68683200343849,-73.97967700859623,12,382,972.7279672022611,1,yearly
nyc,4440.01,Yankee Ferry Terminal,2020,1538,776,762,1538,40.686931,-74.016966,4,0,0.0,1,yearly
nyc,4440.01,Yankee Ferry Terminal (old),2020,13818,6903,6915,13818,40.686931,-74.016966,5,0,0.0,1,yearly
nyc,4441.06,Broadway & Hancock St,2020,10825,5442,5383,10825,40.68663,-73.9168,12,271,2503.4642032332563,1,yearly
nyc,4446.01,Bergen St & Smith St,2020,56162,26860,29302,56162,40.68674401055343,-73.9906319672682,12,220,391.7239414550764,1,yearly
nyc,4446.05,Dean St & Hoyt St,2020,20584,10167,10417,20584,40.6864440073081,-73.98759100146161,12,218,1059.0750097162845,1,yearly
nyc,4452.01,Lafayette Ave & Classon Ave,2020,27057,13640,13417,27057,40.689004019012785,-73.9602389511242,12,181,668.9581254388883,1,yearly
nyc,4452.03,Lexington Ave & Classon Ave,2020,26757,13449,13308,26757,40.686767961789734,-73.95928194939782,12,195,728.781253503756,1,yearly
nyc,4455.07,Congress St & Clinton St,2020,30995,15418,15577,30995,40.68815298062862,-73.99520900475916,12,264,851.7502823035974,1,yearly
nyc,4455.11,Kane St & Clinton St,2020,21621,10687,10934,21621,40.6861759774128,-73.9964529812559,12,206,952.77739235003,1,yearly
nyc,4461.01,Clermont Ave & Lafayette Ave,2020,19066,9709,9357,19066,40.687644967387605,-73.96968900061927,12,169,886.3946291828386,1,yearly
nyc,4461.04,DeKalb Ave & Vanderbilt Ave,2020,36855,18787,18068,36855,40.68940702007381,-73.96885495311767,12,154,417.8537511870846,1,yearly
nyc,4474.01,Halsey St & Evergreen Ave,2020,4647,2330,2317,4647,40.68858,-73.91227,12,314,6757.047557564019,1,yearly
nyc,4476.03,Marcy Ave & Lafayette Ave,2020,24210,12182,12028,24210,40.69008191609695,-73.947915,12,202,834.3659644774887,1,yearly
nyc,4479.06,Bond St & Fulton St,2020,51044,25137,25907,51044,40.68962196673487,-73.98304295827566,12,317,621.0328344173654,1,yearly
nyc,4479.08,Schermerhorn St & Bond St,2020,39273,19537,19736,39273,40.688417016306246,-73.98451695417327,12,334,850.4570570111782,1,yearly
nyc,4483.10,Broadway & Madison St,2020,14557,7318,7239,14557,40.68822,-73.91966,12,278,1909.7341485196127,1,yearly
nyc,4488.08,Court St & State St,2020,43365,21624,21741,43365,40.69023796284522,-73.99203097024201,12,241,555.7477228179407,1,yearly
nyc,4494.04,Lafayette Ave & St James Pl,2020,29965,15079,14886,29965,40.68851501285374,-73.96476296303642,12,155,517.270148506591,1,yearly
nyc,4507.07,Wilson Ave & Moffat St,2020,5360,2700,2660,5360,40.68906,-73.90506,12,128,2388.0597014925374,1,yearly
nyc,4510.04,Greene Ave & Throop Ave,2020,18625,9294,9331,18625,40.68949301547399,-73.942061,12,188,1009.3959731543624,1,yearly
nyc,4513.03,Fulton St & Rockwell Pl,2020,1091,542,549,1091,40.68841,-73.979458,1,336,30797.4335472044,1,yearly
nyc,4513.06,DeKalb Ave & Hudson Ave,2020,40331,18038,22293,40331,40.689888,-73.981013,12,311,771.118990354814,1,yearly
nyc,4517.03,Jefferson Ave & Evergreen Ave,2020,7053,3524,3529,7053,40.68989,-73.91458,12,311,4409.471147029632,1,yearly
nyc,4519.02,Greene Ave & Nostrand Ave,2020,22015,11030,10985,22015,40.68833393763369,-73.950916,12,209,949.3527140585965,1,yearly
nyc,4519.04,Kosciuszko St & Nostrand Ave,2020,22219,11107,11112,22219,40.690725028256516,-73.95133494046222,12,225,1012.6468337908997,1,yearly
nyc,4526.01,Grove St & Broadway,2020,17489,8913,8576,17489,40.69047,-73.923511,12,238,1360.8553948196009,1,yearly
nyc,4528.01,DeKalb Ave & Franklin Ave,2020,27132,13565,13567,27132,40.69064800374333,-73.95746195396755,12,226,832.9647648533098,1,yearly
nyc,4531.05,Henry St & Atlantic Ave,2020,37244,18594,18650,37244,40.690892972414076,-73.99612301430308,12,340,912.8987219417893,1,yearly
nyc,4546.04,DeKalb Ave & S Portland Ave,2020,45775,22796,22979,45775,40.68981001705126,-73.97493101023075,12,198,432.5505188421628,1,yearly
nyc,4546.05,Washington Park,2020,30810,15566,15244,30810,40.69178201270699,-73.97372996537725,12,170,551.768906199286,1,yearly
nyc,4550.05,Central Ave & Covert St,2020,4481,2262,2219,4481,40.68929,-73.90951,12,286,6382.503905378263,1,yearly
nyc,4553.04,Kosciuszko St & Tompkins Ave,2020,21635,10874,10761,21635,40.69128293441882,-73.94524193561507,12,169,781.1416685925584,1,yearly
nyc,4560.01,Madison St & Evergreen Ave,2020,3907,1998,1909,3907,40.69122,-73.91693,12,301,7704.12080880471,1,yearly
nyc,4565.04,85,2020,33,17,16,33,40.69102912449924,-73.99183330410858,1,231,700000.0,1,yearly
nyc,4565.04,Schermerhorn St & Court St,2020,28486,14216,14270,28486,40.69102900781808,-73.99183396894912,12,231,810.9246647475953,1,yearly
nyc,4565.06,State St & Smith St,2020,31640,15733,15907,31640,40.689269015047394,-73.98912896090377,12,260,821.7446270543616,1,yearly
nyc,4568.01,Van Buren St & Broadway,2020,9376,4733,4643,9376,40.692,-73.92617,12,247,2634.38566552901,1,yearly
nyc,4582.05,Knickerbocker Ave & Cooper St,2020,5809,2920,2889,5809,40.69081,-73.90448,12,158,2719.9173695988984,1,yearly
nyc,4587.02,Willoughby St & Ashland Pl,2020,10606,5265,5341,10606,40.69178,-73.97877,12,244,2300.5845747689987,1,yearly
nyc,4590.01,Soissons Landing,2020,17002,8480,8522,17002,40.692316940051455,-74.01486594636707,5,0,0.0,1,yearly
nyc,4591.04,Central Ave & Weirfield St,2020,8113,4081,4032,8113,40.69055,-73.91181,12,312,3845.6797732035,1,yearly
nyc,4596.05,Duffield St & Willoughby St,2020,33815,16810,17005,33815,40.69221596167102,-73.98428401673357,12,378,1117.8471092710336,1,yearly
nyc,4596.09,Lawrence St & Willoughby St,2020,43315,21531,21784,43315,40.692361967212754,-73.9863170153492,12,399,921.1589518642503,1,yearly
nyc,4600.09,Bushwick Ave & Linden St,2020,9312,4692,4620,9312,40.69146,-73.92146,12,255,2738.40206185567,1,yearly
nyc,4605.04,Clinton St & Joralemon St,2020,32425,16161,16264,32425,40.69239500054721,-73.99337900246246,12,216,666.1526599845798,1,yearly
nyc,4608.01,Broadway & Kosciuszko St,2020,14038,7172,6866,14038,40.69329,-73.92852,12,241,1716.7687704801253,1,yearly
nyc,4611.03,Willoughby Ave & Hall St,2020,26011,13182,12829,26011,40.691960011740136,-73.96536895506883,12,177,680.4813348198838,1,yearly
nyc,4614.04,Atlantic Ave & Furman St,2020,64228,31841,32387,64228,40.69165196886615,-73.99997895996522,12,250,389.23833841938097,1,yearly
nyc,4617.01,Lewis Ave & Kosciuszko St,2020,16503,8227,8276,16503,40.692370926336906,-73.93705402177072,12,175,1060.4132581954796,1,yearly
nyc,4620.02,Adelphi St & Myrtle Ave,2020,28337,14201,14136,28337,40.69308295276165,-73.97178900545241,12,208,734.0226558915905,1,yearly
nyc,4623.02,Knickerbocker Ave & Halsey St,2020,6197,3110,3087,6197,40.693,-73.90824,12,250,4034.2101016620945,1,yearly
nyc,4628.05,Willoughby St & Fleet St,2020,36003,17977,18026,36003,40.691965962407515,-73.98130196693951,12,298,827.7088020442742,1,yearly
nyc,4632.10,Central Ave & Woodbine St,2020,7454,3728,3726,7454,40.69296,-73.91605,12,268,3595.3850281727928,1,yearly
nyc,4634.02,Willoughby Ave & Walworth St,2020,22579,11254,11325,22579,40.693317008984124,-73.9538199581027,12,259,1147.0835732317641,1,yearly
nyc,4637.06,Fulton St & Adams St,2020,43935,21906,22029,43935,40.69241801070255,-73.98949496100795,12,284,646.4094685330602,1,yearly
nyc,4640.01,Bushwick Ave & Harman St,2020,10724,5372,5352,10724,40.69356,-73.92524,12,257,2396.4938455800075,1,yearly
nyc,4645.09,Hicks St & Montague St,2020,31201,15681,15520,31201,40.69512801399957,-73.99595097163088,12,208,666.6452998301336,1,yearly
nyc,4651.02,Clinton Ave & Myrtle Ave,2020,37184,18798,18386,37184,40.693261,-73.968896,12,189,508.2831325301205,1,yearly
nyc,4654.01,Norman St & Wyckoff Ave,2020,8001,3994,4007,8001,40.69517,-73.90311,12,185,2312.2109736282964,1,yearly
nyc,4656.03,Pulaski St & Marcus Garvey Blvd,2020,12916,6454,6462,12916,40.69339801239976,-73.939877,12,199,1540.7246825642615,1,yearly
nyc,4659.02,Myrtle Ave & St Edwards St,2020,22589,11275,11314,22589,40.693270007840766,-73.97703895841725,12,238,1053.6101642392316,1,yearly
nyc,4663.02,Knickerbocker Ave & Hancock St,2020,6446,3294,3152,6446,40.69385,-73.90974,12,254,3940.428172510084,1,yearly
nyc,4663.06,Putnam Ave & Knickerbocker Ave,2020,6640,3415,3225,6640,40.69545,-73.91164,12,285,4292.168674698795,1,yearly
nyc,4665.02,Willoughby Ave & Tompkins Ave,2020,19689,9837,9852,19689,40.69425400192895,-73.94626900964471,12,166,843.1103661943217,1,yearly
nyc,4668.08,Johnson St & Gold St,2020,30001,14994,15007,30001,40.694748956811345,-73.9836249494145,12,384,1279.957334755508,1,yearly
nyc,4672.01,Menahan St & Central Ave,2020,5838,2954,2884,5838,40.69543,-73.9196,12,307,5258.650222679,1,yearly
nyc,4677.01,Cadman Plaza E & Tillary St,2020,984,498,486,984,40.69597695310975,-73.99014895695122,1,244,24796.747967479674,1,yearly
nyc,4677.06,Montague St & Clinton St,2020,31635,15840,15795,31635,40.694272471627265,-73.99232560751489,12,184,581.6342658447921,1,yearly
nyc,4677.1,Cadman Plaza E & Johnson St,2020,23458,11696,11762,23458,40.69531700797627,-73.99015700708348,12,246,1048.6827521527837,1,yearly
nyc,4680.05,Bushwick Ave & Dekalb Ave,2020,9699,5109,4590,9699,40.69502,-73.92825,12,289,2979.6886276935766,1,yearly
nyc,4683.02,Emerson Pl & Myrtle Ave,2020,30536,15283,15253,30536,40.6936310187332,-73.9622359428423,12,163,533.7961750065497,1,yearly
nyc,4689.03,Suydam St & Broadway,2020,15374,7780,7594,15374,40.69544,-73.93223,12,340,2211.5259529075065,1,yearly
nyc,4692.01,Clermont Ave & Park Ave,2020,12613,6318,6295,12613,40.69573398310559,-73.9712969755557,12,233,1847.3004043447236,1,yearly
nyc,4695.04,Irving Ave & Halsey St,2020,7502,3752,3750,7502,40.69467,-73.90663,12,218,2905.8917621967475,1,yearly
nyc,4697.01,Throop Ave & Myrtle Ave,2020,10847,5460,5387,10847,40.69622902444828,-73.94371094824744,12,198,1825.389508619895,1,yearly
nyc,4700.06,Park Ave & St Edwards St,2020,11349,5626,5723,11349,40.69608901665891,-73.97803400609472,12,277,2440.74367785708,1,yearly
nyc,4707.03,Myrtle Ave & Marcy Ave,2020,16656,8342,8314,16656,40.6953980115878,-73.94954900545308,12,207,1242.7953890489914,1,yearly
nyc,4707.04,Nostrand Ave & Myrtle Ave,2020,14013,7016,6997,14013,40.6952700041823,-73.9523810041823,12,231,1648.469278527082,1,yearly
nyc,4710.06,Jay St & Tech Pl,2020,43840,21684,22156,43840,40.695065,-73.987167,12,333,759.5802919708029,1,yearly
nyc,4713.01,Central Ave & Himrod St,2020,8567,4332,4235,8567,40.69676,-73.92302,12,312,3641.8816388467376,1,yearly
nyc,4715.01,Franklin Ave & Myrtle Ave,2020,16207,8088,8119,16207,40.69454600405696,-73.95801394850949,12,260,1604.2450792867278,1,yearly
nyc,4718.08,Pierrepont St & Monroe Pl,2020,19703,9895,9808,19703,40.695356974924096,-73.99344000862968,12,138,700.4009541694159,1,yearly
nyc,4721.01,Cedar St & Evergreen Ave,2020,5779,2935,2844,5779,40.69671,-73.92807,12,302,5225.817615504413,1,yearly
nyc,4724.03,Washington Ave & Park Ave,2020,23442,11720,11722,23442,40.69610200931043,-73.96751001324947,12,173,737.991638938657,1,yearly
nyc,4729.01,Myrtle Ave & Lewis Ave,2020,12395,6312,6083,12395,40.69681992287478,-73.93756901887838,12,316,2549.4150867285193,1,yearly
nyc,4732.04,Carlton Ave & Park Ave,2020,15577,7698,7879,15577,40.69580700176732,-73.97355596512571,12,230,1476.535918341144,1,yearly
nyc,4732.08,Carlton Ave & Flushing Ave,2020,17305,8562,8743,17305,40.697787,-73.973736,12,168,970.8176827506502,1,yearly
nyc,4735.03,Putnam Ave & Wyckoff Ave,2020,7637,3883,3754,7637,40.69811,-73.90904,12,260,3404.478198245384,1,yearly
nyc,4735.16,Hancock St & Wyckoff Ave,2020,3429,1718,1711,3429,40.6972,-73.90674,12,230,6707.494896471275,1,yearly
nyc,4743.04,Linden St & Knickerbocker Ave,2020,3896,1945,1951,3896,40.69714,-73.91566,12,304,7802.874743326489,1,yearly
nyc,4748.07,Clinton St & Tillary St,2020,4851,2412,2439,4851,40.696232965292275,-73.99142095155203,3,167,3442.5891568748716,1,yearly
nyc,4751.01,Cedar St & Myrtle Ave,2020,9332,4710,4622,9332,40.697842,-73.926241,12,293,3139.7342477496786,1,yearly
nyc,4756.04,Brooklyn Bridge Park - Pier 2,2020,42548,21184,21364,42548,40.698458,-73.997178,12,93,218.57666635329508,1,yearly
nyc,4759.02,Willoughby Ave & Myrtle Ave,2020,16340,8149,8191,16340,40.69757,-73.93098,12,305,1866.5850673194616,1,yearly
nyc,4762.04,Clinton Ave & Flushing Ave,2020,16781,8231,8550,16781,40.69794,-73.96986801569625,12,150,893.8680650735952,1,yearly
nyc,4762.05,Flushing Ave & Vanderbilt Ave,2020,33015,16160,16855,33015,40.69795001062229,-73.97077596700161,12,152,460.3967893381796,1,yearly
nyc,4765.07,Cypress Ave & George St,2020,2847,1430,1417,2847,40.69812,-73.90271,12,181,6357.569371268001,1,yearly
nyc,4768.02,Park Ave & Marcus Garvey Blvd,2020,13001,6504,6497,13001,40.698617,-73.941342,12,348,2676.717175601877,1,yearly
nyc,4775.01,Irving Ave & Palmetto St,2020,7200,3622,3578,7200,40.698,-73.9127,12,285,3958.333333333333,1,yearly
nyc,4781.03,Concord St & Bridge St,2020,21880,10910,10970,21880,40.69766596120246,-73.98476401376841,12,398,1819.0127970749543,1,yearly
nyc,4784.02,Greene Av & Myrtle Av,2020,10678,5400,5278,10678,40.698568,-73.918877,12,339,3174.751826184679,1,yearly
nyc,4789.03,Clark St & Henry St,2020,46010,23572,22438,46010,40.69760100765212,-73.99344596836035,12,191,415.1271462725495,1,yearly
nyc,4792.03,Central Ave & Starr Street,2020,11603,5885,5718,11603,40.700003,-73.92834,12,289,2490.7351547013704,1,yearly
nyc,4798.02,Forest Ave & Summerfield St,2020,9430,4696,4734,9430,40.69922,-73.89795,12,144,1527.0413573700955,1,yearly
nyc,4798.10,Stephen St & Seneca Ave,2020,1836,933,903,1836,40.6988,-73.9007,12,168,9150.32679738562,1,yearly
nyc,4801.04,Melrose St & Broadway,2020,17182,8656,8526,17182,40.697481,-73.935877,12,338,1967.174950529624,1,yearly
nyc,4804.02,Dock 72 Way & Market St,2020,14367,7149,7218,14367,40.69985,-73.97141,12,98,682.1187443446787,1,yearly
nyc,4807.02,Madison St & Cypress Ave,2020,5254,2681,2573,5254,40.70068,-73.90742,12,234,4453.749524172059,1,yearly
nyc,4812.02,Nassau St & Navy St,2020,27238,12762,14476,27238,40.69839897298937,-73.98068900636895,12,294,1079.374403407005,1,yearly
nyc,4812.04,Sands St Gate,2020,20852,10321,10531,20852,40.699569,-73.979827,11,186,892.0007673124879,1,yearly
nyc,4816.02,Myrtle Ave & Linden St,2020,8990,4542,4448,8990,40.69943,-73.91337,12,275,3058.9543937708563,1,yearly
nyc,4816.05,Myrtle Ave & Grove St,2020,5379,2683,2696,5379,40.69905,-73.91516,12,289,5372.7458635434095,1,yearly
nyc,4818.03,Union Ave & Wallabout St,2020,13071,6528,6543,13071,40.70029500400434,-73.95032296492779,12,202,1545.4058603014307,1,yearly
nyc,4821.03,Sands St & Jay St,2020,1,0,1,1,40.700119,-73.9862,1,342,34200000.0,1,yearly
nyc,4821.06,Cadman Plaza E & Red Cross Pl,2020,29374,14604,14770,29374,40.69991795795638,-73.9897179645111,12,308,1048.546333492204,1,yearly
nyc,4824.03,Stockholm St & Wilson Ave,2020,14749,7382,7367,14749,40.699304,-73.923044,12,297,2013.6958437860192,1,yearly
nyc,4829.01,Columbia Heights & Cranberry St,2020,20990,10500,10490,20990,40.70037896289357,-73.995480959976,12,126,600.2858504049548,1,yearly
nyc,4832.07,Central Ave & Melrose St,2020,8477,4306,4171,8477,40.70112,-73.93039,12,272,3208.6823168573787,1,yearly
nyc,4837.03,Centre St & Seneca Ave,2020,3697,1858,1839,3697,40.69969,-73.9022,12,180,4868.812550716797,1,yearly
nyc,4840.06,Beaver St & Fayette St,2020,16014,8016,7998,16014,40.70099,-73.93921,12,369,2304.2337954289997,1,yearly
nyc,4843.01,5 St & Market St,2020,777,393,384,777,40.69999700681194,-73.97440100394162,2,108,13899.6138996139,1,yearly
nyc,4846.01,South St & Whitehall St,2020,62586,30902,31684,62586,40.70122100792269,-74.01234200509316,12,48,76.69446841146582,1,yearly
nyc,4850.04,Tompkins Ave & Hopkins St,2020,12790,6391,6399,12790,40.699576004520885,-73.94708400960688,12,241,1884.2845973416734,1,yearly
nyc,4856.05,Irving Ave & Harman St,2020,12419,6225,6194,12419,40.70108,-73.9179,12,324,2608.905708994283,1,yearly
nyc,4861.05,Henry St & Middagh St,2020,22421,11204,11217,22421,40.7003,-73.991581,12,252,1123.946300343428,1,yearly
nyc,4864.09,Wilson Ave & Troutman St,2020,12074,6126,5948,12074,40.70166,-73.92754,12,269,2227.9277786980288,1,yearly
nyc,4873.08,Evergreen Ave & Noll St,2020,12805,6546,6259,12805,40.70106,-73.93318,12,285,2225.693088637251,1,yearly
nyc,4880.11,Madison St & Seneca Ave,2020,5150,2589,2561,5150,40.70183,-73.90625,12,225,4368.9320388349515,1,yearly
nyc,4883.03,Broadway & Whipple St,2020,22840,11415,11425,22840,40.70166594974443,-73.94373001570897,12,291,1274.0805604203151,1,yearly
nyc,4889.06,Bus Slip & State St,2020,37045,18332,18713,37045,40.701907,-74.013942,12,56,151.16749898771764,1,yearly
nyc,4890.11,Menahan St & Wyckoff Ave,2020,6179,3100,3079,6179,40.70113,-73.91422,12,294,4758.051464638291,1,yearly
nyc,4895.03,Front St & Jay St,2020,39156,19154,20002,39156,40.702461,-73.986842,12,209,533.7623863520278,1,yearly
nyc,4895.09,Jay St & York St,2020,47045,22793,24252,47045,40.701403006669935,-73.98672696734712,12,222,471.8886172813264,1,yearly
nyc,4898.02,Irving Ave & DeKalb Ave,2020,12329,6201,6128,12329,40.7027,-73.92095,12,281,2279.179171060102,1,yearly
nyc,4903.08,Old Fulton St,2020,77545,38111,39434,77545,40.702771951151064,-73.99383600241153,12,165,212.77967631697726,1,yearly
nyc,4906.07,George St & Wilson Ave,2020,12812,6408,6404,12812,40.702997,-73.92997,12,226,1763.9712769278801,1,yearly
nyc,4914.03,Bushwick Ave & Forrest St,2020,9743,4898,4845,9743,40.70076,-73.93641,12,344,3530.7400184748026,1,yearly
nyc,4921.04,Cypress Ave & Palmetto St,2020,3581,1865,1716,3581,40.701573038508336,-73.90876294185685,12,247,6897.514660709298,1,yearly
nyc,4927.04,Front St & Gold St,2020,22801,11364,11437,22801,40.70224,-73.982578,12,120,526.292706460243,1,yearly
nyc,4931.05,Wyckoff Av & Stanhope St,2020,14024,7005,7019,14024,40.703545,-73.917775,12,237,1689.9600684540785,1,yearly
nyc,4936.01,Front St & Washington St,2020,66275,32360,33915,66275,40.70255096715587,-73.98940201617256,12,191,288.1931346661637,1,yearly
nyc,4939.07,Suydam St & Knickerbocker Ave,2020,26844,13434,13410,26844,40.702013,-73.923769,12,305,1136.194307852779,1,yearly
nyc,4947.04,Central Ave & Flushing Ave,2020,9624,4922,4702,9624,40.702831,-73.9333,12,223,2317.123857024106,1,yearly
nyc,4953.01,Wall St & South St,2020,57860,28005,29855,57860,40.70437,-74.00637,10,110,190.11406844106463,1,yearly
nyc,4953.04,South St & Gouverneur Ln,2020,76640,38435,38205,76640,40.70355397148197,-74.0067020079437,12,92,120.04175365344467,1,yearly
nyc,4954.07,Madison St & Woodward Ave,2020,6063,3065,2998,6063,40.70408,-73.90408,12,188,3100.7751937984494,1,yearly
nyc,4956.02,Humboldt St & Varet St,2020,13094,6512,6582,13094,40.70317202595598,-73.940636,12,327,2497.3270200091642,1,yearly
nyc,4962.01,Broadway & Battery Pl,2020,69650,33300,36350,69650,40.70463301001138,-74.01361700176672,12,120,172.29002153625268,1,yearly
nyc,4962.04,Water - Whitehall Plaza,2020,30227,14762,15465,30227,40.70255096317087,-74.01272301411362,12,76,251.43083997750352,1,yearly
nyc,4962.08,Broad St & Bridge St,2020,27636,13809,13827,27636,40.70365197013491,-74.01167797480795,12,122,441.4531770154871,1,yearly
nyc,4963.13,Menahan St & Seneca Ave,2020,5652,2869,2783,5652,40.70461,-73.91054,12,198,3503.184713375796,1,yearly
nyc,4965.01,Lorimer St & Broadway,2020,8963,4525,4438,8963,40.704117956703755,-73.94818595852031,12,227,2532.634162668749,1,yearly
nyc,4971.01,Hart St & Wyckoff Ave,2020,5725,2892,2833,5725,40.704876,-73.919911,12,227,3965.0655021834064,1,yearly
nyc,4979.07,Knickerbocker Ave & George St,2020,14216,7097,7119,14216,40.704425,-73.92836,12,208,1463.1401238041642,1,yearly
nyc,4987.06,White St & Moore St,2020,13862,6921,6941,13862,40.704508,-73.9351,12,200,1442.7932477276006,1,yearly
nyc,4990.01,Railroad Ave & Kay Ave,2020,1956,972,984,1956,40.705311952024125,-73.97100093164828,12,30,1533.7423312883436,1,yearly
nyc,4993.02,Pearl St & Hanover Square,2020,56359,28141,28218,56359,40.704717957558685,-74.00926001123867,12,130,230.66413527564364,1,yearly
nyc,4993.12,Old Slip & Front St,2020,5882,2813,3069,5882,40.70379900205453,-74.00838699753456,3,108,1836.1101666099964,1,yearly
nyc,4993.13,Old Slip & South St,2020,495,235,260,495,40.70336697199479,-74.0078679721576,1,93,18787.878787878788,1,yearly
nyc,4994.10,Onderdonk Ave & Gates Ave,2020,4417,2209,2208,4417,40.70413,-73.90737,12,202,4573.239755490152,1,yearly
nyc,4996.08,McKibbin St & Manhattan Ave,2020,17048,8529,8519,17048,40.70510901106289,-73.94407294541223,12,250,1466.4476771468794,1,yearly
nyc,5001.08,Little West St & 1 Pl,2020,124567,62068,62499,124567,40.7056929681631,-74.0167769769403,12,92,73.8558366180449,1,yearly
nyc,5001.09,Battery Pl & Greenwich St,2020,1169,566,603,1169,40.70463,-74.01507,1,98,8383.233532934131,1,yearly
nyc,5002.09,Harman St & Seneca Ave,2020,3793,1917,1876,3793,40.70577,-73.91292,11,192,5061.956235170051,1,yearly
nyc,5004.02,Boerum St & Broadway,2020,19297,9623,9674,19297,40.70538095785399,-73.9497650089102,12,179,927.6053272529408,1,yearly
nyc,5010.02,Willoughby Ave & Wyckoff Ave,2020,11979,5984,5995,11979,40.705614,-73.92153,12,224,1869.9390600217046,1,yearly
nyc,5018.06,Knickerbocker Ave & Thames St,2020,14973,7488,7485,14973,40.70539,-73.92976,12,198,1322.3802845121218,1,yearly
nyc,5024.08,Front St & Maiden Ln,2020,38101,18730,19371,38101,40.70530995290321,-74.00612596047905,12,127,333.32458465657066,1,yearly
nyc,5025.02,Madison St & Forest Ave,2020,7609,3861,3748,7609,40.70555,-73.90245,12,154,2023.9190432382704,1,yearly
nyc,5027.02,Bushwick Ave & McKibbin St,2020,7408,3710,3698,7408,40.705517,-73.93936,12,225,3037.257019438445,1,yearly
nyc,5034.03,Menahan St & Onderdonk Ave,2020,3866,1958,1908,3866,40.70553,-73.9096,12,185,4785.307811691671,1,yearly
nyc,5036.06,Leonard St & Boerum St,2020,14977,7467,7510,14977,40.705833020326075,-73.94644594929963,12,210,1402.1499632770247,1,yearly
nyc,5043.06,Suydam St & St. Nicholas Ave,2020,4455,2226,2229,4455,40.70636,-73.91945,12,205,4601.571268237934,1,yearly
nyc,5045.05,Division Av & Hooper St,2020,15,8,7,15,40.70684203101325,-73.9544353965357,1,251,1673333.3333333335,1,yearly
nyc,5045.05,Division Ave & Hooper St,2020,19248,9663,9585,19248,40.70684200145582,-73.95443501861408,12,251,1304.0315876974232,1,yearly
nyc,5051.01,Wyckoff Av & Jefferson St,2020,12656,6293,6363,12656,40.707165,-73.923711,12,200,1580.2781289506952,1,yearly
nyc,5051.02,Irving Ave & Jefferson St,2020,14264,7106,7158,14264,40.70538,-73.92535,12,232,1626.4722378014583,1,yearly
nyc,5059.02,McKibbin St & Bogart St,2020,16925,8368,8557,16925,40.706237,-73.933871,12,190,1122.5997045790252,1,yearly
nyc,5062.01,Kent Ave & S 11 St,2020,50853,25358,25495,50853,40.707644970891785,-73.96841500937322,12,89,175.01425677934438,1,yearly
nyc,5065.04,John St & William St,2020,39110,19584,19526,39110,40.708621017072765,-74.0072219586384,12,227,580.4142163129635,1,yearly
nyc,5065.10,Maiden Ln & Pearl St,2020,45836,22857,22979,45836,40.70706495952147,-74.00731895838014,12,187,407.97626319923205,1,yearly
nyc,5065.12,William St & Pine St,2020,53958,27131,26827,53958,40.707179011818646,-74.00887300262636,12,201,372.5119537417992,1,yearly
nyc,5065.14,Cliff St & Fulton St,2020,61431,30440,30991,61431,40.70838,-74.00495,12,200,325.5685240350963,1,yearly
nyc,5066.03,Fairview Ave & Linden St,2020,3807,1912,1895,3807,40.70694,-73.90632,12,155,4071.4473338586813,1,yearly
nyc,5068.02,Montrose Ave & Bushwick Ave,2020,27990,14030,13960,27990,40.70767795548136,-73.94016194485033,12,209,746.6952483029653,1,yearly
nyc,5074.08,Woodward Ave & Harman St,2020,4213,2191,2022,4213,40.70793,-73.91092,12,127,3014.478993591265,1,yearly
nyc,5082.08,Jefferson St & Cypress Ave,2020,8149,4053,4096,8149,40.70907,-73.92157,12,153,1877.5309853969811,1,yearly
nyc,5084.03,Division Ave & Marcy Ave,2020,7220,3634,3586,7220,40.70708700054992,-73.95796795607718,12,278,3850.415512465374,1,yearly
nyc,5090.06,Harrison Pl & Porter Ave,2020,6097,3041,3056,6097,40.70686,-73.92851,12,188,3083.4836804986057,1,yearly
nyc,5093.01,Bedford Ave & S 9 St,2020,16867,8407,8460,16867,40.70853095485582,-73.96408994990078,12,192,1138.317424556827,1,yearly
nyc,5096.11,Pearl St & Peck Slip,2020,48935,24343,24592,48935,40.708485,-74.002751,12,158,322.87728619597425,1,yearly
nyc,5098.1,Peck Slip & Front St,2020,2500,1214,1286,2500,40.707873,-74.00167,1,130,5200.0,1,yearly
nyc,5099.02,Waterbury St & Stagg St,2020,9469,4729,4740,9469,40.71019,-73.93734,12,173,1827.0144682648645,1,yearly
nyc,5099.03,White St & Johnson Ave,2020,3423,1701,1722,3423,40.707174,-73.93581,12,171,4995.617879053462,1,yearly
nyc,5105.01,Liberty St & Broadway,2020,45494,22827,22667,45494,40.709056006247735,-74.01043398108243,8,215,472.5897920604915,1,yearly
nyc,5105.09,Liberty St & Nassau St,2020,5193,2568,2625,5193,40.70858895373454,-74.0093549493941,3,232,4467.5524744848835,1,yearly
nyc,5106.04,Greene Ave & Grandview Ave,2020,4876,2463,2413,4876,40.709697,-73.907856,12,157,3219.852337981952,1,yearly
nyc,5108.01,Scholes St & Manhattan Ave,2020,36547,18347,18200,36547,40.70870394377102,-73.94486293337381,12,186,508.93370180863,1,yearly
nyc,5114.06,West Thames St,2020,75953,37925,38028,75953,40.70834698040766,-74.01713401258017,11,98,129.02716153410663,1,yearly
nyc,5115.01,Onderdonk Ave & Dekalb Ave,2020,3802,1938,1864,3802,40.70863,-73.91497,12,120,3156.233561283535,1,yearly
nyc,5115.05,Willoughby Ave & Onderdonk Ave,2020,3614,1805,1809,3614,40.7098,-73.91727,12,144,3984.504703929164,1,yearly
nyc,5117.05,Stagg St & Union Ave,2020,44312,22235,22077,44312,40.708770960651826,-73.9509529490676,12,231,521.3034843834628,1,yearly
nyc,5123.07,Stewart Ave & Johnson Ave,2020,3818,1892,1926,3818,40.70869,-73.92587,12,142,3719.2247249869038,1,yearly
nyc,5125.03,S 5 Pl & S 5 St,2020,123517,61422,62095,123517,40.710451,-73.960876,12,277,224.2606280916797,1,yearly
nyc,5125.07,Broadway & Roebling St,2020,33440,16760,16680,33440,40.70924801105765,-73.96063102061005,12,283,846.2918660287082,1,yearly
nyc,5128.04,Catherine St & Monroe St,2020,41932,20818,21114,41932,40.711174010923415,-73.99682600471692,12,153,364.87646666030713,1,yearly
nyc,5137.10,Spruce St & Nassau St,2020,45661,22914,22747,45661,40.711463970221004,-74.00552400790619,12,241,527.8027200455531,1,yearly
nyc,5137.11,Fulton St & William St,2020,46744,23413,23331,46744,40.70959865917785,-74.00655016019789,12,245,524.1314393291118,1,yearly
nyc,5140.06,Bushwick Ave & Stagg St,2020,6449,3236,3213,6449,40.709897,-73.94008,12,193,2992.712048379594,1,yearly
nyc,5146.03,Stanhope St & Fairview Ave,2020,4562,2341,2221,4562,40.70998,-73.91116,12,129,2827.7071459886015,1,yearly
nyc,5148.03,Leonard St & Maujer St,2020,27205,13593,13612,27205,40.710368948917,-73.94705994760466,12,192,705.7526190038595,1,yearly
nyc,5156.05,S 4 St & Rodney St,2020,32087,16099,15988,32087,40.70934,-73.95608,12,291,906.9093402312463,1,yearly
nyc,5159.04,Pike St & Monroe St,2020,52077,25912,26165,52077,40.71173100170276,-73.9919300104598,12,128,245.7898880503869,1,yearly
nyc,5164.04,Broadway & Berry St,2020,42011,21036,20975,42011,40.71044594589303,-73.96525095034816,12,176,418.93789721739546,1,yearly
nyc,5167.06,St James Pl & Pearl St,2020,24209,12041,12168,24209,40.711174003411486,-74.0001650095948,12,167,689.8260977322483,1,yearly
nyc,5170.01,Stagg St & Morgan Ave,2020,7627,3796,3831,7627,40.710681,-73.93372,12,117,1534.0238625934182,1,yearly
nyc,5175.08,Fulton St & Broadway,2020,77540,38676,38864,77540,40.711066,-74.009447,12,216,278.5659014702089,1,yearly
nyc,5178.06,Graham Ave & Grand St,2020,36664,18332,18332,36664,40.711863,-73.944024,12,195,531.8568623172595,1,yearly
nyc,5181.04,Cherry St,2020,60030,30132,29898,60030,40.7121990014148,-73.97948101131844,12,117,194.9025487256372,1,yearly
nyc,5184.07,South End Ave & Liberty St,2020,27042,13553,13489,27042,40.711512,-74.015756,4,100,369.7951334960432,1,yearly
nyc,5184.08,West St & Liberty St,2020,127785,63830,63955,127785,40.711444,-74.014847,9,126,98.60312243221036,1,yearly
nyc,5187.03,Hope St & Union Ave,2020,46634,23304,23330,46634,40.71167393854164,-73.95141300629324,12,301,645.45181627139,1,yearly
nyc,5190.07,Madison St & Clinton St,2020,51394,25699,25695,51394,40.712690009048856,-73.98776300495533,12,156,303.5373779040355,1,yearly
nyc,5198.04,Market St & Cherry St,2020,35378,17562,17816,35378,40.710762006638525,-73.99400398428274,12,131,370.2866188026457,1,yearly
nyc,5204.05,S 4 St & Wythe Ave,2020,94970,47391,47579,94970,40.712858959773136,-73.96590296330182,12,146,153.73275771296198,1,yearly
nyc,5207.01,Centre St & Chambers St,2020,82824,41519,41305,82824,40.71273296317646,-74.00460701058485,12,237,286.1489423355549,1,yearly
nyc,5210.01,Powers St & Olive St,2020,9286,4647,4639,9286,40.71323,-73.93894,12,192,2067.628688348051,1,yearly
nyc,5216.04,Barclay St & Church St,2020,42380,21180,21200,42380,40.71291200730929,-74.01020201035483,12,215,507.3147711184521,1,yearly
nyc,5225.02,Flushing Ave & Woodward Ave,2020,6024,3016,3008,6024,40.71246,-73.91873,12,113,1875.8300132802126,1,yearly
nyc,5235.05,S 3 St & Bedford Ave,2020,55903,27930,27973,55903,40.71260496157079,-73.96264400143265,12,243,434.68150188719744,1,yearly
nyc,5238.04,Division St & Bowery,2020,14,5,9,14,40.71413089,-73.9970468,1,258,1842857.1428571427,1,yearly
nyc,5238.04,Division St & Bowery (old),2020,1250,593,657,1250,40.714131,-73.997047,1,258,20640.0,1,yearly
nyc,5238.05,St James Pl & Oliver St,2020,41110,20368,20742,41110,40.713079003856386,-73.99851197974559,12,257,625.1520311359766,1,yearly
nyc,5241.02,Metropolitan Ave & Vandervoort Ave,2020,2110,1061,1049,2110,40.71429,-73.93323,12,109,5165.876777251185,1,yearly
nyc,5247.10,Reade St & Broadway,2020,42137,21087,21050,42137,40.714504974093224,-74.00562798217207,12,207,491.25471675724424,1,yearly
nyc,5250.05,Bushwick Ave & Powers St,2020,21440,10786,10654,21440,40.712476939170244,-73.94100000319834,12,194,904.8507462686567,1,yearly
nyc,5259.06,Devoe St & Lorimer St,2020,31258,15617,15641,31258,40.713352012027165,-73.94910301630082,12,289,924.5633117921813,1,yearly
nyc,5262.09,Madison St & Montgomery St,2020,40584,20298,20286,40584,40.713126,-73.984844,12,167,411.4922136802681,1,yearly
nyc,5267.08,Grand St & Havemeyer St,2020,36287,18073,18214,36287,40.7128680210387,-73.95698100908488,12,371,1022.4047179430651,1,yearly
nyc,5267.09,Roebling St & N 4 St,2020,39503,19711,19792,39503,40.71469,-73.95739,12,338,855.6312178821862,1,yearly
nyc,5270.05,Pike St & E Broadway,2020,56041,28009,28032,56041,40.714066979885196,-73.99293900246732,12,240,428.257882621652,1,yearly
nyc,5270.07,Forsyth St & Canal St,2020,90289,44812,45477,90289,40.71581597301455,-73.99422397702754,12,371,410.90276777902073,1,yearly
nyc,5270.08,Division St & Bowery,2020,46208,22663,23545,46208,40.714193,-73.996732,12,239,517.2264542936288,1,yearly
nyc,5273.01,Metropolitan Ave & Stewart Ave,2020,2562,1267,1295,2562,40.71401,-73.92793,12,74,2888.368462138954,1,yearly
nyc,5279.03,Centre St & Worth St,2020,39743,19793,19950,39743,40.71494800236726,-74.00234497003993,12,307,772.463075258536,1,yearly
nyc,5282.02,Devoe St & Morgan Ave,2020,9796,4884,4912,9796,40.713811,-73.93515,12,105,1071.8660677827684,1,yearly
nyc,5288.08,Park Pl & Church St,2020,33474,16665,16809,33474,40.713341975518524,-74.009355004324,12,218,651.2517177510904,1,yearly
nyc,5288.09,Warren St & W Broadway,2020,4644,2305,2339,4644,40.71473996086558,-74.00910600892047,3,206,4435.831180017227,1,yearly
nyc,5288.12,Murray St & Greenwich St,2020,78593,38235,40358,78593,40.714851969575285,-74.01122300851979,12,165,209.9423612789943,1,yearly
nyc,5291.05,Graham Ave & Conselyea St,2020,32956,16495,16461,32956,40.715143,-73.944507,12,201,609.9041145770118,1,yearly
nyc,5294.04,Henry St & Grand St,2020,77871,39300,38571,77871,40.714211,-73.981095,12,175,224.73064427065273,1,yearly
nyc,5297.02,Vesey Pl & River Terrace,2020,85975,42949,43026,85975,40.71533797551525,-74.01658396450684,12,60,69.78772899098574,1,yearly
nyc,5300.05,Metropolitan Ave & Meeker Ave,2020,33331,16560,16771,33331,40.714133005418184,-73.95234395640769,12,290,870.0609042632984,1,yearly
nyc,5300.06,Union Ave & Jackson St,2020,19817,9881,9936,19817,40.7160750052419,-73.952029,12,263,1327.1433617601049,1,yearly
nyc,5303.06,Clinton St & Grand St,2020,115662,57466,58196,115662,40.71559500189518,-73.98702997762044,12,314,271.480693745569,1,yearly
nyc,5303.08,Canal St & Rutgers St,2020,104127,51930,52197,104127,40.714274977287225,-73.98990000704468,12,235,225.6859412064114,1,yearly
nyc,5308.04,Metropolitan Ave & Bedford Ave,2020,79338,39066,40272,79338,40.71534801154301,-73.96024100738752,12,243,306.28450427285793,1,yearly
nyc,5323.05,Sharon St & Olive St,2020,20391,10200,10191,20391,40.715353,-73.93856,12,149,730.7145309205041,1,yearly
nyc,5326.06,Stanton St & Mangin St,2020,38444,19210,19234,38444,40.717821013782356,-73.97628901250026,12,113,293.93403391946725,1,yearly
nyc,5329.03,West St & Chambers St,2020,201400,99633,101767,201400,40.717548010815754,-74.0132209701933,12,95,47.16981132075472,1,yearly
nyc,5329.06,Murray St & West St,2020,54863,26931,27932,54863,40.714978969778706,-74.013012,12,121,220.5493684268086,1,yearly
nyc,5332.10,Jackson St & Leonard St,2020,12726,6358,6368,12726,40.716380013927825,-73.94821296232975,12,275,2160.9303787521612,1,yearly
nyc,5335.03,Bialystoker Pl & Delancey St,2020,29217,14776,14441,29217,40.716226007184176,-73.98261200097967,12,193,660.5743231680186,1,yearly
nyc,5342.10,Allen St & Hester St,2020,88856,44293,44563,88856,40.71605897169808,-73.99190796972353,12,384,432.1598991626902,1,yearly
nyc,5348.02,Wythe Ave & Metropolitan Ave,2020,69613,34617,34996,69613,40.716887,-73.963198,12,188,270.06449944694236,1,yearly
nyc,5351.03,Bayard St & Baxter St,2020,64837,31900,32937,64837,40.71602100474246,-73.99974397546619,12,341,525.9342659284051,1,yearly
nyc,5354.01,Morgan Ave & Maspeth Ave,2020,7366,3681,3685,7366,40.716657,-73.93637,12,95,1289.709475970676,1,yearly
nyc,5359.10,Hudson St & Reade St,2020,46073,23039,23034,46073,40.716250002054906,-74.00910597864157,12,174,377.66153712586544,1,yearly
nyc,5359.11,Leonard St & Church St,2020,50034,24956,25078,50034,40.717571,-74.005549,12,239,477.67518087700364,1,yearly
nyc,5362.08,Withers St & Kingsland Ave,2020,8961,4486,4475,8961,40.71773,-73.94051,12,200,2231.8937618569357,1,yearly
nyc,5365.02,Columbia St & Rivington St,2020,38901,19368,19533,38901,40.7173999801272,-73.98016597647134,12,234,601.5269530346263,1,yearly
nyc,5371.07,Frost St & Meeker Ave,2020,15780,7863,7917,15780,40.71766197119469,-73.9488000106134,12,240,1520.912547528517,1,yearly
nyc,5374.01,Norfolk St & Broome St,2020,95089,47351,47738,95089,40.7172270128494,-73.98802097239209,12,343,360.714698861067,1,yearly
nyc,5379.09,Berry St & N 8 St,2020,52083,25952,26131,52083,40.71900994480454,-73.95852500715007,12,198,380.16243303957145,1,yearly
nyc,5379.10,N 6 St & Bedford Ave,2020,67922,33618,34304,67922,40.717451957869436,-73.95850901741427,12,233,343.0405465092312,1,yearly
nyc,5382.06,Grand St & Elizabeth St,2020,144021,71495,72526,144021,40.718822,-73.99596,12,454,315.2318064726672,1,yearly
nyc,5391.06,Lispenard St & Broadway,2020,62613,30599,32014,62613,40.71939200858203,-74.00247200462108,12,324,517.464424320828,1,yearly
nyc,5400.05,Harrison St & Hudson St,2020,24605,12219,12386,24605,40.718709976139294,-74.00900097700405,12,191,776.2649867913026,1,yearly
nyc,5400.08,Duane St & Greenwich St,2020,33040,16479,16561,33040,40.717487960786194,-74.01045501294008,12,137,414.6489104116223,1,yearly
nyc,5403.04,Graham Ave & Withers St,2020,23832,11894,11938,23832,40.716981003690506,-73.94485900664291,12,232,973.4810339039947,1,yearly
nyc,5403.05,Graham Ave & Herbert St,2020,12279,6136,6143,12279,40.7192930003202,-73.94500397056136,12,246,2003.420473979966,1,yearly
nyc,5406.02,Rivington St & Ridge St,2020,62166,31615,30551,62166,40.71850200331795,-73.98329896591196,12,314,505.09925039410615,1,yearly
nyc,5406.04,Pitt St & Stanton St,2020,20300,10031,10269,20300,40.719260972722864,-73.98178000823775,12,235,1157.6354679802955,1,yearly
nyc,5411.07,Union Ave & N 12 St,2020,64194,31825,32369,64194,40.71924,-73.95242,12,159,247.68669969155994,1,yearly
nyc,5411.08,Driggs Ave & N 9 St,2020,49615,24572,25043,49615,40.71816995629835,-73.95520101548017,12,255,513.9574725385468,1,yearly
nyc,5414.06,Allen St & Rivington St,2020,91676,45710,45966,91676,40.720195974086934,-73.98997800690496,12,474,517.0382651948165,1,yearly
nyc,5414.07,Delancey St & Eldridge St,2020,36613,18327,18286,36613,40.719383,-73.991479,12,435,1188.1025865129873,1,yearly
nyc,5422.04,Howard St & Centre St,2020,4156,2104,2052,4156,40.719105252279114,-73.99973325227911,12,413,9937.439846005775,1,yearly
nyc,5422.04,Howard St & Lafayette St,2020,58214,29002,29212,58214,40.719105,-73.999733,12,413,709.4513347304772,1,yearly
nyc,5430.08,Franklin St & W Broadway,2020,39579,19599,19980,39579,40.719115970336105,-74.00666697255762,12,248,626.5949114429369,1,yearly
nyc,5433.03,Richardson St & N Henry St,2020,16802,8453,8349,16802,40.719078951676096,-73.94223695095485,12,258,1535.5314843471015,1,yearly
nyc,5433.04,Frost St & Debevoise Ave,2020,4901,2458,2443,4901,40.71882,-73.93948,12,206,4203.223831871047,1,yearly
nyc,5436.09,Avenue D & E 3 St,2020,50588,25302,25286,50588,40.720828009008564,-73.9779319725696,12,154,304.42002055823514,1,yearly
nyc,5442.05,Bayard St & Leonard St,2020,24031,11969,12062,24031,40.71915596118533,-73.94885396975387,12,213,886.3551246306854,1,yearly
nyc,5442.09,Manhattan Av & Leonard St,2020,11246,5605,5641,11246,40.72084,-73.94844,12,227,2018.4954650542415,1,yearly
nyc,5445.02,Suffolk St & Stanton St,2020,85036,42801,42235,85036,40.72066401545908,-73.98517996794753,12,346,406.88649513147374,1,yearly
nyc,5445.07,Stanton St & Norfolk St,2020,64753,32285,32468,64753,40.720747,-73.986274,12,358,552.8701372909363,1,yearly
nyc,5450.04,N 12 St & Bedford Ave,2020,38065,18979,19086,38065,40.72079801232669,-73.95484700704382,12,131,344.1481676080389,1,yearly
nyc,5453.01,Rivington St & Chrystie St,2020,59027,27869,31158,59027,40.721100968151624,-73.99192501353775,12,467,791.163365917292,1,yearly
nyc,5453.05,Forsyth St & Broome St,2020,71527,35533,35994,71527,40.71893900125927,-73.99266297595949,12,448,626.3369077411327,1,yearly
nyc,5470.10,Greenwich St & Hubert St,2020,8754,4480,4274,8754,40.721319,-74.010065,4,161,1839.1592414896047,1,yearly
nyc,5470.12,North Moore St & Greenwich St,2020,83880,40704,43176,83880,40.72019500698968,-74.0103009650709,12,163,194.3252265140677,1,yearly
nyc,5473.03,Engert Ave & McGuinness Blvd,2020,10494,5243,5251,10494,40.72158,-73.94546,12,264,2515.723270440252,1,yearly
nyc,5476.03,E 2 St & Avenue C,2020,66020,33607,32413,66020,40.72087397224268,-73.98085798043407,12,214,324.1441987276583,1,yearly
nyc,5481.04,Driggs Ave & Lorimer St,2020,25979,12885,13094,25979,40.72179101902989,-73.9504150223881,12,172,662.0732129797144,1,yearly
nyc,5484.09,Allen St & Stanton St,2020,94543,47164,47379,94543,40.722055,-73.989111,12,417,441.06914314121616,1,yearly
nyc,5489.03,Kent Ave & N 7 St,2020,114406,55435,58971,114406,40.72036795612342,-73.96165095493654,12,132,115.37856406132545,1,yearly
nyc,5489.04,N 11 St & Kent Ave,2020,20633,10213,10420,20633,40.722481960800735,-73.95921901690667,12,95,460.42747055687494,1,yearly
nyc,5492.05,Cleveland Pl & Spring St,2020,132235,65600,66635,132235,40.722103971602785,-73.99724900024017,12,376,284.34226944454946,1,yearly
nyc,5500.02,Grand St & Greene St,2020,47692,23558,24134,47692,40.721701005655795,-74.00238309701668,12,343,719.1981883754089,1,yearly
nyc,5500.07,6 Ave & Canal St,2020,44286,21562,22724,44286,40.72243797953667,-74.00566401219422,12,278,627.7378855620286,1,yearly
nyc,5503.01,Morgan Ave & Lombardy St,2020,10346,5173,5173,10346,40.72226,-73.93889,12,169,1633.4815387589408,1,yearly
nyc,5506.10,Ave D & E 8 St,2020,1241,645,596,1241,40.723684,-73.975748,1,117,9427.88074133763,1,yearly
nyc,5506.10,Avenue D & E 8 St,2020,9,2,7,9,40.72368361,-73.97574813,1,117,1300000.0,1,yearly
nyc,5506.14,E 6 St & Avenue D,2020,87957,43967,43990,87957,40.72228097982795,-73.97668700215208,12,153,173.94863399160954,1,yearly
nyc,5515.02,E 2 St & Avenue B,2020,96979,48563,48416,96979,40.72217401276763,-73.9836879720668,12,240,247.47625774652244,1,yearly
nyc,5520.09,N 15 St & Wythe Ave,2020,11527,5723,5804,11527,40.724055,-73.955736,12,115,997.6576732888003,1,yearly
nyc,5523.02,Stanton St & Chrystie St,2020,74762,36310,38452,74762,40.722293014595515,-73.99147501110528,12,447,597.897327519328,1,yearly
nyc,5532.01,Mercer St & Spring St,2020,69743,32542,37201,69743,40.72362701616803,-73.99949600042547,12,280,401.4739830520626,1,yearly
nyc,5539.06,Laight St & Hudson St,2020,18421,9161,9260,18421,40.721853978170905,-74.0077179781709,12,235,1275.717930622659,1,yearly
nyc,5542.04,Driggs Ave & N Henry St,2020,30064,15062,15002,30064,40.72325,-73.94308,12,285,947.9776476849389,1,yearly
nyc,5545.04,E 5 St & Avenue C,2020,52103,26011,26092,52103,40.72299200159255,-73.97995497959478,12,181,347.3888259793102,1,yearly
nyc,5550.05,Bedford Ave & Nassau Ave,2020,54293,26729,27564,54293,40.7231169455635,-73.9521230118665,12,142,261.54384543127105,1,yearly
nyc,5550.09,Leonard St & Nassau Ave,2020,31067,15490,15577,31067,40.72395695829082,-73.94984395179588,12,157,505.35938455595965,1,yearly
nyc,5553.10,E 2 St & Avenue A,2020,93686,46463,47223,93686,40.723077014248084,-73.98583600603584,12,269,287.12934696752984,1,yearly
nyc,5561.04,Mott St & Prince St,2020,104673,52140,52533,104673,40.723179963897,-73.99480000398098,12,351,335.33002780086554,1,yearly
nyc,5561.06,Lafayette St & Jersey St,2020,94352,47086,47266,94352,40.72456097478738,-73.99565297598127,12,327,346.5745294217399,1,yearly
nyc,5569.06,W Broadway & Spring St,2020,61115,29193,31922,61115,40.7249469679645,-74.00165896175152,12,277,453.2438844800786,1,yearly
nyc,5575.08,Avenue D & E 12 St,2020,16274,8253,8021,16274,40.72580600302876,-73.97422498612761,8,89,546.884601204375,1,yearly
nyc,5575.12,Avenue D & E 8 St,2020,39473,19744,19729,39473,40.72387,-73.975767,12,107,271.07136523699745,1,yearly
nyc,5575.13,Avenue D & E 10 St,2020,14684,7379,7305,14684,40.725065955058156,-73.97515801065731,5,90,612.9120130754562,1,yearly
nyc,5578.02,Watts St & Greenwich St,2020,58952,29421,29531,58952,40.72405501443559,-74.00965996917645,12,193,327.3849911792645,1,yearly
nyc,5581.01,Nassau Ave & Russell St,2020,31429,15803,15626,31429,40.72557,-73.94434,12,200,636.3549587960165,1,yearly
nyc,5584.04,E 6 St & Avenue B,2020,89879,45079,44800,89879,40.724537010047605,-73.98185400709242,12,194,215.84574817254307,1,yearly
nyc,5593.02,E 2 St & 2 Ave,2020,80265,39507,40758,80265,40.7250289698251,-73.99069696334996,12,289,360.0573101600947,1,yearly
nyc,5593.04,E 4 St & 2 Ave,2020,98378,48713,49665,98378,40.72628096623514,-73.9897800138255,12,277,281.5670170159995,1,yearly
nyc,5610.09,6 Ave & Broome St,2020,91329,44826,46503,91329,40.72430990978085,-74.00473001100359,12,290,317.53331362436904,1,yearly
nyc,5613.04,Kingsland Ave & Nassau Ave,2020,21188,10638,10550,21188,40.72577,-73.94173,12,186,877.8553898433075,1,yearly
nyc,5616.01,E 9 St & Avenue C,2020,57467,28805,28662,57467,40.72521300347929,-73.97768796581099,11,140,243.61807646127343,1,yearly
nyc,5616.08,E 12 St & Ave C,2020,15119,7612,7507,15119,40.727243,-73.976831,6,124,820.1600634962629,1,yearly
nyc,5623.03,Nassau Ave & Newell St,2020,26345,13101,13244,26345,40.72481295495215,-73.94752600854923,12,170,645.2837350540899,1,yearly
nyc,5626.07,E 7 St & Avenue A,2020,109381,54831,54550,109381,40.72621797665,-73.9837989669317,12,201,183.76134794891252,1,yearly
nyc,5626.13,St Marks Pl & 1 Ave,2020,97824,49028,48796,97824,40.727791008078704,-73.98564901398237,12,209,213.64900228982663,1,yearly
nyc,5626.14,1 Ave & E 5 St,2020,82720,41743,40977,82720,40.725864,-73.986389,12,242,292.55319148936167,1,yearly
nyc,5633.04,Banker St & Meserole Ave,2020,22977,11358,11619,22977,40.72606,-73.95621,12,114,496.1483222352787,1,yearly
nyc,5636.11,Great Jones St,2020,89799,44597,45202,89799,40.72743400648434,-73.99379000704819,12,253,281.7403311840889,1,yearly
nyc,5644.05,W Broadway & W Houston St,2020,52731,25800,26931,52731,40.726378,-74.000472,12,260,493.06859342701637,1,yearly
nyc,5653.12,Spring St & Hudson St,2020,518,261,257,518,40.72583995398845,-74.00765301485684,1,235,45366.79536679536,1,yearly
nyc,5659.05,E 10 St & Avenue A,2020,130868,64597,66271,130868,40.72740797382468,-73.98142000236699,12,156,119.20408350398876,1,yearly
nyc,5659.11,E 11 St & Avenue B,2020,69394,35132,34262,69394,40.7274640063818,-73.97950400564194,12,139,200.3055019165922,1,yearly
nyc,5666.04,Meserole Ave & Manhattan Ave,2020,34209,17009,17200,34209,40.72708596637775,-73.952991006631,12,189,552.4861878453038,1,yearly
nyc,5669.10,St Marks Pl & 2 Ave,2020,97462,48117,49345,97462,40.72841896668167,-73.98713996535027,12,206,211.364429213437,1,yearly
nyc,5679.05,Mercer St & Bleecker St,2020,78199,37985,40214,78199,40.72706397127182,-73.99662101108262,12,241,308.1880842466016,1,yearly
nyc,5687.04,MacDougal St & Prince St,2020,105441,52035,53406,105441,40.72710296558302,-74.00297097481986,12,229,217.18306920457889,1,yearly
nyc,5696.03,Pier 40 - Hudson River Park,2020,160100,79995,80105,160100,40.72771400218279,-74.01129597547964,12,79,49.344159900062465,1,yearly
nyc,5709.04,Lorimer St & Calyer St,2020,17002,8459,8543,17002,40.72795,-73.95414,12,168,988.1190448182567,1,yearly
nyc,5712.03,Cooper Square & Astor Pl,2020,93811,46863,46948,93811,40.72951497726414,-73.99075297015663,12,188,200.40293782179063,1,yearly
nyc,5721.01,Sullivan St & Washington Sq,2020,81354,40087,41267,81354,40.7304770172509,-73.99906096203438,12,177,217.56766723209677,1,yearly
nyc,5721.07,Thompson St & Bleecker St,2020,762,363,399,762,40.728400942537114,-73.99968795196358,1,206,27034.120734908134,1,yearly
nyc,5721.14,LaGuardia Pl & W 3 St,2020,81087,39687,41400,81087,40.729170009113595,-73.99810201130086,12,184,226.91676840923947,1,yearly
nyc,5730.08,Greenwich St & W Houston St,2020,77432,37720,39712,77432,40.728846,-74.008591,12,156,201.46709370802768,1,yearly
nyc,5743.02,Calyer St & Jewel St,2020,13090,6540,6550,13090,40.72984,-73.94839,12,160,1222.3071046600458,1,yearly
nyc,5746.04,E 11 St & 2 Ave,2020,103005,51380,51625,103005,40.730473002804594,-73.98672397288885,12,224,217.46517159361196,1,yearly
nyc,5746.14,E 11 St & 1 Ave,2020,90403,45218,45185,90403,40.72953801104562,-73.9842670077618,12,207,228.97470216696348,1,yearly
nyc,5752.07,Milton St & Franklin St,2020,60683,29878,30805,60683,40.72906,-73.95779,12,115,189.5094177941104,1,yearly
nyc,5755.01,Washington Pl & Broadway,2020,57629,28695,28934,57629,40.72903900620657,-73.99404601788952,12,202,350.5179683839733,1,yearly
nyc,5755.14,University Pl & E 8 St,2020,92979,46442,46537,92979,40.73143700729351,-73.99490301258042,12,166,178.53493799675195,1,yearly
nyc,5763.03,Carmine St & 6 Ave,2020,148370,73314,75056,148370,40.73038597613077,-74.00214997221484,12,199,134.12414908674262,1,yearly
nyc,5769.04,Avenue C & E 18 St,2020,51839,26611,25228,51839,40.730563,-73.973984,12,90,173.6144601554814,1,yearly
nyc,5779.08,1 Ave & E 16 St,2020,117391,59296,58095,117391,40.73221897247644,-73.9816559734302,12,190,161.85227146885197,1,yearly
nyc,5779.09,E 13 St & Avenue A,2020,169431,84831,84600,169431,40.729667008620105,-73.9806799691482,12,154,90.89245769664346,1,yearly
nyc,5785.05,Greenpoint Ave & Manhattan Ave,2020,32940,16333,16607,32940,40.73026,-73.95394,12,179,543.4122647237401,1,yearly
nyc,5785.10,Kent St & McGuinness Blvd,2020,8930,4437,4493,8930,40.73124,-73.95161,12,148,1657.3348264277715,1,yearly
nyc,5788.12,E 12 St & 3 Ave,2020,76123,37927,38196,76123,40.73223296899842,-73.98889996446313,12,190,249.5960485004532,1,yearly
nyc,5788.13,Lafayette St & E 8 St,2020,119317,58653,60664,119317,40.730206970912995,-73.99102600746133,12,193,161.7539830870706,1,yearly
nyc,5788.14,E 12 St & 4 Av,2020,1260,636,624,1260,40.73269,-73.98974,1,202,16031.746031746034,1,yearly
nyc,5788.15,4 Ave & E 12 St,2020,68855,34098,34757,68855,40.732647,-73.99011,12,200,290.4654709171447,1,yearly
nyc,5794.03,India St & West St,2020,30118,14998,15120,30118,40.73181400077097,-73.95995000934786,12,71,235.73942492861414,1,yearly
nyc,5797.01,MacDougal St & Washington Sq,2020,67242,33262,33980,67242,40.732263978300644,-73.99852200156079,12,156,231.99785848130634,1,yearly
nyc,5805.05,Barrow St & Hudson St,2020,95482,47718,47764,95482,40.73172400759497,-74.00674400976496,12,178,186.4225717936365,1,yearly
nyc,5826.02,India St & Manhattan Ave,2020,35602,17533,18069,35602,40.73232197021213,-73.95508596428333,12,156,438.17763047019827,1,yearly
nyc,5838.09,Washington Pl & 6 Ave,2020,70693,35264,35429,70693,40.73224100601135,-74.00026397542648,12,166,234.81815738474813,1,yearly
nyc,5847.01,Christopher St & Greenwich St,2020,173038,84771,88267,173038,40.732915963987665,-74.0071139743631,12,142,82.06289947872722,1,yearly
nyc,5847.06,W 10 St & Washington St,2020,372,173,199,372,40.733423980940685,-74.00851497927484,1,118,31720.43010752688,1,yearly
nyc,5847.08,Washington St & Barrow St,2020,271,139,132,271,40.73191100596368,-74.00876900175173,1,138,50922.509225092246,1,yearly
nyc,5854.09,1 Ave & E 18 St,2020,102459,52008,50451,102459,40.73381200454248,-73.9805440049569,12,226,220.57603529216564,1,yearly
nyc,5854.10,Stuyvesant Walk & 1 Av Loop,2020,9497,4729,4768,9497,40.73233999659832,-73.97898399747199,12,183,1926.924291881647,1,yearly
nyc,5860.02,Green St & McGuinness Blvd,2020,7654,3821,3833,7654,40.73396,-73.95204,12,113,1476.3522341259472,1,yearly
nyc,5863.07,E 15 St & 3 Ave,2020,104678,52328,52350,104678,40.734232,-73.986923,12,234,223.54267372322744,1,yearly
nyc,5869.04,Huron St & Franklin St,2020,37607,18710,18897,37607,40.73266,-73.95826,12,95,252.61254553673515,1,yearly
nyc,5872.08,E 10 St & 5 Ave,2020,56422,27991,28431,56422,40.73331997499241,-73.99510100785524,10,162,287.1220445925348,1,yearly
nyc,5880.02,W 4 St & 7 Ave S,2020,124495,61910,62585,124495,40.734011013679634,-74.00293896920267,12,156,125.30623719828105,1,yearly
nyc,5886.02,E 20 St & FDR Drive,2020,75480,37829,37651,75480,40.73314297414242,-73.97573897893075,12,149,197.40328563857975,1,yearly
nyc,5905.12,Broadway & E 14 St,2020,149818,74956,74862,149818,40.734545975475534,-73.99074100984407,12,180,120.1457768759428,1,yearly
nyc,5905.14,University Pl & E 14 St,2020,144199,70673,73526,144199,40.734814,-73.992085,12,186,128.9884118475163,1,yearly
nyc,5914.03,W 11 St & 6 Ave,2020,66856,33481,33375,66856,40.73532400618376,-73.99800400435153,12,165,246.799090582745,1,yearly
nyc,5914.08,Greenwich Ave & Charles St,2020,74020,36470,37550,74020,40.735238,-74.000271,12,179,241.82653336935962,1,yearly
nyc,5922.07,Perry St & Bleecker St,2020,80755,39764,40991,80755,40.73535397988583,-74.00483097761837,12,163,201.84508699151758,1,yearly
nyc,5922.08,Bank St & Hudson St,2020,77565,38707,38858,77565,40.736528977381305,-74.00618000714682,12,146,188.22922709985173,1,yearly
nyc,5929.01,E 23 St & 1 Ave,2020,106207,53066,53141,106207,40.736502,-73.97809497538923,12,273,257.04520417674917,1,yearly
nyc,5938.01,E 19 St & 3 Ave,2020,83717,42015,41702,83717,40.73624500805038,-73.9847379679267,12,295,352.3776532842792,1,yearly
nyc,5938.11,E 16 St & Irving Pl,2020,48485,24250,24235,48485,40.73536700107326,-73.9879739828943,12,231,476.43601113746524,1,yearly
nyc,5944.01,Franklin St & Dupont St,2020,40721,20198,20523,40721,40.73564,-73.95866,12,60,147.344122197392,1,yearly
nyc,5947.04,W 13 St & 5 Ave,2020,68243,34076,34167,68243,40.735445,-73.99431,12,181,265.2286681417874,1,yearly
nyc,5955.12,Perry St & Greenwich Ave,2020,45412,22717,22695,45412,40.735918,-74.000939,12,176,387.56275874218267,1,yearly
nyc,5964.01,Bank St & Washington St,2020,72395,36132,36263,72395,40.73619697074642,-74.0085920021675,12,106,146.41895158505423,1,yearly
nyc,5971.08,E 20 St & 2 Ave,2020,85661,43382,42279,85661,40.73587697697465,-73.98205000676495,11,265,309.3589848355728,1,yearly
nyc,5977.01,McGuinness Blvd & Eagle St,2020,32260,16068,16192,32260,40.73555,-73.95284,12,85,263.4841909485431,1,yearly
nyc,5980.07,E 17 St & Broadway,2020,184154,90184,93970,184154,40.73704998097981,-73.99009298385597,12,211,114.57801622555036,1,yearly
nyc,5989.02,W 15 St & 6 Ave,2020,91630,46031,45599,91630,40.73804600430014,-73.99642996652055,12,183,199.7162501364182,1,yearly
nyc,6004.06,E 27 St & 1 Ave,2020,103741,51572,52169,103741,40.739445,-73.976806,12,294,283.39807790555324,1,yearly
nyc,6004.07,E 25 St & 1 Ave,2020,71890,36199,35691,71890,40.738176971300796,-73.97738697408528,12,300,417.3042147725692,1,yearly
nyc,6022.04,E 16 St & 5 Ave,2020,91164,45225,45939,91164,40.737261978286945,-73.99238997346283,12,202,221.5786933438638,1,yearly
nyc,6030.04,W 13 St & 7 Ave,2020,77823,38761,39062,77823,40.73781500204798,-73.99994697384712,12,177,227.43918892872287,1,yearly
nyc,6030.06,W 15 St & 7 Ave,2020,109557,54508,55049,109557,40.73935501059479,-73.99931797707298,12,175,159.73420228739377,1,yearly
nyc,6039.06,Washington St & Gansevoort St,2020,90098,44195,45903,90098,40.739323,-74.008119,12,119,132.07840351617128,1,yearly
nyc,6046.02,E 25 St & 2 Ave,2020,91760,46316,45444,91760,40.73912600027876,-73.97973797425558,11,317,345.4664341761116,1,yearly
nyc,6055.08,E 20 St & Park Ave,2020,85078,42260,42818,85078,40.73827400842535,-73.9875199688891,12,247,290.3218223277463,1,yearly
nyc,6064.08,W 18 St & 6 Ave,2020,57537,28467,29070,57537,40.73971300024317,-73.99456400121582,10,233,404.95681040026415,1,yearly
nyc,6072.06,Greenwich Ave & 8 Ave,2020,129743,64319,65424,129743,40.73901697822699,-74.00263796966058,12,160,123.32071865148794,1,yearly
nyc,6072.11,8 Ave & W 16 St,2020,14903,7429,7474,14903,40.740983,-74.001702,3,175,1174.2602160638796,1,yearly
nyc,6072.14,Gansevoort St & Hudson St,2020,83975,41453,42522,83975,40.73944800641238,-74.00507001047087,12,162,192.91455790413815,1,yearly
nyc,6076.01,48 Ave & 30 Pl,2020,6613,3295,3318,6613,40.741283003621845,-73.93725896813291,12,223,3372.145773476486,1,yearly
nyc,6079.03,1 Ave & E 30 St,2020,81645,40530,41115,81645,40.741443986652605,-73.97536098581041,12,295,361.32035029701757,1,yearly
nyc,6089.07,Lexington Ave & E 24 St,2020,1550,777,773,1550,40.740258960709674,-73.98409200406452,1,296,19096.774193548386,1,yearly
nyc,6089.08,Lexington Ave & E 26 St,2020,106915,53951,52964,106915,40.741459,-73.983293,12,276,258.1489968666698,1,yearly
nyc,6098.07,Broadway & E 22 St,2020,159293,78422,80871,159293,40.74034300512802,-73.9895510023076,12,256,160.7101379219426,1,yearly
nyc,6115.06,Hudson St & W 13 St,2020,922,452,470,922,40.74005700334514,-74.00527400689535,1,163,17678.95878524946,1,yearly
nyc,6115.09,W 15 St & 10 Ave,2020,63475,30975,32500,63475,40.74275396926376,-74.00747395955376,12,120,189.05080740448994,1,yearly
nyc,6128.04,49 Ave & 21 St,2020,7654,3833,3821,7654,40.74252,-73.948852,12,149,1946.69453880324,1,yearly
nyc,6131.1,E 24 St & Park Ave S,2020,36983,18409,18574,36983,40.74096398028163,-73.98602200467165,6,248,670.5783738474435,1,yearly
nyc,6131.12,Madison Ave & E 26 St,2020,23786,11918,11868,23786,40.742684951890794,-73.98671301272472,5,243,1021.6093500378373,1,yearly
nyc,6137.04,5 St & 51 Ave,2020,9229,4618,4611,9229,40.74237395521469,-73.9566,12,89,964.3515007043018,1,yearly
nyc,6140.05,W 21 St & 6 Ave,2020,199698,99382,100316,199698,40.74173997604904,-73.99415597279875,12,238,119.17996174223076,1,yearly
nyc,6148.02,W 17 St & 8 Ave,2020,89484,44712,44772,89484,40.741776000880094,-74.00149701349473,11,182,203.38831522953822,1,yearly
nyc,6151.03,47 Ave & 31 St,2020,13668,6822,6846,13668,40.743,-73.93561,12,199,1455.9555165349723,1,yearly
nyc,6164.09,Lexington Ave & E 29 St,2020,68170,34148,34022,68170,40.7431159689013,-73.98215396834964,12,272,399.002493765586,1,yearly
nyc,6170.02,Vernon Blvd & 50 Ave,2020,33422,16695,16727,33422,40.742327013418894,-73.95411701494376,12,119,356.0528992878942,1,yearly
nyc,6173.08,Broadway & W 25 St,2020,146598,73162,73436,146598,40.74286897347087,-73.98918600835398,12,261,178.0378995620677,1,yearly
nyc,6179.07,Center Blvd & 51 Ave,2020,40898,20438,20460,40898,40.74336600359684,-73.95960696730195,12,41,100.24940094870165,1,yearly
nyc,6182.02,W 20 St & 7 Ave,2020,89430,44761,44669,89430,40.74238797841809,-73.99726200861097,12,230,257.1843900257184,1,yearly
nyc,6190.03,W 18 St & 9 Ave,2020,29816,14935,14881,29816,40.743533968989254,-74.00367596438936,12,190,637.2417493962973,1,yearly
nyc,6190.08,9 Ave & W 18 St,2020,61379,29169,32210,61379,40.743174017051395,-74.00366401496346,12,184,299.7767966242526,1,yearly
nyc,6197.02,2 Ave & E 31 St,2020,122345,61048,61297,122345,40.742909000550576,-73.97706096991529,12,360,294.2498671788794,1,yearly
nyc,6197.08,E 33 St & 1 Ave,2020,148543,73758,74785,148543,40.743226981717534,-73.97449798226086,12,358,241.00765434924568,1,yearly
nyc,6203.02,Jackson Ave & 46 Rd,2020,12239,6152,6087,12239,40.74524794515109,-73.9473329498147,12,157,1282.784541220688,1,yearly
nyc,6206.08,E 30 St & Park Ave S,2020,61636,30951,30685,61636,40.74444900587353,-73.98303500811106,12,245,397.4949704718022,1,yearly
nyc,6212.04,48 Ave & 5 St,2020,14779,7377,7402,14779,40.744363015599525,-73.95587301363751,12,104,703.7011976453076,1,yearly
nyc,6212.08,Vernon Blvd & 47 Rd,2020,23656,11812,11844,23656,40.744906953826394,-73.95345701512797,12,147,621.4068312478863,1,yearly
nyc,6215.04,W 25 St & 6 Ave,2020,85040,42506,42534,85040,40.74395400382161,-73.99144896299505,12,274,322.2013170272813,1,yearly
nyc,6224.03,W 22 St & 8 Ave,2020,106646,53146,53500,106646,40.74475101205186,-73.9991539732693,12,211,197.8508335990098,1,yearly
nyc,6224.05,W 20 St & 8 Ave,2020,88288,44072,44216,88288,40.743453008242604,-74.00004000730058,12,214,242.38854657484595,1,yearly
nyc,6227.02,31 St & Thomson Ave,2020,12849,6365,6484,12849,40.74469701789269,-73.93540395902863,12,215,1673.2819674682855,1,yearly
nyc,6230.04,FDR Drive & E 35 St,2020,137709,69335,68374,137709,40.744219,-73.97121200447458,12,248,180.08989971606792,1,yearly
nyc,6233.05,W 16 St & The High Line,2020,62350,31114,31236,62350,40.74334901112163,-74.00681796326931,12,112,179.63111467522054,1,yearly
nyc,6237.01,47 Ave & Skillman Ave,2020,3223,1612,1611,3223,40.74375201738816,-73.94176496490921,12,117,3630.15823766677,1,yearly
nyc,6239.08,E 31 St & 3 Ave,2020,110962,55814,55148,110962,40.74394300498103,-73.97966096397238,12,342,308.21362268163875,1,yearly
nyc,6247.06,W 27 St & 7 Ave,2020,91331,45816,45515,91331,40.74664702209016,-73.99391497961788,12,284,310.9568492625724,1,yearly
nyc,6248.06,5 Ave & E 29 St,2020,87829,44475,43354,87829,40.74516797099515,-73.98683097313857,12,269,306.27697002129133,1,yearly
nyc,6254.06,Center Blvd & 48 Ave,2020,28451,14233,14218,28451,40.745038,-73.957539,12,65,228.4629714245545,1,yearly
nyc,6257.03,W 24 St & 7 Ave,2020,125004,62615,62389,125004,40.74487600835891,-73.99529897815417,12,262,209.59329301462353,1,yearly
nyc,6266.06,9 Ave & W 22 St,2020,134250,66684,67566,134250,40.74549700605747,-74.00197100787472,12,195,145.2513966480447,1,yearly
nyc,6278.04,44 Dr & 21 St,2020,19486,9723,9763,19486,40.748,-73.94609295627224,12,142,728.7283177666017,1,yearly
nyc,6280.12,E 32 St & Park Ave,2020,92863,47647,45216,92863,40.745712002629524,-73.98194800762563,12,308,331.67138688175055,1,yearly
nyc,6286.02,46 Ave & 5 St,2020,45837,22930,22907,45837,40.74731,-73.95451,12,70,152.7150555228309,1,yearly
nyc,6289.06,Broadway & W 29 St,2020,86642,43315,43327,86642,40.746200978315855,-73.98855700595522,12,297,342.78987096327415,1,yearly
nyc,6297.02,W 26 St & 8 Ave,2020,102544,51620,50924,102544,40.74734800525605,-73.99723597188637,12,223,217.46762365423623,1,yearly
nyc,6303.01,1 Ave & E 39 St,2020,42761,21351,21410,42761,40.74714,-73.97113,4,327,764.7155117981339,1,yearly
nyc,6306.01,W 20 St & 10 Ave,2020,23816,11872,11944,23816,40.745686,-74.005141,4,178,747.396708095398,1,yearly
nyc,6306.06,W 22 St & 10 Ave,2020,124960,62368,62592,124960,40.74691997149959,-74.00451897889478,12,158,126.44046094750321,1,yearly
nyc,6306.07,W 20 St & 11 Ave,2020,87864,43209,44655,87864,40.746745,-74.007756,9,107,121.77911317490667,1,yearly
nyc,6310.06,27 St & Hunter St,2020,27080,13619,13461,27080,40.7485,-73.941275,12,232,856.7208271787297,1,yearly
nyc,6313.10,Lexington Ave & E 36 St,2020,60504,30427,30077,60504,40.74757397578897,-73.97880096952638,12,390,644.5854819516065,1,yearly
nyc,6319.01,45 Rd & 11 St,2020,25243,12620,12623,25243,40.747085970415235,-73.94977201285361,12,140,554.6091985897081,1,yearly
nyc,6322.01,E 33 St & 5 Ave,2020,76499,38651,37848,76499,40.747659017232515,-73.98490700256654,12,301,393.46919567576043,1,yearly
nyc,6331.01,W 31 St & 7 Ave,2020,94461,47234,47227,94461,40.749156,-73.9916,12,310,328.17776648563955,1,yearly
nyc,6345.01,E 39 St & 2 Ave,2020,3932,2035,1897,3932,40.747803547832454,-73.97344167540987,9,396,10071.210579857578,1,yearly
nyc,6345.01,E 39 St & 2 Ave (old),2020,72005,36218,35787,72005,40.747804,-73.973442,9,396,549.9618082077633,1,yearly
nyc,6352.01,44 Dr & Jackson Ave,2020,35421,17764,17657,35421,40.747182020737135,-73.94326392678393,12,152,429.12396600886484,1,yearly
nyc,6361.03,9 St & 44 Rd,2020,11232,5620,5612,11232,40.74966,-73.9521,12,64,569.8005698005699,1,yearly
nyc,6364.07,6 Ave & W 33 St,2020,137533,69077,68456,137533,40.74901296698236,-73.98848397436491,12,334,242.8508067154792,1,yearly
nyc,6364.10,6 Ave & W 34 St,2020,104939,54162,50777,104939,40.74964,-73.98805,12,336,320.18601282649917,1,yearly
nyc,6379.03,1 Ave & E 44 St,2020,56848,28470,28378,56848,40.75001997452943,-73.96905300031399,12,203,357.09259780467215,1,yearly
nyc,6382.05,W 26 St & 10 Ave,2020,59574,29595,29979,59574,40.74971797960901,-74.00295000750327,12,169,283.6808003491456,1,yearly
nyc,6389.03,E 39 St & 3 Ave,2020,53421,27010,26411,53421,40.74890097328367,-73.9760489786417,9,397,743.1534415304843,1,yearly
nyc,6389.09,E 39 St & Lexington Ave,2020,35725,17885,17840,35725,40.749498946532,-73.97729200114014,4,365,1021.6934919524143,1,yearly
nyc,6395.01,21 St & 43 Ave,2020,7183,3596,3587,7183,40.7505250095002,-73.9459480125738,12,151,2102.185716274537,1,yearly
nyc,6398.06,W 37 St & 5 Ave,2020,54898,28313,26585,54898,40.75038000273357,-73.9833899742148,12,312,568.3267149987249,1,yearly
nyc,6407.07,W 33 St & 7 Ave,2020,106598,53869,52729,106598,40.75019998178209,-73.99093097963927,12,334,313.3267040657423,1,yearly
nyc,6416.08,9 Ave & W 28 St,2020,81478,40756,40722,81478,40.74937000534316,-73.99923397979857,12,196,240.55573283585753,1,yearly
nyc,6422.08,E 43 St & 2 Ave,2020,48760,25123,23637,48760,40.75022397087934,-73.97121400453393,12,282,578.3429040196883,1,yearly
nyc,6422.09,E 44 St & 2 Ave,2020,10799,5572,5227,10799,40.75118392668996,-73.97138700821574,4,285,2639.1332530789887,1,yearly
nyc,6425.04,11 Ave & W 27 St,2020,83542,41745,41797,83542,40.751396,-74.005226,12,113,135.26130569055087,1,yearly
nyc,6429.01,Queens Plaza North & Crescent St,2020,81864,41049,40815,81864,40.75110196036156,-73.94073700666341,12,253,309.04915469559273,1,yearly
nyc,6432.08,Pershing Square South,2020,64762,34501,30261,64762,40.751581,-73.97791,12,279,430.80818998795587,1,yearly
nyc,6432.09,Pershing Square North,2020,148732,74694,74038,148732,40.751873,-73.977706,12,269,180.86222198316435,1,yearly
nyc,6438.04,11 St & 43 Ave,2020,7936,3959,3977,7936,40.7519070026427,-73.94791197623726,12,104,1310.483870967742,1,yearly
nyc,6441.01,Broadway & W 36 St,2020,46323,23224,23099,46323,40.75097700383868,-73.98765400977118,12,314,677.8490166871748,1,yearly
nyc,6441.02,Broadway & W 37 St,2020,38511,19678,18833,38511,40.75172600845598,-73.98753500607774,12,339,880.2679753836567,1,yearly
nyc,6441.05,Broadway & W  38 St,2020,54945,27631,27314,54945,40.752996,-73.987216,12,344,626.0806260806261,1,yearly
nyc,6441.05,Broadway & W 38 St,2020,3164,1559,1605,3164,40.75299628334585,-73.98721613130661,12,344,10872.313527180784,1,yearly
nyc,6450.05,8 Ave & W 31 St,2020,119751,58386,61365,119751,40.75058500756058,-73.99468498046441,12,270,225.46784577999347,1,yearly
nyc,6450.12,8 Ave & W 33 St,2020,127599,64833,62766,127599,40.751551,-73.993934,12,309,242.1649072484894,1,yearly
nyc,6459.04,10 Ave & W 28 St,2020,98162,49279,48883,98162,40.75066397434491,-74.00176800057656,12,185,188.46396772681894,1,yearly
nyc,6459.06,10 Hudson Yards,2020,1009,501,508,1009,40.752956999999995,-74.00264000000001,2,151,14965.312190287414,1,yearly
nyc,6459.07,W 30 St & 10 Ave,2020,83991,41883,42108,83991,40.752694,-74.002353,11,174,207.16505339857844,1,yearly
nyc,6462.05,40 Ave & Crescent St,2020,8360,4194,4166,8360,40.75359900679218,-73.93795600318558,12,231,2763.157894736842,1,yearly
nyc,6462.19,28 St & 41 Ave,2020,22865,11515,11350,22865,40.751047,-73.93797,12,218,953.4222610977478,1,yearly
nyc,6464.08,E 45 St & 3 Ave,2020,52074,26035,26039,52074,40.75255401104104,-73.9728260081184,12,271,520.4132580558436,1,yearly
nyc,6471.02,21 St & Queens Plaza North,2020,15780,7917,7863,15780,40.75325995402243,-73.94335796483759,12,197,1248.4157160963246,1,yearly
nyc,6474.02,W 40 St & 5 Ave,2020,62924,31929,30995,62924,40.752269,-73.982079,12,260,413.1968724175195,1,yearly
nyc,6474.12,E 41 St & Madison Ave,2020,1544,845,699,1544,40.75216518349412,-73.97992161268171,12,268,17357.512953367877,1,yearly
nyc,6474.12,E 41 St & Madison Ave (SW corner),2020,41344,20879,20465,41344,40.752165,-73.979922,12,268,648.2198142414861,1,yearly
nyc,6495.17,31 St & Northern Blvd,2020,10589,5346,5243,10589,40.75186995673443,-73.93349297047385,12,196,1850.9774294078761,1,yearly
nyc,6498.09,E 47 St & 1 Ave,2020,39801,19866,19935,39801,40.75206896723187,-73.96784397460877,12,211,530.1374337328208,1,yearly
nyc,6498.10,E 47 St & 2 Ave,2020,55004,27789,27215,55004,40.75323097499557,-73.97032500573697,12,274,498.1455894116791,1,yearly
nyc,6505.01,24 St & 41 Ave,2020,44,25,19,44,40.7527085,-73.9397405,2,272,618181.8181818181,1,yearly
nyc,6505.01,24 St & 41 Ave (original),2020,1159,578,581,1159,40.752709,-73.939741,2,272,23468.507333908543,1,yearly
nyc,6505.09,24 St & 41 Ave,2020,13001,6522,6479,13001,40.752474,-73.939991,11,267,2053.6881778324746,1,yearly
nyc,6514.08,Vernon Blvd & 41 Rd,2020,20443,10208,10235,20443,40.75524301064455,-73.94856797117585,12,76,371.76539646822874,1,yearly
nyc,6517.08,W 42 St & 6 Ave,2020,65176,32773,32403,65176,40.75492,-73.98455,12,260,398.919847796735,1,yearly
nyc,6526.03,W 38 St & 8 Ave,2020,52100,26148,25952,52100,40.7546659884883,-73.9913819801392,7,389,746.6410748560461,1,yearly
nyc,6526.05,8 Ave & W 38 St,2020,67840,33871,33969,67840,40.75461,-73.99177,6,373,549.8231132075472,1,yearly
nyc,6529.02,37 Ave & 35 St,2020,11617,5856,5761,11617,40.75311095477394,-73.92799196016917,12,141,1213.738486700525,1,yearly
nyc,6532.06,E 51 St & 1 Ave,2020,58185,29301,28884,58185,40.75455701040692,-73.9659299670881,12,259,445.1319068488442,1,yearly
nyc,6538.11,38 Ave & 29 St,2020,14015,7019,6996,14015,40.75473,-73.93367,12,180,1284.3382090617197,1,yearly
nyc,6541.03,E 48 St & 3 Ave,2020,43601,22136,21465,43601,40.75460100406486,-73.97187896805549,12,285,653.6547326896172,1,yearly
nyc,6551.02,W 44 St & 5 Ave,2020,52434,25961,26473,52434,40.755002968049304,-73.980144010113,12,205,390.9676927184651,1,yearly
nyc,6551.03,E 43 St & 5 Ave,2020,44746,23129,21617,44746,40.75412097888732,-73.98025197965902,12,219,489.4292227238189,1,yearly
nyc,6560.01,Broadway & W 41 St,2020,88853,44953,43900,88853,40.75513596686631,-73.98658000899947,12,327,368.02358952427045,1,yearly
nyc,6563.12,35 Ave & 37 St,2020,13170,6608,6562,13170,40.755732952049286,-73.92366100482404,12,150,1138.9521640091116,1,yearly
nyc,6566.01,Southpoint Park,2020,11092,5531,5561,11092,40.75370201194216,-73.95865200091616,7,65,586.0079336458709,1,yearly
nyc,6569.07,W 36 St & 9 Ave,2020,14864,7488,7376,14864,40.75462301033555,-73.99516793859658,4,381,2563.2400430570506,1,yearly
nyc,6569.08,W 35 St & Dyer Ave,2020,53980,27314,26666,53980,40.75469196375099,-73.99740196948606,12,319,590.9596146721008,1,yearly
nyc,6569.09,W 35 St & 9 Ave,2020,2058,1019,1039,2058,40.75414513188074,-73.996089308588,2,319,15500.485908649176,1,yearly
nyc,6572.08,36 Ave & 31 St,2020,21257,10659,10598,21257,40.75651296555692,-73.92957497057003,12,145,682.1282401091405,1,yearly
nyc,6575.03,E 51 St & 2 Ave,2020,61564,30900,30664,61564,40.755293,-73.967641,12,289,469.43018647261385,1,yearly
nyc,6578.01,W 34 St & 11 Ave,2020,76481,37797,38684,76481,40.755941955044214,-74.00211601187063,12,152,198.742171258221,1,yearly
nyc,6581.14,24 St & 38 Ave,2020,4,2,2,4,40.756351,-73.936515,1,160,4000000.0,1,yearly
nyc,6584.12,E 47 St & Park Ave,2020,74736,37770,36966,74736,40.755102974276454,-73.97498698149467,12,255,341.2010276172126,1,yearly
nyc,6593.13,W 45 St & 6 Ave,2020,48352,24301,24051,48352,40.75680000344622,-73.98291196239782,11,253,523.2461945731304,1,yearly
nyc,6593.15,6 Ave & 45 St,2020,4,0,4,4,40.756951,-73.982631,1,251,6275000.0,1,yearly
nyc,6593.15,6 Ave & W 45 St,2020,7093,3530,3563,7093,40.756951,-73.982631,2,251,3538.700126885662,1,yearly
nyc,6599.01,Roosevelt Island Tramway,2020,24393,12167,12226,24393,40.75728399999999,-73.95359999999998,7,56,229.57405813143114,1,yearly
nyc,6602.03,W 41 St & 8 Ave,2020,116163,59918,56245,116163,40.75640501115945,-73.99002600464978,12,394,339.17856804662415,1,yearly
nyc,6602.05,W 42 St & 8 Ave,2020,71585,35642,35943,71585,40.75756997784739,-73.99098500180189,12,413,576.936509045191,1,yearly
nyc,6605.08,34 St & 35 Ave,2020,12705,6351,6354,12705,40.75693300674488,-73.92622300337244,12,127,999.6064541519087,1,yearly
nyc,6608.09,E 54 St & 1 Ave,2020,193,94,99,193,40.756265,-73.964179,1,315,163212.43523316062,1,yearly
nyc,6611.02,W 37 St & 10 Ave,2020,94281,47269,47012,94281,40.756603953306644,-73.99790096583396,12,311,329.8649780973897,1,yearly
nyc,6614.01,28 St & 36 Ave,2020,10990,5551,5439,10990,40.757186,-73.932719,12,144,1310.2820746132847,1,yearly
nyc,6617.02,E 53 St & 3 Ave,2020,4107,2046,2061,4107,40.75763200738585,-73.96930596850362,2,339,8254.200146092038,1,yearly
nyc,6617.09,E 53 St & Lexington Ave,2020,60022,29972,30050,60022,40.758280971356356,-73.97069400791553,12,311,518.1433474392724,1,yearly
nyc,6626.01,E 48 St & 5 Ave,2020,64823,32582,32241,64823,40.757245974381206,-73.9780590035782,12,207,319.3311016151674,1,yearly
nyc,6638.01,34 Ave & 38 St,2020,25508,12747,12761,25508,40.756913,-73.921631,12,189,740.9440175631174,1,yearly
nyc,6644.07,W 42 St & Dyer Ave,2020,63678,31989,31689,63678,40.75898497102933,-73.9937999667434,12,374,587.3300040830428,1,yearly
nyc,6650.07,E 55 St & 2 Ave,2020,81625,40978,40647,81625,40.7579730063685,-73.96603300231581,12,400,490.0459418070444,1,yearly
nyc,6656.05,21 St & 38 Ave,2020,4014,2015,1999,4014,40.7576310193546,-73.9391220193546,12,156,3886.397608370702,1,yearly
nyc,6659.01,E 51 St & Lexington Ave,2020,40125,20600,19525,40125,40.75714796292893,-73.9720780107739,12,282,702.803738317757,1,yearly
nyc,6659.03,E 53 St & Madison Ave,2020,52677,26535,26142,52677,40.75971098076777,-73.97402300269935,12,287,544.8298118723541,1,yearly
nyc,6659.09,Madison Av & E 51 St,2020,20022,10056,9966,20022,40.75863,-73.97513,6,275,1373.4891619218859,1,yearly
nyc,6659.10,E 50 St & Park Ave,2020,772,385,387,772,40.757334,-73.974235,1,249,32253.886010362694,1,yearly
nyc,6664.05,40 Ave & 9 St,2020,9988,4994,4994,9988,40.75742,-73.945133,11,100,1001.2014417300761,1,yearly
nyc,6667.04,W 47 St & 6 Ave,2020,33937,17131,16806,33937,40.758397,-73.98255,12,277,816.2182868255886,1,yearly
nyc,6667.1,W 48 St & Rockefeller Plaza,2020,16381,8182,8199,16381,40.75793601739773,-73.97960295641047,5,221,1349.1239851046946,1,yearly
nyc,6670.03,43 St & Broadway,2020,27116,13567,13549,27116,40.757728016566126,-73.91663696551844,12,198,730.1961941289276,1,yearly
nyc,6676.02,85,2020,1,1,0,1,40.75929124,-73.98859651,1,325,32500000.0,1,yearly
nyc,6676.02,W 45 St & 8 Ave,2020,68347,34388,33959,68347,40.75929100759832,-73.98859696311082,12,325,475.51465316692753,1,yearly
nyc,6679.11,35 St & 34 Ave,2020,13509,6744,6765,13509,40.75805801190361,-73.92427500396786,12,172,1273.2252572359168,1,yearly
nyc,6682.03,E 58 St & 1 Ave (NE Corner),2020,26477,13474,13003,26477,40.75892398008208,-73.96226200687215,12,461,1741.1338142538805,1,yearly
nyc,6682.08,E 60 St & York Ave,2020,26977,13537,13440,26977,40.759107,-73.959223,12,338,1252.9191533528563,1,yearly
nyc,6688.01,Crescent St & 35 Ave,2020,9558,4759,4799,9558,40.75962797291106,-73.93214597034827,12,122,1276.4176605984517,1,yearly
nyc,6691.11,E 56 St & 3 Ave,2020,49098,24881,24217,49098,40.75934500036767,-73.96759696923414,12,436,888.0198786101266,1,yearly
nyc,6700.01,W 52 St & 5 Ave,2020,19532,9844,9688,19532,40.75992298711666,-73.97648500288982,6,246,1259.4716362891666,1,yearly
nyc,6700.14,W 51 St & Rockefeller Plaza,2020,16392,8188,8204,16392,40.759735350722636,-73.97811362525442,5,218,1329.9170326988776,1,yearly
nyc,6708.02,Broadway & W 49 St,2020,89520,46430,43090,89520,40.76068300739258,-73.98452700790826,12,262,292.6720285969616,1,yearly
nyc,6717.06,9 Ave & W 45 St,2020,103363,51759,51604,103363,40.76019296554947,-73.99125500289621,12,326,315.39332256223213,1,yearly
nyc,6720.07,34 Ave & 31 St,2020,56,28,28,56,40.759604,-73.927144,1,142,253571.42857142855,1,yearly
nyc,6723.10,E 58 St &  1 Ave (NW Corner),2020,2439,1268,1171,2439,40.759125,-73.962658,12,459,18819.18819188192,1,yearly
nyc,6723.10,E 58 St & 1 Ave (NW Corner),2020,50022,25563,24459,50022,40.759125,-73.962658,12,459,917.5962576466355,1,yearly
nyc,6726.01,11 Ave & W 41 St,2020,125369,62796,62573,125369,40.760300975091546,-73.99884200806589,12,212,169.10081439590329,1,yearly
nyc,6729.02,21 St & 36 Ave,2020,8951,4487,4464,8951,40.76018500889495,-73.93627296870137,12,128,1430.0078203552675,1,yearly
nyc,6732.01,E 56 St & Madison Ave,2020,31377,15730,15647,31377,40.761573,-73.972628,12,295,940.1791120884724,1,yearly
nyc,6737.03,36 Ave & 10 St,2020,16645,8306,8339,16645,40.76143795166597,-73.94112694757531,12,89,534.6951036347251,1,yearly
nyc,6740.01,W 52 St & 6 Ave,2020,60398,30204,30194,60398,40.76132997933634,-73.97982000034054,12,228,377.49594357429055,1,yearly
nyc,6740.10,W 51 St & 6 Ave,2020,6747,3410,3337,6747,40.76065995187651,-73.98042001346359,3,228,3379.2796798577147,1,yearly
nyc,6743.06,Newton Rd & 44 St,2020,16888,8447,8441,16888,40.75957000519288,-73.9142679634674,12,182,1077.6882993841782,1,yearly
nyc,6747.06,W 49 St & 8 Ave,2020,100506,52300,48206,100506,40.76227200157539,-73.98788200157539,12,244,242.77157582631884,1,yearly
nyc,6750.16,35 St & Broadway,2020,17715,8855,8860,17715,40.760339,-73.9222429689037,12,201,1134.6316680779,1,yearly
nyc,6753.08,1 Ave & E 62 St,2020,116957,58691,58266,116957,40.76122701104076,-73.9609400060724,12,442,377.91667022922957,1,yearly
nyc,6756.01,W 43 St & 10 Ave,2020,106561,54249,52312,106561,40.76009400992209,-73.99461801153109,12,300,281.5288895562166,1,yearly
nyc,6756.05,W 44 St & 11 Ave,2020,1659,827,832,1659,40.762009,-73.996975,1,213,12839.059674502712,1,yearly
nyc,6759.15,Crescent St & 34 Ave,2020,14986,7498,7488,14986,40.76108,-73.930562,12,148,987.5884158547979,1,yearly
nyc,6762.02,E 58 St & 3 Ave,2020,93007,46476,46531,93007,40.76095796902699,-73.96724497214414,12,448,481.68417430946056,1,yearly
nyc,6762.04,3 Ave & E 62 St,2020,50045,25783,24262,50045,40.76312597149796,-73.96526897514968,12,419,837.2464781696473,1,yearly
nyc,6765.01,12 Ave & W 40 St,2020,196952,97624,99328,196952,40.76087500058355,-74.00277697185761,12,75,38.080344449409,1,yearly
nyc,6768.04,11 St & 35 Ave,2020,2929,1500,1429,2929,40.76274400411315,-73.93911400205657,12,97,3311.710481392967,1,yearly
nyc,6779.04,Broadway & W 51 St,2020,51665,26465,25200,51665,40.7622880074913,-73.98336197331766,12,239,462.59556759895486,1,yearly
nyc,6779.05,Broadway & W 53 St,2020,59403,30956,28447,59403,40.76344096898555,-73.98268100732945,12,252,424.22099893944755,1,yearly
nyc,6782.01,31 Ave & Steinway St,2020,21874,10966,10908,21874,40.76114895978795,-73.91700700439651,11,199,909.7558745542653,1,yearly
nyc,6782.07,31 Ave & Steinway St,2020,23,16,7,23,40.761293897289086,-73.916916847229,2,198,860869.5652173912,1,yearly
nyc,6782.07,31 Ave & Steinway St (temp),2020,932,463,469,932,40.761294,-73.916917,2,198,21244.635193133046,1,yearly
nyc,6789.04,31 St & Broadway,2020,30810,15473,15337,30810,40.761584,-73.925921,12,157,509.5748133722817,1,yearly
nyc,6795.01,W 46 St & 11 Ave,2020,73468,36669,36799,73468,40.76341397198896,-73.99667401350165,12,177,240.92121740077314,1,yearly
nyc,6798.01,34 Ave & 21 St,2020,7083,3551,3532,7083,40.76281398275439,-73.93428600469885,12,120,1694.1973739940702,1,yearly
nyc,6801.01,E 59 St & Madison Ave,2020,46872,23573,23299,46872,40.763505008815876,-73.97109201184632,12,308,657.1087216248507,1,yearly
nyc,6806.06,35 Ave & 10 St,2020,8812,4385,4427,8812,40.7631549740725,-73.93985500260533,12,99,1123.4679981842942,1,yearly
nyc,6809.09,W 55 St & 6 Ave,2020,79069,39710,39359,79069,40.763189,-73.978434,12,220,278.2379946628894,1,yearly
nyc,6814.01,Motorgate,2020,26272,13053,13219,26272,40.76390894486565,-73.94772101524575,7,124,471.98538367844094,1,yearly
nyc,6816.07,8 Ave & W 52 St,2020,117171,58636,58535,117171,40.76370701265582,-73.98516196176745,12,220,187.7597699089365,1,yearly
nyc,6819.15,31 Ave & 34 St,2020,27981,14007,13974,27981,40.763154,-73.920827,12,234,836.2817626246381,1,yearly
nyc,6822.09,1 Ave & E 68 St,2020,201264,100998,100266,201264,40.76500500460059,-73.95818498795526,12,398,197.75021861833213,1,yearly
nyc,6824.07,W 47 St & 10 Ave,2020,100602,50591,50011,100602,40.76269897509158,-73.99301200589598,12,238,236.57581360211526,1,yearly
nyc,6827.11,Crescent St & Broadway,2020,24634,12313,12321,24634,40.763358979237715,-73.9286470029797,12,167,677.9248193553625,1,yearly
nyc,6830.02,E 63 St & 3 Ave,2020,35829,18671,17158,35829,40.763954,-73.9646,12,382,1066.175444472355,1,yearly
nyc,6836.07,34 Ave & 13 St,2020,6722,3369,3353,6722,40.76387501073196,-73.93648497137424,12,126,1874.4421303183576,1,yearly
nyc,6839.04,E 58 St & Madison Ave,2020,37411,18795,18616,37411,40.76302597955676,-73.97209500778143,12,293,783.1921092726739,1,yearly
nyc,6839.10,Grand Army Plaza & Central Park S,2020,102434,51465,50969,102434,40.76439700389215,-73.97371495997426,12,221,215.74867719702445,1,yearly
nyc,6847.02,Broadway & W 56 St,2020,133497,69850,63647,133497,40.765265010294634,-73.98192300977989,12,227,170.04127433575286,1,yearly
nyc,6854.05,W 50 St & 9 Ave,2020,80666,40749,39917,80666,40.7636049685562,-73.98917996559237,12,204,252.89465202191752,1,yearly
nyc,6857.09,31 Ave & 30 St,2020,19055,9532,9523,19055,40.7647,-73.92403100606109,12,184,965.625819994752,1,yearly
nyc,6860.12,E 65 St & 2 Ave,2020,44566,22479,22087,44566,40.7647189668738,-73.96222097186758,12,321,720.2800341067181,1,yearly
nyc,6865.03,21 St & 31 Dr,2020,17218,8597,8621,17218,40.7659,-73.930819,12,126,731.7923103728656,1,yearly
nyc,6873.01,34th Ave & Vernon Blvd,2020,110,53,57,110,40.765353987342884,-73.93986300264275,1,66,60000.0,1,yearly
nyc,6876.04,Central Park S & 6 Ave,2020,139983,70327,69656,139983,40.76590901517365,-73.97634195264249,12,152,108.58461384596701,1,yearly
nyc,6879.04,28 Ave & 44 St,2020,10819,5420,5399,10819,40.764089017143256,-73.91065101096775,11,145,1340.2347721600886,1,yearly
nyc,6889.12,E 72 St & York Ave,2020,87025,43704,43321,87025,40.766638002330495,-73.95348298845299,12,356,409.07785119218613,1,yearly
nyc,6890.01,W 53 St & 10 Ave,2020,96106,48134,47972,96106,40.76669696679954,-73.99061700912763,12,181,188.33371485651261,1,yearly
nyc,6890.06,W 50 St & 10 Ave,2020,1491,764,727,1491,40.76473400308618,-73.99194396830936,1,162,10865.191146881289,1,yearly
nyc,6893.10,31 Ave & Crescent St,2020,15832,7928,7904,15832,40.76583496075004,-73.92654701490348,12,173,1092.723597776655,1,yearly
nyc,6896.16,E 68 St & 3 Ave,2020,28955,14902,14053,28955,40.76712800916125,-73.96224600407731,12,240,828.8723881885684,1,yearly
nyc,6901.01,Broadway & 12 St,2020,11897,5927,5970,11897,40.7668,-73.93477701315233,12,115,966.6302429183827,1,yearly
nyc,6904.06,5 Ave & E 63 St,2020,52257,26324,25933,52257,40.766368,-73.971518,12,166,317.66079185563655,1,yearly
nyc,6912.01,7 Ave & Central Park South,2020,100770,51087,49683,100770,40.76674095823449,-73.97906897596607,12,183,181.6016671628461,1,yearly
nyc,6915.02,Steinway St & 28 Ave,2020,26703,13379,13324,26703,40.765625003825754,-73.91366995903594,12,210,786.4284911807662,1,yearly
nyc,6920.03,W 54 St & 9 Ave,2020,57953,29769,28184,57953,40.765849011210854,-73.98690500164061,12,219,377.8924300726451,1,yearly
nyc,6923.20,31 St & Newtown Ave,2020,32636,16378,16258,32636,40.76754897733678,-73.92093301101217,12,248,759.8970462066429,1,yearly
nyc,6925.09,2 Ave & E 72 St,2020,90896,45662,45234,90896,40.768762000711114,-73.95840798174275,12,259,284.94103150853726,1,yearly
nyc,6926.01,W 52 St & 11 Ave,2020,69162,34635,34527,69162,40.76727200536417,-73.9939289736876,12,128,185.0727277985021,1,yearly
nyc,6932.14,E 67 St & Park Ave,2020,20587,10637,9950,20587,40.76780097657674,-73.96592097667498,12,160,777.1894885121678,1,yearly
nyc,6932.15,E 68 St & Madison Ave,2020,19620,10326,9294,19620,40.76915700566264,-73.9670349693002,12,130,662.5891946992864,1,yearly
nyc,6937.07,Vernon Blvd & 10 St,2020,21063,10441,10622,21063,40.76718601221231,-73.93735501628309,12,51,242.13075060532688,1,yearly
nyc,6948.10,Broadway & W 58 St,2020,14471,7567,6904,14471,40.766953006117376,-73.98169301187491,2,222,1534.1026881348905,1,yearly
nyc,6948.11,Broadway & W 60 St,2020,182904,92127,90777,182904,40.769155001677035,-73.98191801375171,12,203,110.98718453396317,1,yearly
nyc,6951.03,28 Ave & 35 St,2020,20597,10340,10257,20597,40.7671,-73.91698596367611,12,311,1509.9286303830654,1,yearly
nyc,6953.08,E 74 St & 1 Ave,2020,72304,36231,36073,72304,40.76897397974921,-73.95482297797197,12,350,484.06727152024786,1,yearly
nyc,6955.01,W 56 St & 10 Ave,2020,64841,32478,32363,64841,40.768254,-73.988639,12,186,286.8555389336994,1,yearly
nyc,6955.05,W 54 St & 11 Ave,2020,1840,920,920,1840,40.768333,-73.992573,1,140,7608.695652173914,1,yearly
nyc,6958.06,Crescent St & 30 Ave,2020,17785,8897,8888,17785,40.768692,-73.92495701359654,12,196,1102.052291256677,1,yearly
nyc,6960.10,3 Ave & E 71 St,2020,31217,15879,15338,31217,40.7687369801406,-73.96119901039503,12,218,698.3374443412243,1,yearly
nyc,6966.04,31 Ave & 14 St,2020,9292,4623,4669,9292,40.7682,-73.93226600721549,12,135,1452.862677572105,1,yearly
nyc,6969.08,E 66 St & Madison Ave,2020,28151,14176,13975,28151,40.76800897397592,-73.9684529712054,12,121,429.8248730062875,1,yearly
nyc,6981.16,37 St & 24 Ave,2020,9480,4750,4730,9480,40.77014796938371,-73.91209397203016,12,245,2584.3881856540083,1,yearly
nyc,6989.07,31 St & Astoria Blvd,2020,14440,7224,7216,14440,40.76991796754027,-73.91840597060063,12,275,1904.4321329639888,1,yearly
nyc,6991.12,E 75 St & 3 Ave,2020,37680,18942,18738,37680,40.77112900630349,-73.95772298267929,12,216,573.248407643312,1,yearly
nyc,6996.01,30 Ave & 21 St,2020,9925,4946,4979,9925,40.77037400775671,-73.92860798124464,12,156,1571.7884130982368,1,yearly
nyc,6998.08,E 72 St & Park Ave,2020,36710,18672,18038,36710,40.77118298071502,-73.96409400549564,12,150,408.60800871697086,1,yearly
nyc,7003.03,Vernon Blvd & 30 Rd,2020,18516,9315,9201,18516,40.770845,-73.934171,12,73,394.253618492115,1,yearly
nyc,7003.06,Vernon Blvd & 31 Ave,2020,18445,9194,9251,18445,40.769247964519025,-73.93545001158121,12,67,363.2420710219572,1,yearly
nyc,7009.02,Steinway St & 23 Ave,2020,17592,8788,8804,17592,40.771393962850105,-73.90774395916951,12,157,892.4511141427921,1,yearly
nyc,7018.01,31 St & Hoyt Ave N,2020,8835,4434,4401,8835,40.77115297544997,-73.91700701212686,12,243,2750.424448217317,1,yearly
nyc,7020.09,1 Ave & E 78 St,2020,116704,58575,58129,116704,40.771404007090226,-73.95351697281578,12,234,200.5072662462298,1,yearly
nyc,7023.04,W 59 St & 10 Ave,2020,79588,41913,37675,79588,40.770513,-73.988038,12,171,214.85651103181385,1,yearly
nyc,7026.08,Newtown Ave & 23 St,2020,17413,8686,8727,17413,40.77136196220116,-73.92461496220118,12,186,1068.1674610922873,1,yearly
nyc,7028.04,3 Ave & E 72 St,2020,33823,17297,16526,33823,40.769942974877935,-73.960607002848,12,218,644.5318274546906,1,yearly
nyc,7047.07,35 St & 23 Ave,2020,18,6,12,18,40.77301500921265,-73.9111900367758,1,180,1000000.0,1,yearly
nyc,7049.04,E 82 St & East End Ave,2020,34873,17494,17379,34873,40.77246097206684,-73.9468209747581,12,180,516.1586327531328,1,yearly
nyc,7052.01,W 63 St & Broadway,2020,75629,38364,37265,75629,40.77163897128339,-73.98261400651316,12,191,252.54862552724487,1,yearly
nyc,7057.07,E 78 St & 2 Ave,2020,34420,17318,17102,34420,40.77279697184833,-73.9557780002595,12,236,685.6478791400349,1,yearly
nyc,7059.01,11 Ave & W 59 St,2020,83067,41449,41618,83067,40.77149696740637,-73.99046001200556,12,130,156.500174557887,1,yearly
nyc,7059.04,W 59 St & West End Ave,2020,22501,11191,11310,22501,40.771771,-73.990625,3,125,555.5308652948758,1,yearly
nyc,7059.08,West End Ave & W 60 St,2020,46254,23114,23140,46254,40.77237,-73.99005,6,127,274.5708479266658,1,yearly
nyc,7062.07,18 St & 27 Ave,2020,39,20,19,39,40.772768014681446,-73.9274360241531,1,149,382051.28205128206,1,yearly
nyc,7068.07,8 St & Astoria Blvd,2020,38,19,19,38,40.77259983601912,-73.93266284265799,1,87,228947.3684210526,1,yearly
nyc,7079.06,Central Park West & W 68 St,2020,113390,57888,55502,113390,40.773406963853084,-73.9778250139236,12,132,116.41238204427198,1,yearly
nyc,7084.12,E 81 St & York Ave,2020,52015,26684,25331,52015,40.77283801001348,-73.94989200826113,12,253,486.39815437854463,1,yearly
nyc,7092.06,E 77 St & 3 Ave,2020,44777,22679,22098,44777,40.77314200739535,-73.95856197724046,12,219,489.09038122250263,1,yearly
nyc,7098.05,27 Ave & 9 St,2020,10562,5272,5290,10562,40.7739829528772,-73.93091301538357,12,107,1013.0657072524142,1,yearly
nyc,7100.07,5 Ave & E 72 St,2020,118527,59395,59132,118527,40.772828000764875,-73.96685299473738,12,80,67.49516987690569,1,yearly
nyc,7100.07,5 Ave & E 73 St,2020,6853,3348,3505,6853,40.772828121010505,-73.96685254098817,11,80,1167.3719538888079,1,yearly
nyc,7113.08,East End Ave & E 86 St,2020,32235,16108,16127,32235,40.77518600393239,-73.9444609709415,12,137,425.0038777726074,1,yearly
nyc,7116.04,W 67 St & Broadway,2020,60035,30400,29635,60035,40.77492500314166,-73.98266597274295,12,175,291.4966269676022,1,yearly
nyc,7119.04,24 Ave & 29 St,2020,10902,5458,5444,10902,40.7729,-73.916142,12,233,2137.222527976518,1,yearly
nyc,7121.05,E 81 St & 2 Ave,2020,54419,27857,26562,54419,40.77477901193817,-73.95427497171296,12,238,437.3472500413459,1,yearly
nyc,7123.04,W 64 St & Thelonious Monk Circle,2020,64096,32354,31742,64096,40.77515996320435,-73.98918697641501,12,88,137.29405891163256,1,yearly
nyc,7126.01,21 St & Hoyt Ave S,2020,19385,9679,9706,19385,40.774645,-73.923706,12,143,737.6837761155532,1,yearly
nyc,7128.08,E 76 St & Park Ave,2020,36721,18452,18269,36721,40.773763,-73.96222098421981,12,151,411.2088450750252,1,yearly
nyc,7132.08,27 Ave & 3 St,2020,6851,3404,3447,6851,40.77485,-73.9342,12,62,904.9773755656109,1,yearly
nyc,7141.07,Central Park West & W 72 St,2020,124605,62682,61923,124605,40.77579396861862,-73.9762059675325,12,97,77.84599333895109,1,yearly
nyc,7144.01,31 St & 23 Ave,2020,30350,15188,15162,30350,40.77478797328978,-73.91255500328525,12,95,313.01482701812193,1,yearly
nyc,7146.04,E 85 St & York Ave,2020,37129,19017,18112,37129,40.77536900105405,-73.94803398301927,12,210,565.5956260604918,1,yearly
nyc,7149.05,Amsterdam Ave & W 66 St,2020,30647,15362,15285,30647,40.77466700231216,-73.98470597460009,12,136,443.7628479133357,1,yearly
nyc,7152.10,24 Ave & 26 St,2020,8338,4159,4179,8338,40.774591,-73.918544,12,182,2182.7776445190693,1,yearly
nyc,7154.07,E 81 St & 3 Ave,2020,38167,19278,18889,38167,40.77573001115884,-73.95675296681442,12,228,597.3746954175073,1,yearly
nyc,7159.08,Astoria Park S & Shore Blvd,2020,37161,18563,18598,37161,40.7767,-73.927631,12,67,180.2965474556659,1,yearly
nyc,7161.08,5 Ave & E 78 St,2020,76051,38886,37165,76051,40.77632101498374,-73.96427397374246,12,105,138.06524569039198,1,yearly
nyc,7175.05,Columbus Ave & W 72 St,2020,113109,60566,52543,113109,40.777057968811555,-73.97898497472205,12,169,149.41339769602774,1,yearly
nyc,7178.02,23 Ave & 27 St,2020,8338,4176,4162,8338,40.776165,-73.9153179588876,12,80,959.462700887503,1,yearly
nyc,7180.02,E 84 St & 1 Ave,2020,67297,33680,33617,67297,40.77565501072201,-73.95068600392268,12,245,364.0578331872149,1,yearly
nyc,7183.03,Riverside Blvd & W 67 St,2020,80251,40207,40044,80251,40.77750700088278,-73.98888597542991,12,82,102.17941209455334,1,yearly
nyc,7186.15,19 St & 24 Ave,2020,18028,9007,9021,18028,40.77745500933453,-73.9225400140018,12,73,404.9256711781673,1,yearly
nyc,7188.10,E 81 St & Park Ave,2020,21570,11685,9885,21570,40.776777000476166,-73.95900997384045,12,193,894.7612424663885,1,yearly
nyc,7188.13,Madison Ave & E 82 St,2020,42472,21393,21079,42472,40.77813101579515,-73.96069397694549,12,145,341.4013938594839,1,yearly
nyc,7204.08,E 89 St & York Ave,2020,40968,20604,20364,40968,40.7779450070359,-73.946041,12,185,451.5719586018356,1,yearly
nyc,7207.08,W 70 St & Amsterdam Ave,2020,77734,39059,38675,77734,40.77748001039563,-73.98288598131707,12,187,240.5639745799779,1,yearly
nyc,7210.07,21 St & 23 Ave,2020,89,42,47,89,40.778557,-73.919046,1,53,59550.56179775281,1,yearly
nyc,7212.05,E 85 St & 3 Ave,2020,90932,45601,45331,90932,40.77801200078779,-73.95407101286722,12,202,222.14401970703383,1,yearly
nyc,7230.10,W 74 St & Columbus Ave,2020,43982,22098,21884,43982,40.77856697929212,-73.9775499728606,12,153,347.8695830112319,1,yearly
nyc,7233.05,Crescent St & Ditmars Blvd,2020,12197,6098,6099,12197,40.778718956288394,-73.9145649562884,12,62,508.32171845535794,1,yearly
nyc,7235.13,E 88 St & 1 Ave,2020,65451,32628,32823,65451,40.778301,-73.94881300913663,12,224,342.24076026340316,1,yearly
nyc,7243.04,E 84 St & Park Ave,2020,37414,19123,18291,37414,40.77862698178614,-73.95772097798393,12,195,521.1952744961778,1,yearly
nyc,7253.04,Central Park West & W 76 St,2020,69476,35357,34119,69476,40.77896796799408,-73.97374701287379,12,81,116.58702285681386,1,yearly
nyc,7260.09,Amsterdam Ave & W 73 St,2020,108943,54981,53962,108943,40.77966800211093,-73.98093001048933,12,183,167.9777498324812,1,yearly
nyc,7265.10,E 89 St & 3 Ave,2020,49401,25101,24300,49401,40.780628010341964,-73.95216697570321,12,203,410.92285581263536,1,yearly
nyc,7281.09,W 76 St & Columbus Ave,2020,53771,29739,24032,53771,40.78018397788547,-73.977285007963,12,183,340.33214929980846,1,yearly
nyc,7286.01,E 91 St & 2 Ave,2020,58783,29552,29231,58783,40.781151547255654,-73.94963120357703,12,287,488.23639487606965,1,yearly
nyc,7286.02,E 93 St & 2 Ave,2020,27989,13985,14004,27989,40.78245400486647,-73.94891997168334,12,316,1129.0149701668513,1,yearly
nyc,7286.05,1 Ave & E 94 St,2020,44576,22238,22338,44576,40.781721005382245,-73.94594,12,294,659.5477386934673,1,yearly
nyc,7288.04,Riverside Dr & W 72 St,2020,82198,41143,41055,82198,40.780577983234174,-73.98562400856166,12,131,159.37127424024916,1,yearly
nyc,7291.06,Ditmars Blvd & 19 St,2020,25295,12660,12635,25295,40.78145,-73.91833000849473,12,30,118.60051393556039,1,yearly
nyc,7293.10,E 88 St & Park Ave,2020,30216,15470,14746,30216,40.78141097597193,-73.95595900200532,12,149,493.11622981202015,1,yearly
nyc,7304.04,Central Park West & W 82 St,2020,1740,928,812,1740,40.782593,-73.971211,1,84,4827.586206896552,1,yearly
nyc,7304.08,W 82 St & Central Park West,2020,44088,22874,21214,44088,40.78275,-73.97137,12,86,195.06441662130285,1,yearly
nyc,7311.02,Amsterdam Ave & W 79 St,2020,37139,18742,18397,37139,40.78293900211421,-73.9786519827718,8,185,498.1286518215353,1,yearly
nyc,7311.1,W 78 St & Amsterdam Ave,2020,35057,17558,17499,35057,40.78253596203906,-73.97908500299195,5,189,539.1220013121488,1,yearly
nyc,7323.1,5 Ave & E 88 St,2020,103257,51671,51586,103257,40.78307,-73.95939,12,77,74.57121551081282,1,yearly
nyc,7327.01,Wards Meadow Comfort Station,2020,4483,2237,2246,4483,40.78294,-73.93077,3,0,0.0,1,yearly
nyc,7338.02,2 Ave & E 96 St,2020,60262,30146,30116,60262,40.7839639722169,-73.94716700808803,12,337,559.2247187282201,1,yearly
nyc,7340.06,Riverside Dr & W 78 St,2020,43360,21754,21606,43360,40.78414497281505,-73.98362497875752,12,155,357.47232472324725,1,yearly
nyc,7340.07,West End Ave & W 78 St,2020,22335,11401,10934,22335,40.783786,-73.981687,11,169,756.6599507499441,1,yearly
nyc,7344.05,E 91 St & Park Ave,2020,29638,15207,14431,29638,40.78350197522819,-73.955327,12,162,546.5955867467441,1,yearly
nyc,7354.01,Central Park West & W 85 St,2020,40792,20426,20366,40792,40.78476,-73.969862,5,94,230.4373406550304,1,yearly
nyc,7354.02,Central Park West & W 85 St,2020,1893,946,947,1893,40.78472662280077,-73.96961712456016,7,91,4807.1843634442685,1,yearly
nyc,7354.02,Central Park West & W 85 St (old),2020,42636,21471,21165,42636,40.784727,-73.969617,7,91,213.43465615911435,1,yearly
nyc,7360.10,Amsterdam Ave & W 82 St,2020,67558,34501,33057,67558,40.78524697145618,-73.97667300595272,12,175,259.0366795938305,1,yearly
nyc,7365.08,E 97 St & 3 Ave,2020,16583,8343,8240,16583,40.78592000228744,-73.94860298195412,12,335,2020.141108363987,1,yearly
nyc,7365.13,E 95 St & 3 Ave,2020,24596,12335,12261,24596,40.78490300616461,-73.950503,12,252,1024.5568385103268,1,yearly
nyc,7372.10,5 Ave & E 93 St,2020,41105,20854,20251,41105,40.78578500350536,-73.957481,12,122,296.80087580586303,1,yearly
nyc,7382.04,W 84 St & Columbus Ave,2020,65647,33986,31661,65647,40.784999977205324,-73.97283400136276,12,146,222.40163297637363,1,yearly
nyc,7386.10,2 Ave & E 99 St,2020,24278,12165,12113,24278,40.78625897062286,-73.94552597548724,12,428,1762.9129252821483,1,yearly
nyc,7388.10,Riverside Dr & W 82 St,2020,48654,24473,24181,48654,40.78720897411303,-73.98128100788715,12,135,277.4694783573807,1,yearly
nyc,7393.09,E 97 St & Madison Ave,2020,49179,24907,24272,49179,40.787801,-73.953559,12,241,490.0465645905773,1,yearly
nyc,7407.13,E 102 St & 1 Ave,2020,49647,24707,24940,49647,40.78699497124927,-73.94164800055118,12,408,821.8019215662578,1,yearly
nyc,7409.08,W 84 St & Broadway,2020,46519,24294,22225,46519,40.78679497385477,-73.977112,12,178,382.63935166276144,1,yearly
nyc,7414.17,3 Ave & E 100 St,2020,15065,7512,7553,15065,40.78772101296244,-73.9472830100459,12,373,2475.9376037172256,1,yearly
nyc,7432.04,W 90 St & Amsterdam Ave,2020,35261,17868,17393,35261,40.790179012904254,-73.97288900496238,12,189,536.0029494342191,1,yearly
nyc,7432.09,W 89 St & Columbus Ave,2020,61620,33489,28131,61620,40.78822100719304,-73.97041597095885,12,160,259.6559558584875,1,yearly
nyc,7436.11,2 Ave & E 104 St,2020,28842,14450,14392,28842,40.78921096689299,-73.94370797589089,12,297,1029.7482837528603,1,yearly
nyc,7443.01,Madison Ave & E 99 St,2020,37443,18718,18725,37443,40.78948500651165,-73.95242900461635,12,276,737.1204230430254,1,yearly
nyc,7443.17,E 98 St & Park Ave,2020,18977,9516,9461,18977,40.78813,-73.95206,12,294,1549.243821468093,1,yearly
nyc,7450.05,Pleasant Ave & E 116 St,2020,46288,23027,23261,46288,40.79498797381043,-73.93333497381043,12,272,587.6253024541999,1,yearly
nyc,7453.01,Central Park W & W 91 St,2020,26938,13507,13431,26938,40.78866496136869,-73.96680094280968,5,102,378.64726408790557,1,yearly
nyc,7456.03,E 106 St & 1 Ave,2020,22628,11265,11363,22628,40.7892529694278,-73.9395620139971,12,321,1418.5964292027577,1,yearly
nyc,7458.03,W 87 St & Amsterdam Ave,2020,37787,19001,18786,37787,40.78839,-73.9747,12,179,473.70788895651947,1,yearly
nyc,7463.09,E 103 St & Lexington Ave,2020,28616,14271,14345,28616,40.79030500230615,-73.94755797175314,12,320,1118.255521386637,1,yearly
nyc,7484.05,W 87 St & West End Ave,2020,40199,20840,19359,40199,40.789622,-73.97757,12,129,320.903505062315,1,yearly
nyc,7488.24,E 102 St & Park Ave,2020,23534,11767,11767,23534,40.79048297408624,-73.9503309714084,12,328,1393.7282229965156,1,yearly
nyc,7499.05,Central Park W & W 96 St,2020,49712,25810,23902,49712,40.79127,-73.964839,8,94,189.08915352429997,1,yearly
nyc,7502.01,W 92 St & Broadway,2020,34354,17412,16942,34354,40.7921,-73.9739,12,214,622.9260057053036,1,yearly
nyc,7504.12,E 109 St & 3 Ave,2020,20570,10211,10359,20570,40.79329695571571,-73.94320801375392,12,327,1589.6937287311619,1,yearly
nyc,7504.18,E 106 St & Lexington Ave,2020,22882,11329,11553,22882,40.791976,-73.945993,12,328,1433.4411327681146,1,yearly
nyc,7511.19,5 Ave & E 103 St,2020,58515,29222,29293,58515,40.79225500701698,-73.95249900771869,12,209,357.1733743484576,1,yearly
nyc,7514.01,Icahn Stadium,2020,2272,1140,1132,2272,40.79346,-73.92389,3,0,0.0,1,yearly
nyc,7520.07,Columbus Ave & W 95 St,2020,83142,42834,40308,83142,40.79195597673862,-73.968087,12,189,227.32193115392943,1,yearly
nyc,7522.02,1 Ave & E 110 St,2020,32922,16286,16636,32922,40.79232700934757,-73.9383,12,295,896.0573476702508,1,yearly
nyc,7524.09,West End Ave & W 94 St,2020,45536,22833,22703,45536,40.794165011756704,-73.974124,12,203,445.8011243851019,1,yearly
nyc,7524.16,Riverside Dr & W 91 St,2020,46619,23387,23232,46619,40.79313497624819,-73.97700397294484,12,162,347.4978013256398,1,yearly
nyc,7528.31,E 106 St & Madison Ave,2020,22819,11343,11476,22819,40.79343396645715,-73.94945000111959,12,287,1257.7238266356983,1,yearly
nyc,7538.12,Central Park West & W 100 St,2020,39563,20059,19504,39563,40.79406697558661,-73.96286801372484,8,100,252.7614184970806,1,yearly
nyc,7538.14,W 100 St & Manhattan Ave,2020,48686,24514,24172,48686,40.795,-73.9645,12,136,279.3410836790864,1,yearly
nyc,7538.18,Central Park W & W 97 St,2020,37988,19140,18848,37988,40.79249500774823,-73.96417094964802,5,91,239.54933136780036,1,yearly
nyc,7540.02,E 114 St & 1 Ave,2020,19055,9364,9691,19055,40.79456600910539,-73.93625400303513,12,291,1527.1582261873523,1,yearly
nyc,7541.01,W 95 St & Broadway,2020,57339,28698,28641,57339,40.79377000940526,-73.971888,12,237,413.3312405169257,1,yearly
nyc,7543.15,3 Ave & E 112 St,2020,16856,8396,8460,16856,40.795508,-73.941606,12,329,1951.827242524917,1,yearly
nyc,7563.06,E 116 St & 2 Ave,2020,16826,8334,8492,16826,40.796879,-73.937261,12,315,1872.1026982051587,1,yearly
nyc,7567.06,Lexington Ave & E 111 St,2020,25414,12572,12842,25414,40.795412003500594,-73.9441230070012,12,340,1337.845282127961,1,yearly
nyc,7571.01,Sunken Meadow Comfort Station,2020,1696,846,850,1696,40.79558,-73.91906,3,0,0.0,1,yearly
nyc,7577.24,Central Park West & W 102 St,2020,10512,5471,5041,10512,40.795346,-73.96186,7,101,960.8066971080669,1,yearly
nyc,7577.27,Central Park W & W 103 St,2020,18192,9190,9002,18192,40.795623380394524,-73.96186194203536,5,89,489.22603342128406,1,yearly
nyc,7579.01,Pleasant Ave & E 120 St,2020,15564,7720,7844,15564,40.79747701067135,-73.93118494893297,12,293,1882.5494731431506,1,yearly
nyc,7580.01,W 100 St & Broadway,2020,62199,31760,30439,62199,40.79737200279455,-73.97041197723361,12,202,324.7640637309281,1,yearly
nyc,7587.14,E 110 St & Madison Ave,2020,45503,22665,22838,45503,40.79615395701962,-73.94782101688772,12,276,606.5534140606113,1,yearly
nyc,7595.17,Columbus Ave & W 103 St,2020,11739,6017,5722,11739,40.79693495863338,-73.96434100918614,12,132,1124.4569384104268,1,yearly
nyc,7596.1,E 118 St & 1 Ave,2020,19172,9489,9683,19172,40.79747,-73.93504,12,350,1825.5789693302734,1,yearly
nyc,7599.02,E 115 St & Madison Ave,2020,14939,7444,7495,14939,40.79894495365345,-73.944846,12,314,2101.880982662829,1,yearly
nyc,7599.09,E 115 St & Lexington Ave,2020,23046,11488,11558,23046,40.797911,-73.9423,12,365,1583.7889438514273,1,yearly
nyc,7602.05,Lenox Ave & W 111 St,2020,72237,35937,36300,72237,40.79878597227041,-73.9523,12,208,287.94108282459126,1,yearly
nyc,7606.01,W 106 St & Central Park West,2020,58097,29489,28608,58097,40.79818596648835,-73.96059097570803,12,130,223.76370552696355,1,yearly
nyc,7610.13,W 104 St & Amsterdam Ave,2020,27765,14190,13575,27765,40.79904101242027,-73.9664949712284,12,151,543.8501710786962,1,yearly
nyc,7611.02,E 118 St & 3 Ave,2020,25918,12938,12980,25918,40.799139,-73.93891500723173,12,351,1354.2711628983718,1,yearly
nyc,7613.04,E 134 St & Walnut Ave,2020,1574,785,789,1574,40.800425,-73.911034,8,147,9339.263024142312,1,yearly
nyc,7617.07,Central Park North & Adam Clayton Powell Blvd,2020,106396,52577,53819,106396,40.799484,-73.955613,12,170,159.78044287379225,1,yearly
nyc,7618.01,Bronx Shore Comfort Station,2020,1316,672,644,1316,40.80046,-73.92404,3,102,7750.759878419452,1,yearly
nyc,7619.05,W 107 St & Columbus Ave,2020,22234,11149,11085,22234,40.79975696984554,-73.96211297244044,12,152,683.637672033822,1,yearly
nyc,7622.12,2 Ave & E 122 St,2020,14513,7219,7294,14513,40.80067200723571,-73.9349,12,419,2887.066767725488,1,yearly
nyc,7623.13,Riverside Dr & W 104 St,2020,52353,26263,26090,52353,40.80134301202501,-73.9711459739168,12,80,152.80881706874487,1,yearly
nyc,7625.18,E 118 St & Park Ave,2020,11085,5532,5553,11085,40.80053894948235,-73.94199496600027,12,277,2498.872350022553,1,yearly
nyc,7626.02,Willow Ave & E 133 St,2020,7638,3809,3829,7638,40.800933,-73.913863,8,219,2867.2427336999212,1,yearly
nyc,7627.10,Lenox Ave & W 115 St,2020,26491,13059,13432,26491,40.80119396692337,-73.95007396692337,12,257,970.1408025367106,1,yearly
nyc,7631.23,Frederick Douglass Blvd & W 112 St,2020,53688,26679,27009,53688,40.801694,-73.957145,12,202,376.24795112501863,1,yearly
nyc,7634.01,W 106 St & Amsterdam Ave,2020,33160,16745,16415,33160,40.80083601035877,-73.96644900853563,12,140,422.1954161640531,1,yearly
nyc,7636.05,E 123 St & Lexington Ave,2020,11848,5900,5948,11848,40.80292601243486,-73.9379,12,381,3215.732613099257,1,yearly
nyc,7639.06,Walnut Ave & E 136 St,2020,1142,562,580,1142,40.801657,-73.909513,8,224,19614.711033274958,1,yearly
nyc,7640.04,E 118 St & Madison Ave,2020,17703,8869,8834,17703,40.80148695935341,-73.94425096314978,12,255,1440.4338247754617,1,yearly
nyc,7642.04,E 133 St & Cypress Pl,2020,580,284,296,580,40.80262,-73.9174,7,372,64137.93103448275,1,yearly
nyc,7643.18,Adam Clayton Powell Blvd & W 115 St,2020,16997,8469,8528,16997,40.802535,-73.95324200933966,12,270,1588.5156204036007,1,yearly
nyc,7646.04,W 110 St & Amsterdam Ave,2020,37399,19070,18329,37399,40.802692,-73.96295,12,157,419.7973207839782,1,yearly
nyc,7648.16,2 Av & E 125 St,2020,26,10,16,26,40.802554,-73.933509,1,387,1488461.5384615385,1,yearly
nyc,7648.16,2 Ave & E 125 St,2020,13890,6946,6944,13890,40.802554,-73.933509,8,387,2786.1771058315335,1,yearly
nyc,7650.05,West End Ave & W 107 St,2020,32984,17178,15806,32984,40.8021170097717,-73.96818097028547,12,108,327.431481930633,1,yearly
nyc,7652.04,Lexington Ave & E 120 St,2020,14653,7300,7353,14653,40.801306967726596,-73.93981697078037,12,383,2613.79922200232,1,yearly
nyc,7654.04,E 138 St & Willow Ave,2020,1553,781,772,1553,40.804168,-73.911545,8,348,22408.24211204121,1,yearly
nyc,7655.22,Lenox Ave & W 117 St,2020,37978,18951,19027,37978,40.80255696233249,-73.94907800641218,12,254,668.808257412186,1,yearly
nyc,7657.03,St. Ann's Av & Bruckner Blvd,2020,2362,1175,1187,2362,40.803399,-73.919763,8,306,12955.122777307368,1,yearly
nyc,7658.13,Frederick Douglass Blvd & W 115 St,2020,39848,19841,20007,39848,40.80386501698347,-73.95593095956413,12,239,599.7791608110821,1,yearly
nyc,7662.13,Lexington Ave & E 127 St,2020,8077,3988,4089,8077,40.805726,-73.936322,12,428,5298.997152408072,1,yearly
nyc,7667.04,Madison Ave & E 120 St,2020,17528,8788,8740,17528,40.80295,-73.942954,12,338,1928.3432222729348,1,yearly
nyc,7669.10,E 138 St & Cypress Ave,2020,1774,906,868,1774,40.805559,-73.914718,7,455,25648.25253664036,1,yearly
nyc,7670.09,Adam Clayton Powell Blvd & W 118 St,2020,20266,10069,10197,20266,40.804372,-73.951475,12,279,1376.6900226981152,1,yearly
nyc,7680.03,Cathedral Pkwy & Broadway,2020,53975,27512,26463,53975,40.804213,-73.96699100132425,12,105,194.53450671607226,1,yearly
nyc,7682.01,Park Ave & E 124 St,2020,36495,18194,18301,36495,40.804555963552566,-73.93968600285821,12,369,1011.0974106041923,1,yearly
nyc,7685.14,Mt Morris Park W & W 120 St,2020,28299,14123,14176,28299,40.804038,-73.945925,12,310,1095.445068730344,1,yearly
nyc,7687.05,E 135 St & St Ann's Ave,2020,2429,1217,1212,2429,40.805089,-73.918889,8,385,15850.144092219021,1,yearly
nyc,7688.12,Frederick Douglass Blvd & W 117 St,2020,62210,30859,31351,62210,40.805159,-73.954692,12,227,364.89310400257193,1,yearly
nyc,7691.05,Willis Ave & Bruckner Blvd,2020,5922,2963,2959,5922,40.805701,-73.925177,8,315,5319.148936170212,1,yearly
nyc,7692.11,W 116 St & Amsterdam Ave,2020,20478,11432,9046,20478,40.80675800349105,-73.96070800698207,12,99,483.4456489891591,1,yearly
nyc,7696.07,E 128 St & 3 Ave,2020,1955,961,994,1955,40.805631,-73.934077,8,380,19437.340153452686,1,yearly
nyc,7701.19,5 Ave & E 126 St,2020,21628,10798,10830,21628,40.80698,-73.941747,12,372,1719.9926021823562,1,yearly
nyc,7703.14,E 141 St & Jackson Ave,2020,1596,797,799,1596,40.806896,-73.911837,7,367,22994.98746867168,1,yearly
nyc,7704.04,Adam Clayton Powell Blvd & W 123 St,2020,22739,11328,11411,22739,40.80783195901126,-73.949373,12,361,1587.5808083029158,1,yearly
nyc,7707.08,Brook Ave & E 138 St,2020,4255,2013,2242,4255,40.807408,-73.91924000000002,7,448,10528.789659224441,1,yearly
nyc,7712.04,Alexander Ave & E 134 St,2020,2729,1366,1363,2729,40.807466,-73.927107,6,318,11652.620007328691,1,yearly
nyc,7712.06,Lincoln Ave & E 134 St,2020,3861,1929,1932,3861,40.808484,-73.928803,8,348,9013.209013209012,1,yearly
nyc,7713.01,W 113 St & Broadway,2020,28930,15124,13806,28930,40.805973,-73.964928,12,104,359.48842032492223,1,yearly
nyc,7713.11,W 116 St & Broadway,2020,24951,13249,11702,24951,40.8082,-73.9641,12,100,400.78553965772915,1,yearly
nyc,7716.19,Lexington Ave & E 128 St,2020,5749,2869,2880,5749,40.806414,-73.936085,8,408,7096.886415028701,1,yearly
nyc,7719.04,OLD Southern Blvd & E 142 St,2020,113,56,57,113,40.807258,-73.907999,2,314,277876.1061946903,1,yearly
nyc,7719.04,Southern Blvd & E 142 St,2020,26,13,13,26,40.807258,-73.907999,2,314,1207692.3076923077,1,yearly
nyc,7719.13,Southern Blvd & E 142 St,2020,542,299,243,542,40.80734704311386,-73.90809786955472,6,315,58118.08118081181,1,yearly
nyc,7720.03,Lenox Ave & W 126 St,2020,50428,25105,25323,50428,40.808442,-73.94520896131422,12,348,690.0928055841993,1,yearly
nyc,7722.06,E 141 St & St Ann's Ave,2020,2811,1385,1426,2811,40.808633,-73.916124,7,202,7186.054784774101,1,yearly
nyc,7723.01,St Nicholas Ave & Manhattan Ave,2020,38785,19305,19480,38785,40.809725,-73.953149,12,335,863.7359804047958,1,yearly
nyc,7726.02,Willis Ave & E 137 St,2020,6346,3183,3163,6346,40.808384,-73.923604,8,436,6870.469587141506,1,yearly
nyc,7727.07,Amsterdam Ave & W 119 St,2020,13869,7154,6715,13869,40.80862496726133,-73.9596210143485,12,97,699.4015430095898,1,yearly
nyc,7735.05,5 Ave & W 131 St,2020,10560,5297,5263,10560,40.81014,-73.93973,8,345,3267.0454545454545,1,yearly
nyc,7735.23,E 128 St & Madison Ave,2020,11475,5738,5737,11475,40.80756,-73.939182,12,360,3137.254901960784,1,yearly
nyc,7737.06,St Mary's St & Jackson Ave,2020,3337,1660,1677,3337,40.808891,-73.91081,8,321,9619.418639496553,1,yearly
nyc,7738.04,Adam Clayton Powell Blvd & W 126 St,2020,31320,15571,15749,31320,40.80949501548195,-73.94776496508392,12,390,1245.2107279693487,1,yearly
nyc,7740.08,Brook Ave & E 141 St,2020,1833,925,908,1833,40.809619,-73.917875,8,236,12875.068194217129,1,yearly
nyc,7741.01,Morningside Ave & W 123 St,2020,22357,11150,11207,22357,40.81,-73.95515096297977,12,274,1225.566936529946,1,yearly
nyc,7741.04,Morningside Dr & Amsterdam Ave,2020,7709,3899,3810,7709,40.81028500308629,-73.95736494600867,12,224,2905.6946426255026,1,yearly
nyc,7744.06,Lincoln Ave & E 138 St,2020,6597,3285,3312,6597,40.810893,-73.927311,8,393,5957.25329695316,1,yearly
nyc,7745.07,W 120 St & Claremont Ave,2020,20537,10809,9728,20537,40.810949009710775,-73.9634,12,85,413.8871305448703,1,yearly
nyc,7748.02,E 132 St & Madison Ave,2020,11358,5662,5696,11358,40.810224,-73.937195,8,288,2535.6576862123616,1,yearly
nyc,7751.05,Wales Ave & E 147 St,2020,1970,982,988,1970,40.811314,-73.907729,7,235,11928.934010152285,1,yearly
nyc,7753.13,Lenox Ave & W 130 St,2020,29181,14571,14610,29181,40.81079200932662,-73.9430680046633,12,367,1257.6676604640004,1,yearly
nyc,7755.03,St. Ann's Ave & E 144 St,2020,2615,1317,1298,2615,40.811112,-73.914932,8,190,7265.774378585087,1,yearly
nyc,7756.10,St. Nicholas Ave & W 126 St,2020,43042,21468,21574,43042,40.81143201334789,-73.95187795663844,12,353,820.1291761535244,1,yearly
nyc,7759.08,Willis Ave & E 141 St,2020,5214,2608,2606,5214,40.81093,-73.921606,8,252,4833.141542002301,1,yearly
nyc,7767.06,Southern Blvd & Avenue St. John,2020,1115,564,551,1115,40.812769,-73.901583,4,223,20000.0,1,yearly
nyc,7769.06,5 Av & E 135 St,2020,17,6,11,17,40.812191,-73.937838,1,302,1776470.5882352942,1,yearly
nyc,7769.06,5 Ave & E 135 St,2020,8656,4338,4318,8656,40.812191,-73.937838,8,302,3488.9094269870607,1,yearly
nyc,7774.02,Adam Clayton Powell Blvd & W 130 St,2020,10179,5104,5075,10179,40.812346,-73.946168,8,371,3644.75881717261,1,yearly
nyc,7777.02,E 144 St & Brook Ave,2020,2014,1017,997,2014,40.811675,-73.917037,8,237,11767.626613704071,1,yearly
nyc,7781.10,E 142 St & 3 Ave,2020,2593,1300,1293,2593,40.81273500000001,-73.92369700000002,7,262,10104.126494408023,1,yearly
nyc,7783.18,Broadway & W 122 St,2020,13977,7042,6935,13977,40.81205600609008,-73.9612549695757,12,141,1008.8001717106675,1,yearly
nyc,7788.13,Southern Blvd & E 149 St,2020,413,204,209,413,40.811892,-73.904192,3,222,53753.026634382564,1,yearly
nyc,7790.04,Lenox Ave & W 133 St,2020,11079,5561,5518,11079,40.81296,-73.941878,7,314,2834.190811445076,1,yearly
nyc,7793.02,E 149 St & Eagle Ave,2020,2542,1270,1272,2542,40.814046,-73.91186,7,232,9126.671911880409,1,yearly
nyc,7795.09,Frederick Douglass Blvd & W 129 St,2020,18306,9165,9141,18306,40.812551005385,-73.94922893786723,12,319,1742.598055282421,1,yearly
nyc,7798.02,Willis Ave & E 143 St,2020,2349,1176,1173,2349,40.812299,-73.92037,8,303,12899.106002554277,1,yearly
nyc,7800.03,Amsterdam Ave & W 125 St,2020,22366,11219,11147,22366,40.813358,-73.956461,12,257,1149.065545917911,1,yearly
nyc,7803.03,E 138 St & Canal St W,2020,1950,975,975,1950,40.812304,-73.929153,7,354,18153.846153846152,1,yearly
nyc,7803.08,E 138 St & Grand Concourse,2020,1869,958,911,1869,40.813224,-73.930605,8,371,19850.187265917604,1,yearly
nyc,7807.04,Beck St & Leggett Ave,2020,753,383,370,753,40.815077,-73.899939,4,251,33333.33333333333,1,yearly
nyc,7809.13,E 138 St & 5 Av,2020,9097,4548,4549,9097,40.81449,-73.936153,8,308,3385.731559854897,1,yearly
nyc,7812.01,E 149 St & Jackson Ave,2020,4985,2499,2486,4985,40.813135,-73.909235,7,218,4373.119358074223,1,yearly
nyc,7814.01,Adam Clayton Powell Blvd & W 132 St,2020,12053,6011,6042,12053,40.813539,-73.94521,7,322,2671.5340579108934,1,yearly
nyc,7816.14,Brook Ave & E 148 St,2020,1939,960,979,1939,40.814383,-73.915368,6,282,14543.579164517792,1,yearly
nyc,7818.17,W 129 St & Convent Ave,2020,10867,5454,5413,10867,40.814394012161735,-73.95324701022938,12,303,2788.2580288948193,1,yearly
nyc,7820.05,Hunts Point Ave & Bryant Ave,2020,261,128,133,261,40.813991,-73.8855,3,185,70881.22605363984,1,yearly
nyc,7821.01,Morris Ave & E 142 St,2020,3484,1746,1738,3484,40.814469,-73.924963,8,367,10533.869115958667,1,yearly
nyc,7823.03,Broadway & Moylan Pl,2020,22080,11072,11008,22080,40.81432596158157,-73.95902595798874,12,219,991.8478260869565,1,yearly
nyc,7830.03,Propsect Ave & E 151 St,2020,95,41,54,95,40.814232,-73.903927,2,270,284210.5263157895,1,yearly
nyc,7830.03,Prospect Ave & E 151 St,2020,4087,2045,2042,4087,40.814232,-73.903927,7,270,6606.312698801077,1,yearly
nyc,7832.04,W 135 St & Lenox Terrace Pl,2020,15055,7549,7506,15055,40.813619,-73.939336,8,339,2251.743606775158,1,yearly
nyc,7832.04,West 135 St & Lenox Terrace Pl,2020,86,47,39,86,40.813619,-73.939336,1,339,394186.0465116279,1,yearly
nyc,7835.10,St Ann's Ave & Westchester Ave,2020,1476,730,746,1476,40.815887,-73.911918,6,299,20257.452574525745,1,yearly
nyc,7837.30,St Nicholas Ave & E 134 St,2020,1458,728,730,1458,40.816234,-73.948222,7,252,17283.95061728395,1,yearly
nyc,7837.30,St Nicholas Ave & W 134 St,2020,13248,6627,6621,13248,40.816234,-73.948222,7,252,1902.1739130434785,1,yearly
nyc,7840.05,Courtlandt Ave & E 149 St,2020,2758,1374,1384,2758,40.816402,-73.919549,6,336,12182.74111675127,1,yearly
nyc,7840.11,E 147 St & Bergen Ave,2020,2874,1430,1444,2874,40.814673000000006,-73.91839,7,331,11517.04940848991,1,yearly
nyc,7842.16,Amsterdam Ave & W 131 St,2020,6030,3026,3004,6030,40.816355,-73.954295,8,246,4079.6019900497513,1,yearly
nyc,7844.05,Barry St & Tiffany St,2020,87,43,44,87,40.816126,-73.891559,3,409,470114.9425287357,1,yearly
nyc,7845.06,Grand Concourse & E 144 St,2020,8147,4058,4089,8147,40.816576,-73.927987,8,343,4210.138701362464,1,yearly
nyc,7849.10,Longwood Ave & Southern Blvd,2020,1475,734,741,1475,40.816343,-73.896447,4,300,20338.98305084746,1,yearly
nyc,7851.04,5 Av & W 139 St,2020,13604,6802,6802,13604,40.815484000000005,-73.93585599999999,7,272,1999.4119376653925,1,yearly
nyc,7853.01,Westchester Ave & Jackson Ave,2020,3919,1956,1963,3919,40.816124,-73.90811599999999,7,230,5868.844092880837,1,yearly
nyc,7855.03,Adam Clayton Powell Blvd & W 138 St,2020,15623,7808,7815,15623,40.81695992237349,-73.9422959333324,6,329,2105.8695513025664,1,yearly
nyc,7858.02,Bergen Ave & E 152 St,2020,1343,660,683,1343,40.817166,-73.914737,6,324,24125.093075204764,1,yearly
nyc,7860.08,Convent Ave & W 135 St,2020,4233,2208,2025,4233,40.818215,-73.950988,8,223,5268.1313489251115,1,yearly
nyc,7863.03,E 149 St & Morris Ave,2020,9785,4946,4839,9785,40.81734,-73.922962,8,340,3474.7061829330605,1,yearly
nyc,7865.09,Broadway & W 131 St,2020,5926,2961,2965,5926,40.817555,-73.957163,6,290,4893.688828889639,1,yearly
nyc,7867.04,Southern Blvd & Tiffany St,2020,836,414,422,836,40.818185,-73.894143,4,444,53110.04784688995,1,yearly
nyc,7868.05,Gerard Ave & E 146 St,2020,2116,1057,1059,2116,40.817755,-73.92965,6,262,12381.852551984877,1,yearly
nyc,7870.02,Prospect Ave & Longwood Ave,2020,2644,1321,1323,2644,40.81899,-73.90202,6,211,7980.332829046899,1,yearly
nyc,7879.01,Melrose Ave & E 150 St,2020,7176,3579,3597,7176,40.816827,-73.917338,7,346,4821.627647714604,1,yearly
nyc,7881.09,Old Broadway & W 133 St,2020,904,469,435,904,40.818212,-73.955277,5,237,26216.814159292033,1,yearly
nyc,7883.06,Lafayette Ave & Hunts Point Ave,2020,212,105,107,212,40.816567,-73.888161,3,373,175943.39622641512,1,yearly
nyc,7883.09,Seneca Ave & Irvine St,2020,22,11,11,22,40.81872588180919,-73.88862490059454,1,426,1936363.6363636362,1,yearly
nyc,7884.04,E 149 St & Park Ave,2020,1031,503,528,1031,40.818154,-73.925294,3,307,29776.915615906884,1,yearly
nyc,7884.04 (do not use),E 149 St & Park Ave,2020,1,0,1,1,40.818154,-73.925294,1,307,30700000.0,1,yearly
nyc,7886.02,12 Ave & W 125 St,2020,71031,35433,35598,71031,40.818299,-73.960405,12,162,228.06943447227266,1,yearly
nyc,7888.10,Dawson St & Intervale Ave,2020,322,162,160,322,40.819999,-73.897263,4,353,109627.32919254659,1,yearly
nyc,7891.06,Westchester Ave & E 156 St,2020,1245,625,620,1245,40.817802,-73.905203,5,206,16546.184738955824,1,yearly
nyc,7893.05,Adam Clayton Powell Blvd & W 141 St,2020,11373,5736,5637,11373,40.819241,-73.941057,7,396,3481.930888947507,1,yearly
nyc,7896.11,E 156 & Brook Ave,2020,2712,1345,1367,2712,40.819823,-73.912411,6,289,10656.342182890856,1,yearly
nyc,7898.03,St Nicholas Ave & W 137 St,2020,17330,8652,8678,17330,40.818477,-73.947568,8,242,1396.4223889209463,1,yearly
nyc,7901.04,Morris Ave & E 153 St,2020,5633,2787,2846,5633,40.820036,-73.921411,8,258,4580.152671755725,1,yearly
nyc,7903.02,Broadway & W 133 St,2020,6848,3411,3437,6848,40.81903402349704,-73.956156,6,238,3475.467289719626,1,yearly
nyc,7905.05,Garrison Ave & Manida St,2020,90,44,46,90,40.818743,-73.890247,3,433,481111.11111111107,1,yearly
nyc,7906.13,E 150 St & Gerard Ave,2020,3526,1750,1776,3526,40.820089,-73.928947,5,256,7260.351673284175,1,yearly
nyc,7909.07,Westchester Ave & Longwood Ave,2020,1905,954,951,1905,40.819701,-73.901311,4,210,11023.622047244095,1,yearly
nyc,7910.01,Lenox Ave & W 144 St,2020,11090,5538,5552,11090,40.819782999999994,-73.936521,7,273,2461.6771866546437,1,yearly
nyc,7910.10,Lenox Ave & W 146 St,2020,3105,1551,1554,3105,40.821111,-73.935971,6,237,7632.850241545893,1,yearly
nyc,7913.15,Cauldwell Ave & E 158 St,2020,701,345,356,701,40.81989,-73.908351,5,264,37660.485021398,1,yearly
nyc,7915.11,Edgecombe Ave & W 141 St,2020,18802,9396,9406,18802,40.820681,-73.945144,7,332,1765.7695989788322,1,yearly
nyc,7918.12,Melrose Ave & E 154 St,2020,1532,764,768,1532,40.819609,-73.916071,6,330,21540.46997389034,1,yearly
nyc,7920.01,Hamilton Pl & W 138 St,2020,3670,1875,1795,3670,40.821728,-73.952761,6,186,5068.119891008174,1,yearly
nyc,7920.05,Amsterdam Ave & W 136 St,2020,7036,3715,3321,7036,40.819746,-73.951819,8,176,2501.421262080728,1,yearly
nyc,7922.01,Faile St & Garrison Ave,2020,738,360,378,738,40.820578,-73.888271,4,413,55962.05962059621,1,yearly
nyc,7925.04,W 133 St & 12 Ave,2020,15835,7916,7919,15835,40.820003,-73.95908900000002,7,163,1029.365329965267,1,yearly
nyc,7927.08,E 163 St & Tiffany St,2020,770,380,390,770,40.821075,-73.895069,4,419,54415.58441558442,1,yearly
nyc,7931.05,E 160 St & Tinton Ave,2020,1104,547,557,1104,40.820302,-73.903944,5,199,18025.36231884058,1,yearly
nyc,7932.10,W 144 St & Adam Clayton Powell Blvd,2020,9428,4737,4691,9428,40.820877,-73.939249,7,368,3903.266864658464,1,yearly
nyc,7935.07,Brook Ave & E 157 St,2020,2058,1036,1022,2058,40.820713,-73.911759,6,310,15063.168124392614,1,yearly
nyc,7937.15,St. Nicholas Terrace & Convent Ave,2020,2613,1299,1314,2613,40.821294,-73.947868,7,275,10524.301569077688,1,yearly
nyc,7940.02,E 155 St & Courtlandt Ave,2020,1235,614,621,1235,40.82057,-73.917579,6,340,27530.364372469634,1,yearly
nyc,7942.21,Riverside Dr & W 138 St,2020,15379,7872,7507,15379,40.823168,-73.955857,7,133,864.815657715066,1,yearly
nyc,7944.11,Bruckner Blvd & Bryant Ave,2020,216,105,111,216,40.821952,-73.888546,2,438,202777.77777777778,1,yearly
nyc,7945.07,Walton Ave & E 153 St,2020,370,180,190,370,40.822351,-73.926907,2,208,56216.21621621622,1,yearly
nyc,7948.10,Intervale Ave & Westchester Ave,2020,1123,565,558,1123,40.821967,-73.896752,4,247,21994.657168299196,1,yearly
nyc,7952.02,Cauldwell Ave & E 161 St,2020,1897,951,946,1897,40.82188,-73.907521,6,279,14707.4327886136,1,yearly
nyc,7954.12,Frederick Douglass Blvd & W 145 St,2020,1861,930,931,1861,40.823061,-73.941928,3,367,19720.58033315422,1,yearly
nyc,7957.11,E 158 St & Melrose Ave,2020,1259,622,637,1259,40.822215,-73.914688,6,354,28117.55361397935,1,yearly
nyc,7959.18,Hamilton Pl & W 140 St,2020,4225,2212,2013,4225,40.82275599999999,-73.95134599999999,7,232,5491.12426035503,1,yearly
nyc,7962.01,Concourse Village West & E 156 St,2020,1012,502,510,1012,40.823162,-73.923267,4,230,22727.272727272728,1,yearly
nyc,7966.02,E 165 St & Fox St,2020,219,109,110,219,40.82394,-73.894025,3,338,154337.899543379,1,yearly
nyc,7967.04,River Ave & E 151 St,2020,2249,1107,1142,2249,40.822217,-73.928939,3,193,8581.59181858604,1,yearly
nyc,7970.05,E 163 St & Union Ave,2020,782,388,394,782,40.822545,-73.901824,4,211,26982.097186700765,1,yearly
nyc,7971.07,W 147 St & Adam Clayton Powell Blvd,2020,6828,3406,3422,6828,40.82281,-73.937413,6,312,4569.4200351493855,1,yearly
nyc,7974.01,3 Ave & E 163 St,2020,1194,592,602,1194,40.823872,-73.908699,4,293,24539.363484087102,1,yearly
nyc,7976.08,Edgecombe Ave & W 145 St,2020,12498,6297,6201,12498,40.82349800000001,-73.94386,7,396,3168.5069611137783,1,yearly
nyc,7979.01,Courtlandt Ave & E 157 St,2020,1046,514,532,1046,40.822267,-73.916792,4,318,30401.529636711282,1,yearly
nyc,7979.17,E 161 St & Park Ave,2020,860,423,437,860,40.82481099999999,-73.916407,3,336,39069.767441860466,1,yearly
nyc,7981.27,W 140 St & Riverside Dr,2020,3279,1676,1603,3279,40.824013,-73.954743,6,161,4910.033546813053,1,yearly
nyc,7983.04,Longfellow Ave & E 165 St,2020,289,141,148,289,40.825322,-73.887729,3,353,122145.32871972318,1,yearly
nyc,7984.04,Grand Concourse & E 156 St,2020,1225,633,592,1225,40.823429,-73.924689,5,226,18448.979591836734,1,yearly
nyc,7991.01,Tinton Ave & E 165 St,2020,1203,605,598,1203,40.824796,-73.90242,4,189,15710.723192019952,1,yearly
nyc,7992.04,Bradhurst Ave & W 148 St,2020,16007,7995,8012,16007,40.825125,-73.941616,7,395,2467.6703942025365,1,yearly
nyc,7995.04,Washington Ave & E 163 St,2020,793,388,405,793,40.82399999999999,-73.91089,3,340,42875.15762925599,1,yearly
nyc,7997.08,W 145 St & Amsterdam Ave,2020,8313,4366,3947,8313,40.825244,-73.947257,7,341,4102.008901720197,1,yearly
nyc,8000.02,Concourse Village East & E 158 St,2020,1343,667,676,1343,40.823732,-73.919379,4,303,22561.429635145196,1,yearly
nyc,8004.03,Westchester Ave & Southern Blvd,2020,110,48,62,110,40.824956,-73.891677,1,302,274545.4545454546,1,yearly
nyc,8005.03,E 157 St & River Ave,2020,1698,838,860,1698,40.825737,-73.927311,4,256,15076.560659599527,1,yearly
nyc,8005.08,River Ave & E 153 St,2020,3232,1593,1639,3232,40.82441,-73.92818,4,234,7240.09900990099,1,yearly
nyc,8008.03,Prospect Ave & E 167 St,2020,561,278,283,561,40.826303,-73.898751,3,170,30303.030303030304,1,yearly
nyc,8009.05,Adam Clayton Powell Blvd & W 151 St,2020,3062,1524,1538,3062,40.825289,-73.936232,6,294,9601.567602873938,1,yearly
nyc,8012.04,3 Ave & Franklin Ave,2020,1140,560,580,1140,40.82696,-73.907451,4,291,25526.315789473687,1,yearly
nyc,8013.07,St Nicholas Ave & W 150 St,2020,5560,2822,2738,5560,40.827212,-73.942722,6,376,6762.589928057554,1,yearly
nyc,8016.07,Park Ave & E 162 St,2020,2295,1146,1149,2295,40.825716,-73.915585,4,317,13812.636165577342,1,yearly
nyc,8018.04,Riverside Dr & W 145 St,2020,15930,8132,7798,15930,40.827305,-73.951989,7,218,1368.4871311989955,1,yearly
nyc,8018.09,W 146 St & Broadway,2020,11090,5937,5153,11090,40.826969,-73.949738,7,276,2488.728584310189,1,yearly
nyc,8021.05,Grand Concourse & E 161  St,2020,2874,1446,1428,2874,40.827115,-73.92272,4,274,9533.75086986778,1,yearly
nyc,8021.05,Grand Concourse & E 161 St,2020,371,185,186,371,40.827115,-73.92272,4,274,73854.4474393531,1,yearly
nyc,8024.05,E 169 St & Fox St,2020,775,392,383,775,40.827184,-73.893721,4,204,26322.58064516129,1,yearly
nyc,8025.01,E 153 St & E 157 St,2020,881,423,458,881,40.826677,-73.929327,5,264,29965.947786606128,1,yearly
nyc,8029.28,Macombs Pl & W 152 St,2020,4103,2050,2053,4103,40.826406,-73.937948,6,278,6775.530099926883,1,yearly
nyc,8033.09,W 148 St & Amsterdam Ave,2020,6922,3621,3301,6922,40.827075,-73.945909,7,336,4854.08841375325,1,yearly
nyc,8036.05,Morris Ave & E 163 St,2020,4,1,3,4,40.82723012490618,-73.91765594899408,1,334,8350000.0,1,yearly
nyc,8036.09,Grant Ave & E 164 St,2020,3533,1761,1772,3533,40.828847,-73.91769,5,315,8915.935465609962,1,yearly
nyc,8040.03,E 167 St & Bryant Ave,2020,309,148,161,309,40.826706,-73.888719,3,250,80906.14886731392,1,yearly
nyc,8041.07,E 161 St & River Ave,2020,6861,3434,3427,6861,40.827883,-73.927111,4,275,4008.162075499198,1,yearly
nyc,8044.09,Intervale Ave & Kelly St,2020,460,234,226,460,40.827301,-73.896372,4,172,37391.30434782609,1,yearly
nyc,8048.01,E 167 St & Franklin Ave,2020,574,297,277,574,40.82895,-73.90521,3,258,44947.735191637636,1,yearly
nyc,8048.04,Boston Rd & E 167 St,2020,515,256,259,515,40.828199,-73.90371899999998,3,246,47766.99029126213,1,yearly
nyc,8049.05,Edgecombe Ave & W 150 St,2020,2152,1092,1060,2152,40.826881,-73.941427,6,396,18401.486988847584,1,yearly
nyc,8049.10,Convent Ave & W 151 St,2020,1594,825,769,1594,40.82831,-73.942924,5,309,19385.194479297366,1,yearly
nyc,8052.01,Webster Ave & E 166 St,2020,379,187,192,379,40.828975,-73.911259,3,256,67546.1741424802,1,yearly
nyc,8052.02,E 165 St & Clay Ave,2020,590,291,299,590,40.82809,-73.91288,3,297,50338.983050847455,1,yearly
nyc,8054.04,Riverside Dr & W 148 St,2020,9412,4695,4717,9412,40.829114,-73.950426,6,229,2433.0641733956654,1,yearly
nyc,8057.02,Grand Concourse & E 164 St,2020,1989,991,998,1989,40.829608,-73.921461,4,288,14479.638009049775,1,yearly
nyc,8060.01,Freeman St & Southern Blvd,2020,462,233,229,462,40.830051,-73.892103,3,166,35930.73593073593,1,yearly
nyc,8061.01,Jerome Ave & Anderson Ave,2020,1134,571,563,1134,40.830179,-73.928747,4,271,23897.707231040564,1,yearly
nyc,8064.03,Union Ave & E 169 St,2020,177,89,88,177,40.82995,-73.898802,3,218,123163.8418079096,1,yearly
nyc,8065.13,W 155 St & Frederick Douglass Blvd,2020,3367,1675,1692,3367,40.82923,-73.936996,5,250,7425.007425007425,1,yearly
nyc,8068.01,Washington Ave & E 167 St,2020,1112,551,561,1112,40.829896,-73.907618,3,298,26798.561151079135,1,yearly
nyc,8069.01,Amsterdam Ave & W 152 St,2020,3337,1720,1617,3337,40.829523,-73.944279,6,262,7851.363500149835,1,yearly
nyc,8072.06,Sherman Ave & E 166 St,2020,860,430,430,860,40.831305044139015,-73.91744791446834,3,285,33139.53488372093,1,yearly
nyc,8076.01,West Farms Rd & Boone Ave,2020,441,214,227,441,40.830025,-73.886312,3,213,48299.319727891154,1,yearly
nyc,8077.07,Gerard Ave & E 164 St,2020,1347,672,675,1347,40.830262,-73.923391,5,280,20786.933927245733,1,yearly
nyc,8080.01,Freeman St & Reverend James A Polite Ave,2020,1001,502,499,1001,40.830529,-73.894717,4,203,20279.720279720277,1,yearly
nyc,8081.01,Jerome Ave & Ogden Ave,2020,244,122,122,244,40.829797,-73.931015,4,271,111065.5737704918,1,yearly
nyc,8084.03,Fulton Ave & E 168 St,2020,815,416,399,815,40.830471,-73.904556,4,251,30797.546012269937,1,yearly
nyc,8085.05,St. Nicholas Ave & W 155 St,2020,3389,1735,1654,3389,40.830663,-73.941323,5,266,7848.922986131603,1,yearly
nyc,8085.09,St. Nicholas Ave & W 157 St,2020,2621,1408,1213,2621,40.832314,-73.94102,5,298,11369.706219000382,1,yearly
nyc,8085.13,Harlem River Dr & W 155 St,2020,2269,1133,1136,2269,40.830476,-73.939929,6,289,12736.888497135302,1,yearly
nyc,8088.01,E 167 St & Clay Ave,2020,1232,610,622,1232,40.83094,-73.91125,4,289,23457.79220779221,1,yearly
nyc,8089.05,Broadway & W 153 St,2020,4649,2423,2226,4649,40.831327,-73.946665,6,265,5700.150570015057,1,yearly
nyc,8092.06,Grand Concourse & E 166 St,2020,946,470,476,946,40.83196,-73.91956,3,272,28752.642706131075,1,yearly
nyc,8095.06,Hoe Ave & Jennings St,2020,173,83,90,173,40.832171,-73.889686,2,217,125433.52601156071,1,yearly
nyc,8096.02,Jerome Ave & E 164 St,2020,708,353,355,708,40.831444,-73.926226,3,267,37711.86440677966,1,yearly
nyc,8096.03,Anderson Ave & W 164 St,2020,410,202,208,410,40.832057,-73.927421,5,242,59024.39024390244,1,yearly
nyc,8099.04,Prospect Ave & Jennings St,2020,296,149,147,296,40.831762,-73.896853,3,198,66891.8918918919,1,yearly
nyc,8100.01,Frederick Douglass Blvd & Harlem River Dr,2020,1942,969,973,1942,40.830702,-73.936371,5,245,12615.859938208032,1,yearly
nyc,8103.05,3 Ave & E 169 St,2020,1127,548,579,1127,40.832678,-73.905158,2,281,24933.451641526175,1,yearly
nyc,8104.10,Amsterdam Ave & W 156 St,2020,2406,1223,1183,2406,40.832081,-73.942386,5,254,10556.94098088113,1,yearly
nyc,8107.10,Morris Ave & McClellan St,2020,2065,1033,1032,2065,40.831584,-73.9149,4,326,15786.924939467312,1,yearly
nyc,8108.02,Riverside Dr & W 153 St,2020,1076,546,530,1076,40.832164,-73.949702,2,199,18494.423791821562,1,yearly
nyc,8110.04,Boone Ave & E 172 St,2020,534,258,276,534,40.832649,-73.885272,3,198,37078.65168539326,1,yearly
nyc,8111.04,Gerard Ave & E 165 St,2020,1357,676,681,1357,40.83173,-73.922394,5,266,19602.063375092115,1,yearly
nyc,8111.07,River Ave & McClellan St,2020,1201,600,601,1201,40.83406,-73.92243,4,315,26228.143213988344,1,yearly
nyc,8114.02,Louis Nine Blvd & Intervale Ave,2020,509,248,261,509,40.831998,-73.892686,3,191,37524.557956778,1,yearly
nyc,8115.01,Ogden Ave & W 164 St,2020,1729,872,857,1729,40.832812000000004,-73.929372,5,229,13244.65008675535,1,yearly
nyc,8118.02,Franklin Ave & E 169 St,2020,555,276,279,555,40.83171,-73.90208,3,257,46306.3063063063,1,yearly
nyc,8119.05,W 159 St & Edgecombe Ave,2020,845,427,418,845,40.833303,-73.939326,5,275,32544.378698224853,1,yearly
nyc,8122.04,E 169 St & Webster Ave,2020,3041,1498,1543,3041,40.834015,-73.908863,5,275,9043.077934889838,1,yearly
nyc,8123.02,Broadway & W 155 St,2020,2811,1463,1348,2811,40.83299,-73.94592,4,303,10779.082177161152,1,yearly
nyc,8126.07,Grand Concourse & E 167 St,2020,3221,1626,1595,3221,40.834263,-73.917641,5,322,9996.89537410742,1,yearly
nyc,8129.02,Southern Blvd & E 172 St,2020,1440,712,728,1440,40.834124,-73.88955,4,238,16527.777777777777,1,yearly
nyc,8130.02,E 165 St & Jerome Ave,2020,359,181,178,359,40.83263,-73.925101,3,272,75766.01671309191,1,yearly
nyc,8133.08,Boston Rd & Prospect Ave,2020,462,228,234,462,40.833246,-73.896599,3,192,41558.44155844156,1,yearly
nyc,8137.06,3 Ave & E 170 St,2020,1608,797,811,1608,40.834857,-73.903743,4,271,16853.23383084577,1,yearly
nyc,8138.07,W 160 St & St. Nicholas Ave,2020,3489,1844,1645,3489,40.834468,-73.939865,5,288,8254.51418744626,1,yearly
nyc,8141.01,Grant Ave & E 169 St,2020,909,453,456,909,40.83579,-73.913741,3,292,32123.212321232124,1,yearly
nyc,8144.09,E 174 St & Longfellow Ave,2020,505,243,262,505,40.836274,-73.884308,3,313,61980.19801980198,1,yearly
nyc,8145.03,Gerard Ave & McClellan St,2020,1330,673,657,1330,40.833909,-73.92112,5,307,23082.706766917294,1,yearly
nyc,8149.09,Ogden Ave & W 165 St,2020,1882,954,928,1882,40.834457,-73.928381,5,242,12858.660998937301,1,yearly
nyc,8152.03,Fulton Ave & St. Paul's Pl,2020,730,378,352,730,40.83545,-73.90153,4,243,33287.67123287672,1,yearly
nyc,8153.10,W 163 St & Edgecombe Ave,2020,745,395,350,745,40.835798,-73.937496,5,202,27114.093959731545,1,yearly
nyc,8156.01,E 170 St & Clay Ave,2020,439,215,224,439,40.837213,-73.908345,3,231,52619.58997722096,1,yearly
nyc,8156.03,E 170 St & Webster Ave,2020,1155,577,578,1155,40.836179004265546,-73.90730101444652,2,258,22337.662337662336,1,yearly
nyc,8156.04,E 170 St & Webster Ave,2020,141,64,77,141,40.836103,-73.907199,3,260,184397.16312056736,1,yearly
nyc,8156.04,E 170 St & Webster Ave_old,2020,626,317,309,626,40.836103,-73.907199,3,260,41533.5463258786,1,yearly
nyc,8157.06,Broadway & W 160 St,2020,7662,3851,3811,7662,40.835775,-73.9434,5,308,4019.838162359697,1,yearly
nyc,8160.03,Sheridan Ave & E 168 St,2020,1709,871,838,1709,40.835334,-73.9154,5,323,18899.94148624927,1,yearly
nyc,8163.05,Southern Blvd & E 174 St,2020,22,10,12,22,40.836733,-73.887931,1,282,1281818.1818181819,1,yearly
nyc,8167.02,Wilkins Ave & Crotona Park E,2020,330,167,163,330,40.835302,-73.895133,3,176,53333.333333333336,1,yearly
nyc,8167.04,Charlotte St & Boston Rd,2020,60,29,31,60,40.83587700448718,-73.89314294615384,3,168,280000.0,1,yearly
nyc,8172.07,Amsterdam Ave & W 162 St,2020,3170,1814,1356,3170,40.83618,-73.939789,5,267,8422.712933753945,1,yearly
nyc,8175.06,College Ave & E 170 St,2020,1326,676,650,1326,40.837576,-73.910489,4,236,17797.88838612368,1,yearly
nyc,8179.03,Walton Ave & E 168 St,2020,1589,787,802,1589,40.83649,-73.918316,4,346,21774.701069855255,1,yearly
nyc,8182.02,Crotona Park East & E 173 St,2020,210,103,107,210,40.837037,-73.890413,3,204,97142.85714285714,1,yearly
nyc,8183.02,University Ave & W 168 St,2020,145,72,73,145,40.838706,-73.927034,3,331,228275.8620689655,1,yearly
nyc,8186.01,Fulton Ave & E 172 St,2020,120,62,58,120,40.839229,-73.899047,2,165,137500.0,1,yearly
nyc,8187.04,Edgecombe Ave & W 167 St,2020,1753,947,806,1753,40.838191,-73.936085,5,184,10496.29207073588,1,yearly
nyc,8190.03,E 171 St & Webster Ave,2020,849,412,437,849,40.838379,-73.905838,3,236,27797.40871613663,1,yearly
nyc,8191.01,Broadway & W 165 St,2020,4774,2614,2160,4774,40.839137,-73.941409,5,325,6807.708420611647,1,yearly
nyc,8194.06,Grand Concourse & E 171 St,2020,3074,1541,1533,3074,40.839549,-73.913004,5,330,10735.19843851659,1,yearly
nyc,8196.02,Southern Blvd & E 175 St,2020,580,286,294,580,40.839335,-73.886445,3,346,59655.1724137931,1,yearly
nyc,8198.05,Shakespeare Ave & W 169 St,2020,1450,724,726,1450,40.839312,-73.922423,5,345,23793.103448275862,1,yearly
nyc,8205.05,3 Ave & E 172 St,2020,1129,559,570,1129,40.839586,-73.900277,4,222,19663.41895482728,1,yearly
nyc,8206.05,W 167 St & St. Nicholas Ave,2020,9,3,6,9,40.840124,-73.93949,1,278,3088888.888888889,1,yearly
nyc,8206.17,Amsterdam Ave & W 167 St,2020,2681,1375,1306,2681,40.839443,-73.937044,5,208,7758.299142111153,1,yearly
nyc,8209.01,Morris Ave & E 171 St,2020,147,72,75,147,40.83899,-73.9109,4,257,174829.9319727891,1,yearly
nyc,8210.01,W 163 St & Riverside Dr,2020,2420,1224,1196,2420,40.839278,-73.945446,5,269,11115.702479338843,1,yearly
nyc,8213.01,Plaza Dr & W 170 St,2020,1372,674,698,1372,40.840484,-73.917946,3,353,25728.862973760934,1,yearly
nyc,8216.02,Waterloo Pl & Crotona Park East,2020,383,191,192,383,40.839194,-73.888587,3,282,73629.24281984335,1,yearly
nyc,8218.04,Ogden Ave & Merriam Ave,2020,828,417,411,828,40.839142,-73.925961,4,331,39975.84541062802,1,yearly
nyc,8225.05,Clay Ave & Claremont Pkwy,2020,1432,709,723,1432,40.83999,-73.90549,4,243,16969.27374301676,1,yearly
nyc,8226.05,W 165 St & Fort Washington Ave,2020,5515,2896,2619,5515,40.84004,-73.942939,5,303,5494.106980961015,1,yearly
nyc,8229.04,Sheridan Ave & E 172 St,2020,199,98,101,199,40.840494,-73.911479,3,301,151256.2814070352,1,yearly
nyc,8233.01,Inwood Ave & W 170 St,2020,1204,595,609,1204,40.840536,-73.919228,5,367,30481.727574750832,1,yearly
nyc,8236.01,Crotona Park North & Prospect Ave,2020,575,280,295,575,40.841092,-73.892317,3,202,35130.434782608696,1,yearly
nyc,8241.07,3 Ave & E 174 St,2020,138,73,65,138,40.84224,-73.8985,4,348,252173.91304347827,1,yearly
nyc,8241.07,3 Ave & E 174 St - Bathgate Vaccination Site,2020,1096,534,562,1096,40.84224,-73.8985,4,348,31751.82481751825,1,yearly
nyc,8242.04,Amsterdam Ave & W 172 St,2020,2512,1322,1190,2512,40.842173,-73.935111,5,207,8240.44585987261,1,yearly
nyc,8245.03,Mount Eden Pkwy & Eastburn Ave,2020,310,152,158,310,40.842675,-73.908544,3,437,140967.74193548388,1,yearly
nyc,8249.10,Walton Ave & E 171 St,2020,1430,706,724,1430,40.840683,-73.915073,3,422,29510.48951048951,1,yearly
nyc,8254.01,W 170 St & University Ave,2020,1766,895,871,1766,40.84207,-73.926075,5,401,22706.681766704416,1,yearly
nyc,8262.07,W 171 St & St. Nicholas Ave,2020,2982,1547,1435,2982,40.842941,-73.938631,5,275,9221.998658618377,1,yearly
nyc,8265.09,Grand Concourse & East Mount Eden Ave,2020,3228,1605,1623,3228,40.84301,-73.91172,4,581,17998.760842627013,1,yearly
nyc,8269.01,Goble Pl & Macombs Rd,2020,2041,1014,1027,2041,40.844075,-73.917256,4,599,29348.358647721707,1,yearly
nyc,8277.03,Washington Ave & E 174 St,2020,614,296,318,614,40.843079,-73.900216,3,422,68729.64169381108,1,yearly
nyc,8278.05,Amsterdam Ave & W 175 St,2020,1790,917,873,1790,40.844044,-73.933651,5,323,18044.692737430167,1,yearly
nyc,8281.06,Clay Ave & E 173 St,2020,1505,741,764,1505,40.843264,-73.904867,4,414,27508.30564784053,1,yearly
nyc,8282.13,W 169 St & Fort Washington Ave,2020,44332,23795,20537,44332,40.842842003960754,-73.94212500594114,9,271,611.2965803482812,1,yearly
nyc,8285.09,E 174 St & Walton Ave,2020,544,268,276,544,40.844811,-73.912042,2,594,109191.17647058822,1,yearly
nyc,8290.01,Nelson Ave & W 172 St,2020,2538,1266,1272,2538,40.843965,-73.920999,5,502,19779.353821907014,1,yearly
nyc,8299.03,Wadsworth Ave & W 175 St,2020,2412,1236,1176,2412,40.846052,-73.937648,5,383,15878.93864013267,1,yearly
nyc,8316.02,Audobon Ave & W 179 St,2020,1537,796,741,1537,40.847305,-73.933291,5,413,26870.527000650618,1,yearly
nyc,8320.01,Fort Washington Ave & W 173 St,2020,5635,2880,2755,5635,40.84522,-73.940493,5,279,4951.197870452529,1,yearly
nyc,8323.05,Townsend Ave & E 175 St,2020,1,0,1,1,40.84741,-73.911359,1,569,56900000.0,1,yearly
nyc,8336.02,Wadsworth Ave & W 179 St,2020,4339,2339,2000,4339,40.848467,-73.936064,5,426,9817.93039870938,1,yearly
nyc,8353.02,Amsterdam Ave & W 180 St,2020,1680,884,796,1680,40.847396,-73.931205,5,416,24761.904761904763,1,yearly
nyc,8353.09,Amsterdam Ave & W 183 St,2020,3296,1666,1630,3296,40.84925,-73.93022,5,356,10800.970873786408,1,yearly
nyc,8358.03,W 180 St & Ft Washington Ave,2020,6123,3062,3061,6123,40.849972,-73.938423,5,277,4523.926179977136,1,yearly
nyc,8358.10,Cabrini Blvd & W 177 St,2020,3184,1650,1534,3184,40.848282,-73.941343,5,226,7097.989949748744,1,yearly
nyc,8381.04,W 181 St & Riverside Dr,2020,4921,2447,2474,4921,40.85168,-73.94186,4,116,2357.2444625076205,1,yearly
nyc,8399.06,Fort Washington Ave & W 183 St,2020,9321,4742,4579,9321,40.852252,-73.937854,5,223,2392.4471623216396,1,yearly
nyc,8582.09,E Fordham Rd & Webster Ave,2020,1,0,1,1,40.861748,-73.89105,1,338,33800000.0,1,yearly
nyc,Lab - NYC,Lab - NYC,2020,37,19,18,37,40.75404,-73.996466,2,289,781081.0810810811,1,yearly
nyc,Lab - NYC,Prototype Lab,2020,16,8,8,16,40.75404038449624,-73.99646580219269,1,289,1806250.0,1,yearly
nyc,Lab - NYC,Prototype Lab Motivate Headquarters,2020,2,1,1,2,40.75404038449624,-73.99646580219269,1,289,14450000.0,1,yearly
nyc,MTL-ECO5-LAB,MTL-ECO5-LAB,2020,2,1,1,2,45.505972,-73.568949,1,0,0.0,1,yearly
nyc,SYS014,NYCBS DEPOT - DELANCEY,2020,61,0,61,61,40.716444038941944,-73.9823309260506,9,216,354098.3606557377,1,yearly
nyc,SYS015,Forrest portable kiosk,2020,1,0,1,1,40.703048,-73.932004,1,226,22600000.0,1,yearly
nyc,SYS016,Morgan Bike Mechanics,2020,69,13,56,69,40.709628,-73.931457,4,108,156521.73913043478,1,yearly
nyc,SYS018,Bronx WH station,2020,10,4,6,10,0.0,0.0,4,0,0.0,1,yearly
nyc,SYS019,NYCBS Depot - RIS,2020,20,3,17,20,40.725208,-73.974724,6,85,425000.0,1,yearly
nyc,SYS030,Forrest Tech Shop parts testing,2020,1,0,1,1,40.703249693795954,-73.93182995030656,1,220,22000000.0,1,yearly
nyc,SYS030,Morgan Tech Shop parts testing,2020,6,0,6,6,40.70325,-73.93183,1,220,3666666.6666666665,1,yearly
nyc,SYS032,Forrest WH station,2020,2,0,2,2,40.70327577818653,-73.93183530424722,2,224,11200000.0,1,yearly
nyc,SYS032,Morgan WH station,2020,223,117,106,223,40.703276,-73.931835,12,224,100448.43049327354,1,yearly
nyc,SYS033,Pier 40 X2,2020,195,25,170,195,40.72848699546722,-74.01169299063731,12,75,38461.53846153846,1,yearly
nyc,SYS034,Forrest Tech Shop ?,2020,25,0,25,25,40.703006,-73.932077,2,213,852000.0,1,yearly
nyc,SYS035,Pier 40 Dock Station,2020,1946,386,1560,1946,40.72865998490706,-74.01197998807838,12,71,3648.509763617677,1,yearly
nyc,SYS036,Kiosk in a box Jersey,2020,67,12,55,67,40.728483,-74.011805,5,73,108955.22388059701,1,yearly
nyc,SYS037,NYCBS DEPOT - PITT,2020,3,0,3,3,40.71687776149167,-73.98375488276567,1,276,9200000.0,1,yearly
nyc,SYS038,Morgan Loading Docks,2020,3,0,3,3,40.709306335794274,-73.93117547035216,3,119,3966666.6666666665,1,yearly
nyc,SYSY026,Bike Mechanics at Riis Room B 2,2020,1,0,1,1,40.7252258,-73.9746862,1,85,8500000.0,1,yearly
nyc,X-MTL-AOS-5.1,MTL-AOS-5.1,2020,6,3,3,6,40.7903,-73.9597,2,61,1016666.6666666666,1,yearly
nyc,190 Morgan,190 Morgan,2023,25,0,25,25,40.711071680975735,-73.9320957361997,8,184,736000.0,1,yearly
nyc,2733.03,67 St & Erik Pl,2023,4584,2257,2327,4584,40.633385,-74.016562,12,198,4319.371727748691,1,yearly
nyc,2782.02,5 Ave & 66 St,2023,5209,2581,2628,5209,40.635679,-74.020005,10,225,4319.447110769822,1,yearly
nyc,2782.02,5 Ave & 67 St,2023,1216,603,613,1216,40.635679,-74.020005,3,225,18503.289473684214,1,yearly
nyc,2821.05,7 Ave & 62 St,2023,6487,3176,3311,6487,40.63556,-74.01298,12,200,3083.089255433945,1,yearly
nyc,2832.03,4 Ave & Shore Road Dr,2023,7649,3786,3863,7649,40.637033,-74.022141,12,217,2836.9721532226436,1,yearly
nyc,2861.02,57 St & 7 Ave,2023,4024,2017,2007,4024,40.638566,-74.010147,10,184,4572.564612326044,1,yearly
nyc,2872.02,63 St & 5 Ave,2023,1777,853,924,1777,40.63766,-74.01782,12,222,12492.96567248171,1,yearly
nyc,2883.03,3 Ave & Wakeman Pl,2023,4640,2286,2354,4640,40.638246,-74.024714,12,152,3275.8620689655177,1,yearly
nyc,2898.01,Cortelyou Rd & Stratford Rd,2023,6512,3220,3292,6512,40.63966,-73.96807,6,126,1934.8894348894348,1,yearly
nyc,2912.08,6 Ave & 60 St,2023,2718,1347,1371,2718,40.638196,-74.013821,12,209,7689.477557027226,1,yearly
nyc,2923.01,62 St & 4 Ave,2023,2881,1433,1448,2881,40.639859,-74.019776,12,209,7254.425546685178,1,yearly
nyc,2932.03,Wakeman Pl & Ridge Blvd,2023,8540,4227,4313,8540,40.639421,-74.026823,12,101,1182.6697892271663,1,yearly
nyc,2951.05,55 St & 7 Ave,2023,5015,2597,2418,5015,40.639673,-74.008957,12,194,3868.3948155533403,1,yearly
nyc,2961.05,59 St & 5 Ave,2023,4247,2121,2126,4247,40.640125,-74.015726,12,219,5156.58111608194,1,yearly
nyc,2971.02,64 St & 3 Ave,2023,997,468,529,997,40.639978,-74.02324,12,170,17051.153460381145,1,yearly
nyc,2984.04,Cortelyou Rd & Argyle Rd,2023,6067,2963,3104,6067,40.64034,-73.96603,6,102,1681.2263062469096,1,yearly
nyc,3000.08,6 Ave & 55 St,2023,4011,2043,1968,4011,40.640831,-74.010996,12,184,4587.384692096734,1,yearly
nyc,3007.05,Church Ave & Story St,2023,7343,3644,3699,7343,40.642031,-73.981073,12,126,1715.9199237368923,1,yearly
nyc,3011.03,59 St & 4 Ave,2023,9978,5001,4977,9978,40.641269,-74.017651,12,227,2275.0050110242537,1,yearly
nyc,3019.02,65 St & 2 Ave,2023,1039,461,578,1039,40.640493,-74.02564,12,127,12223.291626564003,1,yearly
nyc,3019.03,Keegan Rd & 2 Ave,2023,1165,533,632,1165,40.64243139614954,-74.0255355844521,12,95,8154.50643776824,1,yearly
nyc,3022.01,Cortelyou Rd & E 19 St,2023,5011,2463,2548,5011,40.64270023488747,-73.96099862876365,6,187,3731.7900618638996,1,yearly
nyc,3034.02,Matthews Ct & Coney Island Ave,2023,2389,1150,1239,2389,40.64235,-73.96951,6,124,5190.456257848472,1,yearly
nyc,3038.08,50 St & 7 Ave,2023,5687,2875,2812,5687,40.642501,-74.006055,12,169,2971.6898188851765,1,yearly
nyc,3046.03,E 3 St & Church Ave,2023,5684,2786,2898,5684,40.643817,-73.977433,12,177,3114.0042223786068,1,yearly
nyc,3050.03,55 St & 5 Ave,2023,4903,2426,2477,4903,40.642408,-74.013318,12,212,4323.883336732612,1,yearly
nyc,3056.05,12 Ave & 36 St,2023,8003,3981,4022,8003,40.643546,-73.986418,12,94,1174.5595401724352,1,yearly
nyc,3070.04,E 16 St & Cortelyou Rd,2023,5144,2526,2618,5144,40.64173,-73.96364,6,129,2507.7760497667186,1,yearly
nyc,3084.05,52 St & 6 Ave,2023,3809,1953,1856,3809,40.642703,-74.009441,12,199,5224.468364400104,1,yearly
nyc,3087.01,Cortelyou Rd & E 34 St,2023,1309,642,667,1309,40.64454,-73.94486,6,142,10847.975553857907,1,yearly
nyc,3090.06,Church Ave & McDonald Ave,2023,8554,4208,4346,8554,40.642809,-73.979239,12,133,1554.8281505728314,1,yearly
nyc,3093.07,57 St & 4 Ave,2023,7654,3814,3840,7654,40.642622,-74.016866,12,236,3083.3551084400315,1,yearly
nyc,3113.06,Rugby Rd & Beverley Rd,2023,3796,1849,1947,3796,40.64435,-73.96591,6,103,2713.382507903056,1,yearly
nyc,3113.1,Stratford Rd & Beverley Rd,2023,42,42,0,42,40.64378,-73.96867,1,123,292857.14285714284,1,yearly
nyc,3113.10,Stratford Rd & Beverley Rd,2023,746,326,420,746,40.64378,-73.96867,3,123,16487.93565683646,1,yearly
nyc,3117.05,46 St & 7 Ave,2023,9840,4996,4844,9840,40.644743,-74.003754,12,154,1565.0406504065043,1,yearly
nyc,3121.01,Cortelyou Rd & Albany Ave,2023,1079,523,556,1079,40.64483,-73.93853,6,60,5560.704355885078,1,yearly
nyc,3125.09,Ocean Pkwy & Church Ave,2023,15208,7547,7661,15208,40.64471895809972,-73.97451460795595,12,189,1242.7669647553919,1,yearly
nyc,3129.08,53 St & 5 Ave,2023,4322,2208,2114,4322,40.643371,-74.011884,12,216,4997.686256362795,1,yearly
nyc,3132.09,Beverley Rd & Nostrand Ave,2023,3078,1522,1556,3078,40.64507,-73.9488,6,206,6692.657569850552,1,yearly
nyc,3135.04,Chester Ave & 12 Ave,2023,4594,2248,2346,4594,40.644367,-73.984276,12,109,2372.659991292991,1,yearly
nyc,3138.09,58 St & 2 Ave,2023,4142,2036,2106,4142,40.644512,-74.021506,12,172,4152.583293095123,1,yearly
nyc,3140.09,Bedford Ave & Beverley Rd,2023,3378,1647,1731,3378,40.64491,-73.95487,6,233,6897.57252812315,1,yearly
nyc,3148.08,E 17 St & Beverley Rd,2023,3620,1759,1861,3620,40.644668445870536,-73.9632228936012,6,172,4751.381215469613,1,yearly
nyc,3148.09,E 19 St & Beverley Rd,2023,1597,764,833,1597,40.64483,-73.9613,4,199,12460.864120225424,1,yearly
nyc,3155.01,Schenectady Ave & Cortelyou Rd,2023,1086,506,580,1086,40.64535,-73.93268,6,109,10036.83241252302,1,yearly
nyc,3157.08,Turner Pl & Coney Island Ave,2023,3482,1713,1769,3482,40.64521,-73.97073,6,148,4250.430786904079,1,yearly
nyc,3161.02,46 St & 6 Ave,2023,6013,3136,2877,6013,40.645921,-74.005708,12,168,2793.9464493597206,1,yearly
nyc,3164.04,Brooklyn Ave & Beverley Rd,2023,530,246,284,530,40.64575,-73.94331,6,139,26226.415094339623,1,yearly
nyc,3166.03,Albemarle Rd & McDonald Ave,2023,9123,4394,4729,9123,40.645074,-73.979681,12,133,1457.8537761701193,1,yearly
nyc,3169.07,53 St & 4 Ave,2023,12579,6269,6310,12579,40.644862,-74.014531,12,262,2082.8364734875586,1,yearly
nyc,3172.01,Tilden Ave & Nostrand Ave,2023,2468,1224,1244,2468,40.64683,-73.94933,6,227,9197.73095623987,1,yearly
nyc,3178.02,57 St & 1 Ave,2023,4528,2240,2288,4528,40.646377,-74.023087,12,91,2009.7173144876326,1,yearly
nyc,3180.02,Beverley Rd & Flatbush Ave,2023,6290,3077,3213,6290,40.645004344,-73.95817401236364,6,215,3418.124006359301,1,yearly
nyc,3180.09,Albemarle Rd & E 21 St,2023,4317,2130,2187,4317,40.64741,-73.95933,6,254,5883.715543201297,1,yearly
nyc,3187.01,Beverley Rd & E 49 St,2023,1151,557,594,1151,40.64621,-73.93067,6,132,11468.288444830581,1,yearly
nyc,3188.04,Rugby Rd & Albemarle Rd,2023,2730,1294,1436,2730,40.64672,-73.96637,6,106,3882.7838827838827,1,yearly
nyc,3192.05,7 Ave & 41 St,2023,18670,9653,9017,18670,40.647379,-74.000911,12,103,551.6871987145153,1,yearly
nyc,3199.01,Caton Ave & E 7 St,2023,9636,4738,4898,9636,40.647718,-73.973663,12,170,1764.2175176421752,1,yearly
nyc,3202.06,48 St & 5 Ave,2023,11888,5943,5945,11888,40.646351,-74.009271,12,236,1985.1951547779272,1,yearly
nyc,3205.06,Brooklyn Ave & Tilden Ave,2023,557,266,291,557,40.64725,-73.94352,6,167,29982.04667863555,1,yearly
nyc,3208.07,Dahill Rd & 12 Ave,2023,7151,3543,3608,7151,40.646037,-73.980963,12,112,1566.2145154523844,1,yearly
nyc,3211.06,53 St & 2 Ave,2023,8108,3949,4159,8108,40.64744,-74.018846,12,179,2207.6961026147014,1,yearly
nyc,3214.04,Tilden Ave & Lott St,2023,1367,678,689,1367,40.64661,-73.95401,6,249,18215.06949524506,1,yearly
nyc,3220.01,58 St & Pier 4,2023,5032,2495,2537,5032,40.646475,-74.026081,12,30,596.1844197138315,1,yearly
nyc,3223.07,Ocean Ave & Tennis Ct,2023,4392,2151,2241,4392,40.64873,-73.96084,6,289,6580.145719489981,1,yearly
nyc,3229.07,E 48 St & Tilden Ave,2023,806,396,410,806,40.64795,-73.93182,6,164,20347.39454094293,1,yearly
nyc,3230.01,Caton Ave & E 10 St,2023,10228,5008,5220,10228,40.648481,-73.97058,12,120,1173.249902229175,1,yearly
nyc,3233.06,44 St & 6 Ave,2023,9163,4813,4350,9163,40.647105,-74.004483,12,146,1593.3646185747025,1,yearly
nyc,3240.15,Fort Hamilton Pkwy & E 5 St,2023,3662,1838,1824,3662,40.649037,-73.97673,3,137,3741.125068268706,1,yearly
nyc,3240.15,Ft. Hamilton Pkwy & E 5 St,2023,7696,3842,3854,7696,40.649037,-73.97673,10,137,1780.1455301455303,1,yearly
nyc,3243.02,47 St & 3 Ave,2023,2898,1417,1481,2898,40.649143,-74.012384,12,255,8799.171842650105,1,yearly
nyc,3246.06,New York Ave & Snyder Ave,2023,1168,569,599,1168,40.64868,-73.94635,6,228,19520.54794520548,1,yearly
nyc,3253.01,52 St & 1 Ave,2023,2420,1177,1243,2420,40.649292,-74.020105,12,99,4090.909090909091,1,yearly
nyc,3256.04,Bedford Ave & Albemarle Rd,2023,2842,1390,1452,2842,40.64796,-73.9556,6,255,8972.554539057002,1,yearly
nyc,3263.01,E 18 St & Church Ave,2023,7305,3591,3714,7305,40.64958,-73.96316,6,240,3285.4209445585216,1,yearly
nyc,3266.01,7 Ave & 40 St,2023,10014,5186,4828,10014,40.648169,-74.000057,12,100,998.6019572598361,1,yearly
nyc,3272.01,E 8 St & Caton Ave,2023,9352,4514,4838,9352,40.648055,-73.972432,12,141,1507.698887938409,1,yearly
nyc,3275.03,45 St & 4 Ave,2023,10533,5247,5286,10533,40.649145,-74.009486,11,257,2439.9506313490933,1,yearly
nyc,3278.07,Brooklyn Ave & Snyder Ave,2023,1155,557,598,1155,40.64915,-73.94368,6,183,15844.155844155845,1,yearly
nyc,3280.04,Fort Hamilton Pkwy & E 2 St,2023,2914,1451,1463,2914,40.648005,-73.979342,3,104,3568.977350720659,1,yearly
nyc,3280.04,Ft. Hamilton Pkwy & E 2 St,2023,9870,4911,4959,9870,40.648005,-73.979342,10,104,1053.6980749746708,1,yearly
nyc,3283.05,48 St & 2 Ave,2023,2061,1002,1059,2061,40.650176,-74.015606,12,183,8879.184861717613,1,yearly
nyc,3286.07,Rogers Ave & Snyder Ave,2023,2103,1054,1049,2103,40.64871,-73.95218,6,260,12363.290537327628,1,yearly
nyc,3294.03,E 21 St & Church Ave,2023,5876,2908,2968,5876,40.65006999999999,-73.96001,7,290,4935.3301565690945,1,yearly
nyc,3300.04,E 49 St & Church Ave,2023,228,107,121,228,40.65182,-73.93135,2,213,93421.05263157895,1,yearly
nyc,3300.06,Snyder Ave & Schenectady Ave,2023,632,302,330,632,40.65,-73.93296,5,181,28639.240506329115,1,yearly
nyc,3303.01,Caton Ave & Argyle Rd,2023,2631,1311,1320,2631,40.64968118764706,-73.96783027705882,4,119,4522.995058912961,1,yearly
nyc,3303.03,Caton Ave & Argyle Rd,2023,9843,4883,4960,9843,40.64971344925481,-73.96804983803194,9,117,1188.6619932947272,1,yearly
nyc,3306.03,5 Ave & 41 St,2023,13917,6912,7005,13917,40.649983,-74.005144,11,206,1480.204066968456,1,yearly
nyc,3309.04,Church Ave & E 42 St,2023,1652,803,849,1652,40.65127,-73.93818,6,130,7869.249394673124,1,yearly
nyc,3312.07,Prospect Ave & Greenwood Ave,2023,8795,4384,4411,8795,40.651745,-73.975988,12,103,1171.1199545196134,1,yearly
nyc,3315.05,44 St & 3 Ave,2023,2947,1404,1543,2947,40.651173,-74.011405,12,236,8008.143875127248,1,yearly
nyc,3318.05,E 34 St & Church Ave,2023,650,315,335,650,40.65116,-73.94577,5,242,37230.76923076923,1,yearly
nyc,3327.01,Lott St & Erasmus St,2023,1361,640,721,1361,40.64949,-73.95408,6,245,18001.469507714915,1,yearly
nyc,3335.09,Caton Ave & St. Pauls Pl,2023,30,12,18,30,40.65153,-73.96277,1,255,850000.0,1,yearly
nyc,3341.06,Church Ave & E 45 St,2023,92,42,50,92,40.65159,-73.93535,2,177,192391.3043478261,1,yearly
nyc,3344.02,Park Cir & East Dr,2023,29163,14441,14722,29163,40.651566,-73.972212,10,86,294.89421527277716,1,yearly
nyc,3344.02,Park Circle & East Dr,2023,6314,3109,3205,6314,40.651566,-73.972212,3,86,1362.0525815647768,1,yearly
nyc,3347.03,41 St & 4 Ave,2023,10087,5030,5057,10087,40.651354,-74.007168,12,279,2765.936353722613,1,yearly
nyc,3350.04,E 38 St & Church Ave,2023,77,37,40,77,40.65106,-73.94193,2,175,227272.7272727273,1,yearly
nyc,3353.04,Greenwood Ave & E 4 St,2023,6800,3313,3487,6800,40.650739,-73.977739,12,114,1676.4705882352941,1,yearly
nyc,3356.07,2 Ave & 44 St,2023,2171,1060,1111,2171,40.65230357675891,-74.0134495536072,12,163,7508.0608014739755,1,yearly
nyc,3359.01,Church Ave & Nostrand Ave,2023,3991,1965,2026,3991,40.65074,-73.94986,6,251,6289.150588824856,1,yearly
nyc,3359.03,Linden Blvd & Nostrand Ave,2023,4458,2226,2232,4458,40.65272,-73.94994,7,266,5966.8012561686855,1,yearly
nyc,3368.04,Caton Ave & Bedford Ave,2023,9742,4855,4887,9742,40.652370000000005,-73.95623,7,297,3048.6553069184974,1,yearly
nyc,3376.02,Parade Pl & Crooke Ave,2023,28073,13973,14100,28073,40.651847,-73.965248,12,175,623.3747729134756,1,yearly
nyc,3376.04,Parkside Ave & Parade Pl,2023,8829,4373,4456,8829,40.653200000000005,-73.96639,7,116,1313.8520783780723,1,yearly
nyc,3379.03,5 Ave & 37 St,2023,8065,3979,4086,8065,40.652657,-74.002356,12,183,2269.0638561686296,1,yearly
nyc,3382.04,Troy Ave & Linden Blvd,2023,1560,761,799,1560,40.6533,-73.93644000000002,7,167,10705.128205128205,1,yearly
nyc,3385.06,Prospect Park SW & Greenwood Ave,2023,21966,11081,10885,21966,40.652563,-73.972573,12,61,277.70190294090867,1,yearly
nyc,3388.02,41 St & 3 Ave,2023,1948,965,983,1948,40.652512,-74.008906,12,283,14527.720739219712,1,yearly
nyc,3391.1,E 34 St & Linden Blvd,2023,224,154,70,224,40.65302,-73.94599,6,230,102678.57142857142,1,yearly
nyc,3391.10,E 34 St & Linden Blvd,2023,945,397,548,945,40.65302,-73.94599,6,230,24338.624338624337,1,yearly
nyc,3394.03,McDonald Ave & Vanderbilt St,2023,5223,2594,2629,5223,40.651654,-73.981231,12,71,1359.3720084242773,1,yearly
nyc,3400.04,Rogers Ave & Lenox Rd,2023,4416,2202,2214,4416,40.65378,-73.95273,7,270,6114.130434782609,1,yearly
nyc,3408.05,Ocean Ave & Crooke Ave,2023,6657,3257,3400,6657,40.65326,-73.96172,6,273,4100.946372239748,1,yearly
nyc,3420.01,36 St & 4 Ave,2023,19706,9751,9955,19706,40.654144,-74.00422,12,238,1207.7539835583073,1,yearly
nyc,3426.02,Prospect Ave & Vanderbilt St,2023,8002,3939,4063,8002,40.653368,-73.976291,12,85,1062.2344413896526,1,yearly
nyc,3428.04,2 Ave & 43 St,2023,2544,1237,1307,2544,40.652928282817754,-74.01286483444377,12,152,5974.842767295598,1,yearly
nyc,3431.02,New York Ave & Lenox Rd,2023,4344,2169,2175,4344,40.65458,-73.94716,6,230,5294.659300184162,1,yearly
nyc,3439.03,Bedford Ave & Clarkson Ave,2023,17414,8668,8746,17414,40.65519,-73.9564,11,250,1435.6265074078328,1,yearly
nyc,3448.02,Parkside Ave & Ocean Ave,2023,23569,11733,11836,23569,40.65485,-73.96217,7,208,882.515168229454,1,yearly
nyc,3451.01,34 St & 5 Ave,2023,3906,1912,1994,3906,40.654098,-74.001131,12,145,3712.2375832053253,1,yearly
nyc,3454.01,Clarkson Ave & Troy Ave,2023,1213,591,622,1213,40.65632999999999,-73.93648,7,196,16158.285243198681,1,yearly
nyc,3457.03,Prospect Park SW & Vanderbilt St,2023,20987,10454,10533,20987,40.65482,-73.973217,12,38,181.06446848048793,1,yearly
nyc,3460.01,2 Ave & 36 St,2023,8280,3819,4461,8280,40.65708866844411,-74.00870203950899,12,149,1799.5169082125603,1,yearly
nyc,3460.02,36 St & 3 Ave,2023,15186,7544,7642,15186,40.655716,-74.006664,12,218,1435.5327275121822,1,yearly
nyc,3460.04,2 Av & 37 St,2023,1459,638,821,1459,40.656326,-74.009627,10,160,10966.415352981494,1,yearly
nyc,3460.04,2 Ave & 37 St,2023,328,145,183,328,40.656326,-74.009627,2,160,48780.487804878045,1,yearly
nyc,3460.05,2 Ave & 39 St,2023,4646,2199,2447,4646,40.65572216754553,-74.0100082748101,12,188,4046.491605682307,1,yearly
nyc,3463.01,Clarkson Ave & E 37 St,2023,4094,2030,2064,4094,40.65577,-73.9432,7,161,3932.584269662921,1,yearly
nyc,3472.03,Clarkson Ave & Nostrand Ave,2023,10244,5107,5137,10244,40.65550523933467,-73.94975354946746,9,203,1981.647793830535,1,yearly
nyc,3480.04,Parkside Ave & Flatbush Ave,2023,20007,9992,10015,20007,40.65563,-73.95968,11,227,1134.602888988854,1,yearly
nyc,3486.02,Clarkson Ave & Utica Ave,2023,4199,2067,2132,4199,40.65666,-73.93109,11,223,5310.788282924505,1,yearly
nyc,3492.04,34 St & 4 Ave,2023,10162,4949,5213,10162,40.655278,-74.003101,12,222,2184.609328872269,1,yearly
nyc,3495.08,Lenox Rd & E 43 St,2023,1338,638,700,1338,40.65496,-73.93765,7,168,12556.053811659192,1,yearly
nyc,3498.09,Prospect Park SW & 16 St,2023,23919,11907,12012,23919,40.657265,-73.974165,12,21,87.7963125548727,1,yearly
nyc,3504.02,New York Ave & Hawthorne St,2023,5919,2941,2978,5919,40.65794,-73.94735,11,157,2652.4750802500425,1,yearly
nyc,3507.04,Prospect Park W & 20 St,2023,10816,5617,5199,10816,40.656633,-73.983864,12,61,563.9792899408284,1,yearly
nyc,3512.03,Winthrop St & Rogers Ave,2023,7593,3788,3805,7593,40.65686,-73.95331,11,180,2370.6045041485577,1,yearly
nyc,3515.01,7 Ave & 22 St,2023,8528,4378,4150,8528,40.658029,-73.989605,12,45,527.6735459662289,1,yearly
nyc,3520.01,Flatbush Ave & Fenimore St,2023,13347,6675,6672,13347,40.65798,-73.96051,11,165,1236.2328613171499,1,yearly
nyc,3523.06,29 St & 5 Ave,2023,7273,3602,3671,7273,40.656986,-73.998194,12,103,1416.1968926165268,1,yearly
nyc,3526.04,Winthrop St & Schenectady Ave,2023,863,399,464,863,40.6582,-73.9338,5,202,23406.720741599074,1,yearly
nyc,3526.06,Winthrop St & Schenectady Ave,2023,524,259,265,524,40.65808,-73.93415,6,191,36450.38167938931,1,yearly
nyc,3532.02,2 Ave & 32 St,2023,2883,1380,1503,2883,40.659176,-74.006584,12,120,4162.3309053069715,1,yearly
nyc,3535.02,Albany Ave & Winthrop St,2023,1830,937,893,1830,40.65791,-73.93967,6,166,9071.03825136612,1,yearly
nyc,3535.03,Winthrop St & Albany Ave,2023,2392,1185,1207,2392,40.6577,-73.9398,5,165,6897.993311036789,1,yearly
nyc,3538.09,11 Ave & Prospect Ave,2023,23258,11590,11668,23258,40.65629,-73.977335,12,62,266.5749419554562,1,yearly
nyc,3544.02,Winthrop St & Nostrand Ave,2023,9709,4715,4994,9709,40.65707,-73.95005,11,184,1895.1488309815634,1,yearly
nyc,3547.04,19 St & 8 Ave,2023,6203,3778,2425,6203,40.658489,-73.985543,12,62,999.516363050137,1,yearly
nyc,3552.09,Bedford Ave & Fenimore St,2023,10245,5056,5189,10245,40.65815,-73.95674,11,168,1639.8243045387994,1,yearly
nyc,3555.04,24 St & 5 Ave,2023,13682,6817,6865,13682,40.659555,-73.995068,12,109,796.6671539248647,1,yearly
nyc,3564.04,30 St & 4 Ave,2023,9125,4528,4597,9125,40.657743,-74.001141,12,154,1687.6712328767123,1,yearly
nyc,3567.05,Rutland Rd & E 45 St,2023,3048,1393,1655,3048,40.66034,-73.93618,11,213,6988.188976377953,1,yearly
nyc,3576.1,Rutland Rd & Brooklyn Ave,2023,969,478,491,969,40.65969,-73.94517,3,151,15583.075335397318,1,yearly
nyc,3579.04,Windsor Pl & Howard Pl,2023,31493,16046,15447,31493,40.659490559276556,-73.98013919576908,12,86,273.0765566951386,1,yearly
nyc,3585.06,Nostrand Ave & Rutland Rd,2023,7842,3909,3933,7842,40.6595,-73.95041,11,185,2359.0920683499107,1,yearly
nyc,3588.01,7 Ave & 20 St,2023,14908,7653,7255,14908,40.659053,-73.98854,12,59,395.76066541454253,1,yearly
nyc,3593.01,Maple St & Flatbush Ave,2023,17630,8921,8709,17630,40.66026,-73.96045,11,136,771.4123652864436,1,yearly
nyc,3593.1,Flatbush Ave & Lincoln Rd,2023,21335,10313,11022,21335,40.66131,-73.96091,9,134,628.0759315678463,1,yearly
nyc,3596.04,4 Ave & 26 St,2023,10602,5196,5406,10602,40.660079,-73.998633,12,136,1282.776834559517,1,yearly
nyc,3599.01,Midwood St & Utica Ave,2023,2309,1144,1165,2309,40.66124,-73.93164,11,255,11043.741879601559,1,yearly
nyc,3608.06,Maple St & Albany Ave,2023,6811,3400,3411,6811,40.66155,-73.93974,11,192,2818.969314344443,1,yearly
nyc,3611.02,Prospect Park SW & 10 Ave,2023,23204,11909,11295,23204,40.659945,-73.977504,12,53,228.40889501810034,1,yearly
nyc,3617.02,Maple St & New York Ave,2023,9732,4843,4889,9732,40.66104,-73.94795,11,183,1880.39457459926,1,yearly
nyc,3620.02,Windsor Pl & 8 Ave,2023,15007,7652,7355,15007,40.660906,-73.983074,12,89,593.0565735989871,1,yearly
nyc,3625.04,Bedford Ave & Maple St,2023,7973,3955,4018,7973,40.66035,-73.95679,11,168,2107.1115013169447,1,yearly
nyc,3625.07,Rogers Ave & Lincoln Rd,2023,14691,7318,7373,14691,40.66127,-73.95352,11,182,1238.8537199646044,1,yearly
nyc,3628.11,6 Ave & 21 St,2023,33193,16589,16604,33193,40.66016,-73.990974,12,75,225.9512547826349,1,yearly
nyc,3633.08,Lincoln Rd & Ocean Ave,2023,40646,20360,20286,40646,40.6605,-73.9626,11,108,265.70880283422724,1,yearly
nyc,3639.04,Schenectady Ave & Maple St,2023,3550,1631,1919,3550,40.66178,-73.93445,11,274,7718.309859154931,1,yearly
nyc,3648.06,Midwood St & Kingston Ave,2023,3213,1599,1614,3213,40.66067,-73.94243,6,168,5228.758169934641,1,yearly
nyc,3648.08,Kingston Ave & E New York Ave,2023,4377,2174,2203,4377,40.66219,-73.94293,4,158,3609.778387023075,1,yearly
nyc,3651.04,West Drive & Prospect Park West,2023,96709,48225,48484,96709,40.66106337014628,-73.97945255253201,12,65,67.21194511369158,1,yearly
nyc,3657.06,Sterling St & Nostrand Ave,2023,16569,8310,8259,16569,40.66318,-73.95076,11,192,1158.7905124026797,1,yearly
nyc,3660.07,7 Ave & 17 St,2023,16446,8267,8179,16446,40.66093779496187,-73.98680448524959,12,82,498.6014836434391,1,yearly
nyc,3665.06,Sterling St & Bedford Ave,2023,12533,6255,6278,12533,40.662705900105934,-73.95691150052967,12,178,1420.2505385781537,1,yearly
nyc,3668.04,21 St & 4 Ave,2023,19119,9489,9630,19119,40.662584,-73.995554,12,220,1150.6877974789477,1,yearly
nyc,3680.04,E New York Ave & Troy Ave,2023,4607,2282,2325,4607,40.66227,-73.93762,11,210,4558.280876926417,1,yearly
nyc,3688.06,Brooklyn Ave & Lefferts Ave,2023,2451,1212,1239,2451,40.662564,-73.945565,4,172,7017.543859649122,1,yearly
nyc,3696.05,Rogers Ave & Sterling St,2023,14056,7040,7016,14056,40.66306190011615,-73.95387460046459,12,179,1273.477518497439,1,yearly
nyc,3699.07,17 St & 5 Ave,2023,29167,14557,14610,29167,40.663493,-73.991007,12,181,620.5643364075839,1,yearly
nyc,3704.01,Washington Ave & Empire Blvd,2023,12209,6093,6116,12209,40.66314,-73.96056950136777,9,152,1244.983209108035,1,yearly
nyc,3704.04,Flatbush Ave & Ocean Ave,2023,39361,19755,19606,39361,40.663657,-73.963014,12,128,325.1949899646858,1,yearly
nyc,3704.08,Sullivan Pl & Franklin Ave,2023,3309,1641,1668,3309,40.664079837231405,-73.9602512858768,4,153,4623.753399818676,1,yearly
nyc,3707.01,23 St & 3 Ave,2023,3205,1576,1629,3205,40.662611,-73.998623,12,174,5429.017160686427,1,yearly
nyc,3710.07,Lefferts Ave & Schenectady Ave,2023,6469,3213,3256,6469,40.66343,-73.93472,7,284,4390.16849590354,1,yearly
nyc,3719.02,Lefferts Ave & Albany Ave,2023,2838,1410,1428,2838,40.66288,-73.94019,4,189,6659.6194503171255,1,yearly
nyc,3722.04,Prospect Park West & 8 St,2023,57398,28963,28435,57398,40.66514681576812,-73.97637605653911,12,69,120.21324784835707,1,yearly
nyc,3728.04,Empire Blvd & New York Ave,2023,6559,3254,3305,6559,40.66403,-73.94769,11,166,2530.8736087818265,1,yearly
nyc,3728.05,New York Ave & Montgomery St,2023,4028,2025,2003,4028,40.66509,-73.94824,6,181,4493.545183714002,1,yearly
nyc,3731.11,14 St & 7 Ave,2023,43397,21702,21695,43397,40.663779,-73.98396845963558,12,110,253.47374242459156,1,yearly
nyc,3736.03,Bedford Ave & Montgomery St,2023,12577,6292,6285,12577,40.665816,-73.956934,12,202,1606.10638467043,1,yearly
nyc,3736.04,Sullivan Pl & Bedford Ave,2023,7543,3764,3779,7543,40.66424060030325,-73.95746860030324,12,180,2386.3184409386186,1,yearly
nyc,3739.06,4 Ave & 17 St,2023,13669,6783,6886,13669,40.665507,-73.993037,12,281,2055.7465798522203,1,yearly
nyc,3742.11,Carroll St & Rochester Ave,2023,5992,2975,3017,5992,40.66598,-73.9284,12,340,5674.232309746329,1,yearly
nyc,3751.05,Crown St & Troy Ave,2023,2114,1064,1050,2114,40.66559,-73.93712,4,265,12535.477767265846,1,yearly
nyc,3759.07,Kingston Ave & Montgomery St,2023,13771,6842,6929,13771,40.66481,-73.94269,11,174,1263.5247984895796,1,yearly
nyc,3762.08,10 St & 7 Ave,2023,55464,27730,27734,55464,40.666207800092025,-73.98199886006442,12,126,227.17438338381652,1,yearly
nyc,3768.02,Crown St & Rogers Ave,2023,10816,5405,5411,10816,40.66639,-73.95346,11,240,2218.9349112426034,1,yearly
nyc,3771.06,14 St & 5 Ave,2023,40314,20091,20223,40314,40.666287,-73.9889505304439,12,201,498.58609912189314,1,yearly
nyc,3776.05,Montgomery St & Franklin Ave,2023,12191,6086,6105,12191,40.66643930680058,-73.96055638781253,12,144,1181.1992453449266,1,yearly
nyc,3779.02,3 Ave & 17 St,2023,5043,2494,2549,5043,40.666168,-73.995549,12,265,5254.808645647432,1,yearly
nyc,3782.03,Carroll St & Utica Ave,2023,5892,2931,2961,5892,40.66619,-73.93162,11,315,5346.232179226069,1,yearly
nyc,3791.02,Albany Ave & Carroll St,2023,11410,5753,5657,11410,40.6667,-73.93972,11,235,2059.5968448729186,1,yearly
nyc,3800.07,New York Ave & Montgomery St,2023,1067,533,534,1067,40.66509,-73.94824,3,181,16963.44892221181,1,yearly
nyc,3803.05,6 Ave & 12 St,2023,31466,15720,15746,31466,40.66631809996873,-73.98546170009382,12,142,451.2807474734634,1,yearly
nyc,3803.09,6 Ave & 9 St,2023,57905,28882,29023,57905,40.668127,-73.98377640963847,12,143,246.95622139711597,1,yearly
nyc,3811.05,16 St & 4 Ave,2023,3515,1735,1780,3515,40.666197,-73.992466,3,280,7965.860597439545,1,yearly
nyc,3811.05,16th St & 4th Ave,2023,10430,5105,5325,10430,40.666197,-73.992466,10,280,2684.5637583892617,1,yearly
nyc,3814.01,Buffalo Ave & E New York Ave,2023,7994,4026,3968,7994,40.66591,-73.92602,12,318,3977.983487615712,1,yearly
nyc,3822.08,Schenectady Ave & President St,2023,7741,3937,3804,7741,40.66732,-73.93398,11,360,4650.561942901433,1,yearly
nyc,3831.03,Kingston Ave & Carroll St,2023,13459,6980,6479,13459,40.66688,-73.9425,11,195,1448.8446392748347,1,yearly
nyc,3834.1,6 St & 7 Ave,2023,17195,10981,6214,17195,40.66866270010832,-73.97988067011916,11,111,645.5364931666181,1,yearly
nyc,3834.10,6 St & 7 Ave,2023,31123,13155,17968,31123,40.66866270015862,-73.97988067017448,12,111,356.6494232561128,1,yearly
nyc,3839.02,President St & Nostrand Ave,2023,12715,6774,5941,12715,40.66811,-73.9505,9,269,2115.611482500983,1,yearly
nyc,3842.08,10 St & 5 Ave,2023,29137,14520,14617,29137,40.66862729972366,-73.98700053043292,12,175,600.6109070940728,1,yearly
nyc,3845.05,Eastern Pkwy & Ralph Ave,2023,3380,1694,1686,3380,40.66852,-73.92284,12,333,9852.07100591716,1,yearly
nyc,3847.04,Carroll St & Franklin Ave,2023,14159,7106,7053,14159,40.66794109995798,-73.9588,12,191,1348.9653224097747,1,yearly
nyc,3850.03,3 Ave & 14 St,2023,12370,6081,6289,12370,40.668545500635574,-73.99333264045761,12,292,2360.5497170573967,1,yearly
nyc,3853.02,Eastern Pkwy & Rochester Ave,2023,7667,3830,3837,7667,40.66846,-73.9282,12,343,4473.718533976784,1,yearly
nyc,3856.03,Flatbush Ave & Eastern Pkwy,2023,8479,4382,4097,8479,40.668757,-73.966438,12,53,625.0737115225852,1,yearly
nyc,3862.07,Eastern Pkwy & Troy Ave,2023,10734,5643,5091,10734,40.66929,-73.93679,12,286,2664.4307806968513,1,yearly
nyc,3865.05,3 St & Prospect Park West,2023,64701,32588,32113,64701,40.668132,-73.97363830865412,12,54,83.46084295451384,1,yearly
nyc,3871.02,Eastern Pkwy & Brooklyn Ave,2023,14273,7161,7112,14273,40.66939,-73.94514,11,199,1394.2408743781966,1,yearly
nyc,3874.01,5 St & 6 Ave,2023,25029,12483,12546,25029,40.67048360029916,-73.98208968023933,12,152,607.2955371768749,1,yearly
nyc,3877.04,Pitkin Ave & Grafton St,2023,10,3,7,10,40.66852,-73.91908,1,243,2430000.0,1,yearly
nyc,3879.04,Union St & Bedford Ave,2023,26832,13569,13263,26832,40.66917829985392,-73.95541619990261,12,244,909.3619558735837,1,yearly
nyc,3882.01,12 St & 4 Ave,2023,21293,10636,10657,21293,40.668603,-73.99043939987095,12,265,1244.5404593058752,1,yearly
nyc,3882.05,10 St & 4 Ave,2023,23133,11476,11657,23133,40.6696922181266,-73.98904685144049,8,183,791.0776812345999,1,yearly
nyc,3885.06,Buffalo Ave & St John's Pl,2023,673,335,338,673,40.67015,-73.92538,3,323,47994.05646359584,1,yearly
nyc,3885.06,Buffalo Ave & St Johns Pl,2023,2199,1102,1097,2199,40.67015,-73.92538,10,323,14688.494770350158,1,yearly
nyc,3887.03,Carroll St & Washington Ave,2023,16094,8482,7612,16094,40.66867439924362,-73.96181480037819,12,135,838.8219212128744,1,yearly
nyc,3893.03,Eastern Pkwy & Schenectady Ave,2023,11758,6065,5693,11758,40.66876,-73.93376,11,328,2789.5900663378125,1,yearly
nyc,3902.06,Eastern Pkwy & Kingston Ave,2023,39176,20074,19102,39176,40.66959,-73.94237,12,211,538.5950581988973,1,yearly
nyc,3905.15,3 St & 7 Ave,2023,60569,30298,30271,60569,40.67038370024402,-73.97839676019521,12,109,179.96004556786474,1,yearly
nyc,3911.05,Eastern Pkwy & Nostrand Ave,2023,20796,11003,9793,20796,40.66967,-73.9503,11,258,1240.6231967686092,1,yearly
nyc,3914.02,7 St & 5 Ave,2023,34212,17070,17142,34212,40.670492199886375,-73.98541675014202,12,163,476.4410148485911,1,yearly
nyc,3917.03,St Johns Pl & Howard Ave,2023,3049,1538,1511,3049,40.66992,-73.92002,12,280,9183.338799606428,1,yearly
nyc,3919.07,Eastern Pkwy & Franklin Ave,2023,65531,33320,32211,65531,40.670776700319706,-73.95768009989344,12,250,381.49883261357223,1,yearly
nyc,3919.07,Eastern Pkwy & Franklin Ave (NE Corner),2023,1928,983,945,1928,40.6707767,-73.9576801,1,250,12966.804979253113,1,yearly
nyc,3919.12,Eastern Pkwy & Franklin Ave (SW Corner),2023,433,221,212,433,40.670529,-73.958222,1,240,55427.25173210161,1,yearly
nyc,3922.02,10 St & 2 Ave,2023,17645,8801,8844,17645,40.671907,-73.993612,12,145,821.762538962879,1,yearly
nyc,3925.03,Sterling Pl & Rochester Ave,2023,3673,1938,1735,3673,40.67128,-73.92825,12,322,8766.675741900353,1,yearly
nyc,3928.08,Eastern Pkwy & Washington Ave,2023,44096,22720,21376,44096,40.67164929924627,-73.96311450125621,12,135,306.1502177068215,1,yearly
nyc,3931.09,Bay St & Court St,2023,7633,3701,3932,7633,40.671409,-74.001328,12,125,1637.6260972094854,1,yearly
nyc,3934.06,Sterling Pl & Schenectady Ave,2023,6321,3347,2974,6321,40.6716,-73.93378,12,323,5109.950957127036,1,yearly
nyc,3934.07,Troy Ave & Park Pl,2023,7202,3653,3549,7202,40.67251,-73.93642,12,252,3499.0280477645097,1,yearly
nyc,3940.04,Sigourney St & Columbia St,2023,12810,6358,6452,12810,40.67267243000777,-74.00879524415299,12,36,281.0304449648712,1,yearly
nyc,3943.03,St Johns Pl & Kingston Ave,2023,4372,2185,2187,4372,40.67113,-73.94222,3,199,4551.692589204025,1,yearly
nyc,3943.03,St. Johns Pl & Kingston Ave,2023,11501,5825,5676,11501,40.67113,-73.94222,10,199,1730.284323102339,1,yearly
nyc,3946.07,1 St & 6 Ave,2023,31166,15609,15557,31166,40.672784,-73.979826,12,128,410.7039722774819,1,yearly
nyc,3950.03,Park Pl & Thomas S. Boyland St,2023,4545,2299,2246,4545,40.67154,-73.91433,12,229,5038.503850385038,1,yearly
nyc,3952.07,Lincoln Pl & Nostrand Ave,2023,18528,9629,8899,18528,40.67077,-73.9507,12,224,1208.9810017271159,1,yearly
nyc,3955.05,4 Ave & 9 St,2023,7456,3703,3753,7456,40.67051350039388,-73.98876585011816,3,177,2373.9270386266094,1,yearly
nyc,3958.02,Sterling Pl & Ralph Ave,2023,2441,1252,1189,2441,40.67095,-73.92222,12,264,10815.239655878737,1,yearly
nyc,3960.01,Lincoln Pl & Classon Ave,2023,26830,14174,12656,26830,40.6721682998511,-73.9609,12,151,562.8028326500187,1,yearly
nyc,3966.01,St Johns Pl & Utica Ave,2023,8046,4115,3931,8046,40.6705,-73.9308,12,376,4673.129505344271,1,yearly
nyc,3966.03,Park Pl & Utica Ave,2023,5464,2808,2656,5464,40.67242,-73.93094,12,305,5581.99121522694,1,yearly
nyc,3972.08,Henry St & Bay St,2023,7560,3699,3861,7560,40.67250580054927,-74.00494695013732,12,106,1402.116402116402,1,yearly
nyc,3975.02,Albany Ave & Park Pl,2023,7381,3775,3606,7381,40.67297,-73.93896,11,205,2777.401436119767,1,yearly
nyc,3978.13,Garfield Pl & 8 Ave,2023,47993,24032,23961,47993,40.671197800170056,-73.97484125977894,12,108,225.0328172858542,1,yearly
nyc,3981.1,Dwight St & Van Dyke St,2023,2148,1923,225,2148,40.67363552197642,-74.01195556700856,11,44,2048.417132216015,1,yearly
nyc,3981.10,Dwight St & Van Dyke St,2023,6723,2453,4270,6723,40.67363551965476,-74.01195556490559,12,44,654.4697307749516,1,yearly
nyc,3982.01,Eastern Pkwy\t& St Marks Ave,2023,342,172,170,342,40.67319,-73.91083,3,296,86549.70760233917,1,yearly
nyc,3984.02,Sterling Pl & New York Ave,2023,18676,9921,8755,18676,40.67234,-73.94763,12,201,1076.247590490469,1,yearly
nyc,3987.06,5 Ave & 3 St,2023,57097,28462,28635,57097,40.672815500472105,-73.98352355042489,12,157,274.97066395782616,1,yearly
nyc,3991.04,Prospect Pl & Howard Ave,2023,3257,1646,1611,3257,40.67261,-73.91977,12,219,6723.9791218913115,1,yearly
nyc,3993.03,Sterling Pl & Bedford Ave,2023,30852,15803,15049,30852,40.672695,-73.954131,12,239,774.666148061714,1,yearly
nyc,3996.01,7 St & 3 Ave,2023,27230,13518,13712,27230,40.67260298150935,-73.98983001708237,12,134,492.10429673154607,1,yearly
nyc,3999.06,Park Pl & Buffalo Ave,2023,3893,1953,1940,3893,40.67202,-73.92539,12,270,6935.525301823786,1,yearly
nyc,4001.09,St Johns Pl & Washington Ave,2023,51325,25816,25509,51325,40.67372360024421,-73.96316109993894,12,108,210.4237700925475,1,yearly
nyc,4007.01,Schenectady Ave & Prospect Pl,2023,8123,4059,4064,8123,40.67351,-73.93363,12,240,2954.573433460544,1,yearly
nyc,4010.01,Plaza St East & Flatbush Ave,2023,80489,41948,38541,80489,40.673134,-73.969106,12,88,109.33170992309508,1,yearly
nyc,4010.13,Plaza St West & Flatbush Ave,2023,66096,33230,32866,66096,40.67502070051483,-73.97111473046336,12,142,214.83902202856453,1,yearly
nyc,4010.15,Grand Army Plaza & Plaza St West,2023,64853,32365,32488,64853,40.67296790038656,-73.97087984061848,12,113,174.24020477078932,1,yearly
nyc,4013.08,Columbia St & Lorraine St,2023,3807,1594,2213,3807,40.67470550081195,-74.00755719967522,10,74,1943.7877593905962,1,yearly
nyc,4014.01,Pacific St & Sackman St,2023,1432,749,683,1432,40.67522,-73.9061,9,260,18156.424581005587,1,yearly
nyc,4016.03,Kingston Ave & Park Pl,2023,15780,8297,7483,15780,40.67308,-73.94191,12,185,1172.3700887198986,1,yearly
nyc,4019.06,Carroll St & 6 Ave,2023,44879,22334,22545,44879,40.67408860027069,-73.97872819986466,12,147,327.5474052452149,1,yearly
nyc,4023.01,St Marks Ave & Thomas S. Boyland St,2023,1664,856,808,1664,40.67313,-73.91387,12,266,15985.576923076922,1,yearly
nyc,4023.05,Pacific St & Thomas S. Boyland St,2023,2576,1309,1267,2576,40.67568,-73.91396,12,280,10869.565217391304,1,yearly
nyc,4025.02,Prospect Pl & Nostrand Ave,2023,26662,13693,12969,26662,40.67428,-73.9503,12,207,776.3858675268173,1,yearly
nyc,4028.03,3 St & 3 Ave,2023,30635,15032,15603,30635,40.67507050049701,-73.98775225974155,12,131,427.6154724987759,1,yearly
nyc,4028.04,4 Ave & 3 St,2023,36943,18415,18528,36943,40.673746,-73.985649,12,151,408.737785236716,1,yearly
nyc,4031.05,St Marks Ave & Ralph Ave,2023,2903,1475,1428,2903,40.67372,-73.92199,12,178,6131.5880124009645,1,yearly
nyc,4033.06,Park Pl & Franklin Ave,2023,21535,10750,10785,21535,40.674180600488185,-73.95649470036614,8,197,914.7898769445089,1,yearly
nyc,4033.16,Sterling Pl & Franklin Ave,2023,19243,9631,9612,19243,40.673247912349595,-73.95689514323061,5,215,1117.2894039390949,1,yearly
nyc,4039.04,St Marks Ave & Rochester Ave,2023,4146,2114,2032,4146,40.67404,-73.92772,12,266,6415.8224794983125,1,yearly
nyc,4042.08,Underhill Ave & Lincoln Pl,2023,40161,20103,20058,40161,40.67401229975914,-73.96714570024086,12,131,326.1870969348373,1,yearly
nyc,4045.01,Clinton St & Centre St,2023,6398,3097,3301,6398,40.67434,-74.00194698005197,10,184,2875.898718349484,1,yearly
nyc,4048.03,Bergen St & Troy Ave,2023,5080,2748,2332,5080,40.67524,-73.93596,12,244,4803.149606299213,1,yearly
nyc,4051.01,Berkeley Pl & 7 Ave,2023,84660,42249,42411,84660,40.67514683876987,-73.97523209449108,12,173,204.34679896054806,1,yearly
nyc,4054.02,Wolcott St & Dwight St,2023,4052,1908,2144,4052,40.67532739935369,-74.01006980032315,10,71,1752.2211253701876,1,yearly
nyc,4054.06,Dwight St & Dikeman St,2023,997,459,538,997,40.67487503856169,-74.01048018571481,4,65,6519.558676028084,1,yearly
nyc,4055.04,Bergen St & Mother Gaston Blvd,2023,3957,2058,1899,3957,40.67374,-73.90852,12,312,7884.761182714177,1,yearly
nyc,4057.04,Brooklyn Ave & Prospect Pl,2023,19556,10101,9455,19556,40.67412,-73.94447,12,158,807.936183268562,1,yearly
nyc,4060.09,Carroll St & 5 Ave,2023,47784,23817,23967,47784,40.675162199871465,-73.98148319987148,12,147,307.6343545956805,1,yearly
nyc,4064.03,Bergen St & Saratoga Ave,2023,3424,1720,1704,3424,40.67423,-73.91656,12,213,6220.794392523365,1,yearly
nyc,4066.15,Bedford Ave & Bergen St,2023,30150,15169,14981,30150,40.676368,-73.952918,11,246,815.9203980099502,1,yearly
nyc,4072.02,Bergen St & Buffalo Ave,2023,2964,1597,1367,2964,40.6747,-73.92512,12,231,7793.522267206477,1,yearly
nyc,4074.14,Classon Ave & St Marks Ave,2023,48546,24603,23943,48546,40.676513,-73.959431,12,164,337.8239195814279,1,yearly
nyc,4077.04,Smith St & 9 St,2023,33404,16688,16716,33404,40.67469570029537,-73.99785768031505,12,180,538.8576218416956,1,yearly
nyc,4077.07,Court St & Nelson St,2023,32232,16032,16200,32232,40.67639470043081,-73.99869893010053,12,205,636.0138992305783,1,yearly
nyc,4080.01,Schenectady Ave & Pacific St,2023,6901,3484,3417,6901,40.67686,-73.93327,12,305,4419.649326184611,1,yearly
nyc,4086.05,Columbia St & W 9 St,2023,5951,2916,3035,5951,40.676999299731214,-74.00647133969538,12,130,2184.5068055788943,1,yearly
nyc,4086.06,Henry St & W 9 St,2023,5839,2869,2970,5839,40.67637439941781,-74.00324957062584,12,193,3305.3605069361192,1,yearly
nyc,4087.01,Van Sinderen Ave & Atlantic Ave,2023,3287,1734,1553,3287,40.67621,-73.90351,12,242,7362.336477030727,1,yearly
nyc,4089.01,Bergen St & Kingston Ave,2023,16166,8299,7867,16166,40.6756,-73.9415,12,195,1206.2353086725225,1,yearly
nyc,4095.03,Van Brunt St & Wolcott St,2023,26549,12947,13602,26549,40.67734290021812,-74.01275056095974,12,56,210.9307318543071,1,yearly
nyc,4095.1,Van Brunt St & Van Dyke St,2023,6243,5229,1014,6243,40.67583294406134,-74.01472628042194,12,50,800.8970046452027,1,yearly
nyc,4095.10,Van Brunt St & Van Dyke St,2023,16506,5988,10518,16506,40.675832944139465,-74.01472628003029,12,50,302.9201502483945,1,yearly
nyc,4096.08,Dean St & Rockaway Ave,2023,1814,959,855,1814,40.67486,-73.91123,12,278,15325.248070562295,1,yearly
nyc,4098.06,New York Ave & St Marks Ave,2023,21484,11027,10457,21484,40.67514,-73.94716,12,210,977.4716067771365,1,yearly
nyc,4101.17,President St & 4 Ave,2023,47212,23342,23870,47212,40.676757,-73.983262,12,166,351.6055240193171,1,yearly
nyc,4105.01,Pacific St & Ralph Ave,2023,3927,1998,1929,3927,40.67607,-73.92171,12,184,4685.510567863509,1,yearly
nyc,4107.05,Franklin Ave & St Marks Ave,2023,45450,23400,22050,45450,40.67583239955494,-73.95616770033378,12,200,440.04400440044003,1,yearly
nyc,4107.13,Dean St & Franklin Ave,2023,51704,25791,25913,51704,40.67759206929338,-73.95563721631707,12,225,435.169425963175,1,yearly
nyc,4110.1,3 St & Hoyt St,2023,5032,4862,170,5032,40.67772870020969,-73.99364122983924,11,89,1768.6804451510334,1,yearly
nyc,4110.10,3 St & Hoyt St,2023,16588,5865,10723,16588,40.67772870034001,-73.99364122973931,12,89,536.5324330841572,1,yearly
nyc,4113.01,Pacific St & Rochester Ave,2023,2883,1478,1405,2883,40.67639,-73.92748,12,269,9330.558446063127,1,yearly
nyc,4116.08,Prospect Pl & Underhill Ave,2023,44580,22383,22197,44580,40.67696939981001,-73.96579,12,148,331.9874383131449,1,yearly
nyc,4116.09,Washington Ave & Park Pl,2023,827,476,351,827,40.675832,-73.963308,1,138,16686.819830713423,1,yearly
nyc,4119.04,Clinton St & 4 Place,2023,28008,13913,14095,28008,40.678356299558686,-74.00014501997059,12,187,667.6663810339903,1,yearly
nyc,4120.02,Fulton St & Williams Ave,2023,4550,2248,2302,4550,40.67709,-73.9008,11,334,7340.65934065934,1,yearly
nyc,4122.03,Pacific St & Troy Ave,2023,7823,3917,3906,7823,40.67686,-73.93607,12,284,3630.320848779241,1,yearly
nyc,4124.04,Verona Pl & Fulton St,2023,12225,6283,5942,12225,40.6803560839824,-73.94767910234647,12,325,2658.4867075664624,1,yearly
nyc,4125.07,7 Ave & Park Pl,2023,87483,43681,43802,87483,40.677614700196,-73.97324283011108,12,216,246.90511299338158,1,yearly
nyc,4128.08,Pioneer St & Richards St,2023,7038,3181,3857,7038,40.67777480011711,-74.00946129982434,12,80,1136.6865586814436,1,yearly
nyc,4129.1,Herkimer St & Eastern Pkwy,2023,968,657,311,968,40.67738,-73.90829,11,270,27892.561983471074,1,yearly
nyc,4129.10,Herkimer St & Eastern Pkwy,2023,1937,800,1137,1937,40.67738,-73.90829,12,270,13939.081053175012,1,yearly
nyc,4131.03,Brooklyn Ave & Dean St,2023,17233,8625,8608,17233,40.67669,-73.94437,12,259,1502.9304241861546,1,yearly
nyc,4134.06,Berkeley Pl & 6 Ave,2023,33597,16726,16871,33597,40.676530399697526,-73.97846879015879,12,192,571.479596392535,1,yearly
nyc,4137.1,Coffey St & Conover St,2023,2840,2838,2,2840,40.677236,-74.015665,11,39,1373.2394366197184,1,yearly
nyc,4137.10,Coffey St & Conover St,2023,10672,3562,7110,10672,40.677236,-74.015665,12,39,365.44227886056973,1,yearly
nyc,4137.14,Coffey St & Ferris St,2023,13207,6555,6652,13207,40.67818388051736,-74.01701688835708,12,33,249.86749451048686,1,yearly
nyc,4138.04,Thomas S. Boyland St & Fulton St,2023,5858,3309,2549,5858,40.67854,-73.91367,12,223,3806.7599863434616,1,yearly
nyc,4140.03,Pacific St & Nostrand Ave,2023,29309,14788,14521,29309,40.6776,-73.94963,12,318,1084.99095840868,1,yearly
nyc,4143.03,Union St & Nevins St,2023,2099,1045,1054,2099,40.67909799721229,-73.98765474583476,2,118,5621.72463077656,1,yearly
nyc,4143.04,3 Ave & Carroll St,2023,20106,9950,10156,20106,40.677027,-73.9865,12,124,616.7313239828907,1,yearly
nyc,4146.02,Columbus Pl & Atlantic Ave,2023,4292,2226,2066,4292,40.67717,-73.92285,12,202,4706.430568499534,1,yearly
nyc,4148.07,Pacific St & Classon Ave,2023,20381,10248,10133,20381,40.67919439938057,-73.95879029953544,12,232,1138.3150973946322,1,yearly
nyc,4151.01,Smith St & 3 St,2023,34326,17116,17210,34326,40.678724199776944,-73.99599099001115,12,115,335.02301462448287,1,yearly
nyc,4154.02,Pacific St & Utica Ave,2023,5114,2578,2536,5114,40.6767,-73.93051,12,306,5983.574501368791,1,yearly
nyc,4157.1,Bergen St & Vanderbilt Ave,2023,23620,23581,39,23620,40.67943880016858,-73.9680438001686,11,257,1088.0609652836579,1,yearly
nyc,4157.10,Bergen St & Vanderbilt Ave,2023,79578,27892,51686,79578,40.679438800206874,-73.96804380020687,12,257,322.95358013521326,1,yearly
nyc,4157.15,Prospect Pl & Vanderbilt Ave,2023,343,172,171,343,40.67767534,-73.96902144,1,190,55393.58600583091,1,yearly
nyc,4161.01,Van Sinderen Ave & Truxton St,2023,9176,4726,4450,9176,40.6786,-73.90369,12,233,2539.232781168265,1,yearly
nyc,4166.08,Prospect Pl & 6 Ave,2023,38007,18965,19042,38007,40.67933070024943,-73.97519522980878,12,287,755.1240560949299,1,yearly
nyc,4169.04,Pioneer St & Van Brunt St,2023,22473,11026,11447,22473,40.679043,-74.011169,12,65,289.2359720553553,1,yearly
nyc,4170.08,Somers St & Rockaway Ave,2023,5149,2709,2440,5149,40.67872,-73.91105,12,252,4894.154204699941,1,yearly
nyc,4172.04,Herkimer St & New York Ave,2023,12730,6727,6003,12730,40.67955,-73.94709,12,281,2207.3841319717203,1,yearly
nyc,4175.14,Douglass St & 4 Ave,2023,44665,22251,22414,44665,40.67927880019524,-73.98154003996095,12,197,441.0612336281205,1,yearly
nyc,4175.15,Union St & 4 Ave,2023,44653,21821,22832,44653,40.677274399749344,-73.98282001998747,12,168,376.23451951716567,1,yearly
nyc,4179.03,Fulton St & Saratoga Ave,2023,4169,2088,2081,4169,40.67853,-73.91642,12,217,5205.085152314704,1,yearly
nyc,4181.1,Brevoort Pl & Bedford Ave,2023,4913,3518,1395,4913,40.68012,-73.95362,11,297,6045.1862405862,1,yearly
nyc,4181.10,Brevoort Pl & Bedford Ave,2023,11132,4616,6516,11132,40.68012,-73.95362,12,297,2667.98418972332,1,yearly
nyc,4184.07,Carroll St & Bond St,2023,27188,13561,13627,27188,40.6786115004043,-73.99037292006469,12,95,349.4188612623216,1,yearly
nyc,4187.04,Sumpter St & Fulton St,2023,3914,1986,1928,3914,40.67923,-73.92588,12,252,6438.4261624936125,1,yearly
nyc,4190.06,Grand Ave & Bergen St,2023,40419,20291,20128,40419,40.678045,-73.962408,12,172,425.54244291051236,1,yearly
nyc,4193.14,1 Pl & Clinton St,2023,33734,16840,16894,33734,40.68095909990814,-73.99905708991732,12,172,509.8713464160787,1,yearly
nyc,4196.01,Lewis Ave & Fulton St,2023,4859,2451,2408,4859,40.67972,-73.93467,11,278,5721.34183988475,1,yearly
nyc,4196.05,Chauncey St & Stuyvesant Ave,2023,17866,8919,8947,17866,40.68012,-73.93168,12,278,1556.0282100078362,1,yearly
nyc,4199.07,Bergen St & Carlton Ave,2023,8642,4308,4334,8642,40.680085964484455,-73.97109900042594,3,268,3101.1339967600093,1,yearly
nyc,4199.12,Carlton Ave & Dean St,2023,33615,16824,16791,33615,40.68097409996598,-73.97100970010206,9,301,895.4335861966384,1,yearly
nyc,4199.13,Carlton Ave & St Marks Ave,2023,31940,16027,15913,31940,40.67911856124123,-73.97176265749306,12,245,767.0632435817157,1,yearly
nyc,4202.04,Richards St & Delavan St,2023,9422,4646,4776,9422,40.67943270046227,-74.00785040936823,12,102,1082.5727021863722,1,yearly
nyc,4203.04,Somers St & Broadway,2023,1860,1069,791,1860,40.67945,-73.90474,9,218,11720.430107526881,1,yearly
nyc,4205.06,Kingston Ave & Herkimer St,2023,18782,9476,9306,18782,40.678906790180775,-73.94142771024964,12,284,1512.0860398253647,1,yearly
nyc,4208.01,Sterling Pl & 5 Ave,2023,32961,16445,16516,32961,40.678970070371854,-73.97855266977417,12,278,843.4210127119931,1,yearly
nyc,4212.01,MacDougal St & Rockaway Ave,2023,4248,2127,2121,4248,40.68018,-73.91136,12,241,5673.258003766478,1,yearly
nyc,4214.03,Macon St & Nostrand Ave,2023,42884,21427,21457,42884,40.680983385142525,-73.9500479759161,12,318,741.5353045424868,1,yearly
nyc,4214.04,Verona Pl & Fulton St,2023,797,395,402,797,40.6803560840434,-73.9476791024208,1,325,40777.91718946048,1,yearly
nyc,4217.02,Douglass St & 3 Ave,2023,50897,25186,25711,50897,40.680213299816046,-73.98432695003065,12,157,308.46611784584553,1,yearly
nyc,4217.06,Degraw St & 3 Ave,2023,17559,8546,9013,17559,40.67977,-73.9847,11,145,825.7873455208155,1,yearly
nyc,4220.02,Ralph Ave & Fulton St,2023,8560,4357,4203,8560,40.67922,-73.92192,12,201,2348.1308411214955,1,yearly
nyc,4222.02,Lefferts Pl & Franklin Ave,2023,33516,16862,16654,33516,40.68034242254436,-73.9557689392655,12,234,698.1740064446832,1,yearly
nyc,4225.14,Carroll St & Smith St,2023,55987,27953,28034,55987,40.680611,-73.99475824980594,12,120,214.3354707342776,1,yearly
nyc,4228.02,Fulton St & Utica Ave,2023,18038,9036,9002,18038,40.6794268001857,-73.92989109990715,12,237,1313.892892781905,1,yearly
nyc,4228.06,Chauncey St & Malcolm X Blvd,2023,11445,5818,5627,11445,40.68044,-73.92842,12,206,1799.9126256006991,1,yearly
nyc,4231.04,Underhill Ave & Pacific St,2023,42895,21537,21358,42895,40.68048360023843,-73.96467950029805,12,235,547.8493996969344,1,yearly
nyc,4237.01,Lewis Ave & Decatur St,2023,11432,5669,5763,11432,40.68145980028938,-73.934903,12,217,1898.1805458362492,1,yearly
nyc,4237.02,Albany Ave & Fulton St,2023,13444,6737,6707,13444,40.68001050020542,-73.938475,12,258,1919.071704849747,1,yearly
nyc,4243.01,Commerce St & Van Brunt St,2023,12859,6391,6468,12859,40.681211700840095,-74.00860911966397,12,74,575.4724317598569,1,yearly
nyc,4244.06,Broadway & Furman Ave,2023,6011,3082,2929,6011,40.68139,-73.90756,12,215,3576.7759108301448,1,yearly
nyc,4246.02,MacDonough St & Marcy Ave,2023,19877,9952,9925,19877,40.68078,-73.94613,12,301,1514.313025104392,1,yearly
nyc,4249.1,St Marks Pl & 4 Ave,2023,7950,7008,942,7950,40.68177810917621,-73.97988975073503,11,354,4452.830188679245,1,yearly
nyc,4249.10,St Marks Pl & 4 Ave,2023,19416,6614,12802,19416,40.68177810923904,-73.97988975059157,12,354,1823.2385661310261,1,yearly
nyc,4253.02,Thomas S. Boyland St & Marion St,2023,7636,3851,3785,7636,40.68146588509612,-73.91415685451217,12,164,2147.7213200628603,1,yearly
nyc,4255.05,Hancock St & Bedford Ave,2023,34306,17127,17179,34306,40.6821656403204,-73.9539902597686,12,257,749.1400921121669,1,yearly
nyc,4258.07,Degraw St & Hoyt St,2023,27292,13569,13723,27292,40.681990442290335,-73.99079024768382,12,97,355.41550637549466,1,yearly
nyc,4261.03,Patchen Ave & Bainbridge St,2023,6838,3403,3435,6838,40.68143,-73.92565,12,180,2632.3486399532026,1,yearly
nyc,4263.12,Fulton St & Irving Pl,2023,40397,20237,20160,40397,40.68186,-73.959432,12,212,524.7914449092755,1,yearly
nyc,4266.03,Clinton St & Union St,2023,42646,21285,21361,42646,40.68311639949912,-73.99785267041322,12,164,384.5612718660601,1,yearly
nyc,4278.03,Marcus Garvey Blvd & Macon St,2023,25457,12715,12742,25457,40.682601,-73.938037,12,192,754.2129866048631,1,yearly
nyc,4281.08,Bergen St & Flatbush Ave,2023,64383,32109,32274,64383,40.68094472378358,-73.9756733175571,12,348,540.5153534318066,1,yearly
nyc,4285.09,Rockaway Ave & Bainbridge St,2023,15676,7830,7846,15676,40.683199881760444,-73.9116664229649,12,221,1409.7984179637663,1,yearly
nyc,4290.06,Wyckoff St & 3 Ave,2023,22224,11058,11166,22224,40.68275490014064,-73.98258555063288,12,260,1169.906407487401,1,yearly
nyc,4293.05,Chauncey St & Howard Ave,2023,8957,4480,4477,8957,40.68158,-73.91959,12,152,1696.9967623088087,1,yearly
nyc,4298.05,Degraw St & Smith St,2023,37126,18526,18600,37126,40.68291509991389,-73.99318207993112,12,114,307.06243602865914,1,yearly
nyc,4301.04,Macon St & Patchen Ave,2023,11622,5816,5806,11622,40.68374,-73.9261,12,141,1213.2163138874548,1,yearly
nyc,4301.07,MacDonough St & Malcolm X Blvd,2023,9641,4858,4783,9641,40.68273,-73.92926,12,169,1752.9301939632817,1,yearly
nyc,4307.13,President St & Henry St,2023,30008,14977,15031,30008,40.68280029946286,-73.9999041896598,12,162,539.8560383897627,1,yearly
nyc,4310.06,Macon St & Lewis Ave,2023,16565,8321,8244,16565,40.68282,-73.93488,12,175,1056.444310292786,1,yearly
nyc,4317.05,Bushwick Ave & Furman Ave,2023,7435,3966,3469,7435,40.68281,-73.90623,12,172,2313.3826496301276,1,yearly
nyc,4319.07,Halsey St & Tompkins Ave,2023,41103,20503,20600,41103,40.68236870042914,-73.944118,12,225,547.4052988832932,1,yearly
nyc,4322.06,Bergen St & 4 Ave,2023,49896,24815,25081,49896,40.682564257161225,-73.97989779745087,12,368,737.5340708674042,1,yearly
nyc,4325.03,Thomas S. Boyland St & Macon St,2023,5317,2667,2650,5317,40.68491,-73.91493,12,229,4306.94000376152,1,yearly
nyc,4327.09,Putnam Ave & Nostrand Ave,2023,24967,12498,12469,24967,40.68402,-73.94977,12,205,821.0838306564666,1,yearly
nyc,4330.09,Hoyt St & Warren St,2023,9013,4454,4559,9013,40.68435490014017,-73.98901628959351,12,148,1642.0725618550982,1,yearly
nyc,4334.02,Halsey St & Ralph Ave,2023,10279,5177,5102,10279,40.68494,-73.92299,12,161,1566.300223757175,1,yearly
nyc,4336.01,Monroe St & Classon Ave,2023,22029,11061,10968,22029,40.684568299814394,-73.95881081011755,12,154,699.0784874483636,1,yearly
nyc,4339.01,Butler St & Court St,2023,29042,14463,14579,29042,40.68498939938695,-73.99440328955554,12,132,454.514151917912,1,yearly
nyc,4342.04,Hancock St & Malcolm X Blvd,2023,20049,10075,9974,20049,40.68487,-73.9293,12,133,663.3747319068283,1,yearly
nyc,4345.11,Fulton St & Waverly Ave,2023,56918,28595,28323,56918,40.68323865486055,-73.96599590785216,12,257,451.52675779191117,1,yearly
nyc,4348.07,Carroll St & Columbia St,2023,31340,15637,15703,31340,40.68304560045126,-74.00348559046253,12,139,443.52265475430755,1,yearly
nyc,4354.05,S Portland Ave & Hanson Pl,2023,47003,23410,23593,47003,40.685395670239025,-73.97431458030421,12,363,772.2911303533817,1,yearly
nyc,4354.07,Atlantic Ave & Fort Greene Pl,2023,65641,32824,32817,65641,40.68382603991106,-73.97632327937743,12,433,659.6486951752715,1,yearly
nyc,4357.01,Moffat St & Bushwick,2023,8297,4150,4147,8297,40.68458,-73.90925,12,197,2374.352175485115,1,yearly
nyc,4362.04,Pacific St & Nevins St,2023,31433,15686,15747,31433,40.685376099928895,-73.983021359744,12,351,1116.660834155187,1,yearly
nyc,4366.01,Halsey St & Broadway,2023,12185,6201,5984,12185,40.68565,-73.91564,12,226,1854.739433729996,1,yearly
nyc,4366.1,Decatur St & Saratoga Ave,2023,2407,1845,562,2407,40.68332,-73.91711,11,180,7478.188616535106,1,yearly
nyc,4366.10,Decatur St & Saratoga Ave,2023,6019,2349,3670,6019,40.68332,-73.91711,12,180,2990.5299883701614,1,yearly
nyc,4368.05,Monroe St & Bedford Ave,2023,57393,28665,28728,57393,40.68514429979938,-73.95380903997325,12,177,308.3999790915268,1,yearly
nyc,4371.01,Warren St & Smith St,2023,38898,19154,19744,38898,40.685424009953024,-73.99127773985394,12,168,431.8988122782663,1,yearly
nyc,4374.01,Picnic Point,2023,9488,4761,4727,9488,40.685125613996256,-74.02535318428741,12,0,0.0,1,yearly
nyc,4375.02,Jefferson Ave & Patchen Ave,2023,7141,3627,3514,7141,40.68609,-73.92628,9,157,2198.571628623442,1,yearly
nyc,4377.04,Cambridge Pl & Gates Ave,2023,36959,18437,18522,36959,40.68488,-73.96304,12,183,495.1432668632809,1,yearly
nyc,4380.08,Henry St & Degraw St,2023,35076,17502,17574,35076,40.68475139956833,-73.99917254049643,11,173,493.21473372106277,1,yearly
nyc,4383.06,Hancock St & Stuyvesant Ave,2023,15520,7776,7744,15520,40.68454,-73.9322,12,152,979.3814432989691,1,yearly
nyc,4386.05,Fulton St & Clermont Ave,2023,38506,19341,19165,38506,40.68415747935699,-73.9692227303617,12,266,690.8014335428245,1,yearly
nyc,4392.04,Putnam Ave & Throop Ave,2023,35439,17809,17630,35439,40.68515319976327,-73.94111,12,182,513.558508987274,1,yearly
nyc,4395.07,Hanson Pl & Ashland Pl,2023,113423,56664,56759,113423,40.68506807304358,-73.97790759822871,12,435,383.52009733475575,1,yearly
nyc,4399.03,Eldert St & Bushwick Ave,2023,9966,4987,4979,9966,40.68652,-73.91321,12,238,2388.119606662653,1,yearly
nyc,4404.1,Bond St & Bergen St,2023,8777,7441,1336,8777,40.68496680018099,-73.98620772025338,11,204,2324.256579696935,1,yearly
nyc,4404.10,Bond St & Bergen St,2023,24127,8989,15138,24127,40.6849668002002,-73.98620772028028,12,204,845.5257595225265,1,yearly
nyc,4408.07,Macon St & Howard Ave,2023,9048,4647,4401,9048,40.68452,-73.92011,12,160,1768.346595932803,1,yearly
nyc,4413.08,Warren St & Court St,2023,30417,15092,15325,30417,40.686371,-73.9938332398497,12,182,598.3496071275931,1,yearly
nyc,4416.1,Madison St & Malcolm X Blvd,2023,6088,2826,3262,6088,40.68713,-73.93008,12,140,2299.6057818659656,1,yearly
nyc,4416.10,Madison St & Malcolm X Blvd,2023,9428,4963,4465,9428,40.68713,-73.93008,12,140,1484.9384811200678,1,yearly
nyc,4419.03,Washington Ave & Greene Ave,2023,38209,19102,19107,38209,40.68650065021843,-73.96563306995631,12,183,478.9447512366197,1,yearly
nyc,4422.04,Columbia St & Degraw St,2023,27096,13464,13632,27096,40.68592960166604,-74.00242364149943,12,146,538.824918807204,1,yearly
nyc,4422.05,Columbia St & Kane St,2023,16224,8068,8156,16224,40.68763155173544,-74.00162560154261,12,213,1312.8698224852071,1,yearly
nyc,4425.02,Lewis Ave & Madison St,2023,26767,13469,13298,26767,40.686312,-73.935775,12,166,620.1666230806591,1,yearly
nyc,4428.02,Cumberland St & Lafayette Ave,2023,40673,20237,20436,40673,40.68753405995722,-73.9726518301212,12,191,469.59899687753546,1,yearly
nyc,4432.1,Central Ave & Decatur St,2023,2166,2064,102,2166,40.6882,-73.90798,11,158,7294.55216989843,1,yearly
nyc,4432.10,Central Ave & Decatur St,2023,6907,2533,4374,6907,40.6882,-73.90798,12,158,2287.53438540611,1,yearly
nyc,4434.06,Monroe St & Tompkins Ave,2023,42556,21136,21420,42556,40.686203,-73.944694,12,155,364.2259610865683,1,yearly
nyc,4437.01,3 Ave & Schermerhorn St,2023,45530,22674,22856,45530,40.686832079906054,-73.97967719976513,12,419,920.2723479024819,1,yearly
nyc,4437.09,Nevins St & Schermerhorn St,2023,40286,20088,20198,40286,40.68737247571418,-73.98176059194876,12,389,965.5959886809314,1,yearly
nyc,4440.02,Yankee Ferry Terminal,2023,21627,10862,10765,21627,40.68706581038291,-74.01675585981047,12,0,0.0,1,yearly
nyc,4441.06,Broadway & Hancock St,2023,12738,6451,6287,12738,40.68663,-73.9168,12,213,1672.1620348563354,1,yearly
nyc,4446.01,Bergen St & Smith St,2023,73438,36068,37370,73438,40.686744299554725,-73.99063168047498,12,209,284.59380702088833,1,yearly
nyc,4446.03,Pacific St & Smith St,2023,34693,17084,17609,34693,40.68788093967992,-73.98939281722386,12,245,706.1943331507797,1,yearly
nyc,4446.05,Dean St & Hoyt St,2023,25160,12386,12774,25160,40.68644419966304,-73.98759103993261,11,222,882.3529411764706,1,yearly
nyc,4450.06,Putnam Ave & Ralph Ave,2023,17003,8541,8462,17003,40.68705,-73.92338,12,196,1152.7377521613832,1,yearly
nyc,4452.01,Lafayette Ave & Classon Ave,2023,47299,23644,23655,47299,40.689004429615515,-73.96023854041131,12,142,300.2177635890822,1,yearly
nyc,4452.03,Lexington Ave & Classon Ave,2023,45600,22779,22821,45600,40.68676793005037,-73.95928168023026,12,149,326.7543859649123,1,yearly
nyc,4455.1,Congress St & Clinton St,2023,14356,10500,3856,14356,40.68825516575188,-73.99545192728516,12,255,1776.2607968793534,1,yearly
nyc,4455.10,Congress St & Clinton St,2023,32196,12656,19540,32196,40.68825516579344,-73.99545192726693,12,255,792.0238538948937,1,yearly
nyc,4455.11,Kane St & Clinton St,2023,37195,18548,18647,37195,40.68617580021597,-73.996452950054,12,182,489.3130797150155,1,yearly
nyc,4458.06,Stuyvesant Ave & Gates Ave,2023,11712,6223,5489,11712,40.68834,-73.93306,12,143,1220.9699453551912,1,yearly
nyc,4461.01,Clermont Ave & Lafayette Ave,2023,45302,22948,22354,45302,40.687644840169284,-73.96968901997884,12,190,419.4075316763057,1,yearly
nyc,4461.04,DeKalb Ave & Vanderbilt Ave,2023,65657,32806,32851,65657,40.689407469766714,-73.96885458020847,12,163,248.25989612684103,1,yearly
nyc,4467.03,Monroe St & Marcus Garvey Blvd,2023,15126,7661,7465,15126,40.686722,-73.938988,12,169,1117.2815020494513,1,yearly
nyc,4470.09,Lafayette Ave & Ft Greene Pl,2023,82798,41345,41453,82798,40.687002312465914,-73.97664964251724,12,371,448.07845600135266,1,yearly
nyc,4474.01,Halsey St & Evergreen Ave,2023,8489,4266,4223,8489,40.68858,-73.91227,12,220,2591.5891153257157,1,yearly
nyc,4476.03,Marcy Ave & Lafayette Ave,2023,34711,17374,17337,34711,40.6900815004785,-73.947915,12,182,524.329463282533,1,yearly
nyc,4479.06,Bond St & Fulton St,2023,45852,22764,23088,45852,40.68962272041384,-73.9830430279586,8,368,802.5822210590595,1,yearly
nyc,4479.1,Schermerhorn St & Hoyt St,2023,26260,18593,7667,26260,40.688626299679775,-73.98519109989326,11,352,1340.4417364813405,1,yearly
nyc,4479.10,Schermerhorn St & Hoyt St,2023,57985,23420,34565,57985,40.68862629968202,-73.985191099894,12,352,607.0535483314651,1,yearly
nyc,4483.1,Broadway & Madison St,2023,5327,4651,676,5327,40.68822,-73.91966,11,238,4467.805519053877,1,yearly
nyc,4483.10,Broadway & Madison St,2023,17004,6583,10421,17004,40.68822,-73.91966,12,238,1399.6706657257116,1,yearly
nyc,4488.08,Court St & State St,2023,76530,38165,38365,76530,40.69023750057694,-73.99203074030001,12,264,344.9627597020776,1,yearly
nyc,4491.09,Monroe St & Patchen Ave,2023,12543,6340,6203,12543,40.68814,-73.92693,11,189,1506.8165510643387,1,yearly
nyc,4494.04,Lafayette Ave & St James Pl,2023,46915,23540,23375,46915,40.68851533972072,-73.96476280016428,12,151,321.858680592561,1,yearly
nyc,4497.09,Congress St & Hicks St,2023,24710,12286,12424,24710,40.689395199549566,-73.99951260090087,12,235,951.0319708619992,1,yearly
nyc,4500.07,Lexington Ave & Stuyvesant Ave,2023,14734,7507,7227,14734,40.68973,-73.93353,12,147,997.6924121080494,1,yearly
nyc,4507.07,Wilson Ave & Moffat St,2023,11397,5852,5545,11397,40.68906,-73.90506,12,87,763.3587786259542,1,yearly
nyc,4510.04,Greene Ave & Throop Ave,2023,36847,18419,18428,36847,40.689493199870604,-73.942061,12,185,502.0761527397074,1,yearly
nyc,4513.06,DeKalb Ave & Hudson Ave,2023,55118,27376,27742,55118,40.689888,-73.981013,12,349,633.1869806596756,1,yearly
nyc,4513.09,Ashland Pl & Dekalb Ave,2023,26648,13229,13419,26648,40.690065,-73.978776,12,278,1043.230261182828,1,yearly
nyc,4517.03,Jefferson Ave & Evergreen Ave,2023,15660,7859,7801,15660,40.68989,-73.91458,12,219,1398.4674329501916,1,yearly
nyc,4519.02,Greene Ave & Nostrand Ave,2023,38357,19198,19159,38357,40.68833370024807,-73.950916,12,173,451.0258883645749,1,yearly
nyc,4519.04,Kosciuszko St & Nostrand Ave,2023,33558,16746,16812,33558,40.69072548934007,-73.95133465047138,12,203,604.9228201919066,1,yearly
nyc,4522.07,State St & Smith St,2023,38698,19239,19459,38698,40.68917,-73.9886,12,273,705.4628146157424,1,yearly
nyc,4526.01,Grove St & Broadway,2023,30943,15500,15443,30943,40.69047,-73.923511,12,239,772.3879391138546,1,yearly
nyc,4528.01,DeKalb Ave & Franklin Ave,2023,45110,22519,22591,45110,40.69064807072123,-73.95746178957232,12,219,485.47993792950564,1,yearly
nyc,4531.05,Henry St & Atlantic Ave,2023,54994,27470,27524,54994,40.69089272038533,-73.99612348932567,12,268,487.3258900971015,1,yearly
nyc,4534.06,Lexington Ave & Patchen Ave,2023,2420,1210,1210,2420,40.6904,-73.9277,3,216,8925.619834710744,1,yearly
nyc,4543.07,Lewis Ave & Greene Ave,2023,21292,10709,10583,21292,40.68995,-73.9365,12,187,878.2641367649821,1,yearly
nyc,4546.04,DeKalb Ave & S Portland Ave,2023,58203,29022,29181,58203,40.689810349475735,-73.97493120968544,12,202,347.0611480507878,1,yearly
nyc,4546.05,Washington Park,2023,42192,21063,21129,42192,40.69178229948735,-73.97372990017088,12,163,386.32916192643154,1,yearly
nyc,4550.05,Central Ave & Covert St,2023,11470,5734,5736,11470,40.68929,-73.90951,12,185,1612.9032258064515,1,yearly
nyc,4553.04,Kosciuszko St & Tompkins Ave,2023,40373,20154,20219,40373,40.691282580251006,-73.94524160023906,12,154,381.4430436182597,1,yearly
nyc,4556.08,Albee Square W & Fulton St,2023,16389,8175,8214,16389,40.690687586859,-73.98347854692776,5,349,2129.477088290927,1,yearly
nyc,4560.01,Madison St & Evergreen Ave,2023,15947,8019,7928,15947,40.69122,-73.91693,12,228,1429.7360005016617,1,yearly
nyc,4565.07,Schermerhorn St & Court St,2023,52804,26310,26494,52804,40.69103637462603,-73.99201065327186,12,260,492.38694038330436,1,yearly
nyc,4568.01,Van Buren St & Broadway,2023,14283,7175,7108,14283,40.692,-73.92617,12,254,1778.3378841979977,1,yearly
nyc,4576.11,Lafayette Ave & Stuyvesant Ave,2023,13385,6718,6667,13385,40.6919925163155,-73.93255010235548,12,187,1397.0862906238326,1,yearly
nyc,4582.08,Knickerbocker Ave & Moffat St,2023,6504,3249,3255,6504,40.690434,-73.903737,12,74,1137.7613776137762,1,yearly
nyc,4587.02,Willoughby St & Ashland Pl,2023,15453,7683,7770,15453,40.69178,-73.97877,12,253,1637.2225457839902,1,yearly
nyc,4590.01,Soissons Landing,2023,23319,11491,11828,23319,40.692316623456925,-74.01486576613672,12,0,0.0,1,yearly
nyc,4591.04,Central Ave & Weirfield St,2023,13348,6713,6635,13348,40.69055,-73.91181,12,194,1453.401258615523,1,yearly
nyc,4596.05,Duffield St & Willoughby St,2023,53856,26801,27055,53856,40.69221589014769,-73.98428439946294,12,385,714.8692810457516,1,yearly
nyc,4596.09,Lawrence St & Willoughby St,2023,76380,38201,38179,76380,40.69236178029568,-73.98631745938177,12,399,522.3880597014926,1,yearly
nyc,4600.09,Bushwick Ave & Linden St,2023,19487,9937,9550,19487,40.69146,-73.92146,12,245,1257.2484220249396,1,yearly
nyc,4605.04,Clinton St & Joralemon St,2023,64640,32174,32466,64640,40.69239501997743,-73.99337908989845,12,218,337.2524752475247,1,yearly
nyc,4608.01,Broadway & Kosciuszko St,2023,20031,10504,9527,20031,40.69329,-73.92852,12,230,1148.2202585991713,1,yearly
nyc,4611.03,Willoughby Ave & Hall St,2023,65997,33215,32782,65997,40.69196034981777,-73.96536851025512,12,160,242.43526220888828,1,yearly
nyc,4614.04,Atlantic Ave & Furman St,2023,72909,36383,36526,72909,40.691651831572116,-73.9999786036991,12,193,264.7135470243729,1,yearly
nyc,4615.01,Wyckoff Ave & Cooper Ave,2023,6989,3487,3502,6989,40.69338,-73.90061,12,87,1244.8132780082988,1,yearly
nyc,4617.01,Lewis Ave & Kosciuszko St,2023,22848,11654,11194,22848,40.692370740151794,-73.93705427983653,12,177,774.6848739495798,1,yearly
nyc,4620.02,Adelphi St & Myrtle Ave,2023,61479,30793,30686,61479,40.69308257030254,-73.97178912990854,12,185,300.91575985295793,1,yearly
nyc,4623.02,Knickerbocker Ave & Halsey St,2023,11922,6012,5910,11922,40.693,-73.90824,12,166,1392.3838282167421,1,yearly
nyc,4628.05,Willoughby St & Fleet St,2023,56377,27847,28530,56377,40.691965660210855,-73.98130180012403,12,290,514.3941678344006,1,yearly
nyc,4628.07,Myrtle Ave & Fleet Pl,2023,42151,21031,21120,42151,40.693534,-73.981909,12,335,794.7616901141135,1,yearly
nyc,4632.1,Central Ave & Woodbine St,2023,5041,4439,602,5041,40.69296,-73.91605,11,208,4126.165443364412,1,yearly
nyc,4632.10,Central Ave & Woodbine St,2023,16362,6252,10110,16362,40.69296,-73.91605,12,208,1271.2382349346046,1,yearly
nyc,4634.02,Willoughby Ave & Walworth St,2023,29615,14809,14806,29615,40.693317159814605,-73.95381995005793,12,254,857.6734762789127,1,yearly
nyc,4637.06,Fulton St & Adams St,2023,88564,44267,44297,88564,40.69241829175413,-73.98949474169282,12,295,333.09245291540583,1,yearly
nyc,4637.07,Johnson St & Brooklyn Bridge Blvd,2023,21455,10588,10867,21455,40.69517436149312,-73.98919894400785,8,267,1244.4651596364483,1,yearly
nyc,4640.01,Bushwick Ave & Harman St,2023,22519,11259,11260,22519,40.69356,-73.92524,12,240,1065.7666859096762,1,yearly
nyc,4645.04,Henry St & Remsen St,2023,32612,16316,16296,32612,40.69400964944351,-73.99465128715228,12,188,576.4749172083896,1,yearly
nyc,4645.09,Hicks St & Montague St,2023,53910,26919,26991,53910,40.69512844960619,-73.99595065030628,12,159,294.9360044518642,1,yearly
nyc,4648.03,Malcolm X Blvd & DeKalb Ave,2023,16888,8564,8324,16888,40.6938,-73.93114,12,246,1456.6556134533396,1,yearly
nyc,4651.02,Clinton Ave & Myrtle Ave,2023,79490,40034,39456,79490,40.693261,-73.968896,12,168,211.34733928796075,1,yearly
nyc,4654.01,Norman St & Wyckoff Ave,2023,17341,8663,8678,17341,40.69517,-73.90311,12,140,807.3352171155067,1,yearly
nyc,4656.03,Pulaski St & Marcus Garvey Blvd,2023,28632,14364,14268,28632,40.69339819995769,-73.939877,12,184,642.6376082704667,1,yearly
nyc,4659.02,Myrtle Ave & St Edwards St,2023,26667,13365,13302,26667,40.69327017939357,-73.97703874087595,12,211,791.2401094986313,1,yearly
nyc,4663.02,Knickerbocker Ave & Hancock St,2023,13401,7168,6233,13401,40.69385,-73.90974,12,165,1231.2513991493172,1,yearly
nyc,4663.06,Putnam Ave & Knickerbocker Ave,2023,12599,6386,6213,12599,40.69545,-73.91164,12,214,1698.5475037701403,1,yearly
nyc,4665.02,Willoughby Ave & Tompkins Ave,2023,35363,17697,17666,35363,40.6942540299773,-73.9462691498865,12,168,475.0728162203433,1,yearly
nyc,4668.08,Johnson St & Gold St,2023,33561,16779,16782,33561,40.69474881044205,-73.98362464083756,12,363,1081.6125860373647,1,yearly
nyc,4672.01,Menahan St & Central Ave,2023,13233,6650,6583,13233,40.69543,-73.9196,12,250,1889.216353056752,1,yearly
nyc,4677.01,Cadman Plaza E & Tillary St,2023,36585,18249,18336,36585,40.695976831806334,-73.99014892085003,12,251,686.0735274019406,1,yearly
nyc,4677.06,Montague St & Clinton St,2023,49391,24588,24803,49391,40.69427150073504,-73.992327199706,12,183,370.51284647000466,1,yearly
nyc,4680.05,Bushwick Ave & Dekalb Ave,2023,17119,8878,8241,17119,40.69502,-73.92825,12,262,1530.4632279922891,1,yearly
nyc,4683.02,Emerson Pl & Myrtle Ave,2023,60920,30761,30159,60920,40.69363136932224,-73.96223558076935,12,153,251.1490479317137,1,yearly
nyc,4687.03,Cypress Ave & St Felix Ave,2023,2351,1198,1153,2351,40.69559,-73.89927,11,101,4296.044236495109,1,yearly
nyc,4689.03,Suydam St & Broadway,2023,29582,14913,14669,29582,40.69544,-73.93223,12,305,1031.0323845581772,1,yearly
nyc,4689.08,Stuyvesant Ave & Hart St,2023,13387,7105,6282,13387,40.69465,-73.9343,12,283,2113.9911854784496,1,yearly
nyc,4692.01,Clermont Ave & Park Ave,2023,26574,13299,13275,26574,40.69573398001824,-73.97129668029187,12,196,737.5630315345827,1,yearly
nyc,4695.04,Irving Ave & Halsey St,2023,14688,7366,7322,14688,40.69467,-73.90663,12,148,1007.6252723311546,1,yearly
nyc,4697.01,Throop Ave & Myrtle Ave,2023,19149,9635,9514,19149,40.6962293698719,-73.94371094002078,12,212,1107.107420753042,1,yearly
nyc,4700.06,Park Ave & St Edwards St,2023,15317,7721,7596,15317,40.696089409535176,-73.97803414982994,12,223,1455.8986746751975,1,yearly
nyc,4707.03,Myrtle Ave & Marcy Ave,2023,27980,13991,13989,27980,40.6953981698065,-73.94954907990893,12,207,739.8141529664045,1,yearly
nyc,4707.04,Nostrand Ave & Myrtle Ave,2023,20539,10300,10239,20539,40.69527007979185,-73.95238107979185,12,223,1085.739325186231,1,yearly
nyc,4710.06,Jay St & Tech Pl,2023,9117,4539,4578,9117,40.695065,-73.987167,3,333,3652.517275419546,1,yearly
nyc,4713.01,Central Ave & Himrod St,2023,16439,8283,8156,16439,40.69676,-73.92302,12,294,1788.4299531601678,1,yearly
nyc,4715.01,Franklin Ave & Myrtle Ave,2023,22068,11019,11049,22068,40.69454608699437,-73.95801365475388,12,245,1110.204821460939,1,yearly
nyc,4718.08,Pierrepont St & Monroe Pl,2023,28815,14370,14445,28815,40.69535693325858,-73.99344027019585,12,119,412.9793510324484,1,yearly
nyc,4719.04,St Felix Ave & 61 St,2023,9403,4736,4667,9403,40.69715,-73.8936,12,89,946.5064341167713,1,yearly
nyc,4721.01,Cedar St & Evergreen Ave,2023,15205,7661,7544,15205,40.69671,-73.92807,12,293,1926.9976981256164,1,yearly
nyc,4724.03,Washington Ave & Park Ave,2023,42859,21739,21120,42859,40.69610225956776,-73.96751036938488,12,169,394.3162462959939,1,yearly
nyc,4727.06,Summerfield St & Cypress Ave,2023,4410,2282,2128,4410,40.69662,-73.90056,12,121,2743.764172335601,1,yearly
nyc,4729.01,Myrtle Ave & Lewis Ave,2023,34058,17077,16981,34058,40.69681963025255,-73.93756925982254,12,282,827.9992953197486,1,yearly
nyc,4732.04,Carlton Ave & Park Ave,2023,26605,13223,13382,26605,40.69580704994064,-73.97355569036803,12,178,669.0471715842887,1,yearly
nyc,4732.08,Carlton Ave & Flushing Ave,2023,33307,16430,16877,33307,40.697787,-73.973736,12,126,378.2988560963161,1,yearly
nyc,4735.03,Putnam Ave & Wyckoff Ave,2023,11625,5960,5665,11625,40.69811,-73.90904,12,200,1720.4301075268818,1,yearly
nyc,4735.16,Hancock St & Wyckoff Ave,2023,11520,5760,5760,11520,40.6972,-73.90674,12,159,1380.2083333333333,1,yearly
nyc,4743.04,Linden St & Knickerbocker Ave,2023,10425,5207,5218,10425,40.69714,-73.91566,12,269,2580.335731414868,1,yearly
nyc,4748.07,Clinton St & Tillary St,2023,52469,26175,26294,52469,40.696232971476036,-73.99142056979404,12,163,310.65962758962434,1,yearly
nyc,4751.01,Cedar St & Myrtle Ave,2023,20084,10089,9995,20084,40.697842,-73.926241,12,264,1314.479187412866,1,yearly
nyc,4756.04,Brooklyn Bridge Park - Pier 2,2023,37479,18707,18772,37479,40.698458,-73.997178,12,81,216.12102777555432,1,yearly
nyc,4757.06,Seneca Ave & Decatur St,2023,1550,787,763,1550,40.69723,-73.89811,11,121,7806.451612903225,1,yearly
nyc,4759.02,Willoughby Ave & Myrtle Ave,2023,34873,17421,17452,34873,40.69757,-73.93098,12,290,831.5889083244917,1,yearly
nyc,4762.04,Clinton Ave & Flushing Ave,2023,26212,12892,13320,26212,40.69794,-73.96986847834857,12,125,476.88081794597895,1,yearly
nyc,4762.05,Flushing Ave & Vanderbilt Ave,2023,57749,28417,29332,57749,40.697950314757875,-73.97077560542336,12,127,219.91722800394814,1,yearly
nyc,4765.07,Cypress Ave & George St,2023,3653,1837,1816,3653,40.69812,-73.90271,12,129,3531.3441007391184,1,yearly
nyc,4768.02,Park Ave & Marcus Garvey Blvd,2023,20174,10120,10054,20174,40.698617,-73.941342,12,350,1734.9063150589868,1,yearly
nyc,4771.07,N Portland Ave & Flushing Ave,2023,2011,983,1028,2011,40.697926,-73.97663,3,149,7409.249129786176,1,yearly
nyc,4775.01,Irving Ave & Palmetto St,2023,13183,6596,6587,13183,40.698,-73.9127,12,254,1926.7238109686716,1,yearly
nyc,4781.03,Concord St & Bridge St,2023,25839,12901,12938,25839,40.697665641448765,-73.98476436851098,12,325,1257.7886141104532,1,yearly
nyc,4781.05,Nassau St & Duffield St,2023,27796,13639,14157,27796,40.698477,-73.98384,12,302,1086.4872643545834,1,yearly
nyc,4784.02,Greene Av & Myrtle Av,2023,17113,8545,8568,17113,40.698568,-73.918877,10,299,1747.2097236019401,1,yearly
nyc,4784.02,Greene Ave & Myrtle Ave,2023,4026,2007,2019,4026,40.698568,-73.918877,3,299,7426.726279185295,1,yearly
nyc,4789.03,Clark St & Henry St,2023,78850,39373,39477,78850,40.69760126954736,-73.99344559068733,12,170,215.59923906150922,1,yearly
nyc,4792.03,Central Ave & Starr St,2023,6211,3130,3081,6211,40.700003,-73.92834,3,259,4170.020930606987,1,yearly
nyc,4792.03,Central Ave & Starr Street,2023,18855,9510,9345,18855,40.700003,-73.92834,10,259,1373.640944046672,1,yearly
nyc,4798.02,Forest Ave & Summerfield St,2023,8281,4171,4110,8281,40.69922,-73.89795,12,116,1400.7970051926095,1,yearly
nyc,4798.1,Stephen St & Seneca Ave,2023,927,752,175,927,40.6988,-73.9007,11,130,14023.732470334413,1,yearly
nyc,4798.10,Stephen St & Seneca Ave,2023,2277,872,1405,2277,40.6988,-73.9007,12,130,5709.266578831796,1,yearly
nyc,4801.04,Melrose St & Broadway,2023,35103,17512,17591,35103,40.697481,-73.935877,12,292,831.8377346665528,1,yearly
nyc,4804.02,Dock 72 Way & Market St,2023,44693,21688,23005,44693,40.69985,-73.97141,12,74,165.5740272525899,1,yearly
nyc,4807.02,Madison St & Cypress Ave,2023,12795,6432,6363,12795,40.70068,-73.90742,12,191,1492.7706135209066,1,yearly
nyc,4812.02,Nassau St & Navy St,2023,24267,11994,12273,24267,40.69839895033354,-73.98068913906609,12,215,885.9768409774591,1,yearly
nyc,4812.04,Sands St Gate,2023,35516,17678,17838,35516,40.699569,-73.979827,12,149,419.5292262642189,1,yearly
nyc,4816.02,Myrtle Ave & Linden St,2023,7394,3938,3456,7394,40.69943,-73.91337,12,258,3489.315661347038,1,yearly
nyc,4816.05,Myrtle Ave & Grove St,2023,8161,4056,4105,8161,40.69905,-73.91516,12,254,3112.3636809214554,1,yearly
nyc,4818.02,Nostrand Ave & Flushing Ave,2023,1216,651,565,1216,40.69928,-73.953259,2,238,19572.368421052633,1,yearly
nyc,4818.03,Union Ave & Wallabout St,2023,19398,9671,9727,19398,40.70029510966997,-73.95032283051005,12,208,1072.2754923187958,1,yearly
nyc,4821.03,Sands St & Jay St,2023,54229,26451,27778,54229,40.700119,-73.9862,12,281,518.1729333013701,1,yearly
nyc,4821.06,Cadman Plaza E & Red Cross Pl,2023,37127,18373,18754,37127,40.69991755411422,-73.98971773246852,12,278,748.7812104398416,1,yearly
nyc,4821.1,Adams St & Prospect St,2023,9757,7360,2397,9757,40.700763082968926,-73.98869812444671,11,185,1896.0746130982884,1,yearly
nyc,4821.10,Adams St & Prospect St,2023,22772,8411,14361,22772,40.70076308274195,-73.98869812410625,12,185,812.4011944493237,1,yearly
nyc,4824.03,Stockholm St & Wilson Ave,2023,30142,15048,15094,30142,40.699304,-73.923044,12,265,879.1719195806515,1,yearly
nyc,4826.04,Wallabout St & Kent Ave,2023,895,450,445,895,40.6991049,-73.960633406,2,365,40782.122905027936,1,yearly
nyc,4829.01,Columbia Heights & Cranberry St,2023,31964,15963,16001,31964,40.700378672022715,-73.99548059251306,12,132,412.9645851583031,1,yearly
nyc,4830.02,61 St & 60 Ln,2023,3055,1521,1534,3055,40.70055,-73.8943,9,103,3371.5220949263507,1,yearly
nyc,4832.07,Central Ave & Melrose St,2023,15819,7909,7910,15819,40.70112,-73.93039,12,243,1536.1274416840508,1,yearly
nyc,4837.03,Centre St & Seneca Ave,2023,7323,3655,3668,7323,40.69969,-73.9022,12,134,1829.8511538986754,1,yearly
nyc,4840.06,Beaver St & Fayette St,2023,28578,14382,14196,28578,40.70099,-73.93921,12,338,1182.7279725663097,1,yearly
nyc,4843.01,5 St & Market St,2023,18060,9071,8989,18060,40.69999748371924,-73.97440127989667,12,89,492.80177187153936,1,yearly
nyc,4846.01,South St & Whitehall St,2023,62218,30938,31280,62218,40.70122127695046,-74.01234217803959,12,47,75.54084027130412,1,yearly
nyc,4847.03,Wyckoff Ave & Gates Ave,2023,45892,23136,22756,45892,40.69987140871877,-73.91171872623256,12,243,529.5040529939859,1,yearly
nyc,4850.04,Tompkins Ave & Hopkins St,2023,20785,10377,10408,20785,40.69957607972069,-73.94708416940648,12,256,1231.6574452730335,1,yearly
nyc,4853.06,Bridge St & York St,2023,15638,7393,8245,15638,40.70133447929594,-73.98471236125384,12,167,1067.9114976339686,1,yearly
nyc,4856.05,Irving Ave & Harman St,2023,20061,10022,10039,20061,40.70108,-73.9179,12,309,1540.3020786600869,1,yearly
nyc,4861.05,Henry St & Middagh St,2023,27809,13916,13893,27809,40.7003,-73.991581,12,210,755.1512100399151,1,yearly
nyc,4862.04,Myrtle Ave & 65 St,2023,7338,3676,3662,7338,40.70117,-73.8904,12,97,1321.8860724993185,1,yearly
nyc,4862.07,Cooper Ave & 65 Pl,2023,3998,1963,2035,3998,40.69953,-73.88873,12,77,1925.9629814907455,1,yearly
nyc,4864.09,Wilson Ave & Troutman St,2023,33330,16652,16678,33330,40.70166,-73.92754,12,257,771.0771077107711,1,yearly
nyc,4871.02,71 Ave & Myrtle Ave,2023,9649,4811,4838,9649,40.70067,-73.89907,12,121,1254.01596020313,1,yearly
nyc,4873.08,Evergreen Ave & Noll St,2023,22347,11188,11159,22347,40.70106,-73.93318,12,256,1145.5676377142347,1,yearly
nyc,4880.11,Madison St & Seneca Ave,2023,10642,5366,5276,10642,40.70183,-73.90625,12,172,1616.2375493328323,1,yearly
nyc,4883.03,Broadway & Whipple St,2023,33057,16467,16590,33057,40.70166570019994,-73.94373029980007,12,300,907.5233687267446,1,yearly
nyc,4889.06,Bus Slip & State St,2023,42652,21348,21304,42652,40.701907,-74.013942,12,51,119.5723529963425,1,yearly
nyc,4890.11,Menahan St & Wyckoff Ave,2023,12235,6098,6137,12235,40.70113,-73.91422,12,251,2051.491622394769,1,yearly
nyc,4895.03,Front St & Jay St,2023,57596,28696,28900,57596,40.702461,-73.986842,12,165,286.47822765469823,1,yearly
nyc,4895.09,Jay St & York St,2023,71839,35254,36585,71839,40.701403172023085,-73.98672670221892,12,173,240.81626971422207,1,yearly
nyc,4895.15,Pearl St & York St,2023,24271,11075,13196,24271,40.70140463713047,-73.9876802246919,12,181,745.7459519591282,1,yearly
nyc,4898.02,Irving Ave & DeKalb Ave,2023,21194,10571,10623,21194,40.7027,-73.92095,12,278,1311.691988298575,1,yearly
nyc,4903.08,Old Fulton St,2023,42355,21472,20883,42355,40.70277159720839,-73.99383604912093,12,151,356.5104474088065,1,yearly
nyc,4903.09,Dock St & Front St,2023,39520,19329,20191,39520,40.702709,-73.99253,12,172,435.2226720647773,1,yearly
nyc,4904.03,Cypress Hills St & Otto Rd,2023,3088,1534,1554,3088,40.70204,-73.89288,12,104,3367.875647668394,1,yearly
nyc,4906.07,George St & Wilson Ave,2023,19366,9634,9732,19366,40.702997,-73.92997,12,223,1151.5026334813592,1,yearly
nyc,4912.1,Catalpa Ave & Woodward Ave,2023,2913,2518,395,2913,40.70229,-73.90145,11,140,4806.041881222108,1,yearly
nyc,4912.10,Catalpa Ave & Woodward Ave,2023,9803,3814,5989,9803,40.70229,-73.90145,11,140,1428.1342446189942,1,yearly
nyc,4914.03,Bushwick Ave & Forrest St,2023,20987,10497,10490,20987,40.70076,-73.93641,12,317,1510.458855481965,1,yearly
nyc,4920.13,South St & Broad St,2023,4700,2284,2416,4700,40.70188859120476,-74.01089877006675,11,68,1446.808510638298,1,yearly
nyc,4921.04,Cypress Ave & Palmetto St,2023,5418,2924,2494,5418,40.70157340841549,-73.90876293187752,12,190,3506.829088224437,1,yearly
nyc,4927.04,Front St & Gold St,2023,28050,13927,14123,28050,40.70224,-73.982578,12,85,303.030303030303,1,yearly
nyc,4931.05,Wyckoff Av & Stanhope St,2023,30401,15194,15207,30401,40.703545,-73.917775,10,241,792.7370810170718,1,yearly
nyc,4931.05,Wyckoff Ave & Stanhope St,2023,9964,4974,4990,9964,40.703545,-73.917775,3,241,2418.70734644721,1,yearly
nyc,4933.03,Marcy Ave & Lynch St,2023,411,218,193,411,40.702753,-73.953168,2,225,54744.52554744526,1,yearly
nyc,4936.21,Main St & Plymouth St,2023,60825,30353,30472,60825,40.70378262189099,-73.99073381562718,12,169,277.84628031237156,1,yearly
nyc,4939.07,Suydam St & Knickerbocker Ave,2023,34047,17009,17038,34047,40.702013,-73.923769,12,309,907.5689488060623,1,yearly
nyc,4945.06,Fresh Pond Rd & 69 Ave,2023,6687,3361,3326,6687,40.70311,-73.89547,11,103,1540.3020786600869,1,yearly
nyc,4947.04,Central Ave & Flushing Ave,2023,15497,7756,7741,15497,40.702831,-73.9333,12,206,1329.2895399109505,1,yearly
nyc,4953.04,South St & Gouverneur Ln,2023,64286,33600,30686,64286,40.70355377204989,-74.00670226759361,12,100,155.55486420060356,1,yearly
nyc,4954.07,Madison St & Woodward Ave,2023,13169,6730,6439,13169,40.70408,-73.90408,12,146,1108.6642873414837,1,yearly
nyc,4956.02,Humboldt St & Varet St,2023,17778,8814,8964,17778,40.70317239960341,-73.940636,12,322,1811.2273596580044,1,yearly
nyc,4962.01,Broadway & Battery Pl,2023,44918,22105,22813,44918,40.70463333682182,-74.01361705943914,11,123,273.83231666592457,1,yearly
nyc,4962.02,Whitehall St & Bridge St,2023,24927,12417,12510,24927,40.703661707651264,-74.01318132608549,12,109,437.2768483973202,1,yearly
nyc,4962.08,Broad St & Bridge St,2023,36463,18152,18311,36463,40.70365182070521,-74.01167797011753,12,105,287.9631407179881,1,yearly
nyc,4963.13,Menahan St & Seneca Ave,2023,12303,6100,6203,12303,40.70461,-73.91054,12,190,1544.3387791595546,1,yearly
nyc,4965.01,Lorimer St & Broadway,2023,15198,7545,7653,15198,40.704117910112366,-73.94818595006241,12,260,1710.7514146598237,1,yearly
nyc,4968.03,Bridge St & Water St,2023,45166,22341,22825,45166,40.7029693405245,-73.98469090490445,12,113,250.1881946596998,1,yearly
nyc,4971.01,Hart St & Wyckoff Ave,2023,14298,7112,7186,14298,40.704876,-73.919911,12,243,1699.5383969785983,1,yearly
nyc,4977.03,65 St & Otto Rd,2023,4724,2366,2358,4724,40.70389,-73.89116,12,81,1714.648602878916,1,yearly
nyc,4979.07,Knickerbocker Ave & George St,2023,23501,11680,11821,23501,40.704425,-73.92836,12,215,914.8546870345943,1,yearly
nyc,4982.02,Taylor St & Bedford Ave,2023,923,462,461,923,40.705774,-73.963252,2,236,25568.797399783318,1,yearly
nyc,4985.09,60 Pl & 67 Ave,2023,2374,1188,1186,2374,40.70497,-73.89965,11,113,4759.898904802022,1,yearly
nyc,4987.06,White St & Moore St,2023,21241,10611,10630,21241,40.704508,-73.9351,12,185,870.9571112471164,1,yearly
nyc,4990.02,Railroad Ave & Kay Ave,2023,2733,1324,1409,2733,40.70514807696116,-73.97078096867533,12,35,1280.6439809732894,1,yearly
nyc,4993.02,Pearl St & Hanover Square,2023,48008,23912,24096,48008,40.70471770104008,-74.00926026906393,12,133,277.03716047325446,1,yearly
nyc,4993.13,Old Slip & South St,2023,53346,24954,28392,53346,40.70336686740762,-74.00786787314452,12,99,185.58092453042403,1,yearly
nyc,4993.15,Water St & Gouverneur Ln,2023,38065,18646,19419,38065,40.70469668023119,-74.00803416899664,12,129,338.8939971102062,1,yearly
nyc,4994.1,Onderdonk Ave & Gates Ave,2023,3294,2267,1027,3294,40.70413,-73.90737,12,181,5494.839101396478,1,yearly
nyc,4994.10,Onderdonk Ave & Gates Ave,2023,7840,3412,4428,7840,40.70413,-73.90737,12,181,2308.673469387755,1,yearly
nyc,4996.08,McKibbin St & Manhattan Ave,2023,31675,15836,15839,31675,40.705109179913265,-73.9440727901012,12,266,839.7790055248619,1,yearly
nyc,5001.08,Little West St & 1 Pl,2023,87280,43539,43741,87280,40.70569254132529,-74.01677685043215,12,95,108.84509624197983,1,yearly
nyc,5002.09,Harman St & Seneca Ave,2023,12450,6335,6115,12450,40.70577,-73.91292,12,176,1413.6546184738957,1,yearly
nyc,5004.02,Boerum St & Broadway,2023,29464,14706,14758,29464,40.70538077055591,-73.94976518954076,12,221,750.0678794461037,1,yearly
nyc,5010.02,Willoughby Ave & Wyckoff Ave,2023,30408,15142,15266,30408,40.705614,-73.92153,12,232,762.9571165482768,1,yearly
nyc,5018.06,Knickerbocker Ave & Thames St,2023,21540,10733,10807,21540,40.70539,-73.92976,12,193,896.0074280408542,1,yearly
nyc,5021.05,Kent Ave & Division Ave,2023,35803,17794,18009,35803,40.706563677260014,-73.96831870317163,12,83,231.8241488143452,1,yearly
nyc,5024.1,Water St &  Fletcher St,2023,17418,12922,4496,17418,40.706410756334506,-74.00559738106617,10,141,809.507406131588,1,yearly
nyc,5024.1,Water St & Fletcher St,2023,506,495,11,506,40.706410755236135,-74.00559738278389,2,141,27865.612648221344,1,yearly
nyc,5024.10,Water St &  Fletcher St,2023,31380,11363,20017,31380,40.706410756608214,-74.0055973806381,10,141,449.33078393881453,1,yearly
nyc,5024.10,Water St & Fletcher St,2023,10278,4843,5435,10278,40.706410755236135,-74.00559738278389,3,141,1371.8622300058378,1,yearly
nyc,5025.02,Madison St & Forest Ave,2023,12586,7019,5567,12586,40.70555,-73.90245,12,106,842.2056252979501,1,yearly
nyc,5027.02,Bushwick Ave & McKibbin St,2023,13864,6951,6913,13864,40.705517,-73.93936,12,217,1565.204847085978,1,yearly
nyc,5033.01,Broadway & Morris St,2023,58522,29168,29354,58522,40.70594513179011,-74.01321888053249,12,159,271.69269676361023,1,yearly
nyc,5034.03,Menahan St & Onderdonk Ave,2023,12752,7331,5421,12752,40.70553,-73.9096,12,167,1309.5984943538267,1,yearly
nyc,5036.06,Leonard St & Boerum St,2023,24638,12263,12375,24638,40.70583338973156,-73.94644578015144,12,254,1030.9278350515465,1,yearly
nyc,5043.06,Suydam St & St Nicholas Ave,2023,2441,1216,1225,2441,40.70636,-73.91945,3,202,8275.297009422367,1,yearly
nyc,5043.06,Suydam St & St. Nicholas Ave,2023,8219,4099,4120,8219,40.70636,-73.91945,10,202,2457.719917264874,1,yearly
nyc,5045.05,Division Ave & Hooper St,2023,29089,14577,14512,29089,40.70684203082986,-73.95443539419088,12,293,1007.2536010175668,1,yearly
nyc,5051.01,Wyckoff Av & Jefferson St,2023,26358,13170,13188,26358,40.707165,-73.923711,10,208,789.1342286971698,1,yearly
nyc,5051.01,Wyckoff Ave & Jefferson St,2023,7589,3774,3815,7589,40.707165,-73.923711,3,208,2740.809065753064,1,yearly
nyc,5051.02,Irving Ave & Jefferson St,2023,24491,12220,12271,24491,40.70538,-73.92535,12,231,943.2036258217305,1,yearly
nyc,5053.01,Lee Ave & Taylor St,2023,389,202,187,389,40.706732,-73.961241,2,272,69922.8791773779,1,yearly
nyc,5057.07,67 Ave & Fresh Pond Rd,2023,8407,4366,4041,8407,40.70575,-73.89676,12,83,987.2725110027358,1,yearly
nyc,5057.09,64 St & Woodbine St,2023,5754,3022,2732,5754,40.70809,-73.89549,12,66,1147.0281543274243,1,yearly
nyc,5059.02,McKibbin St & Bogart St,2023,32571,16251,16320,32571,40.706237,-73.933871,12,203,623.2538147431765,1,yearly
nyc,5065.04,John St & William St,2023,54435,26789,27646,54435,40.70862143926151,-74.0072215607385,12,206,378.43299347846056,1,yearly
nyc,5065.1,Maiden Ln & Pearl St,2023,13141,10090,3051,13141,40.707064560553356,-74.00731853059109,11,181,1377.3685412069096,1,yearly
nyc,5065.10,Maiden Ln & Pearl St,2023,31807,12320,19487,31807,40.707064561104836,-74.00731853118018,12,181,569.0571257899205,1,yearly
nyc,5065.12,William St & Pine St,2023,63008,31419,31589,63008,40.70717935909248,-74.00887307979833,12,188,298.3748095479939,1,yearly
nyc,5065.14,Cliff St & Fulton St,2023,59429,29541,29888,59429,40.70838,-74.00495,12,196,329.80531390398625,1,yearly
nyc,5066.03,Fairview Ave & Linden St,2023,11918,6135,5783,11918,40.70694,-73.90632,12,137,1149.5217318342004,1,yearly
nyc,5068.02,Montrose Ave & Bushwick Ave,2023,61170,30705,30465,61170,40.707677880105386,-73.94016171025469,12,200,326.9576589831617,1,yearly
nyc,5073.07,Greenwich St & Rector St,2023,35191,17480,17711,35191,40.70806582442973,-74.0135595219417,12,178,505.8111448950016,1,yearly
nyc,5073.07_Pillar,Pillar Greenwich St & Rector St,2023,29,12,17,29,40.70817,-74.01346,3,180,620689.6551724138,1,yearly
nyc,5074.08,Woodward Ave & Harman St,2023,13432,7243,6189,13432,40.70793,-73.91092,12,121,900.8338296605122,1,yearly
nyc,5076.04,Scholes St & Lorimer St,2023,23704,11831,11873,23704,40.708564206448195,-73.94891437911528,10,266,1122.1734728315896,1,yearly
nyc,5082.08,Jefferson St & Cypress Ave,2023,17989,8961,9028,17989,40.70907,-73.92157,12,162,900.5503363166379,1,yearly
nyc,5084.03,Division Ave & Marcy Ave,2023,17052,8538,8514,17052,40.70708700996845,-73.95796783053643,12,285,1671.3581984517944,1,yearly
nyc,5090.06,Harrison Pl & Porter Ave,2023,9210,4586,4624,9210,40.70686,-73.92851,12,185,2008.686210640608,1,yearly
nyc,5093.01,Bedford Ave & S 9 St,2023,22481,11206,11275,22481,40.708533011183505,-73.96409029831682,12,183,814.0207286152751,1,yearly
nyc,5096.12,Peck Slip & South St,2023,66785,33312,33473,66785,40.707518884053876,-74.0010805465633,12,112,167.7023283671483,1,yearly
nyc,5097.02,60 Pl & Linden St,2023,5049,2765,2284,5049,40.70886,-73.90182,12,121,2396.5141612200437,1,yearly
nyc,5099.02,Waterbury St & Stagg St,2023,22636,11344,11292,22636,40.71019,-73.93734,12,201,887.9660717441244,1,yearly
nyc,5099.03,White St & Johnson Ave,2023,7092,3530,3562,7092,40.707174,-73.93581,12,195,2749.5769881556685,1,yearly
nyc,5105.01,Liberty St & Broadway,2023,86024,42855,43169,86024,40.70905622938884,-74.0104338204783,12,218,253.41765088812423,1,yearly
nyc,5106.04,Greene Ave & Grandview Ave,2023,11019,5702,5317,11019,40.709697,-73.907856,12,135,1225.1565477811052,1,yearly
nyc,5108.01,Scholes St & Manhattan Ave,2023,62781,31358,31423,62781,40.708703680162394,-73.94486250025373,12,220,350.4244914862777,1,yearly
nyc,5114.06,West Thames St,2023,72874,36344,36530,72874,40.708346980108445,-74.01713444756011,12,101,138.59538381315696,1,yearly
nyc,5114.08,South End Ave & Albany St,2023,49085,24574,24511,49085,40.70996549062493,-74.0169731960129,9,83,169.09442803300396,1,yearly
nyc,5115.01,Onderdonk Ave & Dekalb Ave,2023,12324,6276,6048,12324,40.70863,-73.91497,12,129,1046.7380720545277,1,yearly
nyc,5115.05,Willoughby Ave & Onderdonk Ave,2023,11475,5826,5649,11475,40.7098,-73.91727,12,144,1254.9019607843136,1,yearly
nyc,5117.05,Stagg St & Union Ave,2023,54227,27017,27210,54227,40.70877084010156,-73.95095259026023,12,283,521.8802441588139,1,yearly
nyc,5123.07,Stewart Ave & Johnson Ave,2023,12472,6215,6257,12472,40.70869,-73.92587,12,152,1218.7299550994226,1,yearly
nyc,5125.03,S 5 Pl & S 5 St,2023,76658,37622,39036,76658,40.710451,-73.960876,12,244,318.2968509483681,1,yearly
nyc,5125.07,Broadway & Roebling St,2023,47157,23578,23579,47157,40.70924826178973,-73.96063148794234,12,242,513.1793795194775,1,yearly
nyc,5128.04,Catherine St & Monroe St,2023,48223,24074,24149,48223,40.71117443948724,-73.99682618977857,12,185,383.63436534433777,1,yearly
nyc,5129.01,Palmetto St & Traffic Ave,2023,3480,1809,1671,3480,40.70929,-73.89441,11,59,1695.4022988505749,1,yearly
nyc,5134.09,Broadway & Kent Ave,2023,71118,35562,35556,71118,40.71076248169883,-73.96856519491132,10,88,123.73801288000224,1,yearly
nyc,5137.1,Spruce St & Nassau St,2023,20178,11964,8214,20178,40.71146364211365,-74.00552426841476,10,240,1189.4142134998515,1,yearly
nyc,5137.10,Spruce St & Nassau St,2023,29338,12802,16536,29338,40.71146364234196,-74.00552426824352,11,240,818.0516735973822,1,yearly
nyc,5137.11,Fulton St & William St,2023,56102,28174,27928,56102,40.70960089385206,-74.00655090827594,12,220,392.1428826066807,1,yearly
nyc,5137.13,Spruce St & Gold St,2023,28956,14301,14655,28956,40.710323099457064,-74.00432280108586,9,231,797.7621218400332,1,yearly
nyc,5138.03,60 Pl & Bleecker St,2023,3787,2052,1735,3787,40.710962582611806,-73.90269882975274,9,123,3247.9535252178503,1,yearly
nyc,5140.06,Bushwick Ave & Stagg St,2023,12721,6389,6332,12721,40.709897,-73.94008,12,203,1595.7864947724236,1,yearly
nyc,5145.02,Albany St & Greenwich St,2023,47902,23873,24029,47902,40.709267,-74.013247,12,168,350.7160452590706,1,yearly
nyc,5146.03,Stanhope St & Fairview Ave,2023,12310,6413,5897,12310,40.70998,-73.91116,12,112,909.8294069861901,1,yearly
nyc,5148.03,Leonard St & Maujer St,2023,42889,21446,21443,42889,40.7103685425318,-73.94705951232972,12,229,533.9364405791695,1,yearly
nyc,5156.05,S 4 St & Rodney St,2023,53448,26698,26750,53448,40.70934,-73.95608,12,281,525.74464900464,1,yearly
nyc,5159.04,Pike St & Monroe St,2023,39375,19678,19697,39375,40.7117310698743,-73.9919304292278,12,139,353.015873015873,1,yearly
nyc,5159.07,South St & Pike St,2023,45345,22680,22665,45345,40.70991806896956,-73.99161100386196,12,94,207.29959201676039,1,yearly
nyc,5160.01,Metropolitan Ave & 65 Ln,2023,4311,2134,2177,4311,40.71225,-73.89111,11,24,556.7153792623521,1,yearly
nyc,5164.05,Broadway & Berry St,2023,77940,38917,39023,77940,40.710361298419336,-73.96530389813296,12,153,196.30484988452656,1,yearly
nyc,5167.06,St James Pl & Pearl St,2023,29612,14768,14844,29612,40.711174159253254,-74.00016544789978,12,177,597.7306497365934,1,yearly
nyc,5168.04,Grove St & Fresh Pond Rd,2023,4991,2524,2467,4991,40.71032,-73.89955,9,113,2264.0753356040873,1,yearly
nyc,5170.01,Stagg St & Morgan Ave,2023,19016,9493,9523,19016,40.710681,-73.93372,12,179,941.3125788809424,1,yearly
nyc,5175.08,Fulton St & Broadway,2023,83214,41451,41763,83214,40.711066,-74.009447,12,234,281.20268224096907,1,yearly
nyc,5176.04,Bleecker St & Forest Ave,2023,7566,4263,3303,7566,40.7107,-73.90525,12,134,1771.0811525244515,1,yearly
nyc,5178.06,Graham Ave & Grand St,2023,58337,29155,29182,58337,40.711863,-73.944024,12,215,368.5482626806315,1,yearly
nyc,5181.04,Cherry St,2023,42084,21216,20868,42084,40.71219905987659,-73.97948147901269,12,78,185.34359851725122,1,yearly
nyc,5184.08,West St & Liberty St,2023,172461,86121,86340,172461,40.711444,-74.014847,12,124,71.90031369411055,1,yearly
nyc,5187.03,Hope St & Union Ave,2023,75254,37600,37654,75254,40.711673510507275,-73.95141311987577,12,332,441.17256225582696,1,yearly
nyc,5190.07,Madison St & Clinton St,2023,36196,17972,18224,36196,40.712690419918836,-73.98776322995555,12,143,395.0712785943198,1,yearly
nyc,5190.09,Clinton St & Cherry St,2023,63232,31737,31495,63232,40.71147139394987,-73.98672603066693,12,106,167.63663967611336,1,yearly
nyc,5195.06,S 4 St & Roebling St,2023,64115,31548,32567,64115,40.71063412374757,-73.95975775891753,10,257,400.84223660609837,1,yearly
nyc,5198.04,Market St & Cherry St,2023,42718,21271,21447,42718,40.7107622795158,-73.99400398003459,12,136,318.36696474554054,1,yearly
nyc,5199.01,65 Ln & Metropolitan Ave,2023,3711,1865,1846,3711,40.71219154978163,-73.89378280549263,9,25,673.6728644570196,1,yearly
nyc,5204.05,S 4 St & Wythe Ave,2023,94086,46941,47145,94086,40.71285887027492,-73.9659029401269,12,163,173.24575388474375,1,yearly
nyc,5207.01,Centre St & Chambers St,2023,126669,63128,63541,126669,40.71273266571212,-74.0046072949599,12,263,207.62775422558008,1,yearly
nyc,5210.01,Powers St & Olive St,2023,21688,10912,10776,21688,40.71323,-73.93894,12,234,1078.9376613795648,1,yearly
nyc,5216.04,Barclay St & Church St,2023,34088,16844,17244,34088,40.71291223883765,-74.01020233835335,12,225,660.0563248063835,1,yearly
nyc,5216.06,Vesey St & Church St,2023,138756,69302,69454,138756,40.712219581855,-74.01047229641763,12,226,162.87583960333248,1,yearly
nyc,5217.03,Amory Ct & Metropolitan Ave,2023,6406,3265,3141,6406,40.71301,-73.90968,12,122,1904.4645644708085,1,yearly
nyc,5219.05,Manhattan Ave & Devoe St,2023,22829,11403,11426,22829,40.71311640124439,-73.9464589317344,9,228,998.7296859257962,1,yearly
nyc,5225.02,Flushing Ave & Woodward Ave,2023,12132,6080,6052,12132,40.71246,-73.91873,12,111,914.9357072205737,1,yearly
nyc,5225.04,Metropolitan Ave & Flushing Ave,2023,8297,4200,4097,8297,40.71334,-73.91572,12,94,1132.9396167289383,1,yearly
nyc,5230.02,Rutgers St & Henry St,2023,51105,25310,25795,51105,40.71332151248846,-73.99009689697276,12,182,356.1295372272772,1,yearly
nyc,5235.05,S 3 St & Bedford Ave,2023,97129,48433,48696,97129,40.712604860319665,-73.96264402993151,12,222,228.5620154639706,1,yearly
nyc,5235.1,Driggs Ave & S 2 St,2023,8202,8196,6,8202,40.71223646127498,-73.96048933228049,9,265,3230.919287978542,1,yearly
nyc,5235.10,Driggs Ave & S 2 St,2023,35402,13476,21926,35402,40.7122854791251,-73.96050005726673,10,266,751.3699790972261,1,yearly
nyc,5238.05,St James Pl & Oliver St,2023,66871,33358,33513,66871,40.71307915957177,-73.99851193018735,12,289,432.17538245278223,1,yearly
nyc,5241.02,Metropolitan Ave & Vandervoort Ave,2023,5725,2840,2885,5725,40.71429,-73.93323,12,156,2724.890829694323,1,yearly
nyc,5247.1,Reade St & Broadway,2023,20175,12553,7622,20175,40.71450451134421,-74.00562789030177,11,262,1298.6369268897151,1,yearly
nyc,5247.10,Reade St & Broadway,2023,29391,12155,17236,29391,40.71450451164865,-74.00562789037009,12,262,891.4293491204791,1,yearly
nyc,5248.05,Eliot Ave & 60 Ln,2023,3691,1879,1812,3691,40.71391,-73.90299,11,134,3630.452451910052,1,yearly
nyc,5250.05,Bushwick Ave & Powers St,2023,35092,17639,17453,35092,40.71247661021476,-73.94100004997247,12,197,561.3815114556024,1,yearly
nyc,5257.01,53 St & Flushing Ave,2023,8179,4142,4037,8179,40.71435,-73.91405,11,92,1124.8318865386966,1,yearly
nyc,5259.06,Devoe St & Lorimer St,2023,48856,24397,24459,48856,40.71335226213261,-73.94910335527739,12,295,603.8152939250041,1,yearly
nyc,5262.09,Madison St & Montgomery St,2023,50572,25286,25286,50572,40.713126,-73.984844,12,131,259.03662105512933,1,yearly
nyc,5267.08,Grand St & Havemeyer St,2023,63220,31472,31748,63220,40.712868439285145,-73.9569811896913,12,353,558.3676051882316,1,yearly
nyc,5267.09,Roebling St & N 4 St,2023,58955,29399,29556,58955,40.71469,-73.95739,12,325,551.2679162072767,1,yearly
nyc,5270.05,Pike St & E Broadway,2023,67931,33760,34171,67931,40.71406667052895,-73.99293910982368,12,266,391.57380282934156,1,yearly
nyc,5270.07,Forsyth St & Canal St,2023,86095,42826,43269,86095,40.7158155013644,-73.9942236609278,12,404,469.24908531273593,1,yearly
nyc,5270.08,Division St & Bowery,2023,75252,37489,37763,75252,40.714193,-73.996732,12,288,382.71408068888536,1,yearly
nyc,5270.09,Market St & Henry St,2023,75063,37443,37620,75063,40.713107023033956,-73.99446353367176,12,239,318.39921132915015,1,yearly
nyc,5273.01,Metropolitan Ave & Stewart Ave,2023,7459,3749,3710,7459,40.71401,-73.92793,12,84,1126.156321222684,1,yearly
nyc,5276.04,S 2 St & Kent Ave,2023,39023,19396,19627,39023,40.7140968458815,-73.96706613531039,10,127,325.44909412397817,1,yearly
nyc,5279.03,Centre St & Worth St,2023,76072,37888,38184,76072,40.71494806946192,-74.00234482138364,12,338,444.31591124198127,1,yearly
nyc,5280.02,Fresh Pond Rd & Eliot Ave,2023,4126,2083,2043,4126,40.71453,-73.90105,9,117,2835.6761997091617,1,yearly
nyc,5280.03,Fresh Pond Rd & Eliot Ave,2023,150,70,80,150,40.71442,-73.90097,1,118,78666.66666666666,1,yearly
nyc,5282.02,Devoe St & Morgan Ave,2023,18314,9150,9164,18314,40.713811,-73.93515,12,162,884.5691820465217,1,yearly
nyc,5288.08,Park Pl & Church St,2023,48432,24095,24337,48432,40.71334184318224,-74.00935515718957,12,233,481.0868847043277,1,yearly
nyc,5288.09,Warren St & W Broadway,2023,59143,29312,29831,59143,40.714739930202335,-74.00910626921957,12,243,410.8685727812251,1,yearly
nyc,5288.12,Murray St & Greenwich St,2023,78317,38793,39524,78317,40.71485150658355,-74.01122331534833,12,196,250.26494886167757,1,yearly
nyc,5289.05,56 St & Arnold Ave,2023,2476,1253,1223,2476,40.71484,-73.909,10,125,5048.465266558966,1,yearly
nyc,5291.05,Graham Ave & Conselyea St,2023,78504,39243,39261,78504,40.715143,-73.944507,12,216,275.14521553041885,1,yearly
nyc,5294.04,Henry St & Grand St,2023,99469,49866,49603,99469,40.714211,-73.981095,10,123,123.65661663432829,1,yearly
nyc,5297.02,Vesey Pl & River Terrace,2023,139905,70036,69869,139905,40.715337900379154,-74.01658354174411,12,55,39.31239055073085,1,yearly
nyc,5300.05,Metropolitan Ave & Meeker Ave,2023,59635,29763,29872,59635,40.71413310987469,-73.95234386015949,12,288,482.93787205500126,1,yearly
nyc,5300.06,Union Ave & Jackson St,2023,31309,15627,15682,31309,40.7160750998394,-73.952029,12,249,795.2984764764125,1,yearly
nyc,5303.06,Clinton St & Grand St,2023,161966,80932,81034,161966,40.71559508992778,-73.9870295004012,12,340,209.9206006198832,1,yearly
nyc,5303.08,Canal St & Rutgers St,2023,154880,77225,77655,154880,40.71427487013772,-73.98990024973516,12,245,158.18698347107437,1,yearly
nyc,5308.04,Metropolitan Ave & Bedford Ave,2023,133250,66427,66823,133250,40.715348249489445,-73.96024115967323,12,231,173.35834896810505,1,yearly
nyc,5321.08,60 Ave & Fresh Pond Rd,2023,2267,1128,1139,2267,40.71693,-73.90198,11,103,4543.449492721658,1,yearly
nyc,5323.06,Sharon St & Olive St,2023,25825,12990,12835,25825,40.71534162071299,-73.93865078703867,12,213,824.7821878025169,1,yearly
nyc,5326.06,Stanton St & Mangin St,2023,33305,16642,16663,33305,40.717821429636494,-73.97628938967031,12,114,342.29094730520944,1,yearly
nyc,5329.03,West St & Chambers St,2023,222166,110777,111389,222166,40.71754676359936,-74.01321995059813,12,95,42.76081848707723,1,yearly
nyc,5329.08,Murray St & West St,2023,66462,33461,33001,66462,40.71503,-74.01246,12,156,234.7205922181096,1,yearly
nyc,5332.1,Jackson St & Leonard St,2023,5988,4475,1513,5988,40.71638031968955,-73.94821286203465,11,271,4525.718102872412,1,yearly
nyc,5332.10,Jackson St & Leonard St,2023,15695,6327,9368,15695,40.716380319721566,-73.94821286202084,12,271,1726.6645428480408,1,yearly
nyc,5335.03,Bialystoker Pl & Delancey St,2023,44354,22186,22168,44354,40.7162264397594,-73.98261205996718,12,183,412.5896198764485,1,yearly
nyc,5335.07,Grand St & Samuel Dickstein Plaza,2023,81323,40901,40422,81323,40.715118720261195,-73.98417055653802,12,200,245.93288491570652,1,yearly
nyc,5340.01,N 7 St & Driggs Ave,2023,91521,45556,45965,91521,40.717454490767786,-73.95696855280359,10,240,262.23489690890614,1,yearly
nyc,5342.1,Allen St & Hester St,2023,25510,22288,3222,25510,40.71605866065359,-73.99190759078814,11,426,1669.9333594668758,1,yearly
nyc,5342.10,Allen St & Hester St,2023,71786,25885,45901,71786,40.71605866070987,-73.991907590856,12,426,593.4304739085616,1,yearly
nyc,5343.11,Orchard St & Grand St,2023,102417,51191,51226,102417,40.717318403377064,-73.99067759561846,12,499,487.2238007362059,1,yearly
nyc,5348.02,Wythe Ave & Metropolitan Ave,2023,103475,51501,51974,103475,40.716887,-73.963198,12,189,182.65281468953853,1,yearly
nyc,5351.03,Bayard St & Baxter St,2023,76096,37981,38115,76096,40.716021179575385,-73.9997437206605,12,381,500.6833473507149,1,yearly
nyc,5351.07,Walker St & Baxter St,2023,71312,35408,35904,71312,40.717411,-73.999573,12,402,563.7199910253534,1,yearly
nyc,5354.01,Morgan Ave & Maspeth Ave,2023,10980,5517,5463,10980,40.716657,-73.93637,12,155,1411.657559198543,1,yearly
nyc,5359.1,Hudson St & Reade St,2023,20019,13998,6021,20019,40.71625007986194,-74.00910590017257,12,214,1068.9844647584796,1,yearly
nyc,5359.10,Hudson St & Reade St,2023,44387,18004,26383,44387,40.71625007991537,-74.00910590010578,12,214,482.12314416383174,1,yearly
nyc,5359.11,Leonard St & Church St,2023,62068,30907,31161,62068,40.717571,-74.005549,12,315,507.50789456724885,1,yearly
nyc,5359.12,Duane St & Hudson St,2023,41504,20740,20764,41504,40.71703,-74.00925,12,210,505.97532767925986,1,yearly
nyc,5359.13,Church St & Worth St,2023,44953,22378,22575,44953,40.71688538402378,-74.0065012865281,12,287,638.4445976909217,1,yearly
nyc,5360.02,60 St & 60 Rd,2023,3262,1634,1628,3262,40.71592232690029,-73.90601366778138,12,126,3862.660944206009,1,yearly
nyc,5362.08,Withers St & Kingsland Ave,2023,14109,7035,7074,14109,40.71773,-73.94051,12,229,1623.0774682826566,1,yearly
nyc,5365.02,Columbia St & Rivington St,2023,52859,26410,26449,52859,40.71739973010531,-73.98016555017553,12,241,455.92992678635613,1,yearly
nyc,5368.03,River Ter & Warren St,2023,73640,36532,37108,73640,40.71759894999038,-74.01587963236871,12,55,74.68766974470397,1,yearly
nyc,5369.01,Grand Ave & 55 St,2023,3304,1679,1625,3304,40.71888,-73.91427,11,70,2118.64406779661,1,yearly
nyc,5371.07,Frost St & Meeker Ave,2023,18305,9072,9233,18305,40.717661970858565,-73.94880026561928,11,275,1502.3217700081943,1,yearly
nyc,5374.01,Norfolk St & Broome St,2023,154799,77280,77519,154799,40.71722739956528,-73.98802084017389,12,401,259.04560106977436,1,yearly
nyc,5379.09,Berry St & N 8 St,2023,76894,38213,38681,76894,40.719009500643544,-73.95852514980693,12,189,245.7929097198741,1,yearly
nyc,5379.1,N 6 St & Bedford Ave,2023,24600,21351,3249,24600,40.71745169007828,-73.95850938990151,9,227,922.7642276422764,1,yearly
nyc,5379.10,N 6 St & Bedford Ave,2023,57985,19839,38146,57985,40.717451690320836,-73.95850938959637,10,227,391.48055531603,1,yearly
nyc,5382.06,Grand St & Elizabeth St,2023,152756,76353,76403,152756,40.718822,-73.99596,12,463,303.09775066118516,1,yearly
nyc,5382.07,Forsyth St & Grand St,2023,137081,68366,68715,137081,40.71779817709392,-73.99316132017212,12,507,369.85431970878534,1,yearly
nyc,5388.01,Kent Ave & Grand St,2023,72102,35899,36203,72102,40.716782396482145,-73.96634588243847,9,106,147.01395245624255,1,yearly
nyc,5391.06,Lispenard St & Broadway,2023,73878,36669,37209,73878,40.7193922594875,-74.00247213972403,12,362,489.9970221175451,1,yearly
nyc,5392.04,63 St & 59 Dr,2023,2140,1076,1064,2140,40.71832,-73.90128,12,100,4672.897196261682,1,yearly
nyc,5400.05,Harrison St & Hudson St,2023,37518,18609,18909,37518,40.71870987023599,-74.00900090018153,12,211,562.3967162428701,1,yearly
nyc,5401.03,59 St & 59 Rd,2023,1115,574,541,1115,40.71790852734058,-73.908454477787,12,78,6995.5156950672645,1,yearly
nyc,5403.04,Graham Ave & Withers St,2023,34976,17437,17539,34976,40.71698109994238,-73.94485917989628,12,261,746.2259835315646,1,yearly
nyc,5403.05,Graham Ave & Herbert St,2023,21909,10945,10964,21909,40.719293009993564,-73.9450037901352,12,254,1159.3409101282577,1,yearly
nyc,5406.02,Rivington St & Ridge St,2023,95134,47653,47481,95134,40.71850210992105,-73.9832985902943,12,354,372.10671263691216,1,yearly
nyc,5406.04,Pitt St & Stanton St,2023,28377,14105,14272,28377,40.719260810151326,-73.98178023980886,12,259,912.7109983437291,1,yearly
nyc,5409.02,Page Pl & Grand Ave,2023,2786,1407,1379,2786,40.71798,-73.91818,12,40,1435.7501794687723,1,yearly
nyc,5411.07,Union Ave & N 12 St,2023,60545,30180,30365,60545,40.71924,-73.95242,12,162,267.56957634817076,1,yearly
nyc,5411.08,Driggs Ave & N 9 St,2023,67005,33094,33911,67005,40.71816969484336,-73.95520135725036,12,242,361.1670770837997,1,yearly
nyc,5414.06,Allen St & Rivington St,2023,119381,59610,59771,119381,40.72019576040433,-73.98997824957881,12,549,459.8721739640311,1,yearly
nyc,5414.07,Delancey St & Eldridge St,2023,39034,19672,19362,39034,40.719383,-73.991479,12,536,1373.1618588922477,1,yearly
nyc,5419.04,N 5 St & Wythe Ave,2023,46960,23291,23669,46960,40.71863329704396,-73.96127338369772,10,181,385.43441226575806,1,yearly
nyc,5422.04,Howard St & Lafayette St,2023,68611,34464,34147,68611,40.71910536891264,-73.99973336891264,12,421,613.6042325574616,1,yearly
nyc,5422.09,Lafayette St & Grand St,2023,74603,37029,37574,74603,40.72028,-73.99879,10,413,553.5970403334986,1,yearly
nyc,5430.08,Franklin St & W Broadway,2023,44044,21867,22177,44044,40.719115521492206,-74.00666661121241,12,294,667.5143038779402,1,yearly
nyc,5430.1,6 Ave & Walker St,2023,17683,13218,4465,17683,40.719792089896515,-74.00522388552737,11,325,1837.9234292823617,1,yearly
nyc,5430.10,6 Ave & Walker St,2023,42172,16601,25571,42172,40.71979208987369,-74.00522388555645,12,325,770.6535141800247,1,yearly
nyc,5431.01,60 Pl & Flushing Ave,2023,1565,788,777,1565,40.71988,-73.90556,9,104,6645.367412140575,1,yearly
nyc,5433.03,Richardson St & N Henry St,2023,27444,13723,13721,27444,40.71907891182056,-73.94223690035774,12,276,1005.6843025797988,1,yearly
nyc,5433.04,Frost St & Debevoise Ave,2023,8994,4511,4483,8994,40.71882,-73.93948,12,233,2590.6159661996885,1,yearly
nyc,5436.09,Ave D & E 3 St,2023,16942,8512,8430,16942,40.72082834,-73.97793172,3,171,1009.3259355447999,1,yearly
nyc,5436.09,Avenue D & E 3 St,2023,54632,27350,27282,54632,40.720828339945385,-73.97793172004498,10,171,313.0033679894567,1,yearly
nyc,5436.09_Pillar,Pillar Ave D & E 3 St,2023,52,26,26,52,40.72082999999999,-73.97793,1,171,328846.1538461538,1,yearly
nyc,5436.11,E Houston St & Columbia St,2023,64562,32212,32350,64562,40.71978635389437,-73.97871628352881,12,204,315.9753415321706,1,yearly
nyc,5440.05,57 St & Grand Ave,2023,1885,936,949,1885,40.71921,-73.9124,12,74,3925.7294429708227,1,yearly
nyc,5442.05,Bayard St & Leonard St,2023,48585,24038,24547,48585,40.71915571720218,-73.94885391004622,12,226,465.1641453123392,1,yearly
nyc,5442.09,Manhattan Av & Leonard St,2023,15690,7833,7857,15690,40.72084,-73.94844,10,240,1529.6367112810708,1,yearly
nyc,5442.09,Manhattan Ave & Leonard St,2023,5098,2532,2566,5098,40.72084,-73.94844,3,240,4707.728520988623,1,yearly
nyc,5445.02,Suffolk St & Stanton St,2023,133956,66987,66969,133956,40.72066441951812,-73.98517977026388,12,430,321.000925677088,1,yearly
nyc,5445.07,Stanton St & Norfolk St,2023,91199,45547,45652,91199,40.720747,-73.986274,12,466,510.9705150275771,1,yearly
nyc,5450.01,N 10 St & Berry St,2023,39677,19341,20336,39677,40.720226899043595,-73.9573830379082,9,169,425.9394611487764,1,yearly
nyc,5450.04,N 12 St & Bedford Ave,2023,76903,38334,38569,76903,40.72079820957669,-73.95484711975811,12,155,201.55260522996505,1,yearly
nyc,5453.01,Rivington St & Chrystie St,2023,84133,41479,42654,84133,40.72110063102402,-73.99192539889295,12,528,627.5777637787788,1,yearly
nyc,5453.05,Forsyth St & Broome St,2023,71189,34620,36569,71189,40.71893903993288,-73.99266288020137,12,518,727.6405062579893,1,yearly
nyc,5453.06,Kenmare St & Elizabeth St,2023,77010,38404,38606,77010,40.72054,-73.9949,12,456,592.1308920919361,1,yearly
nyc,5458.02,N 5 St & Northside Piers,2023,63003,31417,31586,63003,40.71989499769337,-73.96327285415401,10,100,158.72260051108677,1,yearly
nyc,5470.02,N Moore St & Hudson St,2023,56362,27668,28694,56362,40.71996118084483,-74.0084432061764,12,223,395.6566480962351,1,yearly
nyc,5470.1,Greenwich St & Hubert St,2023,25256,20743,4513,25256,40.721319,-74.010065,11,153,605.7966423820083,1,yearly
nyc,5470.10,Greenwich St & Hubert St,2023,62531,22284,40247,62531,40.721319,-74.010065,12,153,244.67863939486014,1,yearly
nyc,5470.12,North Moore St & Greenwich St,2023,141595,70728,70867,141595,40.72019521408942,-74.01030063677541,12,164,115.82329884529821,1,yearly
nyc,5471.04,Grand Ave & 58 Ave,2023,1152,552,600,1152,40.72098,-73.90701,11,98,8506.944444444445,1,yearly
nyc,5473.03,Engert Ave & McGuinness Blvd,2023,21800,10877,10923,21800,40.72158,-73.94546,12,281,1288.9908256880733,1,yearly
nyc,5473.06,Monitor St & Meeker Ave,2023,15217,7603,7614,15217,40.7210033735367,-73.94150997077912,10,311,2043.7668397187356,1,yearly
nyc,5476.03,E 2 St & Ave C,2023,15803,7995,7808,15803,40.7208736,-73.98085795,3,207,1309.8778712902613,1,yearly
nyc,5476.03,E 2 St & Avenue C,2023,76484,38568,37916,76484,40.72087360029027,-73.98085795003628,10,207,270.64484075100677,1,yearly
nyc,5481.04,Driggs Ave & Lorimer St,2023,47999,23945,24054,47999,40.72179133948597,-73.95041539939525,12,174,362.5075522406717,1,yearly
nyc,5484.09,Allen St & Stanton St,2023,129927,64776,65151,129927,40.722055,-73.989111,12,500,384.8314822939035,1,yearly
nyc,5489.03,Kent Ave & N 7 St,2023,94551,46671,47880,94551,40.72036775379008,-73.96165073006254,12,134,141.72245666359953,1,yearly
nyc,5489.04,N 11 St & Kent Ave,2023,29531,14704,14827,29531,40.72248188668287,-73.9592193058957,12,101,342.0134773627713,1,yearly
nyc,5489.06,N 9 St & Wythe Ave,2023,21717,10517,11200,21717,40.72053999999999,-73.95899999999999,7,147,676.8890730763918,1,yearly
nyc,5492.05,Cleveland Pl & Spring St,2023,179003,89217,89786,179003,40.722103787219204,-73.99724900720697,12,361,201.67259766596092,1,yearly
nyc,5500.02,Grand St & Greene St,2023,69797,34749,35048,69797,40.72170005214644,-74.00238141251673,12,331,474.2324168660544,1,yearly
nyc,5500.07,6 Ave & Canal St,2023,52421,25923,26498,52421,40.722437970050215,-74.00566442928032,12,280,534.1370824669502,1,yearly
nyc,5501.06,Fresh Pond Rd & Flushing Ave,2023,1979,984,995,1979,40.72155,-73.90295,11,92,4648.812531581607,1,yearly
nyc,5503.01,Morgan Ave & Lombardy St,2023,23620,11891,11729,23620,40.72226,-73.93889,12,215,910.2455546147332,1,yearly
nyc,5506.1,Ave D & E 8 St,2023,15867,11497,4370,15867,40.723683610044134,-73.97574812998529,11,116,731.0770782126425,1,yearly
nyc,5506.10,Ave D & E 8 St,2023,31952,12346,19606,31952,40.72368361008917,-73.97574812997028,12,116,363.0445668502754,1,yearly
nyc,5506.14,E 6 St & Ave D,2023,15962,7812,8150,15962,40.72228087,-73.97668709,3,168,1052.4996867560455,1,yearly
nyc,5506.14,E 6 St & Avenue D,2023,64649,32187,32462,64649,40.7222808700441,-73.97668708996947,10,168,259.8648084270445,1,yearly
nyc,5509.02,Washington St & Laight St,2023,54959,27369,27590,54959,40.72231,-74.0106,12,141,256.5548863698393,1,yearly
nyc,5510.02,57 Rd & 59 St,2023,1410,691,719,1410,40.72249,-73.90854,11,95,6737.58865248227,1,yearly
nyc,5510.05,57 Rd & 58 St,2023,696,347,349,696,40.72235,-73.91215,12,66,9482.758620689654,1,yearly
nyc,5515.02,E 2 St & Ave B,2023,14484,7262,7222,14484,40.72217444,-73.98368779,2,288,1988.400994200497,1,yearly
nyc,5515.02,E 2 St & Avenue B,2023,97655,48833,48822,97655,40.72217443957288,-73.98368779020386,10,288,294.915774921919,1,yearly
nyc,5515.08,E 4 St & Ave B,2023,88349,43603,44746,88349,40.723346832232345,-73.9826591312477,12,216,244.48494040679577,1,yearly
nyc,5520.09,N 15 St & Wythe Ave,2023,30287,14794,15493,30287,40.724055,-73.955736,12,146,482.05500709875525,1,yearly
nyc,5523.02,Stanton St & Chrystie St,2023,96134,47596,48538,96134,40.722293459287805,-73.99147534945811,12,490,509.705203153931,1,yearly
nyc,5532.01,Mercer St & Spring St,2023,79208,39067,40141,79208,40.723627378611724,-73.99949600996347,12,280,353.4996465003535,1,yearly
nyc,5539.06,Laight St & Hudson St,2023,21115,10377,10738,21115,40.72185379025125,-74.00771779025125,12,241,1141.3686952403505,1,yearly
nyc,5540.06,56 Dr & 61 St,2023,2105,1041,1064,2105,40.72368,-73.90458,11,142,6745.843230403801,1,yearly
nyc,5542.04,Driggs Ave & N Henry St,2023,52297,26261,26036,52297,40.72325,-73.94308,12,312,596.5925387689542,1,yearly
nyc,5545.01,E 7 St & Ave C,2023,86884,43967,42917,86884,40.72412944063231,-73.97901266833497,12,154,177.24782468578795,1,yearly
nyc,5545.04,E 5 St & Ave C,2023,16582,8256,8326,16582,40.72299208,-73.97995466,3,188,1133.7594982511157,1,yearly
nyc,5545.04,E 5 St & Avenue C,2023,53407,26655,26752,53407,40.72299207995435,-73.979954660194,10,188,352.01378096504203,1,yearly
nyc,5548.01,58 St & 56 Dr,2023,1812,886,926,1812,40.72419,-73.91244,9,50,2759.381898454746,1,yearly
nyc,5550.05,Bedford Ave & Nassau Ave,2023,79458,39134,40324,79458,40.72311651084305,-73.95212323958708,12,148,186.26192453875004,1,yearly
nyc,5550.09,Leonard St & Nassau Ave,2023,48299,23903,24396,48299,40.723956785230904,-73.94984364548456,12,150,310.56543613739416,1,yearly
nyc,5553.03,E 3 St & 1 Ave,2023,78654,39452,39202,78654,40.7246772097924,-73.98783412987147,12,317,403.0309965163882,1,yearly
nyc,5553.1,E 2 St & Ave A,2023,1225,1225,0,1225,40.72307749068673,-73.98583620786667,2,329,26857.14285714286,1,yearly
nyc,5553.1,E 2 St & Avenue A,2023,23742,22589,1153,23742,40.723077490447565,-73.98583620776535,10,329,1385.7299300817117,1,yearly
nyc,5553.10,E 2 St & Ave A,2023,21507,10129,11378,21507,40.72307749068673,-73.98583620786667,3,329,1529.7345050448691,1,yearly
nyc,5553.10,E 2 St & Avenue A,2023,54888,16553,38335,54888,40.723077490204496,-73.98583620766239,10,329,599.4024194723801,1,yearly
nyc,5558.04,Wythe Ave & N 13 St,2023,31663,15483,16180,31663,40.72236218138444,-73.95745683471475,10,113,356.883428607523,1,yearly
nyc,5561.04,Mott St & Prince St,2023,113296,56599,56697,113296,40.72317958085415,-73.99480011975595,12,338,298.33356870498517,1,yearly
nyc,5561.06,Lafayette St & Jersey St,2023,144174,72018,72156,144174,40.72456089018064,-73.99565293011496,12,320,221.95402777199772,1,yearly
nyc,5569.06,W Broadway & Spring St,2023,66028,32128,33900,66028,40.72494672443774,-74.00165856019191,12,294,445.2656448779305,1,yearly
nyc,5569.07,W Broadway & Watts St,2023,11960,5892,6068,11960,40.72323,-74.00314,3,307,2566.8896321070233,1,yearly
nyc,5569.07,West Broadway & Watts St,2023,44603,22152,22451,44603,40.72323,-74.00314,10,307,688.2945093379369,1,yearly
nyc,5570.04,Grand Ave & Remsen Pl,2023,4691,2322,2369,4691,40.72353,-73.89967,11,125,2664.6770411426137,1,yearly
nyc,5572.07,Van Dam St & Meeker Ave,2023,7065,3539,3526,7065,40.72532,-73.9368,8,167,2363.7650389242744,1,yearly
nyc,5575.08,Ave D & E 12 St,2023,4055,2083,1972,4055,40.72580614,-73.97422494,3,80,1972.8729963008632,1,yearly
nyc,5575.08,Avenue D & E 12 St,2023,15696,7894,7802,15696,40.72580613992166,-73.97422494003357,10,80,509.683995922528,1,yearly
nyc,5575.13,Ave D & E 10 St,2023,6717,3363,3354,6717,40.72506551015476,-73.97515833377838,3,87,1295.2210808396605,1,yearly
nyc,5575.13,Avenue D & E 10 St,2023,24875,12522,12353,24875,40.725065511077176,-73.97515833314984,10,87,349.74874371859295,1,yearly
nyc,5578.02,Watts St & Greenwich St,2023,59763,29767,29996,59763,40.72405548871973,-74.00965965091449,12,160,267.72417716647425,1,yearly
nyc,5579.02,56 Dr & 59 St,2023,1419,618,801,1419,40.72403,-73.90853,11,110,7751.937984496124,1,yearly
nyc,5579.04,55 Dr & Maurice Ave,2023,3917,1957,1960,3917,40.7261,-73.90917,12,120,3063.569057952515,1,yearly
nyc,5581.01,Nassau Ave & Russell St,2023,50546,25239,25307,50546,40.72557,-73.94434,12,161,318.52174257112335,1,yearly
nyc,5584.04,E 6 St & Ave B,2023,20592,10333,10259,20592,40.72453734,-73.98185424,3,217,1053.8073038073037,1,yearly
nyc,5584.04,E 6 St & Avenue B,2023,67003,33542,33461,67003,40.72453733981161,-73.98185423986703,10,217,323.8660955479606,1,yearly
nyc,5584.05,E 7 St & Ave B,2023,96819,48512,48307,96819,40.72512852437392,-73.98131668584706,12,194,200.37389355395118,1,yearly
nyc,5593.01,E 1 St & 1 Ave,2023,141386,69133,72253,141386,40.7233559790192,-73.98864958025727,12,413,292.10812951777405,1,yearly
nyc,5593.02,E 2 St & 2 Ave,2023,54077,26442,27635,54077,40.72502876037198,-73.99069656068195,12,317,586.2011576085952,1,yearly
nyc,5593.04,E 4 St & 2 Ave,2023,93295,46013,47282,93295,40.726280700337036,-73.98978040953938,11,290,310.84195294495953,1,yearly
nyc,5602.06,Greene St & Prince St,2023,65027,32100,32927,65027,40.72511734340382,-73.99930492062451,12,269,413.67431989788855,1,yearly
nyc,5610.09,6 Ave & Broome St,2023,95663,47692,47971,95663,40.72431,-74.00473,12,287,300.0114986985564,1,yearly
nyc,5611.04,61 St & Borden Ave,2023,1043,515,528,1043,40.72558,-73.90417,8,137,13135.186960690318,1,yearly
nyc,5611.05,63 St & Borden Ave,2023,1353,658,695,1353,40.7267833908046,-73.90299284507746,9,115,8499.630450849963,1,yearly
nyc,5613.04,Kingsland Ave & Nassau Ave,2023,45879,22985,22894,45879,40.72577,-73.94173,12,185,403.2345953486344,1,yearly
nyc,5616.01,E 9 St & Ave C,2023,17671,8755,8916,17671,40.72521311,-73.97768752,3,125,707.3736630637768,1,yearly
nyc,5616.01,E 9 St & Avenue C,2023,61018,30336,30682,61018,40.72521310991219,-73.97768752038317,10,125,204.85758300829264,1,yearly
nyc,5616.08,E 12 St & Ave C,2023,57099,28566,28533,57099,40.727243,-73.976831,12,114,199.65323385698522,1,yearly
nyc,5623.03,Nassau Ave & Newell St,2023,40379,20035,20344,40379,40.72481256460831,-73.9475262164035,12,145,359.0975507070507,1,yearly
nyc,5626.06,E 5 St & Ave A,2023,75390,37615,37775,75390,40.72479007739703,-73.98430064351118,10,257,340.89401777424064,1,yearly
nyc,5626.07,E 7 St & Ave A,2023,32926,16460,16466,32926,40.72621788,-73.98379855,3,199,604.3855919334264,1,yearly
nyc,5626.07,E 7 St & Avenue A,2023,105929,53029,52900,105929,40.72621788006822,-73.98379855025581,10,199,187.86168093723154,1,yearly
nyc,5626.13,St Marks Pl & 1 Ave,2023,98916,51504,47412,98916,40.727791259796874,-73.98564944964843,12,209,211.29038780379312,1,yearly
nyc,5626.15,1 Ave & E 6 St,2023,122032,61285,60747,122032,40.72633085982568,-73.98616880193813,12,252,206.50321227219092,1,yearly
nyc,5633.04,Banker St & Meserole Ave,2023,26785,13052,13733,26785,40.72606,-73.95621,12,140,522.6806048161285,1,yearly
nyc,5636.11,Great Jones St,2023,140266,69996,70270,140266,40.72743422968546,-73.9937902496581,12,254,181.08451085794135,1,yearly
nyc,5636.13,E 1 St & Bowery,2023,85816,42767,43049,85816,40.72486122221091,-73.9921313518905,12,321,374.05612007084926,1,yearly
nyc,5644.05,W Broadway & W Houston St,2023,56573,27643,28930,56573,40.726378,-74.000472,12,258,456.0479380623266,1,yearly
nyc,5653.12,Spring St & Hudson St,2023,99988,49990,49998,99988,40.725839968005374,-74.00765329524057,12,212,212.02544305316638,1,yearly
nyc,5656.03,N Henry St & Norman Ave,2023,13794,6845,6949,13794,40.728126827123106,-73.94321697081031,10,72,521.9660722053067,1,yearly
nyc,5659.05,E 10 St & Ave A,2023,20094,9811,10283,20094,40.72740794,-73.98142006,3,144,716.6318303971335,1,yearly
nyc,5659.05,E 10 St & Avenue A,2023,92950,45062,47888,92950,40.72740794007278,-73.98142005992722,10,144,154.92200107584722,1,yearly
nyc,5659.11,E 11 St & Ave B,2023,22244,11334,10910,22244,40.72746420692392,-73.97950418293476,3,126,566.4448840136666,1,yearly
nyc,5659.11,E 11 St & Avenue B,2023,75313,38455,36858,75313,40.72746420683936,-73.97950418286,10,126,167.3017938470118,1,yearly
nyc,5666.04,Meserole Ave & Manhattan Ave,2023,66713,33206,33507,66713,40.72708584024851,-73.95299116973597,12,183,274.3093549982762,1,yearly
nyc,5666.11,Norman Ave & Leonard St,2023,34787,17294,17493,34787,40.72631892889293,-73.9507175379581,9,167,480.0643918705263,1,yearly
nyc,5669.1,St Marks Pl & 2 Ave,2023,32836,25057,7779,32836,40.728418600363895,-73.9871395604003,11,212,645.6328420026799,1,yearly
nyc,5669.10,St Marks Pl & 2 Ave,2023,83762,30178,53584,83762,40.728418600410144,-73.98713956045117,12,212,253.098063561042,1,yearly
nyc,5669.12,E 6 St & 2 Ave,2023,74975,37006,37969,74975,40.72737869352586,-73.98840844588476,12,247,329.4431477159053,1,yearly
nyc,5676.04,Calyer St & West St,2023,22037,10895,11142,22037,40.72693,-73.95863,7,91,412.9418704905387,1,yearly
nyc,5679.05,Mercer St & Bleecker St,2023,120272,59877,60395,120272,40.72706363398237,-73.99662136981105,12,244,202.87348676333644,1,yearly
nyc,5679.08,Bleecker St & Crosby St,2023,121661,60214,61447,121661,40.72615604969933,-73.99510189912125,11,263,216.17445196077622,1,yearly
nyc,5687.04,MacDougal St & Prince St,2023,105432,52535,52897,105432,40.72710258065563,-74.00297088018733,12,243,230.48030958342818,1,yearly
nyc,5687.11,King St & Varick St,2023,66412,33154,33258,66412,40.72789701406224,-74.00536269011195,11,220,331.26543395771847,1,yearly
nyc,5688.02,64 St & 53 Dr,2023,3281,1613,1668,3281,40.72897,-73.90115,11,67,2042.0603474550444,1,yearly
nyc,5696.03,Pier 40 - Hudson River Park,2023,143506,71508,71998,143506,40.727714077182505,-74.01129573785788,12,78,54.353128092205196,1,yearly
nyc,5703.13,Ave A & E 11 St,2023,111363,55410,55953,111363,40.72854744991324,-73.98175924998279,12,166,149.0620762730889,1,yearly
nyc,5703.13_Pillar,Pillar Ave A & E 11 St,2023,6,2,4,6,40.72861,-73.98178,1,170,2833333.333333333,1,yearly
nyc,5709.03,Calyer St & Guernsey St,2023,23403,11569,11834,23403,40.727558073287234,-73.95505853042978,12,159,679.4000769132163,1,yearly
nyc,5712.03,Cooper Square & Astor Pl,2023,152857,76065,76792,152857,40.72951496228423,-73.99075269726981,12,201,131.49544999574766,1,yearly
nyc,5712.12,E 5 St & Cooper Sq,2023,77327,38473,38854,77327,40.72769,-73.990993,12,253,327.18196748871674,1,yearly
nyc,5721.01,Sullivan St & Washington Sq,2023,103490,51658,51832,103490,40.73047746895496,-73.99906065077822,12,211,203.88443327857766,1,yearly
nyc,5721.01_Pillar,Pillar Sullivan St & Washington Sq,2023,24,12,12,24,40.73048,-73.99906,1,211,879166.6666666666,1,yearly
nyc,5721.07,Thompson St & Bleecker St,2023,101763,50700,51063,101763,40.728400595301444,-73.99968780615174,12,237,232.89407741517053,1,yearly
nyc,5721.14,LaGuardia Pl & W 3 St,2023,104683,51615,53068,104683,40.72917024946255,-73.99810230933355,12,224,213.97934717193814,1,yearly
nyc,5730.08,Greenwich St & W Houston St,2023,115003,57345,57658,115003,40.728846,-74.008591,12,143,124.34458231524395,1,yearly
nyc,5731.03,Maurice Ave & 53 Dr,2023,1676,767,909,1676,40.73028,-73.90421,11,53,3162.2911694510735,1,yearly
nyc,5736.09,E 14 St & Ave B,2023,20009,10153,9856,20009,40.72938685,-73.97772429,3,125,624.7188765055726,1,yearly
nyc,5736.09,E 14 St & Avenue B,2023,80713,40428,40285,80713,40.72938685007223,-73.97772428986035,10,125,154.86972358851733,1,yearly
nyc,5743.02,Calyer St & Jewel St,2023,20362,10015,10347,20362,40.72984,-73.94839,12,118,579.5108535507318,1,yearly
nyc,5746.02,E 10 St & 2 Ave,2023,116642,58185,58457,116642,40.72970805638477,-73.98659795527858,12,229,196.3272234701051,1,yearly
nyc,5746.14,E 11 St & 1 Ave,2023,113233,56542,56691,113233,40.72953836965351,-73.98426725975652,12,208,183.69203324119292,1,yearly
nyc,5752.07,Milton St & Franklin St,2023,64872,32150,32722,64872,40.72906,-73.95779,12,100,154.14971019854482,1,yearly
nyc,5752.09,Greenpoint Ave & West St,2023,39479,19544,19935,39479,40.72983049366049,-73.95922474511723,10,79,200.10638567339598,1,yearly
nyc,5755.01,Washington Pl & Broadway,2023,91614,45649,45965,91614,40.7290391698161,-73.99404648946991,12,210,229.22260789835616,1,yearly
nyc,5755.09,Washington Square E,2023,115960,57568,58392,115960,40.73049393015423,-73.99572139911868,12,189,162.98723697826838,1,yearly
nyc,5755.09_Pillar,Pillar Washington Square E,2023,320,159,161,320,40.73049,-73.99572,1,187,58437.5,1,yearly
nyc,5755.14,University Pl & E 8 St,2023,103476,51903,51573,103476,40.73143724045429,-73.99490341475503,12,187,180.71823417990646,1,yearly
nyc,5763.03,Carmine St & 6 Ave,2023,131121,65540,65581,131121,40.73038599002716,-74.00214988032592,12,243,185.3250051479168,1,yearly
nyc,5764.02,65 Pl & 53 Ave,2023,264,130,134,264,40.73145000000001,-73.90022,2,28,10606.060606060606,1,yearly
nyc,5769.06,Ave C & E 16 St,2023,38469,19318,19151,38469,40.729848303043234,-73.97455215432608,12,72,187.16369024409266,1,yearly
nyc,5772.05,Morton St & Washington St,2023,62164,30993,31171,62164,40.73115,-74.00887,12,151,242.90586191364778,1,yearly
nyc,5772.07,Morton St & West St,2023,1851,930,921,1851,40.73142106585176,-74.01077986188255,1,73,3943.8141545110752,1,yearly
nyc,5779.08,1 Ave & E 16 St,2023,124720,62838,61882,124720,40.7322185302411,-73.98165557022058,12,178,142.71969211032712,1,yearly
nyc,5779.09,E 13 St & Ave A,2023,1724,855,869,1724,40.72966729392978,-73.98067966103554,1,154,8932.714617169373,1,yearly
nyc,5779.09,E 13 St & Avenue A,2023,53204,26796,26408,53204,40.72966729371212,-73.98067966128654,9,154,289.4519209082024,1,yearly
nyc,5779.1,E 14 St & 1 Ave,2023,39762,24261,15501,39762,40.73139303361169,-73.98286700248498,12,187,470.2982747346713,1,yearly
nyc,5779.10,E 14 St & 1 Ave,2023,74377,32008,42369,74377,40.73139303360375,-73.98286700248438,12,187,251.42181050593595,1,yearly
nyc,5779.11,Ave A & E 14 St,2023,192251,96331,95920,192251,40.73031071008811,-73.98047178989425,12,148,76.9826944983381,1,yearly
nyc,5785.05,Greenpoint Ave & Manhattan Ave,2023,62401,31029,31372,62401,40.73026,-73.95394,12,155,248.3934552330892,1,yearly
nyc,5785.1,Kent St & McGuinness Blvd,2023,3470,2580,890,3470,40.73124,-73.95161,11,121,3487.0317002881848,1,yearly
nyc,5785.10,Kent St & McGuinness Blvd,2023,8511,3363,5148,8511,40.73124,-73.95161,12,121,1421.6895781929268,1,yearly
nyc,5788.12,E 12 St & 3 Ave,2023,74715,38080,36635,74715,40.732232720171226,-73.98889957026296,12,213,285.08331660309176,1,yearly
nyc,5788.13,Lafayette St & E 8 St,2023,154850,77010,77840,154850,40.73020660574692,-73.9910262819905,12,212,136.9066838876332,1,yearly
nyc,5788.15,4 Ave & E 12 St,2023,150902,74587,76315,150902,40.732647,-73.99011,12,226,149.766073345615,1,yearly
nyc,5788.16,E 11 St & 3 Ave,2023,91443,45586,45857,91443,40.731270121887526,-73.98849025138449,12,218,238.39987751932898,1,yearly
nyc,5794.05,India St Pier,2023,39900,19740,20160,39900,40.73173478609277,-73.96123901024927,12,44,110.27568922305764,1,yearly
nyc,5797.01,MacDougal St & Washington Sq,2023,74249,36806,37443,74249,40.73226398005931,-73.99852204985173,12,208,280.1384530431386,1,yearly
nyc,5805.05,Barrow St & Hudson St,2023,93795,46779,47016,93795,40.73172427957227,-74.00674435945005,12,203,216.42944719867796,1,yearly
nyc,5805.07,7 Ave S & Bleecker St,2023,110315,55033,55282,110315,40.732138962975505,-74.0036380290188,12,232,210.3068485700041,1,yearly
nyc,5806.01,53 Ave & 62 St,2023,168,82,86,168,40.73169,-73.90159,1,25,14880.952380952382,1,yearly
nyc,5820.08,E 13 St & 2 Ave,2023,129657,64751,64906,129657,40.73153937414619,-73.98530244768097,12,234,180.4761794581087,1,yearly
nyc,5820.08_Pillar,Pillar E 13 St & 2 Ave,2023,4,1,3,4,40.73139,-73.98501,1,236,5900000.0,1,yearly
nyc,5826.02,India St & Manhattan Ave,2023,59828,29703,30125,59828,40.732321940056956,-73.95508580018988,12,125,208.9322725145417,1,yearly
nyc,5829.12,E 11 St & Broadway,2023,638,285,353,638,40.73261787,-73.99158043,1,193,30250.783699059564,1,yearly
nyc,5838.09,Washington Pl & 6 Ave,2023,100218,50238,49980,100218,40.7322411895695,-74.00026394013595,12,232,231.49534015845458,1,yearly
nyc,5845.02,Woodhaven Blvd & Hoffman Dr,2023,124,52,72,124,40.73303,-73.871,1,210,169354.83870967742,1,yearly
nyc,5847.01,Christopher St & Greenwich St,2023,150140,74724,75416,150140,40.73291553074801,-74.00711384025465,12,171,113.89369921406688,1,yearly
nyc,5847.06,W 10 St & Washington St,2023,65944,33079,32865,65944,40.73342399438671,-74.00851495576515,12,140,212.3013465971127,1,yearly
nyc,5847.08,Washington St & Barrow St,2023,50082,24238,25844,50082,40.73191132192842,-74.00876909456117,10,148,295.51535481809833,1,yearly
nyc,5851.01,Greenpoint Ave & Monitor St,2023,5585,2803,2782,5585,40.731976865828095,-73.94338008755429,9,36,644.5837063563115,1,yearly
nyc,5854.09,1 Ave & E 18 St,2023,141947,71114,70833,141947,40.733812191838076,-73.98054420934034,12,209,147.23805363973878,1,yearly
nyc,5854.1,Stuyvesant Walk & 1 Av Loop,2023,2217,2001,216,2217,40.732339777343874,-73.97898383452917,10,163,7352.277852954443,1,yearly
nyc,5854.1,Stuyvesant Walk & 1 Ave Loop,2023,88,88,0,88,40.732339777151054,-73.97898383438587,2,163,185227.27272727274,1,yearly
nyc,5854.10,Stuyvesant Walk & 1 Av Loop,2023,5106,1658,3448,5106,40.73233977723504,-73.97898383444829,10,163,3192.322757540149,1,yearly
nyc,5854.10,Stuyvesant Walk & 1 Ave Loop,2023,1516,721,795,1516,40.732339777151054,-73.97898383438587,3,163,10751.978891820581,1,yearly
nyc,5860.02,Green St & McGuinness Blvd,2023,9911,4905,5006,9911,40.73396,-73.95204,12,87,877.8125315306226,1,yearly
nyc,5863.07,E 15 St & 3 Ave,2023,112869,56690,56179,112869,40.734232,-73.986923,12,260,230.35554492376116,1,yearly
nyc,5869.04,Huron St & Franklin St,2023,62456,31151,31305,62456,40.73266,-73.95826,12,78,124.88792109645192,1,yearly
nyc,5872.1,E 9 St & 5 Ave,2023,26210,22140,4070,26210,40.73275887046485,-73.99581670764263,11,201,766.8828691339183,1,yearly
nyc,5872.10,E 9 St & 5 Ave,2023,69467,25636,43831,69467,40.73275887060989,-73.99581670797,12,201,289.34602041257,1,yearly
nyc,5878.02,60 Ave & Junction Blvd,2023,309,144,165,309,40.73466,-73.86501,1,198,64077.669902912625,1,yearly
nyc,5880.02,W 4 St & 7 Ave S,2023,111120,55464,55656,111120,40.7340114287878,-74.00293877064838,12,220,197.98416126709864,1,yearly
nyc,5881.01,Tyler Ave & Maurice Ave,2023,3748,1859,1889,3748,40.73394,-73.90128,12,35,933.8313767342582,1,yearly
nyc,5883.06,Van Dam St & Greenpoint Ave,2023,8856,4435,4421,8856,40.73443564123187,-73.93790781525622,12,92,1038.843721770551,1,yearly
nyc,5886.13,E 20 St & FDR Dr,2023,121641,61073,60568,121641,40.73320862672808,-73.97568136449918,12,112,92.07421839675767,1,yearly
nyc,5887.03,Queens Blvd & 56 Ave,2023,3390,1677,1713,3390,40.73481,-73.87431,4,197,5811.209439528024,1,yearly
nyc,5896.01,E 17 St & 2 Ave,2023,76695,38341,38354,76695,40.73431166308972,-73.98372530907474,12,246,320.7510267944455,1,yearly
nyc,5902.07,Eagle St & Manhattan Ave,2023,36512,17982,18530,36512,40.73592991164388,-73.95419600607265,10,64,175.28483786152498,1,yearly
nyc,5905.12,Broadway & E 14 St,2023,183155,92251,90904,183155,40.73454567045369,-73.99074141942259,12,215,117.38691272419534,1,yearly
nyc,5905.14,University Pl & E 14 St,2023,217037,107424,109613,217037,40.734814,-73.992085,12,217,99.98295221552087,1,yearly
nyc,5914.03,W 11 St & 6 Ave,2023,89841,44952,44889,89841,40.73532426976454,-73.9980041898343,12,222,247.1032156810365,1,yearly
nyc,5914.08,Greenwich Ave & Charles St,2023,74160,37000,37160,74160,40.735238,-74.000271,12,229,308.7918015102481,1,yearly
nyc,5917.02,Bradley Ave & Greenpoint Ave,2023,7017,3507,3510,7017,40.73565914813498,-73.93478840573825,12,129,1838.392475416845,1,yearly
nyc,5920.03,94 St & 57 Ave,2023,2478,1232,1246,2478,40.73628,-73.86752,4,200,8071.0250201775625,1,yearly
nyc,5922.04,Greenwich St & Perry St,2023,80558,40427,40131,80558,40.73498,-74.00697,12,160,198.61466272747583,1,yearly
nyc,5922.07,Perry St & Bleecker St,2023,98929,49329,49600,98929,40.73535398005372,-74.00483091024176,12,202,204.1868410678365,1,yearly
nyc,5922.08,Bank St & Hudson St,2023,59836,29783,30053,59836,40.73652889017179,-74.00618025959395,12,168,280.76743097800653,1,yearly
nyc,5923.02,51 Ave & 61 St,2023,3861,1895,1966,3861,40.73568,-73.90387,12,75,1942.5019425019425,1,yearly
nyc,5929.01,E 23 St & 1 Ave,2023,116543,58210,58333,116543,40.736502,-73.97809472024507,12,235,201.6423122795878,1,yearly
nyc,5930.02,Queens Blvd & Broadway,2023,2822,1398,1424,2822,40.73672,-73.87728,4,142,5031.892274982282,1,yearly
nyc,5938.01,E 19 St & 3 Ave,2023,68391,34188,34203,68391,40.73624566704179,-73.98473794268979,12,278,406.48623356874447,1,yearly
nyc,5938.11,E 16 St & Irving Pl,2023,96896,48345,48551,96896,40.73536705557387,-73.98797392849211,12,257,265.23282694848086,1,yearly
nyc,5944.01,Franklin St & Dupont St,2023,85332,42603,42729,85332,40.73564,-73.95866,12,40,46.87573243331927,1,yearly
nyc,5945.01,60 Ave & Otis Ave,2023,713,344,369,713,40.73715,-73.85614,3,194,27208.976157082747,1,yearly
nyc,5947.04,W 13 St & 5 Ave,2023,142937,71800,71137,142937,40.735445,-73.99431,12,226,158.11161560687574,1,yearly
nyc,5953.03,97 St & 57 Ave,2023,1130,554,576,1130,40.73727,-73.86415,4,144,12743.362831858407,1,yearly
nyc,5955.12,Perry St & Greenwich Ave,2023,87825,43750,44075,87825,40.735918,-74.000939,12,213,242.52775405636208,1,yearly
nyc,5956.04,64 St & 51 Ave,2023,2942,1366,1576,2942,40.73577,-73.90184,12,63,2141.400407885792,1,yearly
nyc,5956.05,50 Ave & 65 St,2023,3864,1908,1956,3864,40.73707,-73.90077,10,141,3649.0683229813662,1,yearly
nyc,5962.04,56 Ave & 92 St,2023,368,172,196,368,40.73649,-73.86995,1,207,56250.0,1,yearly
nyc,5964.01,Bank St & Washington St,2023,66321,33085,33236,66321,40.73619670030556,-74.00859206992871,12,125,188.4772545649191,1,yearly
nyc,5971.08,E 20 St & 2 Ave,2023,94801,47639,47162,94801,40.73587678015107,-73.98205026981461,12,257,271.09418677018175,1,yearly
nyc,5971.09,E 22 St & 2 Ave,2023,99969,49988,49981,99969,40.7371691935456,-73.98122549018201,12,250,250.07752403245004,1,yearly
nyc,5977.01,McGuinness Blvd & Eagle St,2023,36211,18054,18157,36211,40.73555,-73.95284,12,67,185.0266493606915,1,yearly
nyc,5980.07,E 17 St & Broadway,2023,198345,98382,99963,198345,40.737049840170435,-73.9900929600426,12,241,121.50545766215431,1,yearly
nyc,5983.04,43 St & 50 Ave,2023,12941,6529,6412,12941,40.73787237917938,-73.92264068154059,12,129,996.8317749787496,1,yearly
nyc,5987.03,99 St & 58 Ave,2023,788,378,410,788,40.73761,-73.85959,3,140,17766.497461928935,1,yearly
nyc,5989.02,W 15 St & 6 Ave,2023,149262,74688,74574,149262,40.73804614238855,-73.99642959264054,12,225,150.74164891265025,1,yearly
nyc,5992.02,36 St & Hunters Point Ave,2023,3914,2011,1903,3914,40.73781699881252,-73.93024072064982,12,136,3474.7061829330605,1,yearly
nyc,5995.07,56 Ave & Junction Blvd,2023,348,167,181,348,40.73716,-73.86625,2,142,40804.597701149425,1,yearly
nyc,5997.1,W 12 St & Hudson St,2023,40614,21136,19478,40614,40.73752993319357,-74.00558933523926,12,164,403.80164475304076,1,yearly
nyc,5997.10,W 12 St & Hudson St,2023,52174,25300,26874,52174,40.73752993317157,-74.00558933534963,12,164,314.3328094453176,1,yearly
nyc,5998.09,61 St & Laurel Hill Blvd,2023,3105,1539,1566,3105,40.7388,-73.90338,12,156,5024.15458937198,1,yearly
nyc,6001.01,Borden Ave & Review Ave,2023,5000,2506,2494,5000,40.73866345415361,-73.94093804056952,12,55,1100.0,1,yearly
nyc,6004.06,E 27 St & 1 Ave,2023,108176,54178,53998,108176,40.739445,-73.976806,12,235,217.23857417541782,1,yearly
nyc,6004.07,E 25 St & 1 Ave,2023,76998,38201,38797,76998,40.7381765003441,-73.97738662026153,12,247,320.78755292345255,1,yearly
nyc,6005.04,55 Ave & 90 St,2023,1367,677,690,1367,40.73676,-73.87318,4,159,11631.30943672275,1,yearly
nyc,6013.12,Gramercy Park N & Gramercy Park E,2023,88719,44294,44425,88719,40.73795,-73.98509,12,253,285.17003122217335,1,yearly
nyc,6014.01,St James Ave & 51 Ave,2023,934,454,480,934,40.73813,-73.88104,4,136,14561.0278372591,1,yearly
nyc,6016.06,48 St & 50 Ave,2023,8501,4406,4095,8501,40.73737,-73.91803,12,105,1235.148806022821,1,yearly
nyc,6019.04,Ash St & Manhattan Ave,2023,18456,9140,9316,18456,40.73840327740827,-73.95410726014659,10,71,384.6987429562202,1,yearly
nyc,6020.02,Waldron St & 108 St,2023,576,286,290,576,40.73916,-73.8526,3,193,33506.944444444445,1,yearly
nyc,6022.04,E 16 St & 5 Ave,2023,139248,69508,69740,139248,40.73726186018482,-73.99238967043566,12,242,173.79064690336665,1,yearly
nyc,6022.04_Pillar,Pillar E 16 St & 5 Ave,2023,58,29,29,58,40.73726,-73.99239,1,242,417241.3793103448,1,yearly
nyc,6025.08,39 St & 50 Ave,2023,10138,5138,5000,10138,40.738249373348275,-73.92737478024351,12,105,1035.7072400868021,1,yearly
nyc,6028.01,57 Ave & 98 Pl,2023,51,14,37,51,40.73802,-73.86103,1,169,331372.5490196079,1,yearly
nyc,6030.04,W 13 St & 7 Ave,2023,127057,63510,63547,127057,40.73781508991228,-73.99994661038009,12,187,147.17803820332608,1,yearly
nyc,6030.06,W 15 St & 7 Ave,2023,102442,51310,51132,102442,40.7393554193636,-73.9993178302576,12,199,194.25626208000625,1,yearly
nyc,6033.01,31 Pl & Hunters Point Ave,2023,2748,1362,1386,2748,40.74021356896014,-73.93537044513694,12,132,4803.493449781659,1,yearly
nyc,6037.02,53 Ave & 94 St,2023,819,406,413,819,40.73921,-73.86887,4,115,14041.514041514041,1,yearly
nyc,6039.06,Washington St & Gansevoort St,2023,130999,65420,65579,130999,40.739323,-74.008119,12,107,81.68001282452538,1,yearly
nyc,6046.02,E 25 St & 2 Ave,2023,115432,58016,57416,115432,40.73912600999399,-73.97973776014415,12,269,233.03763254556796,1,yearly
nyc,6047.03,51 Ave & Van Loon St,2023,199,87,112,199,40.73832,-73.87913,2,141,70854.27135678391,1,yearly
nyc,6053.01,Corona Ave & 111 St,2023,433,205,228,433,40.7408,-73.84978,3,214,49422.63279445728,1,yearly
nyc,6055.08,E 20 St & Park Ave,2023,94704,47329,47375,94704,40.73827427972208,-73.98751968031763,12,255,269.2600101368474,1,yearly
nyc,6056.02,Queens Blvd & Albion Ave,2023,787,386,401,787,40.73856,-73.88553,4,84,10673.443456162642,1,yearly
nyc,6058.08,44 St & 48 Ave,2023,14637,8084,6553,14637,40.739413875078604,-73.92131969355876,12,112,765.1841224294596,1,yearly
nyc,6062.03,103 St & Martense Ave,2023,870,426,444,870,40.74046,-73.8565,3,179,20574.712643678162,1,yearly
nyc,6064.08,W 18 St & 6 Ave,2023,126776,63352,63424,126776,40.73971300998945,-73.99456404994721,11,270,212.97406449170188,1,yearly
nyc,6067.01,48 Ave & 37 St,2023,6418,3299,3119,6418,40.74034668104573,-73.92886072412271,12,139,2165.7837332502336,1,yearly
nyc,6070.05,55 Ave & 97 Pl,2023,465,222,243,465,40.73892,-73.86367,4,132,28387.09677419355,1,yearly
nyc,6072.06,Greenwich Ave & 8 Ave,2023,138434,68931,69503,138434,40.73901532148953,-74.00263668900284,12,164,118.46800641460912,1,yearly
nyc,6072.11,8 Ave & W 16 St,2023,177150,88660,88490,177150,40.740983,-74.001702,12,176,99.35083262771663,1,yearly
nyc,6072.14,Gansevoort St & Hudson St,2023,30026,14933,15093,30026,40.73944820061394,-74.00507032758561,6,160,532.8715113568242,1,yearly
nyc,6072.16,Gansevoort St & Hudson St,2023,42011,20689,21322,42011,40.73937602032545,-74.00520805042149,7,155,368.9509890266835,1,yearly
nyc,6076.02,30 St & 48 Ave,2023,5796,2851,2945,5796,40.7413272,-73.937999,12,123,2122.1532091097306,1,yearly
nyc,6079.03,1 Ave & E 30 St,2023,99819,49825,49994,99819,40.74144387004778,-73.97536082006617,12,224,224.4061751770705,1,yearly
nyc,6080.07,90 St & 51 Ave,2023,1109,550,559,1109,40.73937,-73.87411,4,137,12353.471596032461,1,yearly
nyc,6089.07,Lexington Ave & E 24 St,2023,126619,63413,63206,126619,40.74025878020527,-73.98409213986938,12,292,230.6130991399395,1,yearly
nyc,6089.08,Lexington Ave & E 26 St,2023,62773,32370,30403,62773,40.741459,-73.983293,12,280,446.0516464084878,1,yearly
nyc,6089.11,E 26 St & 3 Ave,2023,85617,42821,42796,85617,40.740693177216805,-73.9816063640168,12,292,341.0537626873168,1,yearly
nyc,6090.03,South Railroad Ave & Broadway,2023,3698,1828,1870,3698,40.741,-73.88027,4,150,4056.246619794483,1,yearly
nyc,6092.01,47 Ave & 48 St,2023,7364,3783,3581,7364,40.74086,-73.91708,12,116,1575.2308527973928,1,yearly
nyc,6096.01,Van Cleef St & 108 St,2023,418,199,219,418,40.74096,-73.85357,3,207,49521.53110047847,1,yearly
nyc,6098.02,W 20 St & 5 Ave,2023,79761,39774,39987,79761,40.73972989264611,-73.99103969409323,11,250,313.43639121876606,1,yearly
nyc,6098.1,Broadway & E 21 St,2023,59459,40263,19196,59459,40.7398884077027,-73.98958593620831,11,247,415.41230091323433,1,yearly
nyc,6098.10,Broadway & E 21 St,2023,112501,45827,66674,112501,40.73988840782108,-73.98958593618978,12,247,219.55360396796473,1,yearly
nyc,6098.12,Broadway & E 19 St,2023,116309,57893,58416,116309,40.73866091438797,-73.98987293251484,12,251,215.80445193407215,1,yearly
nyc,6099.02,76 St & 45 Ave,2023,1207,596,611,1207,40.7411,-73.88837,4,107,8864.954432477216,1,yearly
nyc,6101.11,48 Ave & 41 St,2023,14740,7469,7271,14740,40.73985995699451,-73.9240032434301,12,127,861.6010854816825,1,yearly
nyc,6104.01,55 Ave & Center Blvd,2023,588,284,304,588,40.740288,-73.960697,1,13,2210.8843537414964,1,yearly
nyc,6105.02,100 St & Lewis Ave,2023,619,297,322,619,40.73988,-73.86012,3,115,18578.352180936992,1,yearly
nyc,6107.08,W 17 St & 7 Ave,2023,73029,36391,36638,73029,40.74056423609968,-73.99852573898129,12,232,317.6820167330786,1,yearly
nyc,6108.03,69 St & 43 Ave,2023,4323,2164,2159,4323,40.74179,-73.89564,10,186,4302.5676613462865,1,yearly
nyc,6110.01,34 St & 48 Ave,2023,4555,2334,2221,4555,40.74082120777815,-73.93147185447991,12,190,4171.240395170143,1,yearly
nyc,6113.07,51 Ave & Junction Blvd,2023,681,328,353,681,40.74087,-73.86772,4,104,15271.65932452276,1,yearly
nyc,6115.06,Hudson St & W 13 St,2023,106478,53050,53428,106478,40.74005708525501,-74.0052741757363,12,149,139.9350100490242,1,yearly
nyc,6115.09,W 15 St & 10 Ave,2023,83397,41285,42112,83397,40.74275382965527,-74.00747359038537,12,112,134.29739678885332,1,yearly
nyc,6116.03,61 St & Queens Blvd,2023,8067,4027,4040,8067,40.74091,-73.90273,12,167,2070.1623899838846,1,yearly
nyc,6119.01,49 Ave & 27 St,2023,91,41,50,91,40.74113,-73.942518,1,61,67032.96703296703,1,yearly
nyc,6122.09,2 Ave & E 29 St,2023,149763,74766,74997,149763,40.74172351133759,-73.97809267068521,12,255,170.26902505959416,1,yearly
nyc,6123.02,Corona Ave & 90 St,2023,717,347,370,717,40.74154,-73.87484,4,143,19944.2119944212,1,yearly
nyc,6128.04,49 Ave & 21 St,2023,20730,10373,10357,20730,40.74252,-73.948852,12,114,549.9276410998552,1,yearly
nyc,6131.12,Madison Ave & E 26 St,2023,105828,53008,52820,105828,40.74268473528343,-73.98671328976822,12,263,248.51646067203387,1,yearly
nyc,6131.13,E 27 St & Park Ave S,2023,93938,47492,46446,93938,40.742751796708596,-73.98471571535684,12,244,259.7457897762354,1,yearly
nyc,6134.03,Greenpoint Ave & 47 St,2023,13441,6822,6619,13441,40.7424,-73.91808,12,145,1078.7887805966818,1,yearly
nyc,6134.13,44 St & Greenpoint Ave,2023,11413,5820,5593,11413,40.74111994469978,-73.92103672036852,12,136,1191.6235871374747,1,yearly
nyc,6137.04,5 St & 51 Ave,2023,16414,8200,8214,16414,40.742373700795305,-73.9566,12,72,438.649932984038,1,yearly
nyc,6138.02,Martense Ave & 108 St,2023,1074,528,546,1074,40.74214,-73.85418,3,119,11080.074487895716,1,yearly
nyc,6140.05,W 21 St & 6 Ave,2023,280225,139910,140315,280225,40.741739690373684,-73.99415556053039,12,257,91.7120171290927,1,yearly
nyc,6141.02,72 St & Woodside Ave,2023,6148,3057,3091,6148,40.74288,-73.89283,10,193,3139.232270657124,1,yearly
nyc,6143.01,36 St & 47 Ave,2023,4494,2304,2190,4494,40.74221834940546,-73.9293515689074,12,141,3137.5166889185584,1,yearly
nyc,6143.05,39 St & 47 Ave,2023,10241,5132,5109,10241,40.74215636815735,-73.92662644371838,12,121,1181.5252416756177,1,yearly
nyc,6146.01,99 St & 50 Ave,2023,470,232,238,470,40.74278,-73.86226,4,128,27234.04255319149,1,yearly
nyc,6148.02,W 17 St & 8 Ave,2023,90758,45482,45276,90758,40.74177602996907,-74.00149745952574,12,168,185.10764891249255,1,yearly
nyc,6149.02,65 Pl & Woodside Ave,2023,4814,2430,2384,4814,40.74334,-73.89903,12,229,4756.958869962609,1,yearly
nyc,6151.03,47 Ave & 31 St,2023,15509,7763,7746,15509,40.743,-73.93561,12,144,928.493133019537,1,yearly
nyc,6155.03,Corona Ave & 92 St,2023,145,61,84,145,40.7424,-73.87251,2,154,106206.89655172413,1,yearly
nyc,6157.04,10 Ave & W 14 St,2023,162184,80868,81316,162184,40.741981604953864,-74.00831580410662,12,102,62.891530607211564,1,yearly
nyc,6158.02,Queens Blvd & 56 St,2023,5087,2606,2481,5087,40.74193,-73.90913,12,88,1729.8997444466286,1,yearly
nyc,6158.06,57 St & 43 Ave,2023,6979,3527,3452,6979,40.74324,-73.908,12,103,1475.8561398481158,1,yearly
nyc,6164.09,Lexington Ave & E 29 St,2023,88878,44768,44110,88878,40.74311555410068,-73.98215353523925,12,265,298.1615247867864,1,yearly
nyc,6165.06,Whitney Ave & Ketcham Pl,2023,372,176,196,372,40.74249,-73.87809,2,167,44892.473118279566,1,yearly
nyc,6167.03,51 St & Queens Blvd,2023,3914,2063,1851,3914,40.7429,-73.91395,12,107,2733.776188042923,1,yearly
nyc,6170.02,Vernon Blvd & 50 Ave,2023,77841,38867,38974,77841,40.742327439650886,-73.95411748961122,12,105,134.89035341272594,1,yearly
nyc,6171.02,111 St & 53 Ave,2023,510,245,265,510,40.74336,-73.85129,3,114,22352.94117647059,1,yearly
nyc,6173.08,Broadway & W 25 St,2023,205764,102857,102907,205764,40.74286877403323,-73.98918628577276,12,288,139.96617484108006,1,yearly
nyc,6174.03,79 St & Woodside Ave,2023,488,239,249,488,40.74364,-73.88622,2,223,45696.721311475405,1,yearly
nyc,6176.11,40 St & Queens Blvd,2023,20403,10898,9505,20403,40.74354027334194,-73.9243519306403,12,155,759.6922021271381,1,yearly
nyc,6179.07,Center Blvd & 51 Ave,2023,48534,24237,24297,48534,40.74336607988422,-73.95960688645864,12,45,92.71850661392014,1,yearly
nyc,6180.05,51 Ave & Alstyne Ave,2023,339,158,181,339,40.74311,-73.85715,3,132,38938.05309734513,1,yearly
nyc,6182.02,W 20 St & 7 Ave,2023,127851,63846,64005,127851,40.742387870152754,-73.99726234958875,12,261,204.14388624257927,1,yearly
nyc,6183.03,Woodside Ave & 69 St,2023,6534,3270,3264,6534,40.7428,-73.89584,12,218,3336.3942454851544,1,yearly
nyc,6185.04,33 St & 47 Ave,2023,7172,3553,3619,7172,40.74283,-73.9321,12,159,2216.9548243167874,1,yearly
nyc,6185.07,33 St & Queens Blvd,2023,10041,5065,4976,10041,40.74436531899226,-73.93172398210662,12,145,1444.0792749726122,1,yearly
nyc,6188.04,Corona Ave & 98 St,2023,259,121,138,259,40.74448,-73.86516,3,184,71042.47104247105,1,yearly
nyc,6190.03,W 18 St & 9 Ave,2023,20460,10080,10380,20460,40.74353373359164,-74.00367558179863,10,192,938.41642228739,1,yearly
nyc,6190.08,9 Ave & W 18 St,2023,133881,66571,67310,133881,40.7431744889304,-74.00366442906137,12,187,139.67627968120942,1,yearly
nyc,6191.04,62 St & 43 Ave,2023,4138,2059,2079,4138,40.74261,-73.903,12,209,5050.749154180763,1,yearly
nyc,6191.06,61 St & Woodside Ave,2023,18005,8964,9041,18005,40.74501,-73.9036,12,149,827.5479033601778,1,yearly
nyc,6194.06,29 St & Skillman Ave,2023,67,28,39,67,40.744831,-73.938411,1,175,261194.0298507463,1,yearly
nyc,6197.02,2 Ave & E 31 St,2023,107952,53814,54138,107952,40.74290901997577,-73.9770605805088,10,277,256.5955239365644,1,yearly
nyc,6197.08,E 33 St & 1 Ave,2023,188148,94027,94121,188148,40.74322681443771,-73.97449783990852,12,262,139.25207815124264,1,yearly
nyc,6197.11,2 Ave & E 31 St,2023,375,189,186,375,40.74299,-73.97711,1,278,74133.33333333333,1,yearly
nyc,6198.03,Forley St & Lamont Ave,2023,1577,796,781,1577,40.74463,-73.87386,4,191,12111.604311984782,1,yearly
nyc,6200.03,53 St & Roosevelt Ave,2023,7146,4127,3019,7146,40.74462,-73.91143,12,114,1595.298068849706,1,yearly
nyc,6203.02,Jackson Ave & 46 Rd,2023,52033,26036,25997,52033,40.74524768020013,-73.94733276015009,12,119,228.70101666250267,1,yearly
nyc,6206.08,E 30 St & Park Ave S,2023,71939,35952,35987,71939,40.744448531639755,-73.98303554126602,11,234,325.2755807003155,1,yearly
nyc,6207.06,Judge St & Britton Ave,2023,2529,1261,1268,2529,40.74454,-73.88112,4,234,9252.669039145907,1,yearly
nyc,6209.05,43 Ave & 47 St,2023,12475,6830,5645,12475,40.74480628741523,-73.9172896746298,12,145,1162.3246492985973,1,yearly
nyc,6209.08,46 St & Queens Blvd,2023,21506,11665,9841,21506,40.74349759859927,-73.91860529763366,12,147,683.5301776248489,1,yearly
nyc,6212.04,48 Ave & 5 St,2023,21840,10554,11286,21840,40.74436328679044,-73.95587325071963,12,91,416.6666666666667,1,yearly
nyc,6212.08,Vernon Blvd & 47 Rd,2023,28678,14222,14456,28678,40.74490670071418,-73.95345729928582,12,119,414.9522281888556,1,yearly
nyc,6213.01,51 Ave & Corona Ave,2023,445,209,236,445,40.74373,-73.85583,3,136,30561.79775280899,1,yearly
nyc,6215.04,W 25 St & 6 Ave,2023,108802,54267,54535,108802,40.7439541098235,-73.9914487104653,12,307,282.1639308100954,1,yearly
nyc,6215.07,W 27 St & 6 Ave,2023,75764,38576,37188,75764,40.74578329695094,-73.99055155187563,9,291,384.08742938598806,1,yearly
nyc,6216.01,74 St & Woodside Ave,2023,125,55,70,125,40.74325,-73.89079,1,210,168000.0,1,yearly
nyc,6218.04,39 St & Queens Blvd,2023,14341,7354,6987,14341,40.74431,-73.92601,12,150,1045.9521651209818,1,yearly
nyc,6222.04,Corona Ave & 102 St,2023,876,438,438,876,40.74419,-73.8619,4,134,15296.803652968036,1,yearly
nyc,6224.03,W 22 St & 8 Ave,2023,120044,59653,60391,120044,40.74475147948744,-73.99915362040578,12,187,155.77621538769117,1,yearly
nyc,6224.05,W 20 St & 8 Ave,2023,110927,55221,55706,110927,40.743453349542015,-74.00004030959435,12,197,177.59427371154,1,yearly
nyc,6224.06,8 Ave & W 24 St,2023,84957,42933,42024,84957,40.74591072895023,-73.99807110405489,12,217,255.42333180314748,1,yearly
nyc,6225.03,41 Ave & 67 St,2023,3847,1930,1917,3847,40.74446,-73.89764,12,242,6290.6160644658175,1,yearly
nyc,6227.02,31 St & Thomson Ave,2023,17848,8931,8917,17848,40.744697379949265,-73.93540375003339,12,179,1002.9134917077545,1,yearly
nyc,6230.04,FDR Drive & E 35 St,2023,118957,59654,59303,118957,40.744219,-73.97121213969783,12,201,168.96861891271635,1,yearly
nyc,6231.01,46 Ave & Junction Blvd,2023,940,462,478,940,40.74399,-73.86781,4,185,19680.85106382979,1,yearly
nyc,6233.05,W 16 St & The High Line,2023,130159,64999,65160,130159,40.74334934879601,-74.00681753161679,12,117,89.89005754500265,1,yearly
nyc,6234.01,57 St & Woodside Ave,2023,5943,2966,2977,5943,40.74631839241483,-73.90762027429375,10,104,1749.9579337035168,1,yearly
nyc,6234.03,Woodside Ave & Roosevelt Ave,2023,1014,512,502,1014,40.74549,-73.90605,3,117,11538.461538461539,1,yearly
nyc,6234.04,Woodside Ave & 60 St,2023,11405,5716,5689,11405,40.74521,-73.90462,12,137,1201.2275317843053,1,yearly
nyc,6237.01,47 Ave & Skillman Ave,2023,4196,2090,2106,4196,40.74375240975116,-73.94176483163635,12,104,2478.551000953289,1,yearly
nyc,6239.08,E 31 St & 3 Ave,2023,65056,32943,32113,65056,40.743944755388405,-73.97966155544843,9,300,461.1411706837186,1,yearly
nyc,6240.05,Elmhurst Ave & Forley St,2023,1799,911,888,1799,40.74615,-73.87763,3,209,11617.56531406337,1,yearly
nyc,6242.1,51 St & 43 Ave,2023,3439,2593,846,3439,40.74451,-73.91412,12,113,3285.8389066589125,1,yearly
nyc,6242.10,51 St & 43 Ave,2023,7410,3239,4171,7410,40.74451,-73.91412,12,113,1524.966261808367,1,yearly
nyc,6245.08,46 Rd & 11 St,2023,164,82,82,164,40.745805,-73.950752,1,116,70731.70731707316,1,yearly
nyc,6247.06,W 27 St & 7 Ave,2023,150491,75165,75326,150491,40.746647,-73.993915,12,293,194.6960283339203,1,yearly
nyc,6247.06_Pillar,Pillar W 27 St & 7 Ave,2023,10,5,5,10,40.74665,-73.99392,1,293,2930000.0,1,yearly
nyc,6248.06,5 Ave & E 29 St,2023,87209,43542,43667,87209,40.745167700680376,-73.98683077052162,9,287,329.0944741941772,1,yearly
nyc,6248.08,5 Ave & E 30 St,2023,31650,15859,15791,31650,40.7459849,-73.98629487,4,280,884.6761453396525,1,yearly
nyc,6249.02,41 Ave & 80 St,2023,446,225,221,446,40.74586,-73.88539,2,274,61434.97757847534,1,yearly
nyc,6251.06,43 Ave & 42 St,2023,23737,12061,11676,23737,40.745346825880745,-73.92194196583232,12,135,568.7323587647976,1,yearly
nyc,6254.06,Center Blvd & 48 Ave,2023,27135,13537,13598,27135,40.745038,-73.957539,12,64,235.85774829555925,1,yearly
nyc,6255.02,49 Ave & 108 St,2023,251,116,135,251,40.74535,-73.8558,3,140,55776.89243027888,1,yearly
nyc,6257.03,W 24 St & 7 Ave,2023,146861,73342,73519,146861,40.74487633927821,-73.99529885031843,12,257,174.99540381721494,1,yearly
nyc,6258.02,72 St & Broadway,2023,4045,2023,2022,4045,40.74751,-73.89372,4,283,6996.291718170582,1,yearly
nyc,6258.03,72 St & 41 Ave,2023,8716,4339,4377,8716,40.7448,-73.89377,10,245,2810.922441486921,1,yearly
nyc,6260.04,36 St & Queens Blvd,2023,9968,5063,4905,9968,40.74408,-73.92901,12,146,1464.6869983948636,1,yearly
nyc,6264.06,National St & 45 Ave,2023,409,196,213,409,40.74582,-73.86433,3,210,51344.743276283625,1,yearly
nyc,6266.06,9 Ave & W 22 St,2023,154820,77215,77605,154820,40.74549729961742,-74.00197138950266,12,188,121.43133962020411,1,yearly
nyc,6267.08,65 St & Roosevelt Ave,2023,4511,2267,2244,4511,40.74589,-73.89915,12,216,4788.295278208822,1,yearly
nyc,6273.03,Case St & 94 St,2023,812,403,409,812,40.74619,-73.87193,4,248,30541.871921182268,1,yearly
nyc,6276.02,Woodside Ave & 55 St,2023,4852,2446,2406,4852,40.74679,-73.90893,12,92,1896.1253091508656,1,yearly
nyc,6276.05,Skillman Ave & 54 St,2023,7885,4007,3878,7885,40.745502,-73.909887,12,103,1306.277742549144,1,yearly
nyc,6278.05,Davis St & Jackson Ave,2023,278,135,143,278,40.745627,-73.945661,1,103,37050.359712230216,1,yearly
nyc,6280.12,E 32 St & Park Ave,2023,129188,64674,64514,129188,40.74571209991735,-73.98194828976033,12,278,215.1902653497229,1,yearly
nyc,6281.01,Gleane St & Britton Ave,2023,190,93,97,190,40.74646,-73.87996,1,270,142105.26315789475,1,yearly
nyc,6283.05,48 St & Skillman Ave,2023,14136,7142,6994,14136,40.746228747109946,-73.91616314639857,12,116,820.5998868138087,1,yearly
nyc,6286.02,46 Ave & 5 St,2023,62135,30956,31179,62135,40.74731,-73.95451,12,71,114.26732115554839,1,yearly
nyc,6287.02,111 St & 49 Ave,2023,991,476,515,991,40.74612,-73.85272,3,117,11806.256306760846,1,yearly
nyc,6289.06,Broadway & W 29 St,2023,116962,58867,58095,116962,40.746200900274204,-73.98855722936932,11,286,244.52386245105245,1,yearly
nyc,6290.06,41 Ave & 77 St,2023,3976,1988,1988,3976,40.74557,-73.8882,4,279,7017.102615694165,1,yearly
nyc,6290.13,79 St & Roosevelt Ave,2023,982,507,475,982,40.74718,-73.88675,3,300,30549.89816700611,1,yearly
nyc,6292.03,43 Ave & 40 St,2023,11426,5755,5671,11426,40.74562,-73.92402,10,123,1076.4922107474183,1,yearly
nyc,6295.07,47 Ave & 104 St,2023,492,243,249,492,40.7458,-73.85945,4,166,33739.83739837399,1,yearly
nyc,6297.02,W 26 St & 8 Ave,2023,28138,14136,14002,28138,40.747348249719536,-73.9972355105497,5,210,746.3217001919113,1,yearly
nyc,6297.07,8 Ave & W 27 St,2023,85619,42767,42852,85619,40.747968,-73.996637,12,228,266.2960324227099,1,yearly
nyc,6297.08,W 25 St & 8 Ave,2023,38590,19491,19099,38590,40.7465259501801,-73.9973461147271,8,248,642.6535371857995,1,yearly
nyc,6298.04,69 St & 38 Ave,2023,7834,3917,3917,7834,40.7469450451374,-73.89650255547816,12,267,3408.2205769721727,1,yearly
nyc,6300.04,Skillman Ave & 43 Ave,2023,15349,7637,7712,15349,40.74653762016077,-73.93215849945616,12,129,840.4456316372401,1,yearly
nyc,6303.01,1 Ave & E 39 St,2023,118942,59360,59582,118942,40.74714,-73.97113,12,287,241.29407610431974,1,yearly
nyc,6304.04,98 St & 41 Ave,2023,614,313,301,614,40.74773,-73.86649,4,258,42019.54397394137,1,yearly
nyc,6306.01,W 20 St & 10 Ave,2023,169614,84548,85066,169614,40.745686,-74.005141,12,160,94.33183581543976,1,yearly
nyc,6306.06,W 22 St & 10 Ave,2023,170794,85483,85311,170794,40.74691959080821,-74.00451887025626,12,149,87.2395985807464,1,yearly
nyc,6306.06_Pillar,Pillar W 22 St & 10 Ave,2023,230,115,115,230,40.74692,-74.00452,3,149,64782.608695652176,1,yearly
nyc,6307.07,61 St & 39 Ave,2023,16267,8115,8152,16267,40.7471,-73.9028,12,125,768.4268764984324,1,yearly
nyc,6310.06,27 St & Hunter St,2023,40361,20169,20192,40361,40.7485,-73.941275,12,199,493.05022174871783,1,yearly
nyc,6313.1,Lexington Ave & E 36 St,2023,21477,20343,1134,21477,40.747573958996945,-73.97880077385304,11,362,1685.5240489826326,1,yearly
nyc,6313.10,Lexington Ave & E 36 St,2023,66758,23883,42875,66758,40.747573958981974,-73.97880077377047,12,362,542.2571077623656,1,yearly
nyc,6314.02,Elmhurst Ave & Roosevelt Ave,2023,3667,1831,1836,3667,40.74864,-73.87619,5,234,6381.23806926643,1,yearly
nyc,6314.09,Benham St & Roosevelt Ave,2023,588,308,280,588,40.74841,-73.8751,4,265,45068.02721088436,1,yearly
nyc,6316.05,39 Dr & 52 St,2023,9859,5004,4855,9859,40.74732,-73.91197,12,73,740.4402069175372,1,yearly
nyc,6319.01,45 Rd & 11 St,2023,28090,14008,14082,28090,40.747085860068914,-73.94977233983263,12,103,366.6785332858669,1,yearly
nyc,6319.03,44 Dr & 21 St,2023,687,330,357,687,40.748036,-73.946705,1,115,16739.44687045124,1,yearly
nyc,6319.04,11 St & 44 Rd,2023,116,51,65,116,40.749207,-73.94937300000001,1,102,87931.03448275862,1,yearly
nyc,6319.07,45 Ave & 21 St,2023,43416,21663,21753,43416,40.747370756708705,-73.94777297975634,12,111,255.6661138750691,1,yearly
nyc,6322.01,E 33 St & 5 Ave,2023,112229,56348,55881,112229,40.74765946874518,-73.98490706981312,12,315,280.67611758101737,1,yearly
nyc,6323.04,84 St & Roosevelt Ave,2023,5225,2757,2468,5225,40.74797,-73.88204,5,267,5110.047846889952,1,yearly
nyc,6323.11,Ithaca St & Baxter Ave,2023,3396,1690,1706,3396,40.74638,-73.88322,4,262,7714.958775029446,1,yearly
nyc,6325.01,43 St & Skillman Ave,2023,15914,7984,7930,15914,40.74692675729546,-73.92082482606585,12,101,634.6613045117506,1,yearly
nyc,6329.06,47 Ave & 109 St,2023,306,137,169,306,40.74713,-73.85502,3,153,50000.0,1,yearly
nyc,6331.01,W 31 St & 7 Ave,2023,205406,102674,102732,205406,40.749156,-73.9916,12,326,158.71006689191162,1,yearly
nyc,6332.06,74 St & 37 Ave,2023,13577,6768,6809,13577,40.74908,-73.89172,5,299,2202.2538115931357,1,yearly
nyc,6332.09,75 St & Roosevelt Ave,2023,12456,6244,6212,12456,40.7468,-73.89038,4,260,2087.3474630700066,1,yearly
nyc,6334.03,Skillman Ave & Honeywell St,2023,4589,2252,2337,4589,40.747148248858444,-73.92902433848509,12,120,2614.9487905861843,1,yearly
nyc,6337.09,103 St & 41 Ave,2023,1050,514,536,1050,40.74875,-73.86285,3,230,21904.761904761905,1,yearly
nyc,6339.06,W 25 St & 9 Ave,2023,93641,46814,46827,93641,40.747832606565005,-74.00057226387042,11,199,212.51374931920847,1,yearly
nyc,6340.09,37 Ave & 63 St,2023,5281,2630,2651,5281,40.74893,-73.89981,12,188,3559.9318310925964,1,yearly
nyc,6345.08,E 39 St & 2 Ave,2023,100184,50129,50055,100184,40.74803319413833,-73.9738279581392,12,359,358.3406531981155,1,yearly
nyc,6346.02,Warren St & Roosevelt Ave,2023,3605,1834,1771,3605,40.74919,-73.87043,5,274,7600.554785020805,1,yearly
nyc,6349.03,39 Ave & 56 St,2023,5763,2873,2890,5763,40.74838,-73.90699,12,91,1579.0386951240673,1,yearly
nyc,6352.01,44 Dr & Jackson Ave,2023,67851,33952,33899,67851,40.747182339717206,-73.94326350041588,12,116,170.96284505755258,1,yearly
nyc,6356.01,87 St & Roosevelt Ave,2023,1667,850,817,1667,40.74825,-73.87936,4,244,14637.072585482905,1,yearly
nyc,6358.05,48 St & Barnett Ave,2023,5643,2820,2823,5643,40.75001640407957,-73.91540944556442,11,90,1594.8963317384369,1,yearly
nyc,6361.03,9 St & 44 Rd,2023,16411,8178,8233,16411,40.74966,-73.9521,12,69,420.44969837304245,1,yearly
nyc,6364.07,6 Ave & W 33 St,2023,198968,99735,99233,198968,40.749012710640905,-73.9884839501105,12,319,160.32728881026094,1,yearly
nyc,6364.1,6 Ave & W 34 St,2023,51066,40438,10628,51066,40.74964,-73.98805,11,320,626.6400344652019,1,yearly
nyc,6364.10,6 Ave & W 34 St,2023,114830,43462,71368,114830,40.74964,-73.98805,12,320,278.67282069145693,1,yearly
nyc,6365.1,79 St & 37 Ave,2023,1229,646,583,1229,40.74937,-73.88714,5,274,22294.548413344182,1,yearly
nyc,6365.10,79 St & 37 Ave,2023,5118,2524,2594,5118,40.74937,-73.88714,5,274,5353.6537710042985,1,yearly
nyc,6371.03,42 Ave & 108 St,2023,545,264,281,545,40.74944,-73.85792,4,204,37431.19266055046,1,yearly
nyc,6373.07,W 30 St & 8 Ave,2023,89458,44672,44786,89458,40.74965268529465,-73.99520784644098,12,257,287.285653602808,1,yearly
nyc,6374.05,71 St & 37 Ave,2023,2250,1131,1119,2250,40.7488,-73.89451,5,281,12488.888888888889,1,yearly
nyc,6379.03,1 Ave & E 44 St,2023,64400,32211,32189,64400,40.75001986035742,-73.96905300997447,12,240,372.67080745341616,1,yearly
nyc,6380.1,39 Ave & 99 St,2023,55,55,0,55,40.74962,-73.86677,2,261,474545.45454545453,1,yearly
nyc,6380.10,39 Ave & 99 St,2023,734,331,403,734,40.74962,-73.86677,3,261,35558.583106267026,1,yearly
nyc,6382.05,W 26 St & 10 Ave,2023,96879,47975,48904,96879,40.749717753534796,-74.00295034525085,12,176,181.66991814531528,1,yearly
nyc,6383.02,60 St & 37 Ave,2023,2185,1089,1096,2185,40.74958,-73.90256,10,149,6819.221967963386,1,yearly
nyc,6383.06,60 St & 37 Ave,2023,746,370,376,746,40.74952,-73.90265,3,149,19973.19034852547,1,yearly
nyc,6389.09,E 39 St & Lexington Ave,2023,116169,59185,56984,116169,40.7494985469985,-73.97729203106483,12,372,320.22312320842906,1,yearly
nyc,6390.05,93 St & Roosevelt Ave,2023,1054,561,493,1054,40.74888,-73.87368,5,271,25711.574952561674,1,yearly
nyc,6392.02,39 Ave & 54 St,2023,3128,1553,1575,3128,40.74891,-73.90899,12,81,2589.5140664961637,1,yearly
nyc,6395.01,21 St & 43 Ave,2023,16758,8385,8373,16758,40.75052533959751,-73.94594844946728,12,117,698.1740064446832,1,yearly
nyc,6398.06,W 37 St & 5 Ave,2023,85624,43185,42439,85624,40.750380089715264,-73.98338988037965,12,315,367.88750817527796,1,yearly
nyc,6398.08,E 35 St & Madison Ave,2023,62450,32717,29733,62450,40.74848023394757,-73.98255586654848,12,307,491.5932746196958,1,yearly
nyc,6399.06,86 St & 37 Ave,2023,3515,1845,1670,3515,40.75,-73.88062,5,242,6884.779516358463,1,yearly
nyc,6401.01,43 St & 37 Ave,2023,3880,1990,1890,3880,40.750181,-73.919998,12,82,2113.40206185567,1,yearly
nyc,6401.03,39 Ave & 45 St,2023,8490,4249,4241,8490,40.74947822164381,-73.918264657554,12,69,812.7208480565371,1,yearly
nyc,6405.03,43 Ave & 111 St,2023,482,231,251,482,40.74955,-73.85464,3,178,36929.46058091286,1,yearly
nyc,6408.08,75 St & 35 Ave,2023,2247,1152,1095,2247,40.75091,-73.89111,3,242,10769.915442812639,1,yearly
nyc,6414.07,Roosevelt Ave & 104 St,2023,1202,591,611,1202,40.74984,-73.86156,3,213,17720.46589018303,1,yearly
nyc,6416.06,W 29 St & 9 Ave,2023,106020,52866,53154,106020,40.75007270035905,-73.99839279025133,12,236,222.59950952650442,1,yearly
nyc,6417.04,65 St & 35 Ave,2023,5696,2838,2858,5696,40.75053,-73.8977,12,226,3967.696629213483,1,yearly
nyc,6417.11,65 St & Broadway,2023,6407,3206,3201,6407,40.749372273746175,-73.89738768356892,12,229,3574.2157015764005,1,yearly
nyc,6422.08,E 43 St & 2 Ave,2023,53766,28047,25719,53766,40.750223920142346,-73.9712141397509,12,319,593.3117583603021,1,yearly
nyc,6422.09,E 44 St & 2 Ave,2023,52923,27683,25240,52923,40.751183874803466,-73.97138714770206,12,323,610.320654535835,1,yearly
nyc,6423.03,99 St & 38 Ave,2023,1241,613,628,1241,40.75055,-73.86725,5,253,20386.784850926673,1,yearly
nyc,6425.04,11 Ave & W 27 St,2023,140206,70030,70176,140206,40.751396,-74.005226,12,140,99.85307333495001,1,yearly
nyc,6426.05,57 St & 37 Ave,2023,2127,1051,1076,2127,40.75048,-73.90513,12,88,4137.282557592854,1,yearly
nyc,6429.01,Queens Plaza North & Crescent St,2023,91922,45799,46123,91922,40.75110165080303,-73.94073716960996,12,207,225.19092273884382,1,yearly
nyc,6432.1,E 41 St & Madison Ave (SE corner),2023,59446,29449,29997,59446,40.752049,-73.979635,12,307,516.4350839417286,1,yearly
nyc,6432.10,E 41 St & Madison Ave (SE corner),2023,87624,45508,42116,87624,40.752049,-73.979635,12,307,350.36063179037706,1,yearly
nyc,6432.10_Pillar,Pillar E 41 St & Madison Ave (SE Corner),2023,208,104,104,208,40.7521,-73.97968,2,311,149519.23076923078,1,yearly
nyc,6432.11,E 40 St & Park Ave,2023,129614,64955,64659,129614,40.750756,-73.978326,9,308,237.62865122594783,1,yearly
nyc,6433.01,92 St & 37 Ave,2023,1324,677,647,1324,40.75085,-73.87509,5,235,17749.244712990934,1,yearly
nyc,6435.02,48 St & 37 Ave,2023,16227,8076,8151,16227,40.751555,-73.915026,12,99,610.0942872989461,1,yearly
nyc,6435.03,50 St & Barnett Ave,2023,10894,5478,5416,10894,40.750097682119446,-73.91349703073264,12,92,844.501560492014,1,yearly
nyc,6438.04,11 St & 43 Ave,2023,6075,3013,3062,6075,40.75190709955247,-73.94791190044752,9,75,1234.567901234568,1,yearly
nyc,6441.01,Broadway & W 36 St,2023,73295,38196,35099,73295,40.75097710971729,-73.98765427928039,12,332,452.96404938945363,1,yearly
nyc,6441.02,Broadway & W 37 St,2023,39206,22035,17171,39206,40.75172631804147,-73.98753522859231,12,359,915.6761720144875,1,yearly
nyc,6441.06,W 37 St & Broadway,2023,41653,21668,19985,41653,40.7522709385882,-73.98770570856611,12,379,909.8984466905146,1,yearly
nyc,6442.08,81 St & 35 Ave,2023,6779,3638,3141,6779,40.75179,-73.88568,5,179,2640.507449476324,1,yearly
nyc,6448.07,111 St & Roosevelt Ave,2023,1058,524,534,1058,40.75147,-73.8557,4,203,19187.145557655953,1,yearly
nyc,6450.05,8 Ave & W 31 St,2023,172697,86316,86381,172697,40.750585346209085,-73.99468481583895,12,291,168.50321661638594,1,yearly
nyc,6450.12,8 Ave & W 33 St,2023,171879,85196,86683,171879,40.751551,-73.993934,12,334,194.32275030690195,1,yearly
nyc,6451.07,34 Ave & 74 St,2023,9437,4701,4736,9437,40.75297,-73.89236,5,157,1663.664300095369,1,yearly
nyc,6453.02,34 St & 38 Ave,2023,13725,6908,6817,13725,40.752443,-73.929737,12,183,1333.3333333333335,1,yearly
nyc,6457.06,104 St & 38 Ave,2023,1819,901,918,1819,40.75138,-73.86242,5,201,11050.027487630567,1,yearly
nyc,6459.04,10 Ave & W 28 St,2023,144506,72596,71910,144506,40.7506638601774,-74.00176801997465,12,187,129.40639143011364,1,yearly
nyc,6459.07,W 30 St & 10 Ave,2023,170328,85240,85088,170328,40.752694,-74.002353,12,206,120.94312150673994,1,yearly
nyc,6460.06,62 St & 34 Ave,2023,4897,2423,2474,4897,40.75201,-73.89986,12,186,3798.243822748622,1,yearly
nyc,6462.05,40 Ave & Crescent St,2023,15296,7639,7657,15296,40.75359920178935,-73.9379560946404,12,200,1307.531380753138,1,yearly
nyc,6462.19,28 St & 41 Ave,2023,37142,18578,18564,37142,40.751047,-73.93797,11,209,562.7052931990738,1,yearly
nyc,6464.08,E 45 St & 3 Ave,2023,50803,25451,25352,50803,40.75255433952808,-73.972826249653,12,300,590.5163080920418,1,yearly
nyc,6464.09,E 44 St & Lexington Ave,2023,134664,67335,67329,134664,40.752643,-73.974996,12,296,219.80633279866925,1,yearly
nyc,6465.04,95 St & 35 Ave,2023,1137,573,564,1137,40.75301,-73.87266,4,228,20052.770448548814,1,yearly
nyc,6468.01,54 St & 37 Ave,2023,2665,1336,1329,2665,40.75098,-73.90799,12,101,3789.868667917448,1,yearly
nyc,6471.02,21 St & Queens Plaza North,2023,24536,12244,12292,24536,40.75325964054733,-73.94335788018243,12,128,521.68242582328,1,yearly
nyc,6474.02,W 40 St & 5 Ave,2023,18957,9503,9454,18957,40.752269,-73.982079,4,303,1598.3541699636019,1,yearly
nyc,6474.11,E 40 St & 5 Ave,2023,75540,38514,37026,75540,40.752056385864556,-73.98163237163388,10,311,411.7024093195658,1,yearly
nyc,6474.12,E 41 St & Madison Ave (SW corner),2023,3832,1923,1909,3832,40.752165279196284,-73.97992193881964,1,310,8089.770354906055,1,yearly
nyc,6475.07,86 St & 35 Ave,2023,4422,2266,2156,4422,40.7523,-73.88093,5,205,4635.911352329263,1,yearly
nyc,6483.06,W 36 St & 7 Ave,2023,50028,24948,25080,50028,40.75214418073082,-73.98953716770767,11,391,781.5623250979452,1,yearly
nyc,6486.07,38 St & Northern Blvd,2023,8660,4328,4332,8660,40.752372,-73.925384,12,153,1766.7436489607392,1,yearly
nyc,6490.02,108 St & 39 Ave,2023,1540,762,778,1540,40.75165,-73.85915,5,199,12922.07792207792,1,yearly
nyc,6492.04,W 33 St & 10 Ave,2023,91303,45571,45732,91303,40.753773366919695,-73.99937599897785,11,249,272.71831155602774,1,yearly
nyc,6493.03,34 Ave & 71 St,2023,5414,2697,2717,5414,40.75257,-73.89538,5,206,3804.950129294422,1,yearly
nyc,6495.17,31 St & Northern Blvd,2023,20747,10420,10327,20747,40.751869514435754,-73.93349289898617,12,235,1132.6938834530295,1,yearly
nyc,6498.09,E 47 St & 1 Ave,2023,55725,27828,27897,55725,40.75206862048265,-73.96784384020322,12,220,394.7958725886047,1,yearly
nyc,6498.1,E 47 St & 2 Ave,2023,22342,20058,2284,22342,40.75323132851601,-73.97032551052158,11,280,1253.2450093993375,1,yearly
nyc,6498.10,E 47 St & 2 Ave,2023,69805,26686,43119,69805,40.75323098001483,-73.97032516987395,12,280,401.1173984671585,1,yearly
nyc,6499.06,100 St & 37 Ave,2023,827,410,417,827,40.75243,-73.86717,5,211,25513.90568319226,1,yearly
nyc,6502.01,55 St & Northern Blvd,2023,6058,3027,3031,6058,40.75326,-73.90585,12,120,1980.8517662594913,1,yearly
nyc,6505.09,24 St & 41 Ave,2023,22463,11340,11123,22463,40.752474,-73.939991,12,220,979.3883274718427,1,yearly
nyc,6509.07,92 St & 35 Ave,2023,4001,2108,1893,4001,40.7529,-73.87536,5,222,5548.612846788303,1,yearly
nyc,6511.03,50 St & Northern Blvd,2023,10686,5313,5373,10686,40.753441,-73.912402,12,119,1113.606588059143,1,yearly
nyc,6514.03,Vernon Blvd & Queens Plaza S,2023,2847,1405,1442,2847,40.75408220463288,-73.94942254169112,5,52,1826.4840182648402,1,yearly
nyc,6514.08,Vernon Blvd & 41 Rd,2023,9963,4978,4985,9963,40.75524329845741,-73.9485678010284,8,50,501.85687042055605,1,yearly
nyc,6517.08,W 42 St & 6 Ave,2023,138378,69091,69287,138378,40.75492,-73.98455,12,379,273.8874676610444,1,yearly
nyc,6518.08,34 Ave & 83 St,2023,6285,3179,3106,6285,40.75375,-73.88423,4,171,2720.763723150358,1,yearly
nyc,6520.06,43 St & 35 Ave,2023,8170,4058,4112,8170,40.754139,-73.919543,12,138,1689.1064871481026,1,yearly
nyc,6520.07,42 Pl & Northern Blvd,2023,11226,5621,5605,11226,40.753091,-73.920603,12,119,1060.0391947265277,1,yearly
nyc,6524.01,114 St & 39 Ave,2023,926,442,484,926,40.7532,-73.853,4,121,13066.954643628509,1,yearly
nyc,6524.09,37 Ave & 113 St,2023,628,299,329,628,40.75475,-73.8549,4,186,29617.834394904457,1,yearly
nyc,6526.01,W 35 St & 8 Ave,2023,72213,37664,34549,72213,40.75276208837338,-73.99280458876659,12,362,501.2947807181533,1,yearly
nyc,6526.05,8 Ave & W 38 St,2023,136037,67939,68098,136037,40.75461029682199,-73.99176943151609,11,407,299.1833104228997,1,yearly
nyc,6527.07,75 St & Northern Blvd,2023,790,395,395,790,40.75473,-73.8918,3,137,17341.772151898735,1,yearly
nyc,6529.02,37 Ave & 35 St,2023,11523,5796,5727,11523,40.75311060027169,-73.92799170020378,12,179,1553.414909311811,1,yearly
nyc,6532.06,E 51 St & 1 Ave,2023,66969,33355,33614,66969,40.75455730967416,-73.96592976025225,12,214,319.5508369544117,1,yearly
nyc,6533.02,37 Ave & 106 St,2023,642,319,323,642,40.75397,-73.862,4,221,34423.67601246106,1,yearly
nyc,6535.04,W 34 St & Hudson Blvd E,2023,147076,73274,73802,147076,40.755167190140995,-74.00059908602206,12,237,161.14117871032664,1,yearly
nyc,6536.02,62 St & Northern Blvd,2023,7665,3828,3837,7665,40.754176,-73.900318,12,148,1930.8545335942597,1,yearly
nyc,6538.11,38 Ave & 29 St,2023,18823,9390,9433,18823,40.75473,-73.93367,12,211,1120.9690272538915,1,yearly
nyc,6541.03,E 48 St & 3 Ave,2023,72398,36341,36057,72398,40.75460110240553,-73.97187885527482,12,277,382.60725434404264,1,yearly
nyc,6542.05,99 St & 35 Ave,2023,1142,565,577,1142,40.75404,-73.86887,5,198,17338.00350262697,1,yearly
nyc,6545.07,Broadway & 51 St,2023,10903,5427,5476,10903,40.754164,-73.908906,12,134,1229.0195359075483,1,yearly
nyc,6551.02,W 44 St & 5 Ave,2023,101576,50665,50911,101576,40.75500254133234,-73.98014436892834,12,280,275.65566669291957,1,yearly
nyc,6551.11,E 43 St & Madison Ave,2023,105096,52873,52223,105096,40.753546819286655,-73.97896573039391,12,276,262.61703585293446,1,yearly
nyc,6552.07,34 Ave & 89 St,2023,2755,1372,1383,2755,40.75437,-73.87833,3,208,7549.909255898367,1,yearly
nyc,6554.05,34 Ave & 48 St,2023,13707,6851,6856,13707,40.75388,-73.914952,12,111,809.8052090172904,1,yearly
nyc,6560.01,Broadway & W 41 St,2023,133483,67051,66432,133483,40.75513557117121,-73.98658031912841,12,445,333.37578568057353,1,yearly
nyc,6560.14,W 40 St & 7 Ave,2023,39376,19940,19436,39376,40.754818,-73.988154,10,441,1119.9715562779359,1,yearly
nyc,6560.15,Broadway & W 38 St,2023,108065,54015,54050,108065,40.75297241413917,-73.98734915445249,12,380,351.64021653634387,1,yearly
nyc,6561.01,81 St & 34 Ave,2023,8666,4329,4337,8666,40.75374,-73.88604,5,159,1834.756519732287,1,yearly
nyc,6563.12,35 Ave & 37 St,2023,26406,13187,13219,26406,40.755732700214764,-73.92366109992842,12,164,621.0709687192305,1,yearly
nyc,6566.01,Southpoint Park,2023,17871,8934,8937,17871,40.75370224766596,-73.95865201900013,12,41,229.42196855240334,1,yearly
nyc,6567.03,111 St & 37 Ave,2023,1034,507,527,1034,40.75397,-73.85748,4,215,20793.03675048356,1,yearly
nyc,6569.07,W 36 St & 9 Ave,2023,67800,34111,33689,67800,40.75462323958473,-73.99516761416696,12,379,558.9970501474926,1,yearly
nyc,6569.08,W 35 St & Dyer Ave,2023,41944,21249,20695,41944,40.754691750701916,-73.99740189334248,12,332,791.5315658973869,1,yearly
nyc,6569.09,W 35 St & 9 Ave,2023,71953,35999,35954,71953,40.75414519221894,-73.99608895193019,12,343,476.7000681000097,1,yearly
nyc,6570.06,72 St & Northern Blvd,2023,3188,1585,1603,3188,40.75473,-73.89458,5,157,4924.717691342535,1,yearly
nyc,6572.08,36 Ave & 31 St,2023,34510,17242,17268,34510,40.75651272992901,-73.92957486216308,12,147,425.96348884381337,1,yearly
nyc,6575.03,E 51 St & 2 Ave,2023,69525,35163,34362,69525,40.755293,-73.967641,12,244,350.952894642215,1,yearly
nyc,6576.07,102 St & 34 Ave,2023,472,231,241,472,40.75584,-73.86621,3,185,39194.91525423729,1,yearly
nyc,6578.01,W 34 St & 11 Ave,2023,98057,49120,48937,98057,40.75594159271247,-74.00211629801527,12,197,200.90355609492437,1,yearly
nyc,6579.03,58 St & 32 Ave,2023,3654,1803,1851,3654,40.75574,-73.903427,11,134,3667.2140120415984,1,yearly
nyc,6581.14,24 St & 38 Ave,2023,12792,6392,6400,12792,40.756351,-73.936515,12,144,1125.703564727955,1,yearly
nyc,6584.12,E 47 St & Park Ave,2023,123929,61402,62527,123929,40.75510267027697,-73.97498696003358,12,260,209.79754536871917,1,yearly
nyc,6585.11,34 Ave & Junction Blvd,2023,2100,1051,1049,2100,40.75502,-73.87285,4,201,9571.42857142857,1,yearly
nyc,6587.04,Broadway & 49 St,2023,7396,3712,3684,7396,40.755389,-73.911517,12,138,1865.8734451054625,1,yearly
nyc,6593.14,W 43 St & 6 Ave,2023,42375,21750,20625,42375,40.755273069923504,-73.98316935960659,9,358,844.8377581120944,1,yearly
nyc,6593.15,6 Ave & W 45 St,2023,119843,59795,60048,119843,40.756951,-73.982631,12,353,294.55203891758384,1,yearly
nyc,6594.02,85 St & Northern Blvd,2023,2993,1491,1502,2993,40.75601,-73.88266,5,167,5579.68593384564,1,yearly
nyc,6596.1,34 Ave & 45 St,2023,2940,2752,188,2940,40.754795,-73.917014,11,148,5034.013605442176,1,yearly
nyc,6596.10,34 Ave & 45 St,2023,9944,3650,6294,9944,40.754795,-73.917014,12,148,1488.3346741753821,1,yearly
nyc,6599.01,Roosevelt Island Tramway,2023,41609,20667,20942,41609,40.757284,-73.9536,12,37,88.92306952822706,1,yearly
nyc,6602.03,W 41 St & 8 Ave,2023,187629,93950,93679,187629,40.756405485262036,-73.9900262045842,12,461,245.6976266994974,1,yearly
nyc,6602.03_Pillar,Pillar W 41 St & 8 Ave,2023,74,36,38,74,40.75641,-73.99003000000002,2,461,622972.972972973,1,yearly
nyc,6602.05,W 42 St & 8 Ave,2023,107676,53665,54011,107676,40.757569900183164,-73.99098506987178,12,492,456.9263345592332,1,yearly
nyc,6603.06,32 Ave & 77 St,2023,1838,903,935,1838,40.75726999999999,-73.89024,5,115,6256.800870511425,1,yearly
nyc,6603.07,78 St & Northern Blvd,2023,736,360,376,736,40.75499,-73.88905,2,131,17798.913043478264,1,yearly
nyc,6605.08,34 St & 35 Ave,2023,20011,9976,10035,20011,40.75693319990258,-73.92622309995129,12,135,674.6289540752585,1,yearly
nyc,6608.09,E 54 St & 1 Ave,2023,77245,38724,38521,77245,40.756265,-73.964179,12,254,328.8238720952812,1,yearly
nyc,6609.03,34 Ave & 108 St,2023,761,379,382,761,40.75614,-73.86084,4,219,28777.923784494087,1,yearly
nyc,6611.02,W 37 St & 10 Ave,2023,119982,60165,59817,119982,40.75660359038835,-73.99790090009472,12,341,284.2092980613759,1,yearly
nyc,6611.07,Hudson Blvd W & W 36 St,2023,37721,18826,18895,37721,40.75676475130698,-73.99971440368175,12,297,787.359826091567,1,yearly
nyc,6612.09,71 St & 32 Ave,2023,4032,2007,2025,4032,40.75675,-73.89595,5,145,3596.2301587301586,1,yearly
nyc,6614.01,28 St & 36 Ave,2023,21622,10811,10811,21622,40.757186,-73.932719,12,151,698.3627786513736,1,yearly
nyc,6617.02,E 53 St & 3 Ave,2023,74922,37511,37411,74922,40.75763227698823,-73.96930575406854,12,286,381.730332879528,1,yearly
nyc,6617.09,E 53 St & Lexington Ave,2023,94319,47855,46464,94319,40.75828065023959,-73.97069430978779,12,251,266.11817343271235,1,yearly
nyc,6618.02,100 St & Northern Blvd,2023,1185,593,592,1185,40.75748,-73.86843,5,204,17215.189873417723,1,yearly
nyc,6621.06,31 Ave & 57 St,2023,6433,3201,3232,6433,40.757357,-73.904726,12,116,1803.2022384579511,1,yearly
nyc,6626.01,E 48 St & 5 Ave,2023,97758,49183,48575,97758,40.757245680020205,-73.97805914242608,12,239,244.4812700750834,1,yearly
nyc,6626.11,W 48 St &  Rockefeller Plaza,2023,59312,29703,29609,59312,40.75776935315924,-73.97929429895866,12,270,455.21985432964664,1,yearly
nyc,6627.12,93 St & Northern Blvd,2023,2083,1050,1033,2083,40.7564,-73.87504,4,206,9889.582333173308,1,yearly
nyc,6629.06,48 St & Broadway,2023,23631,11832,11799,23631,40.755763,-73.912715,12,150,634.7594261774788,1,yearly
nyc,6636.04,32 Ave & 84 St,2023,1569,788,781,1569,40.75793,-73.88401,5,166,10579.987253027406,1,yearly
nyc,6638.01,34 Ave & 38 St,2023,34146,17054,17092,34146,40.756913,-73.921631,12,163,477.3619164763076,1,yearly
nyc,6642.08,34 Ave & 113 St,2023,604,293,311,604,40.75696,-73.85612,4,192,31788.079470198678,1,yearly
nyc,6644.07,W 42 St & Dyer Ave,2023,82105,41090,41015,82105,40.758984814416316,-73.99379968713988,12,424,516.4119115766397,1,yearly
nyc,6644.08,9 Ave & W 39 St,2023,110835,55239,55596,110835,40.756403524606505,-73.99410143372897,12,426,384.3551224793612,1,yearly
nyc,6645.06,32 Ave & 75 St,2023,2381,1183,1198,2381,40.75704,-73.8924,5,115,4829.9034019319615,1,yearly
nyc,6650.07,E 55 St & 2 Ave,2023,94893,47353,47540,94893,40.75797321977213,-73.96603307991714,12,312,328.7913755493029,1,yearly
nyc,6651.01,104 St & Northern Blvd,2023,1291,639,652,1291,40.75755,-73.86454,5,185,14329.976762199845,1,yearly
nyc,6654.05,31 Ave & 61 St,2023,6838,3401,3437,6838,40.757525,-73.901614,12,116,1696.4024568587306,1,yearly
nyc,6656.05,21 St & 38 Ave,2023,6128,3075,3053,6128,40.75763139976491,-73.93912239976491,12,137,2235.6396866840732,1,yearly
nyc,6659.01,E 51 St & Lexington Ave,2023,61603,31796,29807,61603,40.757147580465656,-73.97207835960087,12,242,392.8380111358213,1,yearly
nyc,6659.03,E 53 St & Madison Ave,2023,63275,31736,31539,63275,40.7597108003096,-73.97402310982973,12,243,384.03792967206635,1,yearly
nyc,6659.09,Madison Av & E 51 St,2023,47445,23852,23593,47445,40.75863,-73.97513,10,254,535.3567288439245,1,yearly
nyc,6659.09,Madison Ave & E 51 St,2023,12787,6392,6395,12787,40.75863,-73.97513,3,254,1986.3924298115273,1,yearly
nyc,6659.1,E 50 St & Park Ave,2023,13282,9574,3708,13282,40.757334,-73.974235,12,232,1746.7248908296942,1,yearly
nyc,6659.10,E 50 St & Park Ave,2023,27341,10736,16605,27341,40.757334,-73.974235,12,232,848.5424819867598,1,yearly
nyc,6660.05,99 St & 32 Ave,2023,788,389,399,788,40.75896,-73.86976,5,186,23604.060913705584,1,yearly
nyc,6660.07,96 St & Northern Blvd,2023,1139,570,569,1139,40.75712,-73.8722,5,198,17383.669885864794,1,yearly
nyc,6662.01,49 St & 31 Ave,2023,13519,6737,6782,13519,40.758057,-73.909831,12,92,680.5237073748059,1,yearly
nyc,6662.09,51 St & Hobart St,2023,10275,5109,5166,10275,40.75767234020144,-73.90769943588658,12,93,905.1094890510949,1,yearly
nyc,6664.05,40 Ave & 9 St,2023,13021,6488,6533,13021,40.75742,-73.945133,12,90,691.1911527532448,1,yearly
nyc,6667.04,W 47 St & 6 Ave,2023,68368,34429,33939,68368,40.758397,-73.98255,12,366,535.3381699040486,1,yearly
nyc,6668.06,90 St & 32 Ave,2023,2897,1442,1455,2897,40.75836,-73.87824,5,175,6040.731791508458,1,yearly
nyc,6670.03,43 St & Broadway,2023,19097,9604,9493,19097,40.75772839963406,-73.91663680018297,12,159,832.5915065193486,1,yearly
nyc,6676.02,W 45 St & 8 Ave,2023,121093,60605,60488,121093,40.75929123898569,-73.98859651207088,12,425,350.9699156846391,1,yearly
nyc,6677.03,32 Ave & 81 St,2023,2776,1396,1380,2776,40.75763,-73.88682,5,152,5475.504322766571,1,yearly
nyc,6679.11,35 St & 34 Ave,2023,17156,8598,8558,17156,40.758058299985926,-73.92427509999531,12,163,950.1049195616694,1,yearly
nyc,6682.03,E 58 St & 1 Ave (NE Corner),2023,46820,23448,23372,46820,40.75892386402935,-73.96226227232926,12,376,803.0756087142247,1,yearly
nyc,6682.08,E 60 St & York Ave,2023,30821,15375,15446,30821,40.759107,-73.959223,12,283,918.2051198857921,1,yearly
nyc,6683.01,112 St & Northern Blvd,2023,867,431,436,867,40.75788,-73.85763,4,204,23529.41176470588,1,yearly
nyc,6688.01,Crescent St & 35 Ave,2023,18506,9259,9247,18506,40.759627600355266,-73.9321455004441,12,131,707.8785258834972,1,yearly
nyc,6691.11,E 56 St & 3 Ave,2023,76809,38660,38149,76809,40.75934500999198,-73.96759673021641,12,329,428.33522113294015,1,yearly
nyc,6692.03,104 St & 32 Ave,2023,311,152,159,311,40.75951,-73.86491,3,171,54983.922829581985,1,yearly
nyc,6700.01,W 52 St & 5 Ave,2023,38957,19895,19062,38957,40.75992262114949,-73.97648515951599,7,242,621.1977308314296,1,yearly
nyc,6700.14,W 51 St & Rockefeller Plaza,2023,54326,27035,27291,54326,40.75973805233749,-73.97811613930656,12,246,452.8218532562677,1,yearly
nyc,6701.05,Jackson Mill Rd & 93 St,2023,1390,689,701,1390,40.75874,-73.87535,4,191,13741.007194244603,1,yearly
nyc,6703.06,46 St & 30 Rd,2023,7420,3772,3648,7420,40.76072,-73.910989,11,126,1698.1132075471698,1,yearly
nyc,6708.04,Broadway & W 48 St,2023,115919,58365,57554,115919,40.76017739288214,-73.98486793085154,12,371,320.0510701438073,1,yearly
nyc,6709.01,31 Ave & 84 St,2023,556,274,282,556,40.75947,-73.88431,3,154,27697.841726618706,1,yearly
nyc,6709.05,31 Ave & 86 St,2023,1662,822,840,1662,40.75958,-73.88219,5,157,9446.450060168472,1,yearly
nyc,6711.13,Steinway St & Broadway,2023,53101,26584,26517,53101,40.759057954200664,-73.91897544250489,12,163,306.96220410161766,1,yearly
nyc,6717.06,9 Ave & W 45 St,2023,125764,62626,63138,125764,40.760192520874284,-73.99125509981786,12,405,322.03174199293915,1,yearly
nyc,6718.02,77 St & 31 Ave,2023,3904,1939,1965,3904,40.75886,-73.89081,5,102,2612.704918032787,1,yearly
nyc,6720.07,34 Ave & 31 St,2023,20665,10307,10358,20665,40.759604471280404,-73.92714411017765,12,156,754.8995886765061,1,yearly
nyc,6723.1,E 58 St & 1 Ave (NW Corner),2023,25359,16468,8891,25359,40.759125,-73.962658,11,377,1486.6516818486534,1,yearly
nyc,6723.10,E 58 St & 1 Ave (NW Corner),2023,44629,18521,26108,44629,40.759125,-73.962658,12,377,844.7422079813574,1,yearly
nyc,6724.01,107 St & 32 Ave,2023,879,440,439,879,40.75996,-73.86224,4,202,22980.659840728098,1,yearly
nyc,6726.01,11 Ave & W 41 St,2023,214372,107199,107173,214372,40.760300960039444,-73.99884221978307,12,284,132.4799880581419,1,yearly
nyc,6727.02,30 Ave & 70 St,2023,1141,560,581,1141,40.76013,-73.89741,3,75,6573.181419807186,1,yearly
nyc,6729.02,21 St & 36 Ave,2023,11779,5887,5892,11779,40.76018529980354,-73.93627260026194,12,117,993.2931488241786,1,yearly
nyc,6732.01,E 56 St & Madison Ave,2023,69671,34762,34909,69671,40.761573,-73.972628,12,272,390.4063383617287,1,yearly
nyc,6733.01,99 St & Astoria Blvd,2023,1186,581,605,1186,40.76196,-73.87042,5,128,10792.580101180438,1,yearly
nyc,6735.03,50 St & 30 Ave,2023,10557,5281,5276,10557,40.760083,-73.907107,12,87,824.0977550440466,1,yearly
nyc,6737.03,36 Ave & 10 St,2023,15900,7916,7984,15900,40.761437601121834,-73.94112650140228,12,92,578.6163522012579,1,yearly
nyc,6740.01,W 52 St & 6 Ave,2023,73206,36866,36340,73206,40.761329831690254,-73.97982001301209,12,281,383.84831844384337,1,yearly
nyc,6740.1,W 51 St & 6 Ave,2023,31055,22825,8230,31055,40.76065970098886,-73.98042046845077,11,282,908.0663339236837,1,yearly
nyc,6740.10,W 51 St & 6 Ave,2023,60788,23191,37597,60788,40.760659700945496,-73.98042046851872,12,282,463.90735013489507,1,yearly
nyc,6741.03,91 St & 31 Ave,2023,1251,615,636,1251,40.76022,-73.87774,4,161,12869.70423661071,1,yearly
nyc,6743.06,Newton Rd & 44 St,2023,14810,7403,7407,14810,40.75957009997261,-73.91426780005479,12,166,1120.8642808912896,1,yearly
nyc,6747.06,W 49 St & 8 Ave,2023,88716,48457,40259,88716,40.76227204998591,-73.9878820499859,11,342,385.49979710536996,1,yearly
nyc,6747.07,8 Ave & W 49 St,2023,155729,79659,76070,155729,40.7617122780699,-73.98655101650759,12,341,218.97013401485916,1,yearly
nyc,6748.04,82 St & 30 Ave,2023,2094,1033,1061,2094,40.76109,-73.88632,5,125,5969.436485195798,1,yearly
nyc,6750.16,35 St & Broadway,2023,29134,14545,14589,29134,40.760339,-73.92224270007326,12,179,614.4024164206769,1,yearly
nyc,6753.08,1 Ave & E 62 St,2023,148470,74042,74428,148470,40.76122739964628,-73.96094021980545,12,383,257.9645719674008,1,yearly
nyc,6756.01,W 43 St & 10 Ave,2023,150795,75587,75208,150795,40.760094369378336,-73.99461842927752,12,343,227.4611227162704,1,yearly
nyc,6756.05,W 44 St & 11 Ave,2023,116508,58740,57768,116508,40.762009,-73.996975,12,305,261.78459848250765,1,yearly
nyc,6757.03,73 St & 25 Ave,2023,1568,778,790,1568,40.76205,-73.895,5,53,3380.1020408163267,1,yearly
nyc,6759.15,Crescent St & 34 Ave,2023,29853,14903,14950,29853,40.76108,-73.930562,12,144,482.363581549593,1,yearly
nyc,6762.02,E 58 St & 3 Ave,2023,114548,57309,57239,114548,40.76095756063055,-73.96724467047291,12,390,340.468624506757,1,yearly
nyc,6762.04,3 Ave & E 62 St,2023,73253,36609,36644,73253,40.76312584022749,-73.96526895007109,12,400,546.0527213902502,1,yearly
nyc,6763.08,31 Ave & 103 St,2023,660,330,330,660,40.76134,-73.86666,5,138,20909.090909090908,1,yearly
nyc,6765.01,12 Ave & W 40 St,2023,174436,87034,87402,174436,40.760875019838906,-74.00277668257749,12,136,77.96555756839184,1,yearly
nyc,6766.03,Bulova Ave & Brooklyn Queens Expressway W,2023,14287,7122,7165,14287,40.762507,-73.902534,12,59,412.96283334499896,1,yearly
nyc,6771.13,W 54 St & 6 Ave,2023,36744,18772,17972,36744,40.76157255633262,-73.97767381007141,10,256,696.7123884171565,1,yearly
nyc,6772.11,30 Ave & 96 St,2023,1218,596,622,1218,40.76086,-73.87308,5,172,14121.51067323481,1,yearly
nyc,6774.13,30 Ave & 47 St,2023,15104,7624,7480,15104,40.761294,-73.909562,12,98,648.8347457627119,1,yearly
nyc,6779.04,Broadway & W 51 St,2023,107806,53349,54457,107806,40.76228825915068,-73.98336183055534,12,325,301.4674507912361,1,yearly
nyc,6779.05,Broadway & W 53 St,2023,105074,56120,48954,105074,40.76344058120647,-73.98268128916696,12,331,315.0160839027733,1,yearly
nyc,6780.06,87 St & 30 Ave,2023,1010,495,515,1010,40.76156,-73.88167,4,111,10990.09900990099,1,yearly
nyc,6782.01,31 Ave & Steinway St,2023,33584,16829,16755,33584,40.76114880012451,-73.91700709993775,12,193,574.6784182944259,1,yearly
nyc,6786.02,W 47 St & 9 Ave,2023,96039,49207,46832,96039,40.76153045062629,-73.99007007463852,12,342,356.1053322087902,1,yearly
nyc,6787.02,30 Ave & 80 St,2023,907,450,457,907,40.76109,-73.88838,4,113,12458.654906284453,1,yearly
nyc,6789.04,31 St & Broadway,2023,50070,24970,25100,50070,40.761584,-73.925921,11,159,317.5554224086279,1,yearly
nyc,6793.01,Ditmars Blvd & 31 Dr,2023,68,28,40,68,40.76138,-73.86035,1,143,210294.11764705883,1,yearly
nyc,6795.01,W 46 St & 11 Ave,2023,80104,39872,40232,80104,40.76341379086639,-73.99667443818471,12,267,333.31668830520323,1,yearly
nyc,6798.01,34 Ave & 21 St,2023,12626,6309,6317,12626,40.7628138001678,-73.93428619983221,12,105,831.6172976397909,1,yearly
nyc,6801.01,E 59 St & Madison Ave,2023,77637,38839,38798,77637,40.76350531930304,-73.97109242906346,12,270,347.7723250511998,1,yearly
nyc,6804.01,49 St & 25 Ave,2023,5116,2891,2225,5116,40.764496,-73.904632,12,104,2032.8381548084442,1,yearly
nyc,6806.06,35 Ave & 10 St,2023,19605,9766,9839,19605,40.76315481917775,-73.93985509868396,12,79,402.958428972201,1,yearly
nyc,6809.07,W 56 St & 6 Ave,2023,95124,47445,47679,95124,40.763406129534395,-73.97722479075213,12,242,254.40477692275348,1,yearly
nyc,6809.09,W 55 St & 6 Ave,2023,87956,44291,43665,87956,40.763189,-73.978434,12,251,285.36995770612583,1,yearly
nyc,6810.01,92 St & Astoria Blvd,2023,1107,550,557,1107,40.76313,-73.8772,5,110,9936.76603432701,1,yearly
nyc,6812.06,30 Ave & 41 St,2023,27021,13539,13482,27021,40.763422,-73.914142,12,203,751.2675326597831,1,yearly
nyc,6814.01,Motorgate,2023,36360,18102,18258,36360,40.76390890078862,-73.94772129763412,12,85,233.77337733773376,1,yearly
nyc,6816.07,8 Ave & W 52 St,2023,105507,52672,52835,105507,40.763707389083166,-73.98516150117543,12,292,276.7588880358649,1,yearly
nyc,6817.15,25 Ave & 85 St,2023,1855,919,936,1855,40.76328,-73.88404,5,122,6576.819407008086,1,yearly
nyc,6819.15,31 Ave & 34 St,2023,37917,18927,18990,37917,40.763154,-73.920827,12,240,632.9614684706069,1,yearly
nyc,6822.09,1 Ave & E 68 St,2023,210328,104930,105398,210328,40.76500524992675,-73.95818491002638,12,295,140.25712220912098,1,yearly
nyc,6824.07,W 47 St & 10 Ave,2023,102720,51015,51705,102720,40.76269882019758,-73.99301221975851,12,304,295.9501557632399,1,yearly
nyc,6825.03,77 St & 24 Ave,2023,2000,987,1013,2000,40.76428,-73.89156,5,128,6400.0,1,yearly
nyc,6827.11,Crescent St & Broadway,2023,42116,21003,21113,42116,40.763358900041716,-73.9286470999583,12,137,325.2920505271156,1,yearly
nyc,6830.02,E 63 St & 3 Ave,2023,68578,35316,33262,68578,40.763954,-73.9646,12,372,542.4480153985243,1,yearly
nyc,6836.07,34 Ave & 13 St,2023,9041,4494,4547,9041,40.76387529932614,-73.93648480044924,12,95,1050.768720274306,1,yearly
nyc,6839.04,E 58 St & Madison Ave,2023,66166,34355,31811,66166,40.7630259429391,-73.97209525049551,12,268,405.0418644016564,1,yearly
nyc,6839.1,Grand Army Plaza & Central Park S,2023,52114,36965,15149,52114,40.76439709837343,-73.973714655693,12,218,418.3136968952681,1,yearly
nyc,6839.10,Grand Army Plaza & Central Park S,2023,99308,39137,60171,99308,40.76439709888703,-73.97371465389539,12,218,219.5190719780884,1,yearly
nyc,6840.02,98 St & 25 Ave,2023,947,474,473,947,40.76454,-73.87171,5,111,11721.224920802533,1,yearly
nyc,6842.02,46 St & 28 Ave,2023,7565,4055,3510,7565,40.763328,-73.908782,11,117,1546.59616655651,1,yearly
nyc,6847.02,Broadway & W 56 St,2023,110448,61876,48572,110448,40.765265398813575,-73.98192337887289,12,302,273.4318412284514,1,yearly
nyc,6847.05,7 Ave & W 55 St,2023,65984,34602,31382,65984,40.764126,-73.980973,10,289,437.9849660523763,1,yearly
nyc,6848.04,88 St & Astoria Blvd,2023,996,482,514,996,40.76424,-73.8812,5,108,10843.373493975903,1,yearly
nyc,6850.01,38 St & 30 Ave,2023,37709,18977,18732,37709,40.7641745203674,-73.91583994033063,12,214,567.503778938715,1,yearly
nyc,6854.05,W 50 St & 9 Ave,2023,65340,32719,32621,65340,40.763604678257714,-73.98917958179248,11,254,388.73584328129783,1,yearly
nyc,6855.02,81 St & 24 Ave,2023,1244,618,626,1244,40.76466,-73.88803,5,143,11495.176848874598,1,yearly
nyc,6857.09,31 Ave & 30 St,2023,24424,12168,12256,24424,40.7647,-73.92403119986108,11,182,745.1686865378317,1,yearly
nyc,6860.12,E 65 St & 2 Ave,2023,52020,26017,26003,52020,40.76471851997062,-73.96222069892572,12,328,630.5267204921184,1,yearly
nyc,6865.03,21 St & 31 Dr,2023,25579,12759,12820,25579,40.7659,-73.930819,12,94,367.4889557840416,1,yearly
nyc,6869.06,Butler St & 27 Ave,2023,637,308,329,637,40.76521,-73.86483,5,73,11459.968602825746,1,yearly
nyc,6869.1,Gillmore St & 27 Ave,2023,68,68,0,68,40.76399,-73.8669,4,105,154411.76470588235,1,yearly
nyc,6869.10,Gillmore St & 27 Ave,2023,947,441,506,947,40.76399,-73.8669,5,105,11087.645195353749,1,yearly
nyc,6873.01,34th Ave & Vernon Blvd,2023,22308,11093,11215,22308,40.765353804055486,-73.93986314520555,12,41,183.79056840595302,1,yearly
nyc,6876.04,Central Park S & 6 Ave,2023,164379,82217,82162,164379,40.76590935793831,-73.97634151280619,12,186,113.15313999963499,1,yearly
nyc,6877.05,Jackson Mill Rd & 24 Ave,2023,1040,523,517,1040,40.76619,-73.87561,5,102,9807.692307692307,1,yearly
nyc,6877.06,25 Ave & 96 St,2023,564,278,286,564,40.76447,-73.87369,4,121,21453.90070921986,1,yearly
nyc,6879.04,28 Ave & 44 St,2023,19715,10212,9503,19715,40.764089323447436,-73.91065120693219,12,173,877.5044382449911,1,yearly
nyc,6884.03,W 56 St & 8 Ave,2023,102575,51273,51302,102575,40.76595918134806,-73.98313522300755,12,283,275.8956860833536,1,yearly
nyc,6885.01,24 Ave & 87 St,2023,819,397,422,819,40.7654,-73.88256,5,118,14407.814407814407,1,yearly
nyc,6887.03,35 St & 30 Ave,2023,27745,13857,13888,27745,40.76547569266422,-73.918115794802,12,226,814.5611821949901,1,yearly
nyc,6889.12,E 72 St & York Ave,2023,122328,61118,61210,122328,40.76663813994768,-73.95348296001495,12,215,175.75698123078936,1,yearly
nyc,6890.01,W 53 St & 10 Ave,2023,86134,43121,43013,86134,40.766696710212535,-73.99061727979479,12,195,226.39143659878795,1,yearly
nyc,6890.06,W 50 St & 10 Ave,2023,89523,45367,44156,89523,40.76473419986012,-73.99194359820585,11,214,239.04471476603777,1,yearly
nyc,6893.1,31 Ave & Crescent St,2023,9779,6865,2914,9779,40.76583460001742,-73.92654739998258,12,151,1544.1251661724102,1,yearly
nyc,6893.10,31 Ave & Crescent St,2023,19079,7514,11565,19079,40.765834600103865,-73.92654739989614,12,151,791.4460925625033,1,yearly
nyc,6896.16,E 68 St & 3 Ave,2023,55632,27999,27633,55632,40.76712840319705,-73.96224617944789,12,227,408.03853897037675,1,yearly
nyc,6901.01,Broadway & 12 St,2023,17238,8581,8657,17238,40.7668,-73.93477739977843,12,92,533.7046061027961,1,yearly
nyc,6904.06,5 Ave & E 63 St,2023,71003,35534,35469,71003,40.766368,-73.971518,12,170,239.42650310550258,1,yearly
nyc,6905.02,100 St & Humphreys St,2023,584,287,297,584,40.76574,-73.87012,5,93,15924.657534246575,1,yearly
nyc,6907.03,46 St & 25 Ave,2023,8762,4551,4211,8762,40.765753,-73.90676,12,183,2088.5642547363614,1,yearly
nyc,6912.01,7 Ave & Central Park South,2023,176188,88810,87378,176188,40.76674056450806,-73.97906899458978,12,216,122.59631756986855,1,yearly
nyc,6912.01_Pillar,Pillar 7 Ave & Central Park S,2023,755,378,377,755,40.76674,-73.97907,2,216,28609.27152317881,1,yearly
nyc,6913.03,24 Ave & 92 St,2023,657,320,337,657,40.76589,-73.87789,5,110,16742.7701674277,1,yearly
nyc,6915.02,Steinway St & 28 Ave,2023,34475,17434,17041,34475,40.76562509996034,-73.91366950019831,12,261,757.070340826686,1,yearly
nyc,6920.03,W 54 St & 9 Ave,2023,108611,54794,53817,108611,40.765849409552494,-73.98690505993451,12,264,243.06930237268784,1,yearly
nyc,6921.04,23 Ave & 83 St,2023,987,494,493,987,40.76646,-73.88674,5,136,13779.128672745694,1,yearly
nyc,6923.2,31 St & Newtown Ave,2023,19775,14039,5736,19775,40.76754878001816,-73.92093345518522,11,206,1041.7193426042984,1,yearly
nyc,6923.20,31 St & Newtown Ave,2023,42733,17156,25577,42733,40.76754878007274,-73.92093345507229,12,206,482.06304261343695,1,yearly
nyc,6925.09,2 Ave & E 72 St,2023,104664,52120,52544,104664,40.768762029290606,-73.95840793852025,11,197,188.22135595811358,1,yearly
nyc,6926.01,W 52 St & 11 Ave,2023,70615,35320,35295,70615,40.76727215964296,-73.99392888026777,12,183,259.1517382992282,1,yearly
nyc,6927.03,Ditmars Blvd & 76 St,2023,3794,1896,1898,3794,40.768442,-73.893531,12,104,2741.1702688455457,1,yearly
nyc,6929.01,23 St & 31 Ave,2023,15760,7884,7876,15760,40.766639717263864,-73.92865955834768,10,104,659.8984771573604,1,yearly
nyc,6929.02,31 Rd & 21 St,2023,1361,693,668,1361,40.766824,-73.930486,3,102,7494.489346069066,1,yearly
nyc,6932.14,E 67 St & Park Ave,2023,43050,21887,21163,43050,40.767800801769376,-73.9659208062127,12,170,394.8896631823461,1,yearly
nyc,6932.15,E 68 St & Madison Ave,2023,44298,22897,21401,44298,40.76915719945186,-73.96703464098665,12,125,282.1797823829518,1,yearly
nyc,6935.01,Ditmars Blvd & 48 St,2023,5124,2564,2560,5124,40.769219,-73.901001,11,85,1658.8602654176425,1,yearly
nyc,6937.07,Vernon Blvd & 10 St,2023,23604,11718,11886,23604,40.76718629949082,-73.93735539932109,12,55,233.0113540077953,1,yearly
nyc,6941.03,97 St & 23 Ave,2023,803,402,401,803,40.7683,-73.87331,5,139,17310.08717310087,1,yearly
nyc,6943.07,25 Ave & 41 St,2023,25219,12699,12520,25219,40.767666,-73.910963,12,250,991.3160712161466,1,yearly
nyc,6948.1,Broadway & W 58 St,2023,64791,55138,9653,64791,40.7669531697593,-73.98169332953276,11,279,430.6153632448951,1,yearly
nyc,6948.10,Broadway & W 58 St,2023,163465,60584,102881,163465,40.76695316949559,-73.98169332902084,12,279,170.67873856788916,1,yearly
nyc,6949.03,91 St & 23 Ave,2023,227,107,120,227,40.76768,-73.87899,2,126,55506.60792951542,1,yearly
nyc,6949.03,92 St & 23 Ave,2023,15,12,3,15,40.76768,-73.87899,1,126,840000.0,1,yearly
nyc,6949.04,91 St & 23 Ave,2023,798,395,403,798,40.76769,-73.8791,4,122,15288.220551378445,1,yearly
nyc,6951.03,28 Ave & 35 St,2023,20755,10447,10308,20755,40.7671,-73.91698580002529,12,287,1382.7993254637436,1,yearly
nyc,6953.08,E 74 St & 1 Ave,2023,100150,50004,50146,100150,40.76897380010754,-73.95482273014518,12,252,251.62256615077382,1,yearly
nyc,6955.01,W 56 St & 10 Ave,2023,93681,47630,46051,93681,40.768254,-73.988639,12,184,196.41122532850844,1,yearly
nyc,6955.05,W 54 St & 11 Ave,2023,133929,67174,66755,133929,40.768333,-73.992573,12,175,130.66624853467135,1,yearly
nyc,6958.06,Crescent St & 30 Ave,2023,42484,21200,21284,42484,40.768692,-73.92495739975875,12,140,329.53582525185954,1,yearly
nyc,6960.1,3 Ave & E 71 St,2023,16755,10305,6450,16755,40.768736870224124,-73.96119944922418,11,197,1175.7684273351238,1,yearly
nyc,6960.10,3 Ave & E 71 St,2023,30135,13632,16503,30135,40.7687368701726,-73.9611994494025,11,197,653.7249045959848,1,yearly
nyc,6960.12,3 Ave & E 71 St,2023,5022,2508,2514,5022,40.76879,-73.9614,2,195,3882.915173237754,1,yearly
nyc,6964.05,Ditmars Blvd & 73 St,2023,3700,1825,1875,3700,40.76817,-73.896293,12,72,1945.9459459459458,1,yearly
nyc,6966.04,31 Ave & 14 St,2023,18289,9129,9160,18289,40.7682,-73.93226619990016,12,95,519.437913499918,1,yearly
nyc,6969.08,E 66 St & Madison Ave,2023,34894,17439,17455,34894,40.768008893618195,-73.96845281222734,12,130,372.5568865707572,1,yearly
nyc,6970.02,Ditmars Blvd & 102 St,2023,926,462,464,926,40.76894,-73.86832,5,56,6047.516198704104,1,yearly
nyc,6978.04,Ditmars Blvd & 94 St,2023,1844,921,923,1844,40.7702,-73.87587,5,115,6236.44251626898,1,yearly
nyc,6981.16,37 St & 24 Ave,2023,11656,5802,5854,11656,40.770147700159534,-73.91209380010635,12,233,1998.9704873026767,1,yearly
nyc,6989.07,31 St & Astoria Blvd,2023,28141,14070,14071,28141,40.76991760024825,-73.91840570018618,12,215,764.0098077538112,1,yearly
nyc,6991.12,E 75 St & 3 Ave,2023,58202,29093,29109,58202,40.77112926969725,-73.95772297003364,12,189,324.7311088966015,1,yearly
nyc,6994.06,Ditmars Blvd & 79 St,2023,9256,4608,4648,9256,40.768728,-73.890745,12,109,1177.6145203111494,1,yearly
nyc,6996.01,30 Ave & 21 St,2023,13927,6944,6983,13927,40.7703742998685,-73.92860780008766,12,112,804.1932936023552,1,yearly
nyc,6998.08,E 72 St & Park Ave,2023,78030,38928,39102,78030,40.77118287559456,-73.96409422125762,12,117,149.94232987312571,1,yearly
nyc,7003.06,Vernon Blvd & 31 Ave,2023,26813,13371,13442,26813,40.76924750049947,-73.93545039960041,12,60,223.77205087084624,1,yearly
nyc,7009.02,Steinway St & 23 Ave,2023,13883,6916,6967,13883,40.771393700035794,-73.90774360004772,12,157,1130.8794929049918,1,yearly
nyc,7009.06,43 St & 23 Ave,2023,7169,3637,3532,7169,40.769673,-73.906018,12,172,2399.218858976147,1,yearly
nyc,7014.12,Broadway & W 61 St,2023,145474,74173,71301,145474,40.770030102229306,-73.98196846101895,12,224,153.9794052545472,1,yearly
nyc,7018.01,31 St & Hoyt Ave N,2023,21310,10635,10675,21310,40.77115280018858,-73.91700739962285,12,210,985.4528390427029,1,yearly
nyc,7020.02,E 77 St & 1 Ave,2023,97544,48804,48740,97544,40.77095553886424,-73.9535620809391,10,217,222.46370868531125,1,yearly
nyc,7020.09,1 Ave & E 78 St,2023,27391,13665,13726,27391,40.77140425985066,-73.95351660022975,3,173,631.5943193019605,1,yearly
nyc,7023.04,W 59 St & 10 Ave,2023,109311,54952,54359,109311,40.770513,-73.988038,12,147,134.47868924444933,1,yearly
nyc,7023.09,Amsterdam Ave & W 60 St,2023,14285,7336,6949,14285,40.77114812219016,-73.98699113854883,3,173,1211.0605530276514,1,yearly
nyc,7026.08,Newtown Ave & 23 St,2023,30014,14978,15036,30014,40.77136150028367,-73.92461450028368,12,135,449.790097954288,1,yearly
nyc,7028.04,3 Ave & E 72 St,2023,31855,15988,15867,31855,40.76993393346477,-73.96061033766289,10,185,580.7565531313766,1,yearly
nyc,7032.02,76 St & 21 Ave,2023,5804,2857,2947,5804,40.77028,-73.893675,12,79,1361.130254996554,1,yearly
nyc,7032.06,Hazen St & 20 Ave,2023,5683,2811,2872,5683,40.772092,-73.895166,12,47,827.0279781805384,1,yearly
nyc,7034.09,30 Ave & 12 St,2023,10103,5050,5053,10103,40.77171710505737,-73.93159255449395,12,98,970.0089082450756,1,yearly
nyc,7039.03,Ditmars Blvd & 43 St,2023,17867,9069,8798,17867,40.771203,-73.903865,12,107,598.869424077909,1,yearly
nyc,7047.07,35 St & 23 Ave,2023,12921,6372,6549,12921,40.773015082884626,-73.91119033086567,12,163,1261.512266852411,1,yearly
nyc,7049.04,E 82 St & East End Ave,2023,47200,23595,23605,47200,40.77246070015506,-73.94682080010337,12,108,228.81355932203388,1,yearly
nyc,7052.01,W 63 St & Broadway,2023,90768,45427,45341,90768,40.771638510460214,-73.98261427973704,11,191,210.4265820553499,1,yearly
nyc,7057.07,E 78 St & 2 Ave,2023,53961,26974,26987,53961,40.7727966002986,-73.95577800999254,12,188,348.3997702044069,1,yearly
nyc,7059.01,11 Ave & W 59 St,2023,101404,50637,50767,101404,40.77149671114734,-73.99046033550803,12,159,156.7985483807345,1,yearly
nyc,7059.08,West End Ave & W 60 St,2023,147539,73685,73854,147539,40.77237,-73.99005,12,133,90.14565640271385,1,yearly
nyc,7060.02,21 Ave & 80 St,2023,3274,1629,1645,3274,40.770888,-73.889914,12,57,1740.989615149664,1,yearly
nyc,7062.07,18 St & 27 Ave,2023,23184,11588,11596,23184,40.77276828625047,-73.92743647092317,12,111,478.7784679089027,1,yearly
nyc,7066.01,20 Ave & 48 St,2023,6129,3037,3092,6129,40.772899,-73.896849,12,46,750.5302659487681,1,yearly
nyc,7068.07,8 St & Astoria Blvd,2023,12978,6444,6534,12978,40.77259969263221,-73.93266275560914,12,76,585.6064108491292,1,yearly
nyc,7074.01,Steinway St & Ditmars Blvd,2023,12348,6211,6137,12348,40.772717,-73.906127,12,96,777.4538386783285,1,yearly
nyc,7079.06,Central Park West & W 68 St,2023,141680,70830,70850,141680,40.773406602166396,-73.97782541772528,12,123,86.815358554489,1,yearly
nyc,7082.08,23 Ave & 31 St,2023,15504,7720,7784,15504,40.77423402207188,-73.91274829259228,6,113,728.8441692466461,1,yearly
nyc,7082.14,23 Rd & 31 St,2023,7322,3687,3635,7322,40.773367503115495,-73.91382560155753,12,186,2540.289538377492,1,yearly
nyc,7084.12,E 81 St & York Ave,2023,60170,30224,29946,60170,40.7728383997809,-73.94989232981924,12,170,282.5328236662789,1,yearly
nyc,7092.06,E 77 St & 3 Ave,2023,70169,35059,35110,70169,40.773142359690624,-73.95856158036094,12,187,266.49945132465905,1,yearly
nyc,7098.05,27 Ave & 9 St,2023,15187,7619,7568,15187,40.77398250044327,-73.93091339964538,12,94,618.9504181207611,1,yearly
nyc,7100.07,5 Ave & E 72 St,2023,115707,57681,58026,115707,40.772828168583274,-73.96685276200007,12,64,55.312124590560636,1,yearly
nyc,7111.1,36 St & Ditmars Blvd,2023,5844,4241,1603,5844,40.774306,-73.908335,12,77,1317.5906913073238,1,yearly
nyc,7111.10,36 St & Ditmars Blvd,2023,13176,5226,7950,13176,40.774306,-73.908335,12,77,584.3958712811171,1,yearly
nyc,7113.05,E 85 St & East End Ave,2023,6114,3126,2988,6114,40.77431811323298,-73.94548773775047,5,82,1341.1841674844618,1,yearly
nyc,7113.08,East End Ave & E 86 St,2023,31804,15810,15994,31804,40.77518290588406,-73.94446137852735,12,84,264.11772104137845,1,yearly
nyc,7116.04,W 67 St & Broadway,2023,124075,62351,61724,124075,40.77492512988671,-73.98266566029629,12,168,135.40197461212978,1,yearly
nyc,7119.04,24 Ave & 29 St,2023,16857,8433,8424,16857,40.7729,-73.916142,12,192,1138.9927033279941,1,yearly
nyc,7121.02,E 80 St & 2 Ave,2023,5210,2587,2623,5210,40.77391390240879,-73.95439535369401,2,204,3915.5470249520154,1,yearly
nyc,7121.13,E 81 St & 1 Ave,2023,58075,28923,29152,58075,40.77377781082356,-73.95197331888451,10,174,299.61256995264745,1,yearly
nyc,7123.04,W 64 St & Thelonious Monk Circle,2023,101326,50821,50505,101326,40.775159534737824,-73.98918695751463,12,103,101.65209324358999,1,yearly
nyc,7126.01,21 St & Hoyt Ave S,2023,29978,15016,14962,29978,40.774645,-73.923706,12,111,370.27153245713527,1,yearly
nyc,7128.08,E 76 St & Park Ave,2023,64260,32043,32217,64260,40.773763,-73.96222088023946,12,141,219.42110177404294,1,yearly
nyc,7132.08,27 Ave & 3 St,2023,13060,6520,6540,13060,40.77485,-73.9342,12,51,390.5053598774885,1,yearly
nyc,7137.04,Steinway St & 21 Ave,2023,17471,8702,8769,17471,40.774798,-73.903787,12,62,354.8737908534142,1,yearly
nyc,7141.07,Central Park West & W 72 St,2023,133956,67034,66922,133956,40.7757937678491,-73.97620573754331,12,73,54.495505987040524,1,yearly
nyc,7144.01,31 St & 23 Ave,2023,24437,12193,12244,24437,40.77478780019721,-73.9125550999014,7,97,396.93906780701394,1,yearly
nyc,7144.02,31 St & Ditmars Blvd,2023,48093,24024,24069,48093,40.776168,-73.910485,12,82,170.50298380221653,1,yearly
nyc,7146.04,E 85 St & York Ave,2023,37977,19116,18861,37977,40.77536904999293,-73.94803392001131,8,147,387.07638834031127,1,yearly
nyc,7149.05,Amsterdam Ave & W 66 St,2023,69725,34857,34868,69725,40.774667099922986,-73.98470567025414,12,138,197.9204015776264,1,yearly
nyc,7152.1,24 Ave & 26 St,2023,6755,4293,2462,6755,40.774591,-73.918544,11,153,2264.9888971132495,1,yearly
nyc,7152.10,24 Ave & 26 St,2023,11892,5002,6890,11892,40.774591,-73.918544,12,153,1286.5792129162462,1,yearly
nyc,7154.07,E 81 St & 3 Ave,2023,63106,31562,31544,63106,40.775730339650956,-73.95675260041064,12,219,347.0351472126264,1,yearly
nyc,7159.08,Astoria Park S & Shore Blvd,2023,33390,16709,16681,33390,40.7767,-73.927631,12,49,146.7505241090147,1,yearly
nyc,7161.08,5 Ave & E 78 St,2023,106083,52995,53088,106083,40.77632141850392,-73.96427393014987,12,91,85.78188776712574,1,yearly
nyc,7163.07,20 Ave & 42 St,2023,5681,2817,2864,5681,40.775415,-73.900063,12,46,809.7165991902834,1,yearly
nyc,7165.01,26 Ave & 2 St,2023,117,61,56,117,40.77684387,-73.93463418,1,33,28205.128205128203,1,yearly
nyc,7170.04,35 St & 21 Ave,2023,9491,4705,4786,9491,40.776745,-73.906558,12,73,769.1497207881151,1,yearly
nyc,7175.05,Columbus Ave & W 72 St,2023,156231,78225,78006,156231,40.77705750084757,-73.97898475042378,12,144,92.1712080188951,1,yearly
nyc,7178.02,23 Ave & 27 St,2023,14996,7480,7516,14996,40.776165,-73.91531750017695,12,94,626.8338223526274,1,yearly
nyc,7180.02,E 84 St & 1 Ave,2023,80103,39930,40173,80103,40.7756554098976,-73.95068614996254,12,173,215.97193613222976,1,yearly
nyc,7183.03,Riverside Blvd & W 67 St,2023,117330,59030,58300,117330,40.777507027480134,-73.98888587981328,12,87,74.14983380209665,1,yearly
nyc,7186.15,19 St & 24 Ave,2023,20909,10417,10492,20909,40.777455199845264,-73.92254029976789,12,53,253.47936295375197,1,yearly
nyc,7188.1,E 81 St & Park Ave,2023,16237,9965,6272,16237,40.77677701998469,-73.95900970022957,11,187,1151.6905832358193,1,yearly
nyc,7188.10,E 81 St & Park Ave,2023,25066,10787,14279,25066,40.77677701996635,-73.95900970050462,12,187,746.0304795340302,1,yearly
nyc,7188.13,Madison Ave & E 82 St,2023,53749,26852,26897,53749,40.778131397883755,-73.9606939900529,12,148,275.3539600736758,1,yearly
nyc,7196.04,20 Ave & 38 St,2023,14964,7447,7517,14964,40.777112,-73.902382,12,51,340.8179631114675,1,yearly
nyc,7202.07,31 St & 21 Ave,2023,15356,7718,7638,15356,40.77813,-73.90842,12,66,429.7994269340974,1,yearly
nyc,7204.08,E 89 St & York Ave,2023,65825,32876,32949,65825,40.777945299752346,-73.946041,12,147,223.31940751993923,1,yearly
nyc,7207.08,W 70 St & Amsterdam Ave,2023,118457,59888,58569,118457,40.77748045965398,-73.98288594004514,12,155,130.84916889673045,1,yearly
nyc,7210.07,21 St & 23 Ave,2023,12063,6030,6033,12063,40.778557,-73.919046,12,51,422.7804028848545,1,yearly
nyc,7212.05,E 85 St & 3 Ave,2023,133206,66429,66777,133206,40.7780120299785,-73.9540714896488,12,198,148.64195306517723,1,yearly
nyc,7220.01,Steinway St & 19 Ave,2023,4853,2403,2450,4853,40.778089,-73.899558,12,38,783.020811868947,1,yearly
nyc,7230.1,W 74 St & Columbus Ave,2023,12948,8505,4443,12948,40.77856690011056,-73.97754961043117,10,121,934.5072598084646,1,yearly
nyc,7230.10,W 74 St & Columbus Ave,2023,26779,11576,15203,26779,40.77856690005426,-73.97754961021158,10,121,451.8465962134508,1,yearly
nyc,7233.05,Crescent St & Ditmars Blvd,2023,13625,6792,6833,13625,40.77871850012369,-73.91456450012369,12,70,513.7614678899082,1,yearly
nyc,7235.13,E 88 St & 1 Ave,2023,75149,37514,37635,75149,40.778301,-73.94881339981568,12,199,264.80724959746635,1,yearly
nyc,7243.04,E 84 St & Park Ave,2023,67041,33509,33532,67041,40.77862688013593,-73.95772073030587,12,177,264.0175415044525,1,yearly
nyc,7253.04,Central Park West & W 76 St,2023,85106,42456,42650,85106,40.778967841623995,-73.97374736624451,12,62,72.85032782647522,1,yearly
nyc,7256.01,20 Ave & 31 St,2023,1903,939,964,1903,40.78001336596505,-73.90667617314362,7,44,2312.1387283236995,1,yearly
nyc,7260.09,Amsterdam Ave & W 73 St,2023,154035,77460,76575,154035,40.77966808999915,-73.98093044721084,12,126,81.79959100204499,1,yearly
nyc,7265.1,E 89 St & 3 Ave,2023,22185,14744,7441,22185,40.78062839971643,-73.95216670021269,12,222,1000.6761325219743,1,yearly
nyc,7265.10,E 89 St & 3 Ave,2023,41915,17264,24651,41915,40.78062839968649,-73.95216670023514,12,222,529.6433257783609,1,yearly
nyc,7271.01,Shore Blvd & Astoria Park,2023,17822,8992,8830,17822,40.77977,-73.923162,12,23,129.05397822915498,1,yearly
nyc,7281.09,W 76 St & Columbus Ave,2023,87697,45468,42229,87697,40.78018397246382,-73.97728532505595,12,147,167.62260966737745,1,yearly
nyc,7284.01,21 Ave & Crescent St,2023,22996,11492,11504,22996,40.780478,-73.912212,12,53,230.47486519394678,1,yearly
nyc,7286.01,E 91 St & 2 Ave,2023,85203,42522,42681,85203,40.78115276446368,-73.94963040915859,12,258,302.806239216929,1,yearly
nyc,7286.02,E 93 St & 2 Ave,2023,45906,22680,23226,45906,40.7824541751334,-73.94891962440433,12,299,651.3309806996907,1,yearly
nyc,7286.05,1 Ave & E 94 St,2023,36720,18310,18410,36720,40.781721199920845,-73.94594,12,270,735.2941176470588,1,yearly
nyc,7288.04,Riverside Dr & W 72 St,2023,86957,43473,43484,86957,40.78057799013484,-73.9856243123571,12,106,121.89932955368745,1,yearly
nyc,7291.06,Ditmars Blvd & 19 St,2023,15938,7951,7987,15938,40.78145,-73.91833019953604,12,33,207.05232777010917,1,yearly
nyc,7293.1,E 88 St & Park Ave,2023,25072,15486,9586,25072,40.78141070042779,-73.95595908158502,11,141,562.3803446075302,1,yearly
nyc,7293.10,E 88 St & Park Ave,2023,39977,17008,22969,39977,40.78141070063886,-73.95595908152755,12,141,352.7028041123646,1,yearly
nyc,7304.08,W 82 St & Central Park West,2023,74672,38219,36453,74672,40.78275,-73.97137,12,83,111.15277480179986,1,yearly
nyc,7311.02,Amsterdam Ave & W 79 St,2023,115399,57833,57566,115399,40.78293909990901,-73.97865170027299,12,145,125.65100217506216,1,yearly
nyc,7311.07,W 78 St & Broadway,2023,36916,19126,17790,36916,40.78339981014629,-73.98093132974591,7,158,427.99869975078553,1,yearly
nyc,7314.03,21 St & 21 Ave,2023,15516,7772,7744,15516,40.782465,-73.914527,12,39,251.35344160866205,1,yearly
nyc,7323.09,5 Ave & E 87 St,2023,123850,61861,61989,123850,40.78232261312949,-73.9598751052283,12,70,56.51998385143318,1,yearly
nyc,7327.01,Wards Meadow Comfort Station,2023,33194,16613,16581,33194,40.78294,-73.93077,12,0,0.0,1,yearly
nyc,7338.02,2 Ave & E 96 St,2023,77009,38289,38720,77009,40.783963600213845,-73.94716729983962,12,304,394.75905413652947,1,yearly
nyc,7340.06,Riverside Dr & W 78 St,2023,36139,18673,17466,36139,40.78414472079791,-73.98362492022797,12,131,362.4892775118293,1,yearly
nyc,7340.07,West End Ave & W 78 St,2023,18741,10004,8737,18741,40.783786,-73.981687,6,149,795.0482898457926,1,yearly
nyc,7342.01,21 Ave & Shore Blvd,2023,11926,5950,5976,11926,40.783956,-73.916894,12,25,209.6260271675331,1,yearly
nyc,7344.01,E 94 St & Madison Ave,2023,16818,8389,8429,16818,40.78585105291389,-73.95482444378061,5,171,1016.7677488405279,1,yearly
nyc,7344.05,E 91 St & Park Ave,2023,49365,24611,24754,49365,40.78350160047699,-73.955327,11,142,287.6531955839157,1,yearly
nyc,7354.01,Central Park West & W 85 St,2023,101804,51011,50793,101804,40.78476,-73.969862,12,91,89.38745039487642,1,yearly
nyc,7360.1,Amsterdam Ave & W 82 St,2023,28640,21424,7216,28640,40.78524672040515,-73.97667320969614,11,149,520.2513966480446,1,yearly
nyc,7360.10,Amsterdam Ave & W 82 St,2023,65180,25489,39691,65180,40.785246720392415,-73.9766732097057,12,149,228.59772936483586,1,yearly
nyc,7363.04,20 Ave & 21 St,2023,5983,3008,2975,5983,40.784003,-73.912297,12,27,451.27862276449946,1,yearly
nyc,7365.08,E 97 St & 3 Ave,2023,24750,12366,12384,24750,40.78592009991088,-73.94860294005348,12,313,1264.6464646464647,1,yearly
nyc,7365.13,E 95 St & 3 Ave,2023,39911,19898,20013,39911,40.784903199897265,-73.950503,12,262,656.4606248903812,1,yearly
nyc,7372.1,5 Ave & E 93 St,2023,17312,14893,2419,17312,40.78578509886377,-73.957481,8,101,583.4103512014788,1,yearly
nyc,7372.10,5 Ave & E 93 St,2023,31136,9288,21848,31136,40.785785098640524,-73.957481,8,101,324.38335046248716,1,yearly
nyc,7382.04,W 84 St & Columbus Ave,2023,82732,41555,41177,82732,40.78499979031061,-73.97283405991125,12,144,174.05598800947638,1,yearly
nyc,7386.1,2 Ave & E 99 St,2023,6803,4776,2027,6803,40.786258600139774,-73.94552579007339,10,370,5438.777010142584,1,yearly
nyc,7386.10,2 Ave & E 99 St,2023,16016,6556,9460,16016,40.786253194517876,-73.945521039287,10,370,2310.18981018981,1,yearly
nyc,7388.1,Riverside Dr & W 82 St,2023,12301,10105,2196,12301,40.787208690573536,-73.98128126950047,11,138,1121.8600113811885,1,yearly
nyc,7388.10,Riverside Dr & W 82 St,2023,38545,16212,22333,38545,40.78720869089537,-73.98128126922016,11,138,358.02308989492803,1,yearly
nyc,7391.02,20 Ave & Shore Blvd,2023,3741,1857,1884,3741,40.785994,-73.915098,12,17,454.42395081529,1,yearly
nyc,7393.09,E 97 St & Madison Ave,2023,66278,33022,33256,66278,40.787801,-73.953559,12,220,331.93518211171124,1,yearly
nyc,7407.13,E 102 St & 1 Ave,2023,50806,25371,25435,50806,40.78699460025806,-73.9416480199871,12,332,653.4661260481046,1,yearly
nyc,7409.04,W 84 St & Amsterdam Ave,2023,23865,12507,11358,23865,40.786210268621744,-73.97560069464012,5,157,657.8671694950765,1,yearly
nyc,7409.08,W 84 St & Broadway,2023,33153,16915,16238,33153,40.78679470044027,-73.977112,8,159,479.5946068229119,1,yearly
nyc,7414.17,3 Ave & E 100 St,2023,23754,11828,11926,23754,40.78772139985997,-73.94728330989147,12,325,1368.190620527069,1,yearly
nyc,7432.04,W 90 St & Amsterdam Ave,2023,38256,19246,19010,38256,40.79017948058647,-73.97288918481168,11,185,483.5842743621916,1,yearly
nyc,7432.09,W 89 St & Columbus Ave,2023,79176,40589,38587,79176,40.7882212997198,-73.97041561036427,12,143,180.61028594523592,1,yearly
nyc,7436.11,2 Ave & E 104 St,2023,38093,19000,19093,38093,40.78921050043103,-73.94370784013793,12,296,777.0456514320216,1,yearly
nyc,7443.01,Madison Ave & E 99 St,2023,38499,19258,19241,38499,40.789485414980746,-73.95242929419527,11,241,625.9902854619601,1,yearly
nyc,7443.17,E 98 St & Park Ave,2023,27543,13655,13888,27543,40.78813,-73.95206,12,265,962.1319391496932,1,yearly
nyc,7450.05,Pleasant Ave & E 116 St,2023,56041,27951,28090,56041,40.794987900041015,-73.93333490004102,12,206,367.588015916918,1,yearly
nyc,7453.01,Central Park W & W 91 St,2023,104852,52516,52336,104852,40.78866499131896,-73.96680057246463,12,100,95.3725250829741,1,yearly
nyc,7456.03,E 106 St & 1 Ave,2023,26228,13023,13205,26228,40.78925290005832,-73.93956236978421,12,279,1063.748665548269,1,yearly
nyc,7458.03,W 87 St & Amsterdam Ave,2023,66149,33478,32671,66149,40.78839,-73.9747,12,156,235.83122949704457,1,yearly
nyc,7463.09,E 103 St & Lexington Ave,2023,36856,18415,18441,36856,40.79030509993181,-73.94755757029323,12,305,827.5450401562839,1,yearly
nyc,7482.15,E 106 St & 2 Ave,2023,16688,8355,8333,16688,40.790586067739724,-73.94195795063015,8,321,1923.5378715244485,1,yearly
nyc,7484.05,W 87 St & West End Ave,2023,67357,34336,33021,67357,40.789622,-73.97757,12,135,200.4246032335169,1,yearly
nyc,7488.24,E 102 St & Park Ave,2023,26428,13143,13285,26428,40.79048280018298,-73.95033068029277,12,292,1104.8887543514454,1,yearly
nyc,7502.01,W 92 St & Broadway,2023,55824,28132,27692,55824,40.7921,-73.9739,12,227,406.63513900831185,1,yearly
nyc,7504.18,E 106 St & Lexington Ave,2023,32926,16422,16504,32926,40.791976,-73.945993,12,329,999.210350482901,1,yearly
nyc,7504.19,3 Ave & E 109 St,2023,8136,4044,4092,8136,40.79338,-73.94329,5,321,3945.4277286135693,1,yearly
nyc,7511.19,5 Ave & E 103 St,2023,77495,38591,38904,77495,40.792255298407376,-73.9524993282481,12,195,251.6291373637009,1,yearly
nyc,7514.01,Icahn Stadium,2023,16545,8240,8305,16545,40.79346,-73.92389,10,0,0.0,1,yearly
nyc,7520.07,Columbus Ave & W 95 St,2023,102279,51342,50937,102279,40.79195570025795,-73.968087,12,178,174.03377037319487,1,yearly
nyc,7522.02,1 Ave & E 110 St,2023,47811,23865,23946,47811,40.79232719984819,-73.9383,12,266,556.3573236284536,1,yearly
nyc,7524.09,West End Ave & W 94 St,2023,42967,21667,21300,42967,40.79416539925639,-73.974124,12,217,505.0387506691182,1,yearly
nyc,7524.16,Riverside Dr & W 91 St,2023,47147,24330,22817,47147,40.79313481071774,-73.97700369495229,12,182,386.0266825036588,1,yearly
nyc,7528.31,E 106 St & Madison Ave,2023,35009,17471,17538,35009,40.79343370070685,-73.94945002992931,12,248,708.3892713302293,1,yearly
nyc,7538.14,W 100 St & Manhattan Ave,2023,65669,32864,32805,65669,40.795,-73.9645,12,123,187.30298923388509,1,yearly
nyc,7538.18,Central Park W & W 97 St,2023,84697,42310,42387,84697,40.792495193704895,-73.96417066677454,12,80,94.45434903243326,1,yearly
nyc,7540.02,E 114 St & 1 Ave,2023,24834,12329,12505,24834,40.79456629978877,-73.9362540999296,12,273,1099.299347668519,1,yearly
nyc,7541.01,W 95 St & Broadway,2023,73844,36989,36855,73844,40.793770399731414,-73.971888,12,262,354.80201505877255,1,yearly
nyc,7543.15,3 Ave & E 112 St,2023,22398,11158,11240,22398,40.795508,-73.941606,12,331,1477.810518796321,1,yearly
nyc,7563.06,E 116 St & 2 Ave,2023,22529,11229,11300,22529,40.796879,-73.937261,12,323,1433.7076656753518,1,yearly
nyc,7567.06,Lexington Ave & E 111 St,2023,46245,23006,23239,46245,40.79541209995307,-73.94412319990614,12,337,728.7274299924317,1,yearly
nyc,7571.01,Sunken Meadow Comfort Station,2023,14181,7139,7042,14181,40.79558,-73.91906,12,0,0.0,1,yearly
nyc,7575.01,Randall's Island - Field 10,2023,407,196,211,407,40.795098,-73.923734,1,11,2702.702702702703,1,yearly
nyc,7577.27,Central Park W & W 103 St,2023,56542,28253,28289,56542,40.79558954296031,-73.96188408102562,12,77,136.18195323830074,1,yearly
nyc,7579.01,Pleasant Ave & E 120 St,2023,21274,10574,10700,21274,40.79747719992421,-73.93118470011369,12,219,1029.4255899219704,1,yearly
nyc,7579.11,E 117 St & 1 Ave,2023,22082,10934,11148,22082,40.79656826069032,-73.93459528672227,10,268,1213.6581831355857,1,yearly
nyc,7580.01,W 100 St & Broadway,2023,86579,43606,42973,86579,40.797372099929994,-73.97041192005601,12,226,261.0332759676134,1,yearly
nyc,7587.16,W 111 St & 5 Ave,2023,50389,25143,25246,50389,40.79752078166565,-73.9489397411535,12,220,436.6032268947588,1,yearly
nyc,7595.17,Columbus Ave & W 103 St,2023,23962,12530,11432,23962,40.796934700360495,-73.9643412288247,12,111,463.2334529671981,1,yearly
nyc,7596.1,E 118 St & 1 Ave,2023,3809,1901,1908,3809,40.79747,-73.93504,3,291,7639.800472564978,1,yearly
nyc,7599.02,E 115 St & Madison Ave,2023,22064,10960,11104,22064,40.79894450023513,-73.944846,12,294,1332.48730964467,1,yearly
nyc,7599.09,E 115 St & Lexington Ave,2023,30554,15255,15299,30554,40.797911,-73.9423,12,350,1145.5128624729987,1,yearly
nyc,7602.05,Lenox Ave & W 111 St,2023,68360,34058,34302,68360,40.79878590045054,-73.9523,12,158,231.12931538911644,1,yearly
nyc,7606.01,W 106 St & Central Park West,2023,72037,36073,35964,72037,40.79818560139244,-73.96059090094602,12,82,113.83039271485487,1,yearly
nyc,7610.13,W 104 St & Amsterdam Ave,2023,41652,21237,20415,41652,40.79904139181811,-73.96649479920599,12,127,304.9073273792375,1,yearly
nyc,7611.02,E 118 St & 3 Ave,2023,28177,14046,14131,28177,40.799139,-73.93891519995076,12,366,1298.9317528480676,1,yearly
nyc,7613.04,E 134 St & Walnut Ave,2023,1173,582,591,1173,40.800425,-73.911034,12,79,6734.867860187553,1,yearly
nyc,7617.07,Central Park North & Adam Clayton Powell Blvd,2023,91998,45879,46119,91998,40.799484,-73.955613,12,124,134.7855388160612,1,yearly
nyc,7618.01,Bronx Shore Comfort Station,2023,7117,3568,3549,7117,40.80046,-73.92404,12,52,730.6449346634818,1,yearly
nyc,7619.05,W 107 St & Columbus Ave,2023,44754,22347,22407,44754,40.79975680011164,-73.96211286767391,12,110,245.78808598114134,1,yearly
nyc,7622.12,2 Ave & E 122 St,2023,23943,11844,12099,23943,40.80067209997642,-73.9349,12,383,1599.632460426847,1,yearly
nyc,7623.13,Riverside Dr & W 104 St,2023,56652,28777,27875,56652,40.801343399038934,-73.97114574451531,12,99,174.75111205253123,1,yearly
nyc,7625.18,E 118 St & Park Ave,2023,14288,7022,7266,14288,40.800538500496266,-73.94199490009926,12,292,2043.6730123180294,1,yearly
nyc,7626.02,Willow Ave & E 133 St,2023,6612,3277,3335,6612,40.800933,-73.913863,12,109,1648.517846339988,1,yearly
nyc,7627.1,Lenox Ave & W 115 St,2023,9147,7684,1463,9147,40.801193900114725,-73.95007390011473,11,223,2437.9578003717065,1,yearly
nyc,7627.10,Lenox Ave & W 115 St,2023,23314,8444,14870,23314,40.801193900067965,-73.95007390006798,12,223,956.5068199365189,1,yearly
nyc,7631.23,Frederick Douglass Blvd & W 112 St,2023,81624,40781,40843,81624,40.801694,-73.957145,12,175,214.39772615897286,1,yearly
nyc,7634.01,W 106 St & Amsterdam Ave,2023,56337,28940,27397,56337,40.80083629988116,-73.96644924710209,12,141,250.27956760210876,1,yearly
nyc,7636.05,E 123 St & Lexington Ave,2023,22579,11300,11279,22579,40.802926299898125,-73.9379,12,359,1589.9729837459586,1,yearly
nyc,7639.06,Walnut Ave & E 136 St,2023,2697,1339,1358,2697,40.801657,-73.909513,12,115,4263.997033741194,1,yearly
nyc,7640.04,E 118 St & Madison Ave,2023,33232,16539,16693,33232,40.80148660009359,-73.9442507000702,12,263,791.4058738565238,1,yearly
nyc,7642.04,E 133 St & Cypress Pl,2023,3365,1670,1695,3365,40.80262,-73.9174,12,190,5646.359583952451,1,yearly
nyc,7643.18,Adam Clayton Powell Blvd & W 115 St,2023,29897,14860,15037,29897,40.802535,-73.95324229936834,12,247,826.1698498177074,1,yearly
nyc,7646.04,W 110 St & Amsterdam Ave,2023,60119,30146,29973,60119,40.802692,-73.96295,12,149,247.84178046873703,1,yearly
nyc,7648.16,2 Ave & E 125 St,2023,26890,13418,13472,26890,40.802554,-73.933509,12,316,1175.1580513201934,1,yearly
nyc,7650.05,West End Ave & W 107 St,2023,49563,25267,24296,49563,40.802117399455355,-73.96818053113928,12,112,225.9750216895668,1,yearly
nyc,7652.04,Lexington Ave & E 120 St,2023,23011,11467,11544,23011,40.80130660019395,-73.93981670014547,12,400,1738.2990743557427,1,yearly
nyc,7654.04,E 138 St & Willow Ave,2023,5185,2581,2604,5185,40.804168,-73.911545,12,157,3027.9652844744455,1,yearly
nyc,7655.22,Lenox Ave & W 117 St,2023,58349,29082,29267,58349,40.80255660062473,-73.94907819968763,12,231,395.8936742703388,1,yearly
nyc,7657.03,St Ann's Ave & Bruckner Blvd,2023,1476,728,748,1476,40.803399,-73.919763,3,154,10433.60433604336,1,yearly
nyc,7657.03,St. Ann's Av & Bruckner Blvd,2023,5772,2844,2928,5772,40.803399,-73.919763,10,154,2668.052668052668,1,yearly
nyc,7658.13,Frederick Douglass Blvd & W 115 St,2023,55769,27823,27946,55769,40.803865399780484,-73.95593080010975,12,218,390.89816923380374,1,yearly
nyc,7662.13,Lexington Ave & E 127 St,2023,16820,8223,8597,16820,40.805726,-73.936322,12,353,2098.692033293698,1,yearly
nyc,7667.04,Madison Ave & E 120 St,2023,28017,13987,14030,28017,40.80295,-73.942954,12,324,1156.4407324124638,1,yearly
nyc,7669.1,E 138 St & Cypress Ave,2023,3533,3028,505,3533,40.80555900000001,-73.914718,11,222,6283.611661477498,1,yearly
nyc,7669.10,E 138 St & Cypress Ave,2023,9659,3515,6144,9659,40.805559,-73.914718,12,222,2298.374572937157,1,yearly
nyc,7670.09,Adam Clayton Powell Blvd & W 118 St,2023,35513,17684,17829,35513,40.804372,-73.951475,12,275,774.3643172922592,1,yearly
nyc,7680.03,Cathedral Pkwy & Broadway,2023,79434,39784,39650,79434,40.804213,-73.96699103996282,12,118,148.55099831306492,1,yearly
nyc,7682.01,Park Ave & E 124 St,2023,85096,42453,42643,85096,40.80455550021195,-73.93968609995761,12,341,400.7238883143744,1,yearly
nyc,7685.14,Mt Morris Park W & W 120 St,2023,34150,17003,17147,34150,40.804038,-73.945925,12,310,907.7598828696924,1,yearly
nyc,7687.05,E 135 St & St Ann's Ave,2023,7043,3519,3524,7043,40.805089,-73.918889,12,191,2711.912537271049,1,yearly
nyc,7688.12,Frederick Douglass Blvd & W 117 St,2023,80962,40333,40629,80962,40.805159,-73.954692,12,221,272.9675650305081,1,yearly
nyc,7691.05,Willis Ave & Bruckner Blvd,2023,9716,4833,4883,9716,40.805701,-73.925177,12,180,1852.6142445450803,1,yearly
nyc,7692.11,W 116 St & Amsterdam Ave,2023,47318,23478,23840,47318,40.8067580999115,-73.960708199823,12,136,287.41705059385436,1,yearly
nyc,7696.07,E 128 St & 3 Ave,2023,5914,2966,2948,5914,40.805631,-73.934077,12,305,5157.253973621914,1,yearly
nyc,7701.21,5 Ave & W 126 St,2023,32541,16228,16313,32541,40.80722,-73.9418,12,325,998.7400510125686,1,yearly
nyc,7703.14,E 141 St & Jackson Ave,2023,7527,3791,3736,7527,40.806896,-73.911837,12,179,2378.105486913777,1,yearly
nyc,7704.04,Adam Clayton Powell Blvd & W 123 St,2023,40715,20289,20426,40715,40.807831600404036,-73.949373,12,333,817.8803880633674,1,yearly
nyc,7707.08,Brook Ave & E 138 St,2023,11661,5568,6093,11661,40.807408,-73.91924,12,245,2101.020495669325,1,yearly
nyc,7712.04,Alexander Ave & E 134 St,2023,13243,6572,6671,13243,40.807466,-73.927107,12,183,1381.8621158347808,1,yearly
nyc,7712.06,Lincoln Ave & E 134 St,2023,9714,4847,4867,9714,40.808484,-73.928803,12,194,1997.1175622812434,1,yearly
nyc,7713.01,W 113 St & Broadway,2023,28337,14249,14088,28337,40.805973,-73.964928,8,132,465.82207008504787,1,yearly
nyc,7713.11,W 116 St & Broadway,2023,63848,32493,31355,63848,40.8082,-73.9641,12,132,206.74100989850896,1,yearly
nyc,7716.19,Lexington Ave & E 128 St,2023,8772,4360,4412,8772,40.806414,-73.936085,12,341,3887.368901048792,1,yearly
nyc,7719.13,Southern Blvd & E 142 St,2023,2362,1164,1198,2362,40.807347437082,-73.90809774398804,12,169,7154.953429297206,1,yearly
nyc,7720.03,Lenox Ave & W 126 St,2023,67459,33639,33820,67459,40.808442,-73.94520870043614,12,290,429.8907484546169,1,yearly
nyc,7722.06,E 141 St & St Ann's Ave,2023,9070,4484,4586,9070,40.808633,-73.916124,12,126,1389.1951488423374,1,yearly
nyc,7723.01,St Nicholas Ave & Manhattan Ave,2023,65833,32839,32994,65833,40.809725,-73.953149,12,308,467.8504701289627,1,yearly
nyc,7726.02,Willis Ave & E 137 St,2023,19199,9518,9681,19199,40.808384,-73.923604,12,266,1385.4888275431013,1,yearly
nyc,7727.07,Amsterdam Ave & W 119 St,2023,22188,11095,11093,22188,40.80862490008366,-73.95962139966537,8,130,585.9022895258698,1,yearly
nyc,7727.08,Amsterdam Ave & W 119 St,2023,19716,9958,9758,19716,40.80863218,-73.9595861,5,129,654.2909312233719,1,yearly
nyc,7735.05,5 Ave & W 131 St,2023,25062,12500,12562,25062,40.81014,-73.93973,12,282,1125.2094804883889,1,yearly
nyc,7735.23,E 128 St & Madison Ave,2023,15438,7690,7748,15438,40.80756,-73.939182,12,289,1872.004145614717,1,yearly
nyc,7737.06,St Mary's St & Jackson Ave,2023,11875,5905,5970,11875,40.808891,-73.91081,12,167,1406.3157894736842,1,yearly
nyc,7738.04,Adam Clayton Powell Blvd & W 126 St,2023,50528,25175,25353,50528,40.80949574008424,-73.9477644919939,12,357,706.53894870171,1,yearly
nyc,7740.08,Brook Ave & E 141 St,2023,8635,4281,4354,8635,40.809619,-73.917875,12,155,1795.0202663578461,1,yearly
nyc,7741.01,Morningside Ave & W 123 St,2023,30605,15224,15381,30605,40.81,-73.95515080026077,12,260,849.5343898055874,1,yearly
nyc,7741.04,Morningside Dr & Amsterdam Ave,2023,17595,8795,8800,17595,40.810285062975574,-73.957364559764,12,226,1284.4558113100313,1,yearly
nyc,7744.06,Lincoln Ave & E 138 St,2023,21844,10876,10968,21844,40.810893,-73.927311,12,257,1176.5244460721478,1,yearly
nyc,7745.07,W 120 St & Claremont Ave,2023,34380,17322,17058,34380,40.810949398929914,-73.9634,12,106,308.3187899941827,1,yearly
nyc,7748.02,E 132 St & Madison Ave,2023,21775,10879,10896,21775,40.810224,-73.937195,12,209,959.8163030998853,1,yearly
nyc,7751.05,Wales Ave & E 147 St,2023,10292,5111,5181,10292,40.811314,-73.907729,12,143,1389.4286824718229,1,yearly
nyc,7753.13,Lenox Ave & W 130 St,2023,28998,14460,14538,28998,40.810782173827015,-73.94307250483978,12,303,1044.8996482516036,1,yearly
nyc,7755.03,St Ann's Ave & E 144 St,2023,1518,755,763,1518,40.811112,-73.914932,3,126,8300.395256916996,1,yearly
nyc,7755.03,St. Ann's Ave & E 144 St,2023,7471,3704,3767,7471,40.811112,-73.914932,10,126,1686.521215366082,1,yearly
nyc,7756.1,St Nicholas Ave & W 126 St,2023,3184,1155,2029,3184,40.8114323,-73.9518776,3,302,9484.924623115578,1,yearly
nyc,7756.1,St. Nicholas Ave & W 126 St,2023,18416,13713,4703,18416,40.81143229978746,-73.95187760028338,10,302,1639.8783666377064,1,yearly
nyc,7756.10,St Nicholas Ave & W 126 St,2023,11533,6192,5341,11533,40.8114323,-73.9518776,3,302,2618.5727911211306,1,yearly
nyc,7756.10,St. Nicholas Ave & W 126 St,2023,30151,10490,19661,30151,40.81143229976311,-73.95187760031585,10,302,1001.6251533945806,1,yearly
nyc,7759.08,Willis Ave & E 141 St,2023,12979,6430,6549,12979,40.81093,-73.921606,12,196,1510.1317512905462,1,yearly
nyc,7767.06,Southern Blvd & Ave St John,2023,1007,495,512,1007,40.812769,-73.901583,3,231,22939.42403177756,1,yearly
nyc,7767.06,Southern Blvd & Avenue St John,2023,91,45,46,91,40.812769,-73.901583,1,231,253846.15384615384,1,yearly
nyc,7767.06,Southern Blvd & Avenue St. John,2023,5272,2623,2649,5272,40.812769,-73.901583,10,231,4381.638846737481,1,yearly
nyc,7769.06,5 Ave & E 135 St,2023,14772,7375,7397,14772,40.812191,-73.937838,12,223,1509.6127809369077,1,yearly
nyc,7774.02,Adam Clayton Powell Blvd & W 130 St,2023,21407,10672,10735,21407,40.812346,-73.946168,12,318,1485.4953987013594,1,yearly
nyc,7777.02,E 144 St & Brook Ave,2023,7672,3856,3816,7672,40.811675,-73.917037,12,173,2254.9530761209594,1,yearly
nyc,7781.1,E 142 St & 3 Ave,2023,5653,4227,1426,5653,40.812735,-73.923697,11,177,3131.08084203078,1,yearly
nyc,7781.10,E 142 St & 3 Ave,2023,11087,4104,6983,11087,40.812735,-73.923697,12,177,1596.4643275908722,1,yearly
nyc,7783.18,Broadway & W 122 St,2023,25313,12638,12675,25313,40.81205619969712,-73.96125470045432,12,149,588.6303480425078,1,yearly
nyc,7788.13,Southern Blvd & E 149 St,2023,12988,6505,6483,12988,40.811892,-73.904192,12,157,1208.8081305820758,1,yearly
nyc,7790.04,Lenox Ave & W 133 St,2023,22648,11247,11401,22648,40.81296,-73.941878,12,255,1125.9272341928647,1,yearly
nyc,7793.02,E 149 St & Eagle Ave,2023,10444,5204,5240,10444,40.814046,-73.91186,12,150,1436.231328992723,1,yearly
nyc,7795.09,Frederick Douglass Blvd & W 129 St,2023,21705,10854,10851,21705,40.81255109992427,-73.94922860030293,12,290,1336.097673347155,1,yearly
nyc,7798.02,Willis Ave & E 143 St,2023,11582,5749,5833,11582,40.812299,-73.92037,12,229,1977.2060093248142,1,yearly
nyc,7800.03,Amsterdam Ave & W 125 St,2023,26112,13072,13040,26112,40.813358,-73.956461,12,238,911.4583333333334,1,yearly
nyc,7803.02,E 138 St & Park Ave,2023,12462,6221,6241,12462,40.81263616764995,-73.92924964437121,12,224,1797.4642914459957,1,yearly
nyc,7803.08,E 138 St & Grand Concourse,2023,5624,2793,2831,5624,40.813224,-73.930605,12,215,3822.9018492176388,1,yearly
nyc,7807.04,Beck St & Leggett Ave,2023,9639,4774,4865,9639,40.815077,-73.899939,12,271,2811.494968357714,1,yearly
nyc,7809.13,E 138 St & 5 Av,2023,12651,6259,6392,12651,40.81449,-73.936153,10,228,1802.229072800569,1,yearly
nyc,7809.13,E 138 St & 5 Ave,2023,3550,1776,1774,3550,40.81449,-73.936153,3,228,6422.535211267606,1,yearly
nyc,7812.01,E 149 St & Jackson Ave,2023,13499,6703,6796,13499,40.813135,-73.909235,12,150,1111.1934217349433,1,yearly
nyc,7814.01,Adam Clayton Powell Blvd & W 132 St,2023,22965,11454,11511,22965,40.813539,-73.94521,12,260,1132.1576311778795,1,yearly
nyc,7816.14,Brook Ave & E 148 St,2023,8412,4183,4229,8412,40.814383,-73.915368,12,229,2722.301474084641,1,yearly
nyc,7818.17,W 129 St & Convent Ave,2023,16634,8281,8353,16634,40.814394437683724,-73.95324736814051,12,276,1659.2521341829986,1,yearly
nyc,7820.05,Hunts Point Ave & Bryant Ave,2023,4633,2314,2319,4633,40.813991,-73.8855,12,156,3367.148715734945,1,yearly
nyc,7821.01,Morris Ave & E 142 St,2023,13275,6593,6682,13275,40.814469,-73.924963,12,236,1777.7777777777778,1,yearly
nyc,7823.03,Broadway & Moylan Pl,2023,27698,13813,13885,27698,40.814325600423835,-73.95902550052979,12,217,783.4500685970106,1,yearly
nyc,7830.03,Prospect Ave & E 151 St,2023,8193,4070,4123,8193,40.814232,-73.903927,12,233,2843.8911265714637,1,yearly
nyc,7832.04,W 135 St & Lenox Terrace Pl,2023,19849,9863,9986,19849,40.813619,-73.939336,12,263,1325.0037785278855,1,yearly
nyc,7835.1,St Ann's Ave & Westchester Ave,2023,3363,2455,908,3363,40.815887,-73.911918,11,189,5619.982158786797,1,yearly
nyc,7835.10,St Ann's Ave & Westchester Ave,2023,6084,2238,3846,6084,40.815887,-73.911918,12,189,3106.5088757396447,1,yearly
nyc,7837.3,St Nicholas Ave & W 134 St,2023,9734,6836,2898,9734,40.816234,-73.948222,11,235,2414.2182042325867,1,yearly
nyc,7837.30,St Nicholas Ave & W 134 St,2023,18942,7450,11492,18942,40.816234,-73.948222,12,235,1240.6292894097774,1,yearly
nyc,7840.05,Courtlandt Ave & E 149 St,2023,12098,6070,6028,12098,40.816402,-73.919549,12,244,2016.8622912878163,1,yearly
nyc,7840.11,E 147 St & Bergen Ave,2023,10408,5156,5252,10408,40.814673,-73.91839,12,252,2421.2144504227517,1,yearly
nyc,7842.16,Amsterdam Ave & W 131 St,2023,13695,6841,6854,13695,40.816355,-73.954295,12,218,1591.8218327856882,1,yearly
nyc,7844.05,Barry St & Tiffany St,2023,4047,2020,2027,4047,40.816126,-73.891559,12,329,8129.478626142822,1,yearly
nyc,7845.06,Grand Concourse & E 144 St,2023,18632,9293,9339,18632,40.816576,-73.927987,12,192,1030.48518677544,1,yearly
nyc,7849.1,Longwood Ave & Southern Blvd,2023,2026,1752,274,2026,40.816343,-73.896447,11,314,15498.51924975321,1,yearly
nyc,7849.10,Longwood Ave & Southern Blvd,2023,5533,2000,3533,5533,40.816343,-73.896447,12,314,5675.040665100308,1,yearly
nyc,7851.04,5 Av & W 139 St,2023,17595,8811,8784,17595,40.815484,-73.935856,12,221,1256.038647342995,1,yearly
nyc,7853.01,Westchester Ave & Jackson Ave,2023,12323,6180,6143,12323,40.816124,-73.908116,12,148,1201.0062484784548,1,yearly
nyc,7855.03,Adam Clayton Powell Blvd & W 138 St,2023,36853,18380,18473,36853,40.81695971067946,-73.94229590903946,12,273,740.7809404933113,1,yearly
nyc,7858.02,Bergen Ave & E 152 St,2023,12278,6123,6155,12278,40.817166,-73.914737,12,251,2044.3068903730248,1,yearly
nyc,7860.08,Convent Ave & W 135 St,2023,23208,11623,11585,23208,40.818215,-73.950988,12,188,810.0654946570147,1,yearly
nyc,7863.03,E 149 St & Morris Ave,2023,16633,8264,8369,16633,40.81734,-73.922962,12,234,1406.8418204773643,1,yearly
nyc,7865.09,Broadway & W 131 St,2023,20892,10438,10454,20892,40.817555,-73.957163,12,277,1325.8663603293126,1,yearly
nyc,7867.04,Southern Blvd & Tiffany St,2023,4747,2367,2380,4747,40.818185,-73.894143,12,373,7857.594270065305,1,yearly
nyc,7868.05,Gerard Ave & E 146 St,2023,7755,3879,3876,7755,40.817755,-73.92965,12,177,2282.3984526112185,1,yearly
nyc,7870.02,Prospect Ave & Longwood Ave,2023,5863,3121,2742,5863,40.81899,-73.90202,12,187,3189.493433395872,1,yearly
nyc,7872.03,Lenox Ave & W 140 St,2023,23411,11690,11721,23411,40.817245,-73.938787,12,270,1153.304002392038,1,yearly
nyc,7876.07,Frederick Douglass Blvd & W 139 St,2023,16895,8457,8438,16895,40.81900581813489,-73.9447689056756,12,246,1456.0520864160994,1,yearly
nyc,7879.01,Melrose Ave & E 150 St,2023,37380,18638,18742,37380,40.816827,-73.917338,12,254,679.5077581594436,1,yearly
nyc,7881.09,Old Broadway & W 133 St,2023,5862,2922,2940,5862,40.818212,-73.955277,12,248,4230.638007505971,1,yearly
nyc,7883.06,Lafayette Ave & Hunts Point Ave,2023,7326,3664,3662,7326,40.816567,-73.888161,12,307,4190.55419055419,1,yearly
nyc,7883.09,Seneca Ave & Irvine St,2023,3435,1714,1721,3435,40.818725700284695,-73.88862490665936,12,344,10014.556040756914,1,yearly
nyc,7884.04,E 149 St & Park Ave,2023,14914,7438,7476,14914,40.818154,-73.925294,12,178,1193.5094542041036,1,yearly
nyc,7886.02,12 Ave & W 125 St,2023,42716,21359,21357,42716,40.818299,-73.960405,12,176,412.0235977151419,1,yearly
nyc,7888.1,Dawson St & Intervale Ave,2023,971,662,309,971,40.819999,-73.897263,11,281,28939.237899073123,1,yearly
nyc,7888.10,Dawson St & Intervale Ave,2023,1892,766,1126,1892,40.819999,-73.897263,12,281,14852.008456659618,1,yearly
nyc,7891.06,Westchester Ave & E 156 St,2023,8014,4004,4010,8014,40.817802,-73.905203,12,123,1534.814075368106,1,yearly
nyc,7893.05,Adam Clayton Powell Blvd & W 141 St,2023,21734,10852,10882,21734,40.819241,-73.941057,12,329,1513.7572467102236,1,yearly
nyc,7896.11,E 156 & Brook Ave,2023,11126,5551,5575,11126,40.819823,-73.912411,10,199,1788.6032716160346,1,yearly
nyc,7896.11,E 156 St & Brook Ave,2023,2830,1411,1419,2830,40.819823,-73.912411,3,199,7031.802120141342,1,yearly
nyc,7898.03,St Nicholas Ave & W 137 St,2023,17658,8789,8869,17658,40.818477,-73.947568,12,230,1302.5257673575716,1,yearly
nyc,7901.04,Morris Ave & E 153 St,2023,9925,4923,5002,9925,40.820036,-73.921411,12,173,1743.073047858942,1,yearly
nyc,7903.02,Broadway & W 133 St,2023,22715,11303,11412,22715,40.81903439971258,-73.956156,12,259,1140.215716486903,1,yearly
nyc,7905.05,Garrison Ave & Manida St,2023,3391,1785,1606,3391,40.818743,-73.890247,12,335,9879.091713358892,1,yearly
nyc,7906.13,E 150 St & Gerard Ave,2023,4768,2368,2400,4768,40.820089,-73.928947,8,154,3229.8657718120808,1,yearly
nyc,7909.07,Westchester Ave & Longwood Ave,2023,12735,6450,6285,12735,40.819701,-73.901311,12,181,1421.2799371809974,1,yearly
nyc,7910.01,Lenox Ave & W 144 St,2023,16955,8420,8535,16955,40.819783,-73.936521,12,220,1297.5523444411679,1,yearly
nyc,7910.1,Lenox Ave & W 146 St,2023,4090,2731,1359,4090,40.821111,-73.935971,11,201,4914.42542787286,1,yearly
nyc,7910.10,Lenox Ave & W 146 St,2023,6637,2534,4103,6637,40.821111,-73.935971,12,201,3028.476721410276,1,yearly
nyc,7913.15,Cauldwell Ave & E 158 St,2023,12228,6086,6142,12228,40.81989,-73.908351,12,184,1504.7432122996402,1,yearly
nyc,7915.11,Edgecombe Ave & W 141 St,2023,23552,11749,11803,23552,40.820681,-73.945144,12,264,1120.9239130434783,1,yearly
nyc,7918.12,Melrose Ave & E 154 St,2023,8797,4340,4457,8797,40.819609,-73.916071,12,247,2807.7753779697623,1,yearly
nyc,7920.05,Amsterdam Ave & W 136 St,2023,22921,11590,11331,22921,40.819746,-73.951819,12,195,850.7482221543563,1,yearly
nyc,7922.01,Faile St & Garrison Ave,2023,2253,1153,1100,2253,40.820578,-73.888271,12,320,14203.284509542833,1,yearly
nyc,7925.04,W 133 St & 12 Ave,2023,11508,5749,5759,11508,40.820003,-73.959089,12,170,1477.2332290580466,1,yearly
nyc,7927.08,E 163 St & Tiffany St,2023,6218,3090,3128,6218,40.821075,-73.895069,12,324,5210.678674815053,1,yearly
nyc,7931.05,E 160 St & Tinton Ave,2023,6365,3248,3117,6365,40.820302,-73.903944,12,150,2356.637863315004,1,yearly
nyc,7932.1,W 144 St & Adam Clayton Powell Blvd,2023,6929,4398,2531,6929,40.820877,-73.939249,11,300,4329.629095107519,1,yearly
nyc,7932.10,W 144 St & Adam Clayton Powell Blvd,2023,10713,4387,6326,10713,40.820877,-73.939249,12,300,2800.336040324839,1,yearly
nyc,7935.07,Brook Ave & E 157 St,2023,9434,4631,4803,9434,40.820713,-73.911759,12,221,2342.5906296374815,1,yearly
nyc,7937.15,St Nicholas Terrace & Convent Ave,2023,6228,3116,3112,6228,40.821294,-73.947868,3,250,4014.1297366730896,1,yearly
nyc,7937.15,St. Nicholas Terrace & Convent Ave,2023,13416,6678,6738,13416,40.821294,-73.947868,10,250,1863.4466308884912,1,yearly
nyc,7940.02,E 155 St & Courtlandt Ave,2023,5895,2973,2922,5895,40.82057,-73.917579,12,225,3816.7938931297713,1,yearly
nyc,7940.04,E 156 St & Courtlandt Ave,2023,7402,3649,3753,7402,40.82123860184338,-73.91732990744597,12,239,3228.85706565793,1,yearly
nyc,7942.07,Broadway & W 138 St,2023,20971,11219,9752,20971,40.82182,-73.95353,12,212,1010.919841686138,1,yearly
nyc,7942.21,Riverside Dr & W 138 St,2023,17077,8640,8437,17077,40.823168,-73.955857,12,160,936.932716519295,1,yearly
nyc,7944.11,Bruckner Blvd & Bryant Ave,2023,645,321,324,645,40.821952,-73.888546,3,339,52558.13953488372,1,yearly
nyc,7945.03,Walton Ave & E 151 St,2023,4396,2182,2214,4396,40.820908646850995,-73.9275391247885,5,151,3434.940855323021,1,yearly
nyc,7945.07,Walton Ave & E 153 St,2023,5666,2802,2864,5666,40.822351,-73.926907,11,147,2594.4228732792094,1,yearly
nyc,7948.1,Intervale Ave & Westchester Ave,2023,1764,1531,233,1764,40.821967,-73.896752,11,199,11281.179138321995,1,yearly
nyc,7948.10,Intervale Ave & Westchester Ave,2023,5174,1938,3236,5174,40.821967,-73.896752,12,199,3846.153846153846,1,yearly
nyc,7952.02,Cauldwell Ave & E 161 St,2023,12066,6014,6052,12066,40.82188,-73.907521,12,194,1607.8236366650092,1,yearly
nyc,7954.12,Frederick Douglass Blvd & W 145 St,2023,22641,11311,11330,22641,40.823061,-73.941928,12,267,1179.2765337220087,1,yearly
nyc,7957.11,E 158 St & Melrose Ave,2023,8714,4341,4373,8714,40.822215,-73.914688,12,263,3018.1317420243286,1,yearly
nyc,7959.18,Hamilton Pl & W 140 St,2023,15632,8137,7495,15632,40.822756,-73.951346,12,211,1349.7952917093141,1,yearly
nyc,7962.01,Concourse Village West & E 156 St,2023,9899,4917,4982,9899,40.823162,-73.923267,12,174,1757.7533084149916,1,yearly
nyc,7966.02,E 165 St & Fox St,2023,3967,2050,1917,3967,40.82394,-73.894025,12,220,5545.752457776657,1,yearly
nyc,7967.04,River Ave & E 151 St,2023,21745,10828,10917,21745,40.822217,-73.928939,12,130,597.8385835824328,1,yearly
nyc,7970.05,E 163 St & Union Ave,2023,10635,5306,5329,10635,40.822545,-73.901824,12,162,1523.2722143864598,1,yearly
nyc,7971.07,W 147 St & Adam Clayton Powell Blvd,2023,16826,8328,8498,16826,40.82281,-73.937413,12,239,1420.4207773683584,1,yearly
nyc,7974.01,3 Ave & E 163 St,2023,10906,5430,5476,10906,40.823872,-73.908699,12,217,1989.730423620026,1,yearly
nyc,7976.08,Edgecombe Ave & W 145 St,2023,25603,12815,12788,25603,40.823498,-73.94386,12,294,1148.3029332500098,1,yearly
nyc,7979.17,E 161 St & Park Ave,2023,14696,7334,7362,14696,40.824811,-73.916407,12,268,1823.625476320087,1,yearly
nyc,7981.16,Broadway & W 142 St,2023,17131,8885,8246,17131,40.824686,-73.951947,12,208,1214.1731364193568,1,yearly
nyc,7981.27,W 140 St & Riverside Dr,2023,6401,3239,3162,6401,40.824013,-73.954743,12,157,2452.741759100141,1,yearly
nyc,7983.02,Longfellow Ave & Aldus St,2023,7072,3473,3599,7072,40.823121062388736,-73.88768360308956,9,343,4850.113122171946,1,yearly
nyc,7983.04,Longfellow Ave & E 165 St,2023,3493,1788,1705,3493,40.825322,-73.887729,12,237,6784.998568565703,1,yearly
nyc,7984.04,Grand Concourse & E 156 St,2023,10912,5464,5448,10912,40.823429,-73.924689,12,157,1438.782991202346,1,yearly
nyc,7987.14,Rogers Pl & E 165 St,2023,5267,2613,2654,5267,40.82388366441761,-73.8974027708582,12,186,3531.422061894817,1,yearly
nyc,7991.01,Tinton Ave & E 165 St,2023,9902,4964,4938,9902,40.824796,-73.90242,12,139,1403.756816804686,1,yearly
nyc,7992.04,Bradhurst Ave & W 148 St,2023,13934,6935,6999,13934,40.825125,-73.941616,12,276,1980.7664705038037,1,yearly
nyc,7995.04,Washington Ave & E 163 St,2023,17585,8746,8839,17585,40.824,-73.91089,12,249,1415.979528006824,1,yearly
nyc,7997.08,W 145 St & Amsterdam Ave,2023,20063,10110,9953,20063,40.825244,-73.947257,12,255,1270.9963614613966,1,yearly
nyc,8000.02,Concourse Village East & E 158 St,2023,14717,7365,7352,14717,40.823732,-73.919379,12,214,1454.1006998708976,1,yearly
nyc,8004.03,Westchester Ave & Southern Blvd,2023,16365,8134,8231,16365,40.824956,-73.891677,12,228,1393.217231897342,1,yearly
nyc,8005.03,E 157 St & River Ave,2023,12035,5993,6042,12035,40.825737,-73.927311,12,182,1512.2559202326547,1,yearly
nyc,8005.08,River Ave & E 153 St,2023,8425,4212,4213,8425,40.82441,-73.92818,12,163,1934.7181008902078,1,yearly
nyc,8008.03,Prospect Ave & E 167 St,2023,8955,4457,4498,8955,40.826303,-73.898751,12,118,1317.6996091568956,1,yearly
nyc,8009.05,Adam Clayton Powell Blvd & W 151 St,2023,14529,7233,7296,14529,40.825289,-73.936232,12,207,1424.7367334296923,1,yearly
nyc,8012.04,3 Ave & Franklin Ave,2023,11339,5618,5721,11339,40.82696,-73.907451,12,188,1657.994532145692,1,yearly
nyc,8013.07,St Nicholas Ave & W 150 St,2023,14051,7337,6714,14051,40.827212,-73.942722,12,256,1821.9343818945272,1,yearly
nyc,8016.07,Park Ave & E 162 St,2023,10955,5472,5483,10955,40.825716,-73.915585,12,259,2364.2172523961663,1,yearly
nyc,8018.04,Riverside Dr & W 145 St,2023,14491,7361,7130,14491,40.827305,-73.951989,12,176,1214.5469601821821,1,yearly
nyc,8018.09,W 146 St & Broadway,2023,20623,11257,9366,20623,40.826969,-73.949738,12,217,1052.2232458905105,1,yearly
nyc,8020.01,Home St & Westchester Ave,2023,12083,5973,6110,12083,40.827629,-73.886659,12,162,1340.7266407349168,1,yearly
nyc,8021.11,Grand Concourse & E 161 St,2023,28299,14149,14150,28299,40.827133804251766,-73.9227358996951,12,200,706.7387540195766,1,yearly
nyc,8024.05,E 169 St & Fox St,2023,3638,1835,1803,3638,40.827184,-73.893721,12,168,4617.921935129192,1,yearly
nyc,8025.01,E 153 St & E 157 St,2023,9769,4855,4914,9769,40.826677,-73.929327,12,187,1914.218446105026,1,yearly
nyc,8029.28,Macombs Pl & W 152 St,2023,15322,7589,7733,15322,40.826406,-73.937948,12,199,1298.786059261193,1,yearly
nyc,8033.09,W 148 St & Amsterdam Ave,2023,14481,7355,7126,14481,40.827075,-73.945909,12,247,1705.6833091637316,1,yearly
nyc,8036.05,Morris Ave & E 163 St,2023,23298,11603,11695,23298,40.82723049960452,-73.91765579598457,12,249,1068.7612670615504,1,yearly
nyc,8040.03,E 167 St & Bryant Ave,2023,3143,1643,1500,3143,40.826706,-73.888719,12,186,5917.912822144448,1,yearly
nyc,8041.07,E 161 St & River Ave,2023,36462,18123,18339,36462,40.827883,-73.927111,12,204,559.4865887773573,1,yearly
nyc,8044.09,Intervale Ave & Kelly St,2023,4620,2289,2331,4620,40.827301,-73.896372,12,139,3008.6580086580084,1,yearly
nyc,8048.01,E 167 St & Franklin Ave,2023,8242,4202,4040,8242,40.82895,-73.90521,12,178,2159.669983013832,1,yearly
nyc,8048.04,Boston Rd & E 167 St,2023,13660,6847,6813,13660,40.828199,-73.903719,12,163,1193.2650073206441,1,yearly
nyc,8049.05,Edgecombe Ave & W 150 St,2023,6278,3190,3088,6278,40.826881,-73.941427,12,270,4300.732717425932,1,yearly
nyc,8049.1,Convent Ave & W 151 St,2023,3551,1968,1583,3551,40.82831,-73.942924,12,237,6674.176288369474,1,yearly
nyc,8049.10,Convent Ave & W 151 St,2023,4444,2408,2036,4444,40.82831,-73.942924,12,237,5333.033303330333,1,yearly
nyc,8052.01,Webster Ave & E 166 St,2023,5044,2506,2538,5044,40.828975,-73.911259,11,188,3727.200634417129,1,yearly
nyc,8052.02,E 165 St & Clay Ave,2023,8842,4409,4433,8842,40.82809,-73.91288,12,207,2341.0992988011762,1,yearly
nyc,8054.04,Riverside Dr & W 148 St,2023,9379,4777,4602,9379,40.829114,-73.950426,12,176,1876.532679390127,1,yearly
nyc,8057.02,Grand Concourse & E 164 St,2023,19190,9610,9580,19190,40.829608,-73.921461,12,217,1130.7972902553413,1,yearly
nyc,8060.01,Freeman St & Southern Blvd,2023,6558,3233,3325,6558,40.830051,-73.892103,11,123,1875.5718206770355,1,yearly
nyc,8061.01,Jerome Ave & Anderson Ave,2023,3963,1974,1989,3963,40.830179,-73.928747,12,189,4769.114307342922,1,yearly
nyc,8064.03,Union Ave & E 169 St,2023,3806,1881,1925,3806,40.82995,-73.898802,11,149,3914.8712559117184,1,yearly
nyc,8065.13,W 155 St & Frederick Douglass Blvd,2023,8614,4302,4312,8614,40.82923,-73.936996,12,200,2321.801718133271,1,yearly
nyc,8068.01,Washington Ave & E 167 St,2023,10281,5101,5180,10281,40.829896,-73.907618,12,207,2013.4228187919462,1,yearly
nyc,8069.01,Amsterdam Ave & W 152 St,2023,15253,7854,7399,15253,40.829523,-73.944279,12,220,1442.3392119583034,1,yearly
nyc,8072.06,Sherman Ave & E 166 St,2023,17053,8517,8536,17053,40.83130549267296,-73.91744792461395,12,175,1026.2123966457514,1,yearly
nyc,8076.08,West Farms Rd & Boone Ave,2023,2541,1248,1293,2541,40.830128394432215,-73.8863021134246,12,175,6887.052341597796,1,yearly
nyc,8077.07,Gerard Ave & E 164 St,2023,5675,2867,2808,5675,40.830262,-73.923391,12,196,3453.7444933920706,1,yearly
nyc,8080.01,Freeman St & Reverend James A Polite Ave,2023,2159,1089,1070,2159,40.830529,-73.894717,11,140,6484.4835572024085,1,yearly
nyc,8081.01,Jerome Ave & Ogden Ave,2023,4969,2466,2503,4969,40.829797,-73.931015,12,195,3924.3308512779236,1,yearly
nyc,8084.03,Fulton Ave & E 168 St,2023,8213,4163,4050,8213,40.830471,-73.904556,12,179,2179.4715694630463,1,yearly
nyc,8085.05,St Nicholas Ave & W 155 St,2023,2221,1157,1064,2221,40.830663,-73.941323,3,221,9950.47276001801,1,yearly
nyc,8085.05,St. Nicholas Ave & W 155 St,2023,7785,4078,3707,7785,40.830663,-73.941323,10,221,2838.792549775209,1,yearly
nyc,8085.09,St Nicholas Ave & W 157 St,2023,1597,818,779,1597,40.832314,-73.94102,3,245,15341.264871634314,1,yearly
nyc,8085.09,St. Nicholas Ave & W 157 St,2023,6025,3124,2901,6025,40.832314,-73.94102,10,245,4066.390041493776,1,yearly
nyc,8085.13,Harlem River Dr & W 155 St,2023,7404,3706,3698,7404,40.830476,-73.939929,12,201,2714.7487844408424,1,yearly
nyc,8088.01,E 167 St & Clay Ave,2023,8742,4326,4416,8742,40.83094,-73.91125,12,195,2230.610844200412,1,yearly
nyc,8089.05,Broadway & W 153 St,2023,10250,5292,4958,10250,40.831327,-73.946665,12,226,2204.8780487804875,1,yearly
nyc,8092.06,Grand Concourse & E 166 St,2023,21250,10851,10399,21250,40.83196,-73.91956,12,172,809.4117647058823,1,yearly
nyc,8095.06,Hoe Ave & Jennings St,2023,6516,3297,3219,6516,40.832171,-73.889686,12,153,2348.0662983425414,1,yearly
nyc,8096.02,Jerome Ave & E 164 St,2023,8122,3996,4126,8122,40.831444,-73.926226,12,169,2080.768283673972,1,yearly
nyc,8096.03,Anderson Ave & W 164 St,2023,7681,3859,3822,7681,40.832057,-73.927421,12,143,1861.7367530269498,1,yearly
nyc,8099.04,Prospect Ave & Jennings St,2023,5503,2799,2704,5503,40.831762,-73.896853,12,133,2416.8635289841905,1,yearly
nyc,8100.01,Frederick Douglass Blvd & Harlem River Dr,2023,7976,3940,4036,7976,40.830702,-73.936371,12,162,2031.0932798395188,1,yearly
nyc,8103.05,3 Ave & E 169 St,2023,19171,9445,9726,19171,40.832678,-73.905158,12,200,1043.242397371029,1,yearly
nyc,8104.1,Amsterdam Ave & W 156 St,2023,2664,2510,154,2664,40.832081,-73.942386,11,227,8521.02102102102,1,yearly
nyc,8104.10,Amsterdam Ave & W 156 St,2023,6724,2787,3937,6724,40.832081,-73.942386,12,227,3375.966686496133,1,yearly
nyc,8107.1,Morris Ave & McClellan St,2023,3217,2949,268,3217,40.831584,-73.9149,12,222,6900.839291265154,1,yearly
nyc,8107.10,Morris Ave & McClellan St,2023,9014,3110,5904,9014,40.831584,-73.9149,12,222,2462.8355890836474,1,yearly
nyc,8108.02,Riverside Dr & W 153 St,2023,13946,6937,7009,13946,40.832164,-73.949702,12,154,1104.2592858167216,1,yearly
nyc,8110.04,Boone Ave & E 172 St,2023,7682,3846,3836,7682,40.832649,-73.885272,12,135,1757.3548555063785,1,yearly
nyc,8111.04,Gerard Ave & E 165 St,2023,5877,2351,3526,5877,40.83173,-73.922394,12,151,2569.3380976688786,1,yearly
nyc,8111.07,River Ave & McClellan St,2023,10403,5178,5225,10403,40.83406,-73.92243,12,187,1797.5583966163608,1,yearly
nyc,8114.02,Louis Nine Blvd & Intervale Ave,2023,5504,2752,2752,5504,40.831998,-73.892686,12,137,2489.098837209302,1,yearly
nyc,8115.01,Ogden Ave & W 164 St,2023,7377,3748,3629,7377,40.832812,-73.929372,12,133,1802.9009082282769,1,yearly
nyc,8118.02,Franklin Ave & E 169 St,2023,14462,7258,7204,14462,40.83171,-73.90208,12,173,1196.2384179228322,1,yearly
nyc,8119.05,W 159 St & Edgecombe Ave,2023,5521,2806,2715,5521,40.833303,-73.939326,12,194,3513.8561854736463,1,yearly
nyc,8122.04,E 169 St & Webster Ave,2023,11118,5526,5592,11118,40.834015,-73.908863,12,199,1789.890268033819,1,yearly
nyc,8123.02,Broadway & W 155 St,2023,13394,6781,6613,13394,40.83299,-73.94592,9,217,1620.128415708526,1,yearly
nyc,8123.06,Broadway & W 157 St,2023,3795,1909,1886,3795,40.83402740143528,-73.94510813442648,3,230,6060.606060606061,1,yearly
nyc,8126.07,Grand Concourse & E 167 St,2023,22574,11683,10891,22574,40.834263,-73.917641,12,205,908.1243908921768,1,yearly
nyc,8129.02,Southern Blvd & E 172 St,2023,4901,2447,2454,4901,40.834124,-73.88955,12,166,3387.063864517446,1,yearly
nyc,8130.02,E 165 St & Jerome Ave,2023,5970,3014,2956,5970,40.83263,-73.925101,12,166,2780.569514237856,1,yearly
nyc,8133.08,Boston Rd & Prospect Ave,2023,15057,7470,7587,15057,40.833246,-73.896599,12,132,876.6686590954373,1,yearly
nyc,8137.06,3 Ave & E 170 St,2023,16454,8101,8353,16454,40.834857,-73.903743,12,187,1136.5017624893644,1,yearly
nyc,8138.07,W 160 St & St Nicholas Ave,2023,2460,1338,1122,2460,40.834468,-73.939865,3,224,9105.69105691057,1,yearly
nyc,8138.07,W 160 St & St. Nicholas Ave,2023,9357,4978,4379,9357,40.834468,-73.939865,10,224,2393.9296783156997,1,yearly
nyc,8141.05,College Ave & E 169 St,2023,9790,4894,4896,9790,40.835122799050325,-73.91196817158463,12,196,2002.0429009193056,1,yearly
nyc,8144.09,E 174 St & Longfellow Ave,2023,8998,4414,4584,8998,40.836274,-73.884308,12,172,1911.5358968659702,1,yearly
nyc,8145.03,Gerard Ave & McClellan St,2023,5548,2825,2723,5548,40.833909,-73.92112,12,180,3244.4124008651766,1,yearly
nyc,8149.09,Ogden Ave & W 165 St,2023,11159,5552,5607,11159,40.834457,-73.928381,12,134,1200.8244466350031,1,yearly
nyc,8152.03,Fulton Ave & St Paul's Pl,2023,2756,1367,1389,2756,40.83545,-73.90153,3,175,6349.78229317852,1,yearly
nyc,8152.03,Fulton Ave & St. Paul's Pl,2023,10264,5195,5069,10264,40.83545,-73.90153,10,175,1704.9883086515977,1,yearly
nyc,8153.1,W 163 St & Edgecombe Ave,2023,983,930,53,983,40.835798,-73.937496,11,154,15666.327568667346,1,yearly
nyc,8153.10,W 163 St & Edgecombe Ave,2023,3373,1367,2006,3373,40.835798,-73.937496,12,154,4565.6685443225615,1,yearly
nyc,8156.01,E 170 St & Clay Ave,2023,10741,5346,5395,10741,40.837213,-73.908345,12,167,1554.7900567917327,1,yearly
nyc,8156.03,E 170 St & Webster Ave,2023,16814,8254,8560,16814,40.83617913677475,-73.90730146322765,12,195,1159.7478291899608,1,yearly
nyc,8157.06,Broadway & W 160 St,2023,17644,8821,8823,17644,40.835775,-73.9434,12,230,1303.559283609159,1,yearly
nyc,8160.03,Sheridan Ave & E 168 St,2023,13886,7063,6823,13886,40.835334,-73.9154,12,200,1440.2995823131212,1,yearly
nyc,8163.05,Southern Blvd & E 174 St,2023,15199,7584,7615,15199,40.836733,-73.887931,12,169,1111.9152575827356,1,yearly
nyc,8167.02,Wilkins Ave & Crotona Park E,2023,11630,5793,5837,11630,40.835302,-73.895133,12,124,1066.208082545142,1,yearly
nyc,8167.04,Charlotte St & Boston Rd,2023,5906,2972,2934,5906,40.83587709992576,-73.89314280014848,12,114,1930.2404334575008,1,yearly
nyc,8171.06,E 171 St & 3 Ave,2023,10146,5022,5124,10146,40.837119,-73.902185,12,194,1912.0835797358563,1,yearly
nyc,8172.07,Amsterdam Ave & W 162 St,2023,10599,5607,4992,10599,40.83618,-73.939789,12,206,1943.5795829795263,1,yearly
nyc,8175.06,College Ave & E 170 St,2023,6464,3289,3175,6464,40.837576,-73.910489,12,160,2475.2475247524753,1,yearly
nyc,8179.03,Walton Ave & E 168 St,2023,15138,7532,7606,15138,40.83649,-73.918316,12,210,1387.2374157748711,1,yearly
nyc,8182.02,Crotona Park East & E 173 St,2023,8099,4062,4037,8099,40.837037,-73.890413,12,127,1568.0948265217928,1,yearly
nyc,8183.02,University Ave & W 168 St,2023,4538,2257,2281,4538,40.838706,-73.927034,12,166,3657.9991185544295,1,yearly
nyc,8183.08,Nelson Ave & 167 St,2023,11226,5650,5576,11226,40.83670566902283,-73.92608866135934,12,158,1407.4469980402637,1,yearly
nyc,8186.01,Fulton Ave & E 172 St,2023,9991,4997,4994,9991,40.839229,-73.899047,12,134,1341.20708637774,1,yearly
nyc,8187.04,Edgecombe Ave & W 167 St,2023,7398,3864,3534,7398,40.838191,-73.936085,11,139,1878.8861854555284,1,yearly
nyc,8190.03,E 171 St & Webster Ave,2023,9576,4794,4782,9576,40.838379,-73.905838,12,161,1681.2865497076023,1,yearly
nyc,8191.01,Broadway & W 165 St,2023,9456,5031,4425,9456,40.839137,-73.941409,12,241,2548.646362098139,1,yearly
nyc,8194.06,Grand Concourse & E 171 St,2023,11334,5813,5521,11334,40.839549,-73.913004,12,223,1967.5313216869595,1,yearly
nyc,8194.07,E 170 St & Sheridan Ave,2023,16652,8359,8293,16652,40.838315,-73.912604,12,168,1008.8878212827287,1,yearly
nyc,8196.02,Southern Blvd & E 175 St,2023,13361,6606,6755,13361,40.839335,-73.886445,12,186,1392.1113689095127,1,yearly
nyc,8198.05,Shakespeare Ave & W 169 St,2023,13439,6714,6725,13439,40.839312,-73.922423,12,206,1532.8521467371083,1,yearly
nyc,8205.05,3 Ave & E 172 St,2023,10797,5350,5447,10797,40.839586,-73.900277,12,182,1685.6534222469206,1,yearly
nyc,8206.17,Amsterdam Ave & W 167 St,2023,9883,5085,4798,9883,40.839443,-73.937044,12,173,1750.4806232925225,1,yearly
nyc,8209.01,Morris Ave & E 171 St,2023,5265,2650,2615,5265,40.83899,-73.9109,12,191,3627.7302943969607,1,yearly
nyc,8210.01,W 163 St & Riverside Dr,2023,6872,3436,3436,6872,40.839278,-73.945446,12,186,2706.6356228172294,1,yearly
nyc,8212.01,Boston Rd & West Farms Rd,2023,1267,620,647,1267,40.83998,-73.8806,3,158,12470.402525651145,1,yearly
nyc,8213.01,Plaza Dr & W 170 St,2023,21635,10721,10914,21635,40.840484,-73.917946,12,211,975.2715507279871,1,yearly
nyc,8216.02,Waterloo Pl & Crotona Park East,2023,6115,3132,2983,6115,40.839194,-73.888587,12,165,2698.282910874898,1,yearly
nyc,8218.04,Ogden Ave & Merriam Ave,2023,7760,3900,3860,7760,40.839142,-73.925961,12,175,2255.1546391752577,1,yearly
nyc,8225.05,Clay Ave & Claremont Pkwy,2023,7810,3856,3954,7810,40.83999,-73.90549,12,175,2240.717029449424,1,yearly
nyc,8226.05,W 165 St & Fort Washington Ave,2023,10047,5059,4988,10047,40.84004,-73.942939,12,222,2209.6148103911614,1,yearly
nyc,8226.06,Broadway & W 168 St,2023,20758,11211,9547,20758,40.84089603191345,-73.93972098827984,12,236,1136.9110704306772,1,yearly
nyc,8226.07,W 168 St & Ft Washington Ave,2023,5472,2948,2524,5472,40.84210236102174,-73.9422395825386,3,224,4093.5672514619882,1,yearly
nyc,8226.07,W 168th S & Fort Washington Ave,2023,18670,10001,8669,18670,40.842102360760734,-73.9422395828404,10,224,1199.7857525441884,1,yearly
nyc,8229.04,Sheridan Ave & E 172 St,2023,10401,5214,5187,10401,40.840494,-73.911479,12,184,1769.0606672435342,1,yearly
nyc,8233.01,Inwood Ave & W 170 St,2023,4205,2127,2078,4205,40.840536,-73.919228,12,206,4898.929845422117,1,yearly
nyc,8236.01,Crotona Park North & Prospect Ave,2023,8948,4446,4502,8948,40.841092,-73.892317,12,127,1419.3115780062583,1,yearly
nyc,8241.07,3 Ave & E 174 St,2023,8386,4155,4231,8386,40.84224,-73.8985,12,257,3064.6315287383736,1,yearly
nyc,8242.04,Amsterdam Ave & W 172 St,2023,10257,5296,4961,10257,40.842173,-73.935111,12,183,1784.1474115238375,1,yearly
nyc,8245.03,Mount Eden Pkwy & Eastburn Ave,2023,4499,2229,2270,4499,40.842675,-73.908544,10,229,5090.020004445432,1,yearly
nyc,8248.05,Boston Rd & E 178 St,2023,921,454,467,921,40.84096,-73.87923,3,159,17263.84364820847,1,yearly
nyc,8249.1,Walton Ave & E 171 St,2023,5703,5215,488,5703,40.840683,-73.915073,11,252,4418.726985796949,1,yearly
nyc,8249.10,Walton Ave & E 171 St,2023,13625,4399,9226,13625,40.840683,-73.915073,12,252,1849.5412844036698,1,yearly
nyc,8252.03,Crotona Pkwy & Elsmere Pl,2023,325,160,165,325,40.84188,-73.8855,2,206,63384.61538461538,1,yearly
nyc,8254.01,W 170 St & University Ave,2023,9534,4832,4702,9534,40.84207,-73.926075,12,199,2087.2666247115585,1,yearly
nyc,8257.03,Crotona Ave & Crotona Park N,2023,251,121,130,251,40.84234,-73.89409,2,220,87649.40239043825,1,yearly
nyc,8262.07,W 171 St & St Nicholas Ave,2023,2959,1627,1332,2959,40.842941,-73.938631,3,224,7570.125042244001,1,yearly
nyc,8262.07,W 171 St & St. Nicholas Ave,2023,9935,5449,4486,9935,40.842941,-73.938631,10,224,2254.6552591847008,1,yearly
nyc,8265.09,Grand Concourse & E Mount Eden Ave,2023,2244,1125,1119,2244,40.84301,-73.91172,3,298,13279.857397504458,1,yearly
nyc,8265.09,Grand Concourse & East Mount Eden Ave,2023,10998,5473,5525,10998,40.84301,-73.91172,10,298,2709.5835606473906,1,yearly
nyc,8268.08,E 179 St & Daly Ave,2023,217,103,114,217,40.84335,-73.88247,2,186,85714.28571428571,1,yearly
nyc,8269.01,Goble Pl & Macombs Rd,2023,11534,5646,5888,11534,40.844075,-73.917256,11,298,2583.665684064505,1,yearly
nyc,8272.01,Clinton Ave & E Tremont Ave,2023,592,304,288,592,40.845,-73.88994,3,220,37162.16216216216,1,yearly
nyc,8272.08,E 176 St & Clinton Ave,2023,554,278,276,554,40.84311,-73.89149,3,185,33393.501805054155,1,yearly
nyc,8277.03,Washington Ave & E 174 St,2023,2601,1277,1324,2601,40.843079,-73.900216,12,293,11264.898116109189,1,yearly
nyc,8278.05,Amsterdam Ave & W 175 St,2023,9969,5040,4929,9969,40.844044,-73.933651,12,247,2477.6808105125892,1,yearly
nyc,8281.06,Clay Ave & E 173 St,2023,6721,3355,3366,6721,40.843264,-73.904867,12,217,3228.6862074096116,1,yearly
nyc,8284.01,Bronx Park S & Bryant Ave,2023,79,34,45,79,40.84437,-73.87796,1,83,105063.29113924051,1,yearly
nyc,8285.09,E 174 St & Walton Ave,2023,5410,2741,2669,5410,40.844811,-73.912042,12,332,6136.783733826248,1,yearly
nyc,8285.11,Featherbed Ln & Jerome Ave,2023,4875,2406,2469,4875,40.845505,-73.914311,12,349,7158.974358974358,1,yearly
nyc,8290.01,Nelson Ave & W 172 St,2023,15524,7761,7763,15524,40.843965,-73.920999,12,209,1346.302499355836,1,yearly
nyc,8293.12,Arthur Ave & E Tremont Ave,2023,467,225,242,467,40.84616,-73.89322,2,278,59528.907922912214,1,yearly
nyc,8299.03,Wadsworth Ave & W 175 St,2023,14029,7269,6760,14029,40.846052,-73.937648,12,315,2245.3489200940908,1,yearly
nyc,8303.06,Grand Concourse & E 175 St,2023,7367,3703,3664,7367,40.84627592926422,-73.90931278480772,12,354,4805.212433826524,1,yearly
nyc,8306.03,Vyse Ave & E 181 St,2023,380,186,194,380,40.84463,-73.87988,3,124,32631.578947368424,1,yearly
nyc,8307.05,Macombs Rd & Featherbed Ln,2023,6950,3489,3461,6950,40.84552,-73.91722,12,281,4043.165467625899,1,yearly
nyc,8315.03,3 Ave & E Tremont Ave,2023,475,235,240,475,40.84649,-73.89616,2,305,64210.52631578947,1,yearly
nyc,8316.02,Audobon Ave & W 179 St,2023,7368,3881,3487,7368,40.847305,-73.933291,10,364,4940.28230184582,1,yearly
nyc,8316.02,Audubon Ave & W 179 St,2023,1933,966,967,1933,40.847305,-73.933291,3,364,18830.83290222452,1,yearly
nyc,8319.01,Anthony Ave & E 175 St,2023,8103,4109,3994,8103,40.846465,-73.903869,12,311,3838.084660002468,1,yearly
nyc,8320.01,Fort Washington Ave & W 173 St,2023,12937,6768,6169,12937,40.84522,-73.940493,12,219,1692.8190461467111,1,yearly
nyc,8323.05,Townsend Ave & E 175 St,2023,5176,2562,2614,5176,40.84741,-73.911359,12,364,7032.457496136011,1,yearly
nyc,8325.08,Southern Blvd & E 180 St,2023,939,469,470,939,40.84605,-73.88426,3,166,17678.381256656015,1,yearly
nyc,8325.12,Crotona Pkwy & Bronx Park S,2023,557,269,288,557,40.84784,-73.883,3,133,23877.917414721724,1,yearly
nyc,8327.15,Featherbed Ln & Nelson Ave,2023,7359,3708,3651,7359,40.846011,-73.919637,12,232,3152.6022557412693,1,yearly
nyc,8330.05,Crotona Ave & E 179 St,2023,768,378,390,768,40.84666,-73.88991,3,192,25000.0,1,yearly
nyc,8335.02,Park Ave & E Tremont Ave,2023,333,160,173,333,40.84731,-73.89981,1,332,99699.69969969969,1,yearly
nyc,8336.02,Wadsworth Ave & W 179 St,2023,22511,11598,10913,22511,40.848467,-73.936064,12,396,1759.1399760117276,1,yearly
nyc,8340.05,Weeks Ave & E 175 St,2023,2828,1424,1404,2828,40.846879,-73.907342,7,296,10466.760961810467,1,yearly
nyc,8344.04,Macombs Rd & W 175 St,2023,6700,3395,3305,6700,40.848177,-73.916082,12,289,4313.432835820896,1,yearly
nyc,8344.09,University Ave & Macombs Rd,2023,7994,4157,3837,7994,40.8496401,-73.9161206,12,216,2702.0265198899174,1,yearly
nyc,8346.06,E 180 St & Prospect Ave,2023,471,234,237,471,40.84696,-73.88663000000001,3,196,41613.5881104034,1,yearly
nyc,8348.02,Popham Ave & W 174 St,2023,9160,4663,4497,9160,40.847746,-73.922079,12,140,1528.3842794759826,1,yearly
nyc,8351.06,E 178 St & Monterey Ave,2023,224,109,115,224,40.84749,-73.89464,2,294,131250.0,1,yearly
nyc,8353.02,Amsterdam Ave & W 180 St,2023,5261,2752,2509,5261,40.847396,-73.931205,12,322,6120.509408857632,1,yearly
nyc,8353.09,Amsterdam Ave & W 183 St,2023,6640,3414,3226,6640,40.84925,-73.93022,12,322,4849.3975903614455,1,yearly
nyc,8356.02,E Tremont Ave & E 176 St,2023,12795,6339,6456,12795,40.847798,-73.901883,12,313,2446.2680734661976,1,yearly
nyc,8356.04,Anthony Ave & E Tremont Ave,2023,13645,6829,6816,13645,40.848793,-73.903178,12,304,2227.9223158666177,1,yearly
nyc,8358.03,W 180 St & Ft Washington Ave,2023,19945,10087,9858,19945,40.849972,-73.938423,12,239,1198.2953121082978,1,yearly
nyc,8358.1,Cabrini Blvd & W 177 St,2023,1283,1236,47,1283,40.848282,-73.941343,11,170,13250.194855806702,1,yearly
nyc,8358.10,Cabrini Blvd & W 177 St,2023,3920,1548,2372,3920,40.848282,-73.941343,12,170,4336.734693877551,1,yearly
nyc,8362.02,Walton Ave & E 176 St,2023,7251,3649,3602,7251,40.84833,-73.90971,10,288,3971.8659495242036,1,yearly
nyc,8362.09,Jerome Ave & W 177 St,2023,3361,1685,1676,3361,40.850121,-73.910765,12,258,7676.286819398988,1,yearly
nyc,8366.06,W 176 St & Montgomery Ave,2023,8087,4101,3986,8087,40.849629,-73.919205,12,168,2077.4081859774947,1,yearly
nyc,8366.07,University Ave & Brandt Pl,2023,5881,3020,2861,5881,40.848354,-73.918389,12,230,3910.899506886584,1,yearly
nyc,8369.08,Hughes Ave & Oak Tree Pl,2023,567,285,282,567,40.85079000000001,-73.88945,3,151,26631.393298059964,1,yearly
nyc,8374.02,Park Ave & E 179 St,2023,86,48,38,86,40.85014,-73.89818,1,259,301162.79069767444,1,yearly
nyc,8379.07,Creston Ave & E 178 St,2023,7750,3978,3772,7750,40.850885,-73.906469,12,273,3522.5806451612907,1,yearly
nyc,8381.04,W 181 St & Riverside Dr,2023,14910,7416,7494,14910,40.85168,-73.94186,12,74,496.31120053655263,1,yearly
nyc,8384.03,W Tremont Ave & Grand Ave,2023,4392,2180,2212,4392,40.850036,-73.912785,12,226,5145.719489981785,1,yearly
nyc,8387.03,Crotona Ave & E 183 St,2023,812,403,409,812,40.85157,-73.88475,3,140,17241.37931034483,1,yearly
nyc,8392.02,E 180 St & Monterey Ave,2023,831,415,416,831,40.850249999999996,-73.89301,3,189,22743.682310469314,1,yearly
nyc,8394.15,Amsterdam Ave & W 186 St,2023,5529,2849,2680,5529,40.851113,-73.928808,12,195,3526.85838307108,1,yearly
nyc,8397.02,E Burnside Ave & Ryer Ave,2023,19178,9533,9645,19178,40.850535,-73.901318,12,290,1512.1493377828763,1,yearly
nyc,8399.06,Fort Washington Ave & W 183 St,2023,10653,5976,4677,10653,40.852252,-73.937854,11,200,1877.4054257016803,1,yearly
nyc,8403.02,E Tremont Ave & Jerome Ave,2023,6091,3019,3072,6091,40.851747,-73.908964,12,244,4005.9103595468723,1,yearly
nyc,8407.03,W Tremont Ave & Montgomery Ave,2023,5097,2552,2545,5097,40.851788,-73.916418,12,199,3904.2574063174416,1,yearly
nyc,8410.1,E 182 St & Belmont Ave,2023,30,27,3,30,40.85089,-73.88793,1,164,546666.6666666666,1,yearly
nyc,8410.10,E 182 St & Belmont Ave,2023,233,102,131,233,40.85089,-73.88793,2,164,70386.2660944206,1,yearly
nyc,8415.01,E 181 St & Bathgate Ave,2023,242,121,121,242,40.85198,-73.89438,2,170,70247.93388429753,1,yearly
nyc,8416.07,Broadway & W 185 St,2023,12319,6139,6180,12319,40.852538,-73.93441,12,243,1972.562708012014,1,yearly
nyc,8416.1,W 186 St & St Nicholas Ave,2023,224,114,110,224,40.852253,-73.931308,3,276,123214.28571428572,1,yearly
nyc,8416.1,W 186 St & St. Nicholas Ave,2023,2310,1582,728,2310,40.852253,-73.931308,10,276,11948.051948051947,1,yearly
nyc,8416.10,W 186 St & St Nicholas Ave,2023,1010,534,476,1010,40.852253,-73.931308,3,276,27326.73267326733,1,yearly
nyc,8416.10,W 186 St & St. Nicholas Ave,2023,3399,1480,1919,3399,40.852253,-73.931308,10,276,8120.035304501324,1,yearly
nyc,8425.01,W Burnside Ave & University Ave,2023,7818,3945,3873,7818,40.853686,-73.912498,12,200,2558.1990278843696,1,yearly
nyc,8427.05,Southern Blvd & E 187 St,2023,493,244,249,493,40.8535,-73.88177,2,142,28803.24543610548,1,yearly
nyc,8428.04,W Tremont Ave & Matthewson Rd,2023,5693,2825,2868,5693,40.853827,-73.920765,12,108,1897.066572984367,1,yearly
nyc,8428.05,Sedgwick Ave & W Tremont Ave,2023,6425,3191,3234,6425,40.85304455868985,-73.91830623149872,12,158,2459.143968871595,1,yearly
nyc,8430.03,Arthur Ave & E 183 St,2023,664,327,337,664,40.85307,-73.88953,3,177,26656.626506024095,1,yearly
nyc,8432.11,Amsterdam Ave & W 189 St,2023,5314,2673,2641,5314,40.85318758917786,-73.92715752189737,12,106,1994.7308995107264,1,yearly
nyc,8435.04,Valentine Ave & E 181 St,2023,7542,3742,3800,7542,40.85412386914536,-73.89932222659273,12,258,3420.8432776451873,1,yearly
nyc,8441.01,Morris Ave & E Burnside Ave,2023,6191,3085,3106,6191,40.85322,-73.90546,12,276,4458.084315942498,1,yearly
nyc,8441.05,Davidson Ave & W Burnside Ave,2023,7869,3920,3949,7869,40.853646,-73.908731,12,226,2872.029482780531,1,yearly
nyc,8447.07,Crescent Ave & Belmont Ave,2023,102,47,55,102,40.85391,-73.8866,1,187,183333.3333333333,1,yearly
nyc,8451.07,E 182 St & Park Ave,2023,446,227,219,446,40.85455,-73.89507,3,195,43721.973094170404,1,yearly
nyc,8453.14,W 190 St & St Nicholas Ave,2023,1638,889,749,1638,40.854788,-73.929513,3,165,10073.260073260073,1,yearly
nyc,8453.14,W 190 St & St. Nicholas Ave,2023,6877,3676,3201,6877,40.854788,-73.929513,10,165,2399.3020212301876,1,yearly
nyc,8456.02,Creston Ave & E 181 St,2023,5989,3053,2936,5989,40.8549,-73.90281,12,299,4992.486224745367,1,yearly
nyc,8458.03,Pinehurst Ave & W 187 St,2023,8967,4731,4236,8967,40.855331,-73.937878,12,105,1170.96018735363,1,yearly
nyc,8462.09,University Ave & W Burnside Ave,2023,6823,3450,3373,6823,40.85501,-73.910751,12,156,2286.384288436172,1,yearly
nyc,8465.01,Sedgwick Ave & W Burnside Ave,2023,3263,1623,1640,3263,40.854947,-73.916661,12,140,4290.530186944529,1,yearly
nyc,8467.03,E 184 St & 3 Ave,2023,447,223,224,447,40.85472,-73.89022,2,177,39597.31543624161,1,yearly
nyc,8469.05,Audubon Ave & W 192 St,2023,4050,2084,1966,4050,40.85589030603889,-73.92708241939545,12,137,3382.7160493827164,1,yearly
nyc,8472.06,Valentine Ave & E 183 St,2023,4670,2320,2350,4670,40.856987,-73.898237,12,275,5888.650963597431,1,yearly
nyc,8472.08,Webster Ave & Ford St,2023,6767,3411,3356,6767,40.85556,-73.89615,12,268,3960.3960396039606,1,yearly
nyc,8474.02,W 190 St & Broadway,2023,7228,3586,3642,7228,40.856487334999194,-73.93296986827616,12,155,2144.4382955174324,1,yearly
nyc,8478.11,Jerome Ave & E 181 St,2023,3483,1721,1762,3483,40.855653,-73.905528,12,282,8096.468561584841,1,yearly
nyc,8483.02,Andrews Ave S & W 179 St,2023,4288,2168,2120,4288,40.855156,-73.91278,12,184,4291.044776119403,1,yearly
nyc,8485.01,E 188 St & Hughes Ave,2023,116,50,66,116,40.8561,-73.88625,1,231,199137.93103448275,1,yearly
nyc,8489.06,E 187 St & 3 Ave,2023,278,132,146,278,40.85724,-73.8909,2,240,86330.93525179855,1,yearly
nyc,8491.07,Audubon Ave & Fort George Ave,2023,3418,1724,1694,3418,40.85715781408944,-73.92717361485496,12,154,4505.5588063194855,1,yearly
nyc,8494.01,E 182 St & Morris Ave,2023,7339,3658,3681,7339,40.85670801831049,-73.90265285970357,12,304,4142.253713039923,1,yearly
nyc,8494.06,Ryer Ave & E 182 St,2023,4625,2391,2234,4625,40.8558,-73.89956,12,278,6010.810810810811,1,yearly
nyc,8496.01,Fort Washington Ave & W 190 St,2023,1369,680,689,1369,40.856906,-73.935662,3,101,7377.647918188458,1,yearly
nyc,8496.01,Ft. Washington Ave & W 190 St,2023,4553,2336,2217,4553,40.856906,-73.935662,10,101,2218.3175927959587,1,yearly
nyc,8500.01,Grand Ave & W 181 St,2023,7353,3698,3655,7353,40.856302,-73.907302,12,221,3005.5759553923567,1,yearly
nyc,8502.04,Crotona Ave & E Fordham Rd,2023,304,152,152,304,40.8579,-73.88147,2,134,44078.94736842105,1,yearly
nyc,8505.08,E 189 St & Bathgate Ave,2023,481,236,245,481,40.85859,-73.88821,2,212,44074.84407484408,1,yearly
nyc,8507.02,Dyckman St & 10 Ave,2023,2888,1423,1465,2888,40.858904473371474,-73.92309397469788,12,123,4259.002770083102,1,yearly
nyc,8510.02,Tiebout Ave & E 184 St,2023,9603,4790,4813,9603,40.858498,-73.89637,12,311,3238.571279808393,1,yearly
nyc,8511.08,Broadway & W 192 St,2023,8406,4186,4220,8406,40.857994,-73.932173,12,135,1605.9957173447538,1,yearly
nyc,8514.05,Walton Ave & E 183 St,2023,5039,2564,2475,5039,40.858472,-73.90266,12,332,6588.608850962492,1,yearly
nyc,8520.01,Andrew Ave N & Hall of Fame Tce,2023,4505,2321,2184,4505,40.85834,-73.91008,12,242,5371.80910099889,1,yearly
nyc,8526.03,3 Ave & E 189 St,2023,1065,519,546,1065,40.85985,-73.89135,2,242,22723.00469483568,1,yearly
nyc,8528.05,Nagle Ave & Ellwood St,2023,8470,4211,4259,8470,40.86012,-73.928489,12,154,1818.181818181818,1,yearly
nyc,8532.03,Margaret Corbin Plz & Ft Washington Ave,2023,7118,3599,3519,7118,40.859166,-73.933872,12,86,1208.2045518404047,1,yearly
nyc,8535.01,Buchanan Pl & Grand Ave,2023,6167,3098,3069,6167,40.85834,-73.90626,12,200,3243.0679422733906,1,yearly
nyc,8535.09,Aqueduct Ave & North St,2023,2911,1459,1452,2911,40.8604787,-73.9057169936,12,278,9549.9828237719,1,yearly
nyc,8539.02,Sedgwick Ave & Hall of Fame Tce,2023,692,355,337,692,40.859532,-73.913303,10,188,27167.630057803464,1,yearly
nyc,8539.02,Sedgwick Ave & Hall of Fame Terrace,2023,125,63,62,125,40.859532,-73.913303,3,188,150400.0,1,yearly
nyc,8541.04,E 191 St & Bathgate Ave,2023,50,22,28,50,40.8601,-73.8866,1,175,350000.0,1,yearly
nyc,8543.01,10 Ave & W 202 St,2023,3021,1459,1562,3021,40.861281970879894,-73.9214175957455,12,245,8109.897384971863,1,yearly
nyc,8546.06,Tiebout Ave & E Fordham Rd,2023,1739,858,881,1739,40.861915,-73.894831,3,313,17998.849913743532,1,yearly
nyc,8546.06,Tiebout Ave & E Fordham Road,2023,8987,4263,4724,8987,40.861915,-73.894831,10,313,3482.8085011683543,1,yearly
nyc,8547.04,Broadway & Ellwood St,2023,5250,2604,2646,5250,40.862058,-73.929719,12,158,3009.5238095238096,1,yearly
nyc,8550.01,Jerome Ave & W 184 St,2023,2372,1205,1167,2372,40.860814,-73.902541,12,353,14881.956155143338,1,yearly
nyc,8550.04,Morris Ave & E 184 St,2023,4735,2389,2346,4735,40.86008,-73.90079,12,354,7476.24076029567,1,yearly
nyc,8555.05,Loring Pl North & W 183 St,2023,4980,2546,2434,4980,40.8604244,-73.9093359997,12,260,5220.883534136546,1,yearly
nyc,8558.01,Southern Blvd & Xavier Way,2023,136,72,64,136,40.86149,-73.88103,2,70,51470.58823529411,1,yearly
nyc,8559.04,9 Ave & W 204 St,2023,905,422,483,905,40.86169883507865,-73.91855701804161,12,303,33480.66298342541,1,yearly
nyc,8563.06,Nagle Ave & Thayer St,2023,9448,4677,4771,9448,40.861382,-73.925591,12,200,2116.8501270110078,1,yearly
nyc,8566.05,E 188 St & Creston Ave,2023,10205,5112,5093,10205,40.861669,-73.898589,12,348,3410.093091621754,1,yearly
nyc,8571.02,Grand Ave & W Fordham Rd,2023,4397,2274,2123,4397,40.86288,-73.90316,12,286,6504.434841937686,1,yearly
nyc,8575.02,Cedar Ave & W Fordham Rd,2023,2764,1388,1376,2764,40.86156,-73.91219,12,244,8827.785817655571,1,yearly
nyc,8579.03,W 204 St & Nagle Ave,2023,5293,2547,2746,5293,40.863211,-73.920827,12,307,5800.113357264312,1,yearly
nyc,8579.05,Academy St & Nagle Ave,2023,4060,1978,2082,4060,40.862562,-73.922661,12,319,7857.142857142857,1,yearly
nyc,8579.09,10 Ave & W 204 St,2023,2361,1129,1232,2361,40.862638,-73.92006,12,279,11817.026683608641,1,yearly
nyc,8582.02,Bainbridge Ave & E 193 St,2023,3577,1752,1825,3577,40.86389,-73.89246,12,265,7408.44282918647,1,yearly
nyc,8582.09,E Fordham Rd & Webster Ave,2023,26416,13141,13275,26416,40.861748,-73.89105,12,244,923.6826165960024,1,yearly
nyc,8583.02,Sherman Ave & Thayer St,2023,6282,3142,3140,6282,40.863124,-73.926994,12,194,3088.1884750079594,1,yearly
nyc,8586.09,Jerome Ave & W Fordham Rd,2023,11683,5902,5781,11683,40.86294,-73.90108,12,300,2567.833604382436,1,yearly
nyc,8590.01,W Fordham Rd & Loring Pl N,2023,7503,3768,3735,7503,40.86295,-73.90741,12,277,3691.856590697055,1,yearly
nyc,8597.01,Decatur Ave & E 197 St,2023,1661,816,845,1661,40.86557,-73.88807,12,148,8910.295003010235,1,yearly
nyc,8601.04,Grand Concourse & E 192 St,2023,8458,4234,4224,8458,40.86448,-73.89522,12,295,3487.8221801844406,1,yearly
nyc,8605.06,Aqueduct Ave & W 190 St,2023,3738,1880,1858,3738,40.86492129976554,-73.9024238001563,12,237,6340.2889245585875,1,yearly
nyc,8613.09,10 Ave & W 207 St,2023,6473,3193,3280,6473,40.864632,-73.918598,12,267,4124.82620114321,1,yearly
nyc,8615.01,Bainbridge Ave & E 196 St,2023,6703,3327,3376,6703,40.86648,-73.89042,12,172,2566.015217066985,1,yearly
nyc,8616.06,Riverside Dr & Broadway,2023,13527,6724,6803,13527,40.865364,-73.92791,12,185,1367.6351001700302,1,yearly
nyc,8619.02,Jerome Ave & W 193 St,2023,9449,4722,4727,9449,40.86659,-73.89794,12,229,2423.5368822097576,1,yearly
nyc,8624.01,Webb Ave & W 190 St,2023,3882,2009,1873,3882,40.8660052,-73.904254892,12,204,5255.023183925811,1,yearly
nyc,8631.03,Decatur Ave & Oliver Pl,2023,2124,1048,1076,2124,40.867,-73.88577639882912,12,138,6497.175141242938,1,yearly
nyc,8632.07,W 204 St & Vermilyea Ave,2023,7906,3932,3974,7906,40.866141,-73.922648,12,277,3503.6681001770808,1,yearly
nyc,8635.08,Grand Concourse & E 196 St,2023,8570,4416,4154,8570,40.86767,-73.89286,12,167,1948.6581096849475,1,yearly
nyc,8636.04,Dyckman St & Henshaw St,2023,6654,3235,3419,6654,40.867357,-73.92936,12,90,1352.5698827772767,1,yearly
nyc,8639.01,W 192 St & University Ave,2023,6204,3123,3081,6204,40.866899,-73.901942,12,198,3191.4893617021276,1,yearly
nyc,8643.01,Bailey Ave & Sedgwick Ave,2023,2496,1248,1248,2496,40.86571,-73.90857,12,127,5088.141025641025,1,yearly
nyc,8646.02,Botanical Sq & Webster Ave,2023,7537,3710,3827,7537,40.86814,-73.88145,12,147,1950.3781345362875,1,yearly
nyc,8647.1,W 211 St & 10 Ave,2023,918,591,327,918,40.8670940626145,-73.91729503865876,12,224,24400.87145969499,1,yearly
nyc,8647.10,W 211 St & 10 Ave,2023,1332,525,807,1332,40.86709406268147,-73.9172950387001,12,224,16816.81681681682,1,yearly
nyc,8649.03,Bainbridge Ave & E 198 St,2023,5221,2609,2612,5221,40.8684871,-73.8884559781,12,172,3294.388048266616,1,yearly
nyc,8650.11,Seaman Ave & Beak St,2023,10021,4958,5063,10021,40.867505,-73.926363,12,170,1696.4374812892925,1,yearly
nyc,8653.09,Jerome Ave & W 195 St,2023,7954,4027,3927,7954,40.86874,-73.89657,12,175,2200.1508674880565,1,yearly
nyc,8655.02,Dyckman St & Staff St,2023,10531,5236,5295,10531,40.868846,-73.931537,12,44,417.81407273763176,1,yearly
nyc,8664.06,Decatur Ave & Bedford Park Blvd,2023,3206,1575,1631,3206,40.86813,-73.88412,12,164,5115.408608858391,1,yearly
nyc,8665.02,Seaman Ave & Isham St,2023,8587,4276,4311,8587,40.86989866236678,-73.92076313478616,12,127,1478.979853266566,1,yearly
nyc,8665.09,Isham St & Broadway,2023,11551,5674,5877,11551,40.86788,-73.919685,12,197,1705.4800450177474,1,yearly
nyc,8667.01,Grand Concourse & E 197 St,2023,6496,3286,3210,6496,40.86945,-73.89148,12,163,2509.2364532019706,1,yearly
nyc,8672.05,Eames Pl & Claflin Ave,2023,230,118,112,230,40.8692,-73.90121,2,165,71739.13043478261,1,yearly
nyc,8676.01,Bailey Ave & W 193 St,2023,2330,1120,1210,2330,40.87069,-73.90678,12,102,4377.682403433476,1,yearly
nyc,8679.03,10 Ave & W 215 St,2023,3544,1761,1783,3544,40.86932465754332,-73.91519755274243,12,75,2116.252821670429,1,yearly
nyc,8682.06,Bainbridge Ave & Bedford Park Blvd,2023,4658,2320,2338,4658,40.87002,-73.88565,12,193,4143.409188492916,1,yearly
nyc,8692.04,Sedgwick Ave & W 195 St,2023,433,204,229,433,40.87049,-73.90287,2,159,36720.55427251732,1,yearly
nyc,8696.05,9 Ave & W 219 St,2023,1199,587,612,1199,40.871094,-73.911503,12,89,7422.852376980818,1,yearly
nyc,8699.01,Marion Ave & Mosholu Pkwy,2023,5829,2896,2933,5829,40.870495600037664,-73.88187565823219,12,187,3208.0974438154058,1,yearly
nyc,8703.05,Grand Concourse & E 199 St,2023,5171,2582,2589,5171,40.87142,-73.88839,12,159,3074.8404563914137,1,yearly
nyc,8707.01,Goulden Ave & W 197 St,2023,8261,4124,4137,8261,40.87156,-73.89714,12,130,1573.6593632732113,1,yearly
nyc,8707.04,Strong St & University Ave,2023,398,200,198,398,40.87119,-73.89918,2,146,36683.417085427136,1,yearly
nyc,8711.02,W 225 St & Exterior St,2023,12820,6376,6444,12820,40.873265,-73.906646,12,215,1677.0670826833073,1,yearly
nyc,8715.01,Broadway & W 220 St,2023,8835,4377,4458,8835,40.872412,-73.912807,12,86,973.4012450481041,1,yearly
nyc,8715.06,W 218 St & Broadway,2023,5259,2554,2705,5259,40.87139,-73.914318,12,62,1178.9313557710593,1,yearly
nyc,8717.07,E 201 St & Briggs Ave,2023,2878,1422,1456,2878,40.87207,-73.88459,12,169,5872.1334259902715,1,yearly
nyc,8720.02,Jerome Ave & E 198 St,2023,2126,1077,1049,2126,40.87144520687118,-73.89289632439613,12,112,5268.109125117592,1,yearly
nyc,8732.04,W 218 St & Indian Rd,2023,4085,2033,2052,4085,40.8730545923485,-73.91837194601392,12,42,1028.1517747858018,1,yearly
nyc,8734.02,Jerome Ave & Bedford Park Blvd E,2023,9743,4866,4877,9743,40.87307,-73.88971,12,135,1385.6101816688904,1,yearly
nyc,8734.04,Grand Concourse & E 203 St,2023,4201,2197,2004,4201,40.87382,-73.88661,12,134,3189.716734110926,1,yearly
nyc,8738.01,Goulden Ave & Bedford Park Blvd,2023,871,436,435,871,40.87387,-73.89533,3,61,7003.444316877152,1,yearly
nyc,8738.01,Goulden Ave & Bedford Park Blvd W,2023,2479,1243,1236,2479,40.87387,-73.89533,10,61,2460.669624848729,1,yearly
nyc,8741.01,Bailey Ave & W 229 St,2023,166,71,95,166,40.87449,-73.90467,2,258,155421.68674698795,1,yearly
nyc,8745.01,Marble Hill Ave & W 225 St,2023,448,216,232,448,40.87471,-73.91099,2,137,30580.357142857145,1,yearly
nyc,8748.02,E Mosholu Pkwy & E 204 St,2023,2274,1131,1143,2274,40.87407039880953,-73.88336509282291,12,143,6288.478452066843,1,yearly
nyc,8752.01,Bedford Park Blvd & Paul Ave,2023,4376,2219,2157,4376,40.87444,-73.89186,12,84,1919.5612431444242,1,yearly
nyc,8756.03,Claflin Ave & Reservoir Ave,2023,111,50,61,111,40.87398,-73.89943,2,134,120720.72072072072,1,yearly
nyc,8756.07,Sedgwick Ave & W 231 St,2023,460,234,226,460,40.87512,-73.90126,2,204,44347.82608695652,1,yearly
nyc,8766.03,Grand Concourse & E 205 St,2023,5148,2592,2556,5148,40.875531,-73.8863864831,12,98,1903.6519036519037,1,yearly
nyc,8772.06,Kingsbridge Terrace & W 230 St,2023,11,4,7,11,40.87555,-73.90212,1,220,2000000.0,1,yearly
nyc,8776.02,Marble Hill Ave & W 227 St,2023,152,65,87,152,40.87655,-73.90941,2,218,143421.05263157893,1,yearly
nyc,8778.01,E Mosholu Pkwy & Van Cortlandt Ave E,2023,4611,2302,2309,4611,40.87656,-73.88366,12,120,2602.4723487312945,1,yearly
nyc,8782.01,Paul Ave & W 205 St,2023,5480,2719,2761,5480,40.87704,-73.88943,12,60,1094.890510948905,1,yearly
nyc,8786.01,Giles Pl & Fort Independence St,2023,332,162,170,332,40.87869,-73.89862,2,105,31626.506024096383,1,yearly
nyc,8795.01,Jerome Ave & E Mosholu Parkway S,2023,10850,5364,5486,10850,40.87935,-73.88534,10,105,967.741935483871,1,yearly
nyc,8795.01,Jerome Ave & E Mosholu Pkwy S,2023,2891,1437,1454,2891,40.879349999999995,-73.88534,3,105,3631.961259079903,1,yearly
nyc,8795.03,Grand Concourse & E Mosholu Pkwy S,2023,2876,1478,1398,2876,40.877964,-73.8847550290779,12,100,3477.051460361613,1,yearly
nyc,8799.01,Goulden Ave & W 205 St,2023,6020,3005,3015,6020,40.87812,-73.89192,12,29,481.72757475083057,1,yearly
nyc,8802.05,W 233 St & Albany Crescent,2023,242,114,128,242,40.87979,-73.90164,2,218,90082.64462809918,1,yearly
nyc,8806.01,W 230 St & Marble Hill Ave,2023,508,243,265,508,40.87807,-73.90796,2,245,48228.34645669291,1,yearly
nyc,8811.01,Paul Ave & Mosholu Pkwy,2023,5656,2864,2792,5656,40.880294500855605,-73.88606536417575,12,114,2015.5586987270153,1,yearly
nyc,8815.01,Sedgwick Ave & Giles Pl,2023,412,201,211,412,40.88111,-73.8965,2,104,25242.718446601943,1,yearly
nyc,8819.05,Naples Terrace & Godwin Terrace,2023,127,55,72,127,40.87995,-73.90536,2,226,177952.75590551182,1,yearly
nyc,8828.02,Sedgwick Ave & Hillman Ave,2023,456,226,230,456,40.88224,-73.89136,2,80,17543.859649122805,1,yearly
nyc,8831.03,Bailey Ave & W 234 St,2023,92,37,55,92,40.88066,-73.90076,2,176,191304.34782608697,1,yearly
nyc,8835.05,Irwin Ave & W 232 St,2023,318,153,165,318,40.88227,-73.90809,2,124,38993.7106918239,1,yearly
nyc,8841.03,W Mosholu Pkwy S & Sedgwick Ave,2023,6283,3129,3154,6283,40.88226,-73.88702,12,98,1559.7644437370682,1,yearly
nyc,8849.03,Broadway & W 234 St,2023,426,204,222,426,40.88185,-73.90291,2,170,39906.103286384976,1,yearly
nyc,8859.03,Van Cortlandt Park S & Dickinson Ave,2023,184,88,96,184,40.88435,-73.88781,2,72,39130.434782608696,1,yearly
nyc,8862.02,Bailey Ave & W 238 St,2023,264,126,138,264,40.88417,-73.89793,2,155,58712.121212121216,1,yearly
nyc,8866.01,Tibbett Ave & W 234 St,2023,80,29,51,80,40.88324,-73.90587,2,141,176250.0,1,yearly
nyc,8876.04,Van Cortlandt Park S & Gouverneur Ave,2023,226,116,110,226,40.88492,-73.89084,2,113,50000.0,1,yearly
nyc,8879.02,Broadway & Van Cortlandt Park S,2023,420,197,223,420,40.8863,-73.8997,2,127,30238.095238095237,1,yearly
nyc,8879.03,Broadway & W 238 St,2023,699,335,364,699,40.88524,-73.90077,2,126,18025.751072961375,1,yearly
nyc,8897.05,W 238 St & Tibbett Ave,2023,192,94,98,192,40.88602,-73.90232,2,123,64062.5,1,yearly
nyc,Lab - NYC,Lab - NYC,2023,57,28,29,57,40.75404038449624,-73.99646580219269,6,327,573684.2105263157,1,yearly
nyc,Lab - NYC - Monolith,Lab - NYC - M,2023,7,3,4,7,40.7541804,-73.9964658,2,340,4857142.857142857,1,yearly
nyc,Lab - NYC - Monolith,Lab - NYC - Monolith,2023,2,1,1,2,40.7541804,-73.9964658,1,340,17000000.0,1,yearly
nyc,SYS016,Morgan Bike Mechanics,2023,989,144,845,989,40.70962789682351,-73.93145710229872,12,148,14964.610717896865,1,yearly
nyc,SYS028,Apache,2023,28,13,15,28,40.674886511294666,-73.99672348821886,1,169,603571.4285714285,1,yearly
nyc,SYS032,Park Ave Depot,2023,42,11,31,42,40.69594342560201,-73.96778789156087,6,171,407142.8571428571,1,yearly
nyc,SYS033,Pier 40 X2,2023,719,133,586,719,40.728486861173785,-74.01169271324761,12,69,9596.662030598054,1,yearly
nyc,SYS035,Pier 40 Dock Station,2023,201,0,201,201,40.72865963236461,-74.0119797096122,8,65,32338.308457711446,1,yearly
nyc,SYS038,Morgan Loading Docks,2023,1297,85,1212,1297,40.709306335794274,-73.93117547035216,12,132,10177.33230531997,1,yearly
nyc,SYS039,Morgan Warehouse Monolith,2023,4,2,2,4,40.7095,-73.9329,2,165,4125000.0,1,yearly
nyc,Shop Morgan,Shop Morgan,2023,1,0,1,1,40.70987333941734,-73.9315938949585,1,161,16100000.0,1,yearly
nyc,1234.56,Morgan HCT Charging,2025,2423,902,1521,2423,40.708948,-73.932777,7,94,3879.4882377218323,1,yearly
nyc,190 Morgan,190 Morgan,2025,13,4,9,13,40.711071680975735,-73.9320957361997,4,131,1007692.3076923076,1,yearly
nyc,1964.01,101 St & Fort Hamilton Pkwy,2025,88,40,48,88,40.61124,-74.03282,2,44,50000.0,1,yearly
nyc,2009.04,Shore Rd & 4 Ave,2025,91,42,49,91,40.6115,-74.03513,2,242,265934.0659340659,1,yearly
nyc,2042.01,4 Ave & 99 St,2025,102,44,58,102,40.61327,-74.03315,2,58,56862.74509803922,1,yearly
nyc,2086.07,99 St & 3 Ave,2025,131,61,70,131,40.61451,-74.03502,2,70,53435.114503816796,1,yearly
nyc,2118.13,Fort Hamilton Pkwy & 95 St,2025,52,22,30,52,40.61466,-74.02946,2,79,151923.0769230769,1,yearly
nyc,2127.03,Shore Rd & 97 St,2025,101,45,56,101,40.61529,-74.03779,2,55,54455.44554455446,1,yearly
nyc,2158.08,4 Ave & 94 St,2025,241,110,131,241,40.61689,-74.03091,2,103,42738.58921161826,1,yearly
nyc,2190.08,Fort Hamilton Pkwy & 92 St,2025,138,61,77,138,40.61717,-74.02744,2,117,84782.60869565218,1,yearly
nyc,2200.07,96 St & Marine Ave,2025,224,105,119,224,40.61699,-74.03568,2,77,34375.0,1,yearly
nyc,2231.10,3 Ave & 92 St,2025,268,128,140,268,40.61946,-74.03261,2,88,32835.82089552239,1,yearly
nyc,2240.06,Shore Rd & Oliver St,2025,119,52,67,119,40.61919,-74.0402,2,28,23529.41176470588,1,yearly
nyc,2261.04,5 Ave & 88 St,2025,535,259,276,535,40.62021,-74.02717,3,151,28224.29906542056,1,yearly
nyc,2303.05,4 Ave & 87 St,2025,360,176,184,360,40.62184,-74.02863,2,113,31388.888888888887,1,yearly
nyc,2312.02,Colonial Rd & 89 St,2025,469,230,239,469,40.62254,-74.03726,3,46,9808.102345415778,1,yearly
nyc,2335.08,Fort Hamilton Pkwy & 85 St,2025,380,185,195,380,40.62095,-74.02387999999999,2,138,36315.78947368421,1,yearly
nyc,2345.04,Ridge Blvd & 89 St,2025,260,126,134,260,40.62194,-74.03477,2,63,24230.76923076923,1,yearly
nyc,2345.05,89 St & 3 Ave,2025,105,48,57,105,40.62137,-74.03209,2,101,96190.4761904762,1,yearly
nyc,2377.01,4 Ave & 85 St,2025,716,347,369,716,40.62354,-74.02817,2,101,14106.145251396649,1,yearly
nyc,2387.07,86 St & Ridge Blvd,2025,523,258,265,523,40.62402,-74.03396,3,59,11281.070745697896,1,yearly
nyc,2419.03,84 St & 3 Ave,2025,285,140,145,285,40.62503,-74.03059,3,78,27368.42105263158,1,yearly
nyc,2453.05,4 Ave & 81 St,2025,417,197,220,417,40.62643,-74.02707,3,94,22541.96642685851,1,yearly
nyc,2463.04,Ridge Blvd & 82 St,2025,213,97,116,213,40.62711,-74.0326,3,59,27699.530516431925,1,yearly
nyc,2472.02,Shore Rd & 86 St,2025,106,51,55,106,40.625609999999995,-74.04079,2,24,22641.509433962266,1,yearly
nyc,2488.09,6 Ave & 78 St,2025,584,286,298,584,40.62569,-74.02119,3,122,20890.41095890411,1,yearly
nyc,2497.07,3 Ave & 81 St,2025,709,340,369,709,40.627,-74.02948000000002,3,80,11283.497884344148,1,yearly
nyc,2506.10,83 St & Narrows Ave,2025,496,244,252,496,40.62757,-74.03838,3,36,7258.064516129033,1,yearly
nyc,2506.11,Colonial Rd & 83 St,2025,628,310,318,628,40.62691,-74.03564,3,44,7006.369426751592,1,yearly
nyc,2533.04,79 St & 5 Ave,2025,719,348,371,719,40.62646,-74.02367,3,106,14742.69819193324,1,yearly
nyc,2569.07,6 Ave & 74 St,2025,159,74,85,159,40.629233,-74.019864,2,132,83018.86792452831,1,yearly
nyc,2578.16,3 Ave & 77 St,2025,1431,706,725,1431,40.62991,-74.02834,3,89,6219.426974143955,1,yearly
nyc,2578.17,4 Ave & 76 St,2025,444,219,225,444,40.63005,-74.0255,2,103,23198.1981981982,1,yearly
nyc,2615.05,Bay Ridge Pkwy & 5 Ave,2025,699,340,359,699,40.62967,-74.02275,3,121,17310.443490701004,1,yearly
nyc,2625.01,78 St & Ridge Blvd,2025,350,170,180,350,40.62994,-74.03121,3,66,18857.14285714286,1,yearly
nyc,2635.08,Shore Rd & 80 St,2025,334,161,173,334,40.63074,-74.03962,3,21,6287.425149700598,1,yearly
nyc,2660.09,4 Ave & 72 St,2025,708,344,364,708,40.63283,-74.02439,3,109,15395.4802259887,1,yearly
nyc,2671.05,77 St & Colonial Rd,2025,134,62,72,134,40.63121,-74.03318,2,48,35820.895522388055,1,yearly
nyc,2698.07,68 St & 5 Ave,2025,898,444,454,898,40.63416,-74.02058,4,188,20935.41202672606,1,yearly
nyc,2708.07,73 St & Ridge Blvd,2025,1000,488,512,1000,40.63349,-74.02976,3,79,7900.0,1,yearly
nyc,2717.06,Shore Rd & 74 St,2025,1191,589,602,1191,40.63414,-74.03699,4,26,2183.03946263644,1,yearly
nyc,2733.03,67 St & Erik Pl,2025,3910,1924,1986,3910,40.633385,-74.016562,12,176,4501.278772378517,1,yearly
nyc,2743.04,68 St & 4 Ave,2025,1082,538,544,1082,40.63537,-74.02342,3,147,13585.951940850277,1,yearly
nyc,2754.05,Colonial Rd & 71 St,2025,319,155,164,319,40.63537000000001,-74.03202,2,51,15987.460815047021,1,yearly
nyc,2782.02,5 Ave & 67 St,2025,5287,2635,2652,5287,40.63578075168702,-74.01990619688952,12,217,4104.4070361263475,1,yearly
nyc,2793.07,Ovington Ave & 3 Ave,2025,1833,915,918,1833,40.63487,-74.02625,4,96,5237.315875613748,1,yearly
nyc,2818.01,Ditmas Ave & McDonald Ave,2025,326,159,167,326,40.63548,-73.97825,2,96,29447.852760736198,1,yearly
nyc,2821.05,7 Ave & 62 St,2025,6787,3342,3445,6787,40.63556,-74.01298,12,188,2770.001473405039,1,yearly
nyc,2832.03,4 Ave & Shore Road Dr,2025,5931,2954,2977,5931,40.637033,-74.022141,12,186,3136.064744562468,1,yearly
nyc,2843.01,Colonial Rd & 68 St,2025,1267,615,652,1267,40.63841,-74.03093,4,50,3946.329913180742,1,yearly
nyc,2843.13,70 St & Ridge Blvd,2025,881,434,447,881,40.63596,-74.02908,4,76,8626.560726447218,1,yearly
nyc,2861.02,57 St & 7 Ave,2025,5207,2592,2615,5207,40.638566,-74.010147,12,169,3245.630881505666,1,yearly
nyc,2868.03,15 Ave & 37 St,2025,292,143,149,292,40.63899,-73.98074,2,112,38356.16438356164,1,yearly
nyc,2872.02,63 St & 5 Ave,2025,2970,1484,1486,2970,40.63766,-74.01782,12,233,7845.117845117845,1,yearly
nyc,2883.03,3 Ave & Wakeman Pl,2025,5500,2692,2808,5500,40.638246,-74.024714,12,146,2654.5454545454545,1,yearly
nyc,2898.01,Cortelyou Rd & Stratford Rd,2025,18183,9061,9122,18183,40.63966,-73.96807,12,118,648.9578177418468,1,yearly
nyc,2908.02,E 3 St & Cortelyou Rd,2025,832,413,419,832,40.63828,-73.9765,3,129,15504.807692307693,1,yearly
nyc,2912.08,6 Ave & 60 St,2025,2896,1436,1460,2896,40.638196,-74.013821,12,221,7631.21546961326,1,yearly
nyc,2923.01,62 St & 4 Ave,2025,3220,1594,1626,3220,40.639859,-74.019776,12,220,6832.2981366459635,1,yearly
nyc,2932.03,Wakeman Pl & Ridge Blvd,2025,6473,3203,3270,6473,40.639421,-74.026823,12,108,1668.4690251815234,1,yearly
nyc,2942.07,Shore Pkwy Greenway & Bay Ridge Ave,2025,1798,883,915,1798,40.63896,-74.03678,4,18,1001.1123470522804,1,yearly
nyc,2947.05,Cortelyou Rd & E 8 St,2025,2615,1297,1318,2615,40.63874,-73.97063,3,125,4780.114722753346,1,yearly
nyc,2951.05,55 St & 7 Ave,2025,5225,2599,2626,5225,40.639673,-74.008957,12,167,3196.1722488038276,1,yearly
nyc,2957.08,Ave C & McDonald Ave,2025,116,54,62,116,40.6403436,-73.9791522,2,124,106896.55172413793,1,yearly
nyc,2961.05,59 St & 5 Ave,2025,3289,1609,1680,3289,40.640125,-74.015726,12,224,6810.580723624202,1,yearly
nyc,2971.02,64 St & 3 Ave,2025,1388,624,764,1388,40.639978,-74.02324,12,168,12103.746397694524,1,yearly
nyc,2981.03,Colonial Rd & Wakeman Pl,2025,464,224,240,464,40.64067,-74.0294,4,49,10560.344827586207,1,yearly
nyc,2984.04,Cortelyou Rd & Argyle Rd,2025,13810,6779,7031,13810,40.64034,-73.96603,12,86,622.7371469949312,1,yearly
nyc,2996.05,Ocean Pkwy & Ave C,2025,2864,1424,1440,2864,40.64078,-73.97395,3,166,5796.08938547486,1,yearly
nyc,3000.08,6 Ave & 55 St,2025,4373,2165,2208,4373,40.640831,-74.010996,12,180,4116.167390807226,1,yearly
nyc,3007.05,Church Ave & Story St,2025,8468,4203,4265,8468,40.642031,-73.981073,12,99,1169.1072272083136,1,yearly
nyc,3011.03,59 St & 4 Ave,2025,10610,5311,5299,10610,40.641269,-74.017651,12,229,2158.3411875589068,1,yearly
nyc,3019.02,65 St & 2 Ave,2025,1076,511,565,1076,40.640493,-74.02564,12,128,11895.910780669145,1,yearly
nyc,3019.03,Keegan Rd & 2 Ave,2025,1995,960,1035,1995,40.64243139706092,-74.0255355834961,12,102,5112.7819548872185,1,yearly
nyc,3022.01,Cortelyou Rd & E 19 St,2025,12333,6126,6207,12333,40.64269,-73.96099,12,144,1167.5991243006567,1,yearly
nyc,3034.02,Matthews Ct & Coney Island Ave,2025,5901,2895,3006,5901,40.64235,-73.96951,12,123,2084.392475851551,1,yearly
nyc,3038.08,50 St & 7 Ave,2025,10182,5097,5085,10182,40.642501,-74.006055,12,142,1394.6179532508347,1,yearly
nyc,3046.03,E 3 St & Church Ave,2025,8944,4432,4512,8944,40.643817,-73.977433,12,164,1833.6314847942754,1,yearly
nyc,3050.03,55 St & 5 Ave,2025,4199,2104,2095,4199,40.642408,-74.013318,12,202,4810.669206954037,1,yearly
nyc,3056.05,12 Ave & 36 St,2025,8683,4329,4354,8683,40.643546,-73.986418,12,75,863.7567660946678,1,yearly
nyc,3056.07,37 St & 13 Ave,2025,794,396,398,794,40.64166,-73.98505,4,112,14105.793450881612,1,yearly
nyc,3070.04,E 16 St & Cortelyou Rd,2025,14477,7165,7312,14477,40.64173,-73.96364,12,102,704.5658630931823,1,yearly
nyc,3080.01,E 8 St & Beverley Rd,2025,1178,586,592,1178,40.64369,-73.97163,4,156,13242.784380305602,1,yearly
nyc,3084.05,52 St & 6 Ave,2025,3206,1585,1621,3206,40.642703,-74.009441,12,173,5396.132252027448,1,yearly
nyc,3087.01,Cortelyou Rd & E 34 St,2025,3913,1906,2007,3913,40.64454,-73.94486,12,135,3450.038333759264,1,yearly
nyc,3090.06,Church Ave & McDonald Ave,2025,12938,6398,6540,12938,40.642809,-73.979239,12,130,1004.7920853300355,1,yearly
nyc,3093.07,57 St & 4 Ave,2025,5230,2595,2635,5230,40.642622,-74.016866,12,222,4244.741873804971,1,yearly
nyc,3099.01,37 St & Fort Hamilton Pkwy,2025,1468,724,744,1468,40.64417,-73.98923,4,70,4768.392370572207,1,yearly
nyc,3113.06,Rugby Rd & Beverley Rd,2025,7480,3596,3884,7480,40.64435,-73.96591,12,89,1189.8395721925133,1,yearly
nyc,3113.1,Stratford Rd & Beverley Rd,2025,60,51,9,60,40.64378,-73.96867,5,101,168333.33333333334,1,yearly
nyc,3113.10,Stratford Rd & Beverley Rd,2025,5833,2862,2971,5833,40.64378,-73.96867,12,101,1731.5275158580491,1,yearly
nyc,3117.05,46 St & 7 Ave,2025,11756,5858,5898,11756,40.644743,-74.003754,12,125,1063.2868322558693,1,yearly
nyc,3121.01,Cortelyou Rd & Albany Ave,2025,3234,1565,1669,3234,40.64483,-73.93853,12,60,1855.287569573284,1,yearly
nyc,3125.09,Ocean Pkwy & Church Ave,2025,16833,8355,8478,16833,40.64471895763575,-73.97451460361481,12,177,1051.5059704152557,1,yearly
nyc,3129.08,53 St & 5 Ave,2025,4736,2379,2357,4736,40.643371,-74.011884,12,186,3927.364864864865,1,yearly
nyc,3132.09,Beverley Rd & Nostrand Ave,2025,9807,4799,5008,9807,40.64507,-73.9488,12,182,1855.8172733761598,1,yearly
nyc,3135.04,Chester Ave & 12 Ave,2025,4999,2481,2518,4999,40.644367,-73.984276,12,90,1800.360072014403,1,yearly
nyc,3138.03,56 St & 2 Ave,2025,6968,3460,3508,6968,40.645705,-74.020292,12,139,1994.833524684271,1,yearly
nyc,3138.09,58 St & 2 Ave,2025,58,27,31,58,40.644512,-74.021506,1,143,246551.72413793104,1,yearly
nyc,3140.09,Bedford Ave & Beverley Rd,2025,10020,4963,5057,10020,40.64491,-73.95487,12,183,1826.3473053892217,1,yearly
nyc,3148.08,E 17 St & Beverley Rd,2025,8795,4295,4500,8795,40.64466,-73.96322,12,131,1489.4826606026152,1,yearly
nyc,3148.09,E 19 St & Beverley Rd,2025,6808,3372,3436,6808,40.64483,-73.9613,12,142,2085.7814336075203,1,yearly
nyc,3155.01,Schenectady Ave & Cortelyou Rd,2025,2715,1326,1389,2715,40.64535,-73.93268,12,94,3462.246777163904,1,yearly
nyc,3157.08,Turner Pl & Coney Island Ave,2025,11224,5590,5634,11224,40.64521,-73.97073,12,154,1372.0598717034925,1,yearly
nyc,3161.02,46 St & 6 Ave,2025,9245,4660,4585,9245,40.645921,-74.005708,12,138,1492.69875608437,1,yearly
nyc,3164.04,Brooklyn Ave & Beverley Rd,2025,1378,622,756,1378,40.64575,-73.94331,12,113,8200.290275761974,1,yearly
nyc,3166.03,Albemarle Rd & McDonald Ave,2025,11762,5853,5909,11762,40.645074,-73.979681,12,127,1079.7483421186873,1,yearly
nyc,3169.07,53 St & 4 Ave,2025,12149,6084,6065,12149,40.644862,-74.014531,12,207,1703.843937772656,1,yearly
nyc,3172.01,Tilden Ave & Nostrand Ave,2025,4410,2162,2248,4410,40.64683,-73.94933,10,200,4535.14739229025,1,yearly
nyc,3178.02,57 St & 1 Ave,2025,4248,2107,2141,4248,40.646377,-74.023087,12,68,1600.75329566855,1,yearly
nyc,3180.02,Beverley Rd & Flatbush Ave,2025,14309,7040,7269,14309,40.64499,-73.95818,12,155,1083.2343280452862,1,yearly
nyc,3180.09,Albemarle Rd & E 21 St,2025,10550,5251,5299,10550,40.64741,-73.95933,12,185,1753.5545023696684,1,yearly
nyc,3184.07,New Utrecht Ave & 9 Ave,2025,1068,526,542,1068,40.646249287052434,-73.99452600971485,2,60,5617.9775280898875,1,yearly
nyc,3187.01,Beverley Rd & E 49 St,2025,3072,1476,1596,3072,40.64621,-73.93067,12,114,3710.9375,1,yearly
nyc,3188.04,Rugby Rd & Albemarle Rd,2025,5919,2931,2988,5919,40.64672,-73.96637,12,116,1959.7905051528974,1,yearly
nyc,3192.05,7 Ave & 41 St,2025,23909,11957,11952,23909,40.647379,-74.000911,12,75,313.6894056631394,1,yearly
nyc,3199.01,Caton Ave & E 7 St,2025,14239,7079,7160,14239,40.647718,-73.973663,12,157,1102.6055200505655,1,yearly
nyc,3202.06,48 St & 5 Ave,2025,11339,5718,5621,11339,40.646351,-74.009271,12,176,1552.1650939236265,1,yearly
nyc,3205.06,Brooklyn Ave & Tilden Ave,2025,1372,609,763,1372,40.64725,-73.94352,12,131,9548.104956268222,1,yearly
nyc,3208.07,Dahill Rd & 12 Ave,2025,7070,3511,3559,7070,40.646037,-73.980963,12,90,1272.9844413012731,1,yearly
nyc,3211.06,53 St & 2 Ave,2025,6940,3411,3529,6940,40.64744,-74.018846,12,130,1873.1988472622477,1,yearly
nyc,3214.04,Tilden Ave & Lott St,2025,5126,2555,2571,5126,40.64661,-73.95401,12,190,3706.5938353491997,1,yearly
nyc,3220.01,58 St & Pier 4,2025,7537,3760,3777,7537,40.646475,-74.026081,12,27,358.2327185882977,1,yearly
nyc,3223.07,Ocean Ave & Tennis Ct,2025,9011,4453,4558,9011,40.64873,-73.96084,12,207,2297.19232049717,1,yearly
nyc,3229.07,E 48 St & Tilden Ave,2025,1378,641,737,1378,40.64795,-73.93182,12,138,10014.513788098693,1,yearly
nyc,3230.01,Caton Ave & E 10 St,2025,15572,7629,7943,15572,40.648481,-73.97058,12,110,706.3960955561264,1,yearly
nyc,3233.02,5 Ave & 44 St,2025,8486,4255,4231,8486,40.64865,-74.00646,12,163,1920.810747112892,1,yearly
nyc,3240.15,Fort Hamilton Pkwy & E 5 St,2025,21570,10833,10737,21570,40.649037,-73.97673,12,123,570.2364394993045,1,yearly
nyc,3243.02,47 St & 3 Ave,2025,3529,1755,1774,3529,40.649143,-74.012384,12,183,5185.604987248512,1,yearly
nyc,3246.06,New York Ave & Snyder Ave,2025,2568,1189,1379,2568,40.64868,-73.94635,12,192,7476.635514018691,1,yearly
nyc,3253.01,52 St & 1 Ave,2025,3591,1775,1816,3591,40.649292,-74.020105,12,65,1810.0807574491785,1,yearly
nyc,3256.04,Bedford Ave & Albemarle Rd,2025,6650,3290,3360,6650,40.64796,-73.9556,12,200,3007.518796992481,1,yearly
nyc,3263.01,E 18 St & Church Ave,2025,17773,8787,8986,17773,40.64958,-73.96316,12,172,967.7600855229844,1,yearly
nyc,3266.01,7 Ave & 40 St,2025,10255,5231,5024,10255,40.648169,-74.000057,12,74,721.5992198927352,1,yearly
nyc,3272.01,E 8 St & Caton Ave,2025,11606,5631,5975,11606,40.648055,-73.972432,12,148,1275.2024814750991,1,yearly
nyc,3275.03,45 St & 4 Ave,2025,14189,7123,7066,14189,40.649145,-74.009486,12,172,1212.206638945662,1,yearly
nyc,3278.07,Brooklyn Ave & Snyder Ave,2025,2429,1150,1279,2429,40.64915,-73.94368,12,151,6216.550020584603,1,yearly
nyc,3280.04,Fort Hamilton Pkwy & E 2 St,2025,18223,9022,9201,18223,40.648005,-73.979342,12,89,488.3937880700214,1,yearly
nyc,3283.05,48 St & 2 Ave,2025,1585,776,809,1585,40.650176,-74.015606,12,110,6940.06309148265,1,yearly
nyc,3286.07,Rogers Ave & Snyder Ave,2025,5460,2694,2766,5460,40.64871098862674,-73.95215684465585,12,200,3663.003663003663,1,yearly
nyc,3294.03,E 21 St & Church Ave,2025,16603,8228,8375,16603,40.65007,-73.96001,12,213,1282.9006805998915,1,yearly
nyc,3300.04,E 49 St & Church Ave,2025,3979,1950,2029,3979,40.65182,-73.93135,12,190,4775.069112842422,1,yearly
nyc,3300.06,Snyder Ave & Schenectady Ave,2025,1455,702,753,1455,40.65,-73.93296,12,138,9484.536082474226,1,yearly
nyc,3303.03,Caton Ave & Argyle Rd,2025,14377,7146,7231,14377,40.649681,-73.967829,12,101,702.5109549975655,1,yearly
nyc,3306.03,5 Ave & 41 St,2025,17107,8558,8549,17107,40.649983,-74.005144,12,169,987.8996901853043,1,yearly
nyc,3309.04,Church Ave & E 42 St,2025,2651,1244,1407,2651,40.65127,-73.93818,12,116,4375.707280271596,1,yearly
nyc,3312.07,Prospect Ave & Greenwood Ave,2025,15879,7925,7954,15879,40.651745,-73.975988,12,99,623.4649537124504,1,yearly
nyc,3315.05,44 St & 3 Ave,2025,2987,1485,1502,2987,40.651173,-74.011405,12,174,5825.242718446602,1,yearly
nyc,3318.05,E 34 St & Church Ave,2025,3230,1604,1626,3230,40.65116,-73.94577,12,196,6068.111455108359,1,yearly
nyc,3327.01,Lott St & Erasmus St,2025,3582,1745,1837,3582,40.64949,-73.95408,12,201,5611.390284757119,1,yearly
nyc,3335.09,Caton Ave & St. Pauls Pl,2025,15139,7542,7597,15139,40.65153,-73.96277,12,180,1188.9820992139507,1,yearly
nyc,3341.06,Church Ave & E 45 St,2025,2683,1266,1417,2683,40.65159,-73.93535,12,152,5665.300037271711,1,yearly
nyc,3344.02,Park Circle & East Dr,2025,47202,23436,23766,47202,40.651566,-73.972212,12,95,201.26265836193383,1,yearly
nyc,3347.03,41 St & 4 Ave,2025,11940,5963,5977,11940,40.651354,-74.007168,12,234,1959.7989949748744,1,yearly
nyc,3350.04,E 38 St & Church Ave,2025,3058,1547,1511,3058,40.65106,-73.94193,12,127,4153.041203400916,1,yearly
nyc,3353.04,Greenwood Ave & E 4 St,2025,13086,6522,6564,13086,40.650739,-73.977739,12,94,718.3249274033318,1,yearly
nyc,3356.05,44 St & 2 Ave,2025,2884,1414,1470,2884,40.652502,-74.013587,12,110,3814.1470180305128,1,yearly
nyc,3359.01,Church Ave & Nostrand Ave,2025,9002,4420,4582,9002,40.65074,-73.94986,11,211,2343.923572539436,1,yearly
nyc,3359.03,Linden Blvd & Nostrand Ave,2025,10058,4988,5070,10058,40.65272,-73.94994,12,225,2237.0252535295285,1,yearly
nyc,3368.04,Caton Ave & Bedford Ave,2025,28077,14042,14035,28077,40.65237,-73.95623,12,232,826.2991060298465,1,yearly
nyc,3373.01,E 51 St & Linden Blvd,2025,3277,1587,1690,3277,40.65399,-73.92967,12,236,7201.708880073237,1,yearly
nyc,3376.02,Parade Pl & Crooke Ave,2025,23228,11557,11671,23228,40.651847,-73.965248,12,131,563.9745135181678,1,yearly
nyc,3376.04,Parkside Ave & Parade Pl,2025,19153,9459,9694,19153,40.6532,-73.96639,12,83,433.35247741868113,1,yearly
nyc,3379.03,5 Ave & 37 St,2025,11759,5766,5993,11759,40.652657,-74.002356,12,150,1275.618675057403,1,yearly
nyc,3382.04,Troy Ave & Linden Blvd,2025,3002,1468,1534,3002,40.6533,-73.93644,12,162,5396.4023984010655,1,yearly
nyc,3385.06,Prospect Park SW & Greenwood Ave,2025,28531,14201,14330,28531,40.652563,-73.972573,12,69,241.84220672251234,1,yearly
nyc,3388.02,41 St & 3 Ave,2025,2916,1443,1473,2916,40.652512,-74.008906,12,234,8024.691358024691,1,yearly
nyc,3388.03,40 St & 3 Ave,2025,2561,1193,1368,2561,40.6535,-74.00902,12,211,8238.969152674737,1,yearly
nyc,3391.1,E 34 St & Linden Blvd,2025,702,25,677,702,40.65302,-73.94599,10,184,26210.82621082621,1,yearly
nyc,3391.10,E 34 St & Linden Blvd,2025,3336,1966,1370,3336,40.65302,-73.94599,12,184,5515.587529976019,1,yearly
nyc,3394.03,McDonald Ave & Vanderbilt St,2025,8101,4039,4062,8101,40.651654,-73.981231,12,62,765.3376126404147,1,yearly
nyc,3400.04,Rogers Ave & Lenox Rd,2025,15203,7597,7606,15203,40.65378065127036,-73.95272360066674,12,219,1440.5051634545814,1,yearly
nyc,3408.05,Ocean Ave & Crooke Ave,2025,16318,8135,8183,16318,40.65326,-73.96172,12,209,1280.7942149773257,1,yearly
nyc,3420.01,36 St & 4 Ave,2025,28801,14329,14472,28801,40.654144,-74.00422,12,221,767.33446755321,1,yearly
nyc,3423.1,Clarkson Ave & E 40 St,2025,673,36,637,673,40.65592,-73.94068,9,111,16493.31352154532,1,yearly
nyc,3423.10,Clarkson Ave & E 40 St,2025,4462,2373,2089,4462,40.65592,-73.94068,12,111,2487.6736889287313,1,yearly
nyc,3426.02,Prospect Ave & Vanderbilt St,2025,12943,6470,6473,12943,40.653368,-73.976291,12,81,625.820907054006,1,yearly
nyc,3428.02,42 St & 1 Ave,2025,3020,1490,1530,3020,40.654798,-74.014372,12,69,2284.76821192053,1,yearly
nyc,3431.02,New York Ave & Lenox Rd,2025,16674,8330,8344,16674,40.65458,-73.94716,12,195,1169.4854264123787,1,yearly
nyc,3439.03,Bedford Ave & Clarkson Ave,2025,21386,10654,10732,21386,40.65519,-73.9564,12,200,935.1912466099318,1,yearly
nyc,3448.02,Parkside Ave & Ocean Ave,2025,67159,33435,33724,67159,40.65485,-73.96217,12,161,239.72959692669633,1,yearly
nyc,3451.01,34 St & 5 Ave,2025,5154,2544,2610,5154,40.654098,-74.001131,12,126,2444.703143189756,1,yearly
nyc,3454.01,Clarkson Ave & Troy Ave,2025,4154,2042,2112,4154,40.656323555855096,-73.93647896588901,12,161,3875.7823784304287,1,yearly
nyc,3457.03,Prospect Park SW & Vanderbilt St,2025,29925,14925,15000,29925,40.65482,-73.973217,12,45,150.37593984962407,1,yearly
nyc,3460.01,2 Ave & 36 St,2025,9273,4403,4870,9273,40.65708866668485,-74.00870203971863,12,153,1649.951472015529,1,yearly
nyc,3460.02,36 St & 3 Ave,2025,20582,10188,10394,20582,40.655716,-74.006664,12,189,918.2781070838596,1,yearly
nyc,3460.06,2 Ave & 37 St,2025,2577,1165,1412,2577,40.65624,-74.00933,8,160,6208.7698874660455,1,yearly
nyc,3463.01,Clarkson Ave & E 37 St,2025,11420,5661,5759,11420,40.65577,-73.9432,12,140,1225.9194395796849,1,yearly
nyc,3472.03,Clarkson Ave & Nostrand Ave,2025,15309,7576,7733,15309,40.6555,-73.94975,12,185,1208.4394800444184,1,yearly
nyc,3480.04,Parkside Ave & Flatbush Ave,2025,23870,11924,11946,23870,40.65563,-73.95968,12,182,762.4633431085044,1,yearly
nyc,3486.02,Clarkson Ave & Utica Ave,2025,4597,2284,2313,4597,40.65666,-73.93109,12,203,4415.923428322819,1,yearly
nyc,3492.04,34 St & 4 Ave,2025,5992,2967,3025,5992,40.655278,-74.003101,7,203,3387.8504672897193,1,yearly
nyc,3495.08,Lenox Rd & E 43 St,2025,3908,1908,2000,3908,40.65496,-73.93765,12,149,3812.691914022518,1,yearly
nyc,3498.09,Prospect Park SW & 16 St,2025,32164,16079,16085,32164,40.657265,-73.974165,12,27,83.94478298719065,1,yearly
nyc,3501.01,39 St & 2 Ave,2025,2968,1417,1551,2968,40.6553997745,-74.0106278658,5,148,4986.522911051213,1,yearly
nyc,3504.02,New York Ave & Hawthorne St,2025,6546,3246,3300,6546,40.65794,-73.94735,9,143,2184.540177207455,1,yearly
nyc,3507.04,Prospect Park W & 20 St,2025,14504,7546,6958,14504,40.656633,-73.983864,11,43,296.4699393270822,1,yearly
nyc,3512.03,Winthrop St & Rogers Ave,2025,15000,7489,7511,15000,40.65686,-73.95331,12,150,1000.0,1,yearly
nyc,3515.01,7 Ave & 22 St,2025,13987,7021,6966,13987,40.658029,-73.989605,12,39,278.8303424608565,1,yearly
nyc,3520.01,Flatbush Ave & Fenimore St,2025,17865,8900,8965,17865,40.65798,-73.96051,12,146,817.2404142177442,1,yearly
nyc,3523.06,29 St & 5 Ave,2025,8790,4374,4416,8790,40.656986,-73.998194,12,95,1080.773606370876,1,yearly
nyc,3526.04,Winthrop St & Schenectady Ave,2025,2630,1287,1343,2630,40.6582,-73.9338,12,185,7034.220532319392,1,yearly
nyc,3532.02,2 Ave & 32 St,2025,4628,2270,2358,4628,40.659176,-74.006584,12,105,2268.798617113224,1,yearly
nyc,3535.03,Winthrop St & Albany Ave,2025,5318,2614,2704,5318,40.6577,-73.9398,12,109,2049.642722828131,1,yearly
nyc,3538.09,11 Ave & Prospect Ave,2025,32236,16078,16158,32236,40.65629,-73.977335,12,52,161.3103362700087,1,yearly
nyc,3544.02,Winthrop St & Nostrand Ave,2025,13366,6626,6740,13366,40.65707,-73.95005,12,169,1264.4022145742929,1,yearly
nyc,3547.04,19 St & 8 Ave,2025,7323,3969,3354,7323,40.658489,-73.985543,12,48,655.4690700532569,1,yearly
nyc,3552.09,Bedford Ave & Fenimore St,2025,17293,8628,8665,17293,40.65815,-73.95674,12,159,919.4471751575782,1,yearly
nyc,3555.04,24 St & 5 Ave,2025,18096,9029,9067,18096,40.659555,-73.995068,12,93,513.9257294429708,1,yearly
nyc,3564.04,30 St & 4 Ave,2025,12241,6099,6142,12241,40.657743,-74.001141,12,136,1111.0203414753698,1,yearly
nyc,3567.05,Rutland Rd & E 45 St,2025,3881,1894,1987,3881,40.66034,-73.93618,12,163,4199.948466889977,1,yearly
nyc,3576.1,Rutland Rd & Brooklyn Ave,2025,8950,4420,4530,8950,40.65969,-73.94517,12,120,1340.782122905028,1,yearly
nyc,3579.04,Windsor Pl & Howard Pl,2025,44898,22431,22467,44898,40.65949055893896,-73.98013919591904,12,55,122.49988863646487,1,yearly
nyc,3585.06,Nostrand Ave & Rutland Rd,2025,15328,7622,7706,15328,40.6595,-73.95041,12,157,1024.269311064718,1,yearly
nyc,3588.01,7 Ave & 20 St,2025,20276,10143,10133,20276,40.659053,-73.98854,12,47,231.80114420990333,1,yearly
nyc,3593.01,Maple St & Flatbush Ave,2025,19677,9840,9837,19677,40.66026,-73.96045,12,115,584.4386847588555,1,yearly
nyc,3593.1,Flatbush Ave & Lincoln Rd,2025,39645,19746,19899,39645,40.66131,-73.96091,12,101,254.76100390969856,1,yearly
nyc,3596.04,4 Ave & 26 St,2025,14198,6961,7237,14198,40.660079,-73.998633,12,126,887.4489364699252,1,yearly
nyc,3608.06,Maple St & Albany Ave,2025,10930,5440,5490,10930,40.66155,-73.93974,12,132,1207.6852698993596,1,yearly
nyc,3611.02,Prospect Park SW & 10 Ave,2025,31263,15757,15506,31263,40.659945,-73.977504,12,31,99.15874996001664,1,yearly
nyc,3617.02,Maple St & New York Ave,2025,14860,7399,7461,14860,40.66104,-73.94795,12,163,1096.9044414535667,1,yearly
nyc,3620.02,Windsor Pl & 8 Ave,2025,21613,10809,10804,21613,40.660906,-73.983074,12,66,305.3717669920881,1,yearly
nyc,3625.04,Bedford Ave & Maple St,2025,14840,7389,7451,14840,40.66035,-73.95679,12,144,970.3504043126685,1,yearly
nyc,3625.07,Rogers Ave & Lincoln Rd,2025,23983,11975,12008,23983,40.66127,-73.95352,12,146,608.7645415502648,1,yearly
nyc,3628.11,6 Ave & 21 St,2025,38594,19290,19304,38594,40.66016,-73.990974,11,77,199.51287764937555,1,yearly
nyc,3633.08,Lincoln Rd & Ocean Ave,2025,62614,31275,31339,62614,40.6605,-73.9626,12,88,140.54364838534514,1,yearly
nyc,3639.04,Schenectady Ave & Maple St,2025,4015,1994,2021,4015,40.66178,-73.93445,12,177,4408.468244084683,1,yearly
nyc,3648.08,Kingston Ave & E New York Ave,2025,15811,7880,7931,15811,40.66219,-73.94293,12,119,752.6405666940738,1,yearly
nyc,3651.04,West Drive & Prospect Park West,2025,129998,65134,64864,129998,40.6610633719006,-73.97945255041122,12,37,28.461976338097507,1,yearly
nyc,3657.06,Sterling St & Nostrand Ave,2025,33044,16478,16566,33044,40.66318,-73.95076,12,161,487.2291490134366,1,yearly
nyc,3660.07,7 Ave & 17 St,2025,26875,13413,13462,26875,40.66093779493168,-73.98680448532104,12,74,275.3488372093023,1,yearly
nyc,3665.06,Sterling St & Bedford Ave,2025,14535,7259,7276,14535,40.6627059,-73.9569115,12,140,963.1922944616443,1,yearly
nyc,3668.04,21 St & 4 Ave,2025,22498,11211,11287,22498,40.662584,-73.995554,12,218,968.9750200017779,1,yearly
nyc,3671.01,E New York Ave & Utica Ave,2025,5439,2709,2730,5439,40.662686,-73.931755,10,209,3842.618128332414,1,yearly
nyc,3680.04,E New York Ave & Troy Ave,2025,6231,3092,3139,6231,40.66227,-73.93762,12,129,2070.2936928261915,1,yearly
nyc,3688.06,Brooklyn Ave & Lefferts Ave,2025,15647,7800,7847,15647,40.662564,-73.945565,12,155,990.6052278392024,1,yearly
nyc,3696.05,Rogers Ave & Sterling St,2025,16975,8468,8507,16975,40.6630619,-73.9538746,12,161,948.4536082474227,1,yearly
nyc,3699.07,17 St & 5 Ave,2025,41603,20765,20838,41603,40.663493,-73.991007,12,179,430.2574333581713,1,yearly
nyc,3704.01,Washington Ave & Empire Blvd,2025,19763,9876,9887,19763,40.66314,-73.9605695,12,132,667.9147902646359,1,yearly
nyc,3704.04,Flatbush Ave & Ocean Ave,2025,38902,19393,19509,38902,40.663657,-73.963014,12,95,244.20338285949308,1,yearly
nyc,3707.01,23 St & 3 Ave,2025,4345,2107,2238,4345,40.662611,-73.998623,12,159,3659.378596087457,1,yearly
nyc,3710.07,Lefferts Ave & Schenectady Ave,2025,14607,7276,7331,14607,40.66343,-73.93472,12,188,1287.0541521188472,1,yearly
nyc,3719.02,Lefferts Ave & Albany Ave,2025,14084,7037,7047,14084,40.66288,-73.94019,12,133,944.3339960238568,1,yearly
nyc,3722.04,Prospect Park West & 8 St,2025,75401,37831,37570,75401,40.66514681533792,-73.97637605667114,12,52,68.96460259147757,1,yearly
nyc,3728.04,Empire Blvd & New York Ave,2025,7791,3901,3890,7791,40.66403,-73.94769,12,150,1925.2984212552944,1,yearly
nyc,3728.05,New York Ave & Montgomery St,2025,9111,4554,4557,9111,40.66509,-73.94824,12,162,1778.0704642739547,1,yearly
nyc,3731.11,14 St & 7 Ave,2025,63071,31559,31512,63071,40.663779,-73.98396846,12,72,114.15706108988282,1,yearly
nyc,3736.03,Bedford Ave & Montgomery St,2025,14907,7515,7392,14907,40.665816,-73.956934,12,167,1120.279063527202,1,yearly
nyc,3739.06,4 Ave & 17 St,2025,15870,7881,7989,15870,40.665507,-73.993037,12,253,1594.2028985507245,1,yearly
nyc,3742.11,Carroll St & Rochester Ave,2025,8833,4414,4419,8833,40.66598,-73.9284,12,292,3305.785123966942,1,yearly
nyc,3751.05,Crown St & Troy Ave,2025,16354,8190,8164,16354,40.66559,-73.93712,12,200,1222.9423994129877,1,yearly
nyc,3759.07,Kingston Ave & Montgomery St,2025,19138,9514,9624,19138,40.66481,-73.94269,12,157,820.3574041174626,1,yearly
nyc,3762.08,10 St & 7 Ave,2025,78451,39183,39268,78451,40.6662078,-73.98199886,12,85,108.34788594154313,1,yearly
nyc,3768.02,Crown St & Rogers Ave,2025,19072,9543,9529,19072,40.66639,-73.95346,12,182,954.2785234899329,1,yearly
nyc,3771.06,14 St & 5 Ave,2025,61142,30510,30632,61142,40.666287,-73.98895053,12,166,271.4991331654182,1,yearly
nyc,3776.05,Montgomery St & Franklin Ave,2025,18943,9467,9476,18943,40.666439306870814,-73.9605563879013,12,117,617.6424008868711,1,yearly
nyc,3776.1,McKeever Pl & Sullivan Pl,2025,1239,76,1163,1239,40.66432331577469,-73.95921791486467,11,152,12267.958030669895,1,yearly
nyc,3776.10,McKeever Pl & Sullivan Pl,2025,7256,4187,3069,7256,40.66432331577469,-73.95921791486467,12,152,2094.8180815876517,1,yearly
nyc,3779.02,3 Ave & 17 St,2025,5842,2907,2935,5842,40.666168,-73.995549,12,253,4330.708661417323,1,yearly
nyc,3782.03,Carroll St & Utica Ave,2025,10106,5132,4974,10106,40.66619,-73.93162,12,271,2681.5753018009104,1,yearly
nyc,3791.02,Albany Ave & Carroll St,2025,16822,8509,8313,16822,40.6667,-73.93972,12,170,1010.5813815241945,1,yearly
nyc,3803.05,6 Ave & 12 St,2025,42262,21049,21213,42262,40.6663181,-73.9854617,12,103,243.71776063603235,1,yearly
nyc,3803.09,6 Ave & 9 St,2025,82216,41064,41152,82216,40.668127,-73.98377641,12,104,126.49605916123382,1,yearly
nyc,3811.05,16 St & 4 Ave,2025,19984,9806,10178,19984,40.666197,-73.992466,12,261,1306.044835868695,1,yearly
nyc,3814.01,Buffalo Ave & E New York Ave,2025,10666,5322,5344,10666,40.66591,-73.92602,12,261,2447.027939246203,1,yearly
nyc,3822.08,Schenectady Ave & President St,2025,14434,7552,6882,14434,40.66732,-73.93398,12,286,1981.4327282804488,1,yearly
nyc,3831.03,Kingston Ave & Carroll St,2025,23450,11838,11612,23450,40.66688,-73.9425,12,162,690.8315565031983,1,yearly
nyc,3834.1,6 St & 7 Ave,2025,10355,562,9793,10355,40.6686627,-73.97988067,9,93,898.1168517624337,1,yearly
nyc,3834.10,6 St & 7 Ave,2025,51966,30432,21534,51966,40.6686627,-73.97988067,12,93,178.96316822537813,1,yearly
nyc,3839.02,President St & Nostrand Ave,2025,25463,13824,11639,25463,40.66811,-73.9505,12,206,809.0170050661744,1,yearly
nyc,3842.08,10 St & 5 Ave,2025,42279,21107,21172,42279,40.6686273,-73.98700053,12,123,290.9245724827929,1,yearly
nyc,3845.05,Eastern Pkwy & Ralph Ave,2025,4665,2339,2326,4665,40.66852,-73.92284,12,277,5937.834941050375,1,yearly
nyc,3847.04,Carroll St & Franklin Ave,2025,19142,9578,9564,19142,40.6679411,-73.9588,12,144,752.2724898129767,1,yearly
nyc,3850.03,3 Ave & 14 St,2025,20358,10090,10268,20358,40.6685455,-73.99333264,12,248,1218.1943216425975,1,yearly
nyc,3853.02,Eastern Pkwy & Rochester Ave,2025,11404,5888,5516,11404,40.66846,-73.9282,12,323,2832.3395299894773,1,yearly
nyc,3856.03,Flatbush Ave & Eastern Pkwy,2025,11330,6128,5202,11330,40.668757,-73.966438,12,58,511.9152691968226,1,yearly
nyc,3862.07,Eastern Pkwy & Troy Ave,2025,18583,10344,8239,18583,40.66929,-73.93679,12,243,1307.6467739331647,1,yearly
nyc,3865.05,3 St & Prospect Park West,2025,92788,46768,46020,92788,40.668132,-73.97363831,12,61,65.74125964564382,1,yearly
nyc,3871.02,Eastern Pkwy & Brooklyn Ave,2025,26637,13370,13267,26637,40.66939,-73.94514,12,165,619.4391260277058,1,yearly
nyc,3874.01,5 St & 6 Ave,2025,34908,17438,17470,34908,40.6704836,-73.98208968,12,110,315.1140139796035,1,yearly
nyc,3877.04,Pitkin Ave & Grafton St,2025,6526,3278,3248,6526,40.66852,-73.91908,12,197,3018.694452957401,1,yearly
nyc,3879.04,Union St & Bedford Ave,2025,42267,21217,21050,42267,40.6691783,-73.9554162,12,179,423.4982373956041,1,yearly
nyc,3882.01,12 St & 4 Ave,2025,26405,13184,13221,26405,40.668603,-73.9904394,12,208,787.7295966672979,1,yearly
nyc,3885.06,Buffalo Ave & St John's Pl,2025,4938,2606,2332,4938,40.67015,-73.92538,12,273,5528.554070473876,1,yearly
nyc,3887.03,Carroll St & Washington Ave,2025,21721,10953,10768,21721,40.6686744,-73.9618148,12,110,506.42235624510846,1,yearly
nyc,3893.03,Eastern Pkwy & Schenectady Ave,2025,21474,10933,10541,21474,40.66876,-73.93376,12,272,1266.6480394896153,1,yearly
nyc,3902.06,Eastern Pkwy & Kingston Ave,2025,64670,33898,30772,64670,40.66959,-73.94237,12,163,252.04886346064637,1,yearly
nyc,3905.15,3 St & 7 Ave,2025,88175,44187,43988,88175,40.6703837,-73.97839676,12,92,104.3379642755883,1,yearly
nyc,3911.05,Eastern Pkwy & Nostrand Ave,2025,24135,13174,10961,24135,40.66967,-73.9503,12,184,762.3782887922105,1,yearly
nyc,3914.02,7 St & 5 Ave,2025,43406,21676,21730,43406,40.6704922,-73.98541675,12,101,232.68672533751092,1,yearly
nyc,3917.03,St Johns Pl & Howard Ave,2025,4280,2150,2130,4280,40.66992,-73.92002,12,231,5397.196261682243,1,yearly
nyc,3919.07,Eastern Pkwy & Franklin Ave (NE Corner),2025,72366,37773,34593,72366,40.6707767,-73.9576801,12,170,234.91694994887104,1,yearly
nyc,3919.12,Eastern Pkwy & Franklin Ave (SW Corner),2025,34251,17442,16809,34251,40.670529,-73.958222,12,170,496.335873405156,1,yearly
nyc,3922.02,10 St & 2 Ave,2025,24716,12333,12383,24716,40.671907,-73.993612,12,119,481.4694934455414,1,yearly
nyc,3925.03,Sterling Pl & Rochester Ave,2025,5418,2975,2443,5418,40.67128,-73.92825,12,284,5241.786637135475,1,yearly
nyc,3928.08,Eastern Pkwy & Washington Ave,2025,47486,25457,22029,47486,40.6716493,-73.9631145,12,110,231.64722233921577,1,yearly
nyc,3931.09,Bay St & Court St,2025,7990,3731,4259,7990,40.671409,-74.001328,12,120,1501.877346683354,1,yearly
nyc,3934.06,Sterling Pl & Schenectady Ave,2025,8094,4275,3819,8094,40.6716,-73.93378,12,271,3348.159130219916,1,yearly
nyc,3934.07,Troy Ave & Park Pl,2025,12075,6354,5721,12075,40.67251,-73.93642,12,204,1689.44099378882,1,yearly
nyc,3940.04,Sigourney St & Columbia St,2025,16605,7962,8643,16605,40.67267243410948,-74.0087952464819,12,36,216.80216802168022,1,yearly
nyc,3943.03,St Johns Pl & Kingston Ave,2025,23824,12137,11687,23824,40.67113,-73.94222,12,160,671.591672263264,1,yearly
nyc,3946.07,1 St & 6 Ave,2025,45327,22737,22590,45327,40.672784,-73.979826,12,107,236.06239106934058,1,yearly
nyc,3950.03,Park Pl & Thomas S. Boyland St,2025,6975,3534,3441,6975,40.67154,-73.91433,12,219,3139.784946236559,1,yearly
nyc,3952.07,Lincoln Pl & Nostrand Ave,2025,32767,17226,15541,32767,40.67077,-73.9507,12,170,518.8146610919523,1,yearly
nyc,3955.05,4 Ave & 9 St,2025,49813,24771,25042,49813,40.6705135,-73.98876585,12,117,234.87844538574268,1,yearly
nyc,3958.02,Sterling Pl & Ralph Ave,2025,4330,2165,2165,4330,40.67095,-73.92222,12,231,5334.872979214781,1,yearly
nyc,3960.01,Lincoln Pl & Classon Ave,2025,37313,19268,18045,37313,40.6721683,-73.9609,12,115,308.20357516147186,1,yearly
nyc,3966.01,St Johns Pl & Utica Ave,2025,16284,8349,7935,16284,40.6705,-73.9308,12,324,1989.683124539425,1,yearly
nyc,3966.03,Park Pl & Utica Ave,2025,9506,4854,4652,9506,40.67242,-73.93094,12,276,2903.4294130023145,1,yearly
nyc,3972.08,Henry St & Bay St,2025,12096,5883,6213,12096,40.6725058,-74.00494695,12,94,777.1164021164021,1,yearly
nyc,3975.02,Albany Ave & Park Pl,2025,15172,7774,7398,15172,40.67297,-73.93896,12,160,1054.5742156604272,1,yearly
nyc,3978.13,Garfield Pl & 8 Ave,2025,58671,29358,29313,58671,40.6711978,-73.97484126,11,92,156.80659951253602,1,yearly
nyc,3981.1,Dwight St & Van Dyke St,2025,98,76,22,98,40.67363551341504,-74.01195555925369,6,38,38775.510204081635,1,yearly
nyc,3981.10,Dwight St & Van Dyke St,2025,11601,5401,6200,11601,40.67363551341504,-74.01195555925369,12,38,327.5579691405913,1,yearly
nyc,3982.01,Eastern Pkwy & St Marks Ave,2025,4284,2129,2155,4284,40.67319,-73.91083,12,254,5929.038281979459,1,yearly
nyc,3984.02,Sterling Pl & New York Ave,2025,38221,20283,17938,38221,40.67234,-73.94763,12,165,431.69985086732424,1,yearly
nyc,3987.06,5 Ave & 3 St,2025,72411,36135,36276,72411,40.6728155,-73.98352355,12,101,139.48157047962326,1,yearly
nyc,3991.04,Prospect Pl & Howard Ave,2025,3623,1881,1742,3623,40.67261,-73.91977,12,212,5851.504278222467,1,yearly
nyc,3993.03,Sterling Pl & Bedford Ave,2025,47298,23935,23363,47298,40.672695,-73.954131,12,180,380.565774451351,1,yearly
nyc,3996.01,7 St & 3 Ave,2025,35498,17664,17834,35498,40.67260298150126,-73.98983001708984,12,90,253.53541044565893,1,yearly
nyc,3999.06,Park Pl & Buffalo Ave,2025,5747,2957,2790,5747,40.67202,-73.92539,12,221,3845.4846006612142,1,yearly
nyc,4001.09,St Johns Pl & Washington Ave,2025,52997,26805,26192,52997,40.6737236,-73.9631611,12,98,184.91612732796196,1,yearly
nyc,4007.01,Schenectady Ave & Prospect Pl,2025,12859,6530,6329,12859,40.67351,-73.93363,12,214,1664.2040594136404,1,yearly
nyc,4010.01,Plaza St East & Flatbush Ave,2025,97541,50802,46739,97541,40.673134,-73.969106,12,124,127.1260290544489,1,yearly
nyc,4010.13,Plaza St West & Flatbush Ave,2025,86819,43809,43010,86819,40.6750207,-73.97111473,12,192,221.1497483269791,1,yearly
nyc,4010.15,Grand Army Plaza & Plaza St West,2025,80732,40213,40519,80732,40.6729679,-73.97087984,12,150,185.79993063469257,1,yearly
nyc,4013.08,Columbia St & Lorraine St,2025,10389,4387,6002,10389,40.6747055,-74.0075572,12,61,587.1594956203677,1,yearly
nyc,4014.01,Pacific St & Sackman St,2025,2048,1017,1031,2048,40.67522,-73.9061,12,214,10449.21875,1,yearly
nyc,4016.03,Kingston Ave & Park Pl,2025,23281,11874,11407,23281,40.67308,-73.94191,12,154,661.4836132468537,1,yearly
nyc,4019.06,Carroll St & 6 Ave,2025,60153,29966,30187,60153,40.6740886,-73.9787282,12,119,197.82886971555865,1,yearly
nyc,4023.01,St Marks Ave & Thomas S. Boyland St,2025,2266,1171,1095,2266,40.67313,-73.91387,12,232,10238.305383936453,1,yearly
nyc,4023.05,Pacific St & Thomas S. Boyland St,2025,3378,1828,1550,3378,40.67568,-73.91396,12,245,7252.812314979277,1,yearly
nyc,4025.02,Prospect Pl & Nostrand Ave,2025,40151,20398,19753,40151,40.67428,-73.9503,12,173,430.8734527159971,1,yearly
nyc,4028.03,3 St & 3 Ave,2025,40611,19825,20786,40611,40.6750705,-73.98775226,12,89,219.15244638152225,1,yearly
nyc,4028.04,4 Ave & 3 St,2025,46632,23247,23385,46632,40.673746,-73.985649,12,102,218.73391662377765,1,yearly
nyc,4031.05,St Marks Ave & Ralph Ave,2025,4284,2246,2038,4284,40.67372,-73.92199,12,177,4131.652661064426,1,yearly
nyc,4033.16,Sterling Pl & Franklin Ave,2025,67656,33839,33817,67656,40.67324785,-73.95689517,12,142,209.8853021165898,1,yearly
nyc,4033.18,Sterling Pl & Classon Ave,2025,34860,18212,16648,34860,40.6739411,-73.96026,12,127,364.3144004589788,1,yearly
nyc,4039.04,St Marks Ave & Rochester Ave,2025,7654,3880,3774,7654,40.67404,-73.92772,12,220,2874.3140841390123,1,yearly
nyc,4042.08,Underhill Ave & Lincoln Pl,2025,63102,31609,31493,63102,40.6740123,-73.9671457,12,165,261.48141104877817,1,yearly
nyc,4045.01,Clinton St & Centre St,2025,11499,5637,5862,11499,40.67434,-74.00194698,12,200,1739.2816766675364,1,yearly
nyc,4048.03,Bergen St & Troy Ave,2025,8174,4398,3776,8174,40.67524,-73.93596,12,193,2361.1450942011256,1,yearly
nyc,4051.01,Berkeley Pl & 7 Ave,2025,124093,61976,62117,124093,40.675146838709786,-73.97523209452629,12,213,171.64545945379675,1,yearly
nyc,4054.06,Dwight St & Dikeman St,2025,9100,4181,4919,9100,40.67487503856169,-74.01048018571481,12,50,549.4505494505495,1,yearly
nyc,4055.04,Bergen St & Mother Gaston Blvd,2025,3363,1693,1670,3363,40.67374,-73.90852,12,253,7523.04490038656,1,yearly
nyc,4057.04,Brooklyn Ave & Prospect Pl,2025,29032,15137,13895,29032,40.67412,-73.94447,12,134,461.5596583080739,1,yearly
nyc,4060.09,Carroll St & 5 Ave,2025,64796,32318,32478,64796,40.6751622,-73.9814832,12,117,180.5667016482499,1,yearly
nyc,4064.03,Bergen St & Saratoga Ave,2025,4492,2290,2202,4492,40.67423,-73.91656,12,196,4363.312555654497,1,yearly
nyc,4066.15,Bedford Ave & Bergen St,2025,49512,24915,24597,49512,40.676368,-73.952918,12,224,452.4155760219745,1,yearly
nyc,4072.02,Bergen St & Buffalo Ave,2025,6342,3353,2989,6342,40.6747,-73.92512,12,203,3200.8830022075053,1,yearly
nyc,4074.14,Classon Ave & St Marks Ave,2025,51316,25767,25549,51316,40.676513,-73.959431,11,133,259.1784238833892,1,yearly
nyc,4077.04,Smith St & 9 St,2025,52085,26041,26044,52085,40.6746957,-73.99785768,12,164,314.8699241624268,1,yearly
nyc,4077.07,Court St & Huntington St,2025,4954,2449,2505,4954,40.67595768953126,-73.99894942833194,2,200,4037.141703673799,1,yearly
nyc,4077.07,Court St & Nelson St,2025,32786,16334,16452,32786,40.676350998953126,-73.9987239798332,10,206,628.3169645580431,1,yearly
nyc,4080.01,Schenectady Ave & Pacific St,2025,11745,5963,5782,11745,40.67686,-73.93327,12,228,1941.2515964240104,1,yearly
nyc,4083.13,Park Pl & Vanderbilt Ave,2025,15621,7862,7759,15621,40.6767,-73.969024,6,207,1325.1392356443248,1,yearly
nyc,4086.05,Columbia St & W 9 St,2025,8646,4071,4575,8646,40.6769993,-74.00647134,12,174,2012.4913254684247,1,yearly
nyc,4086.06,Henry St & W 9 St,2025,8405,4096,4309,8405,40.6763744,-74.00324957,12,235,2795.954788816181,1,yearly
nyc,4087.01,Van Sinderen Ave & Atlantic Ave,2025,6656,3313,3343,6656,40.67621,-73.90351,12,238,3575.721153846154,1,yearly
nyc,4089.01,Bergen St & Kingston Ave,2025,26287,13582,12705,26287,40.6756,-73.9415,12,174,661.924145014646,1,yearly
nyc,4095.03,Van Brunt St & Wolcott St,2025,37644,17998,19646,37644,40.6773429,-74.01275056,12,41,108.91509935182233,1,yearly
nyc,4095.1,Van Brunt St & Van Dyke St,2025,353,351,2,353,40.6758329439129,-74.01472628116608,5,40,11331.444759206799,1,yearly
nyc,4095.10,Van Brunt St & Van Dyke St,2025,34131,16599,17532,34131,40.6758329439129,-74.01472628116608,12,40,117.19551141191292,1,yearly
nyc,4096.08,Dean St & Rockaway Ave,2025,3408,1751,1657,3408,40.67486,-73.91123,12,240,7042.2535211267605,1,yearly
nyc,4098.06,New York Ave & St Marks Ave,2025,32854,16656,16198,32854,40.67514,-73.94716,12,179,544.8347233213611,1,yearly
nyc,4101.17,President St & 4 Ave,2025,48735,24300,24435,48735,40.676757,-73.983262,12,108,221.606648199446,1,yearly
nyc,4105.01,Pacific St & Ralph Ave,2025,6183,3159,3024,6183,40.67607,-73.92171,12,175,2830.3412582888564,1,yearly
nyc,4107.05,Franklin Ave & St Marks Ave,2025,62449,31772,30677,62449,40.6758324,-73.9561677,12,163,261.0129865970632,1,yearly
nyc,4107.13,Dean St & Franklin Ave,2025,67793,33834,33959,67793,40.67759206937376,-73.955637216568,12,203,299.4409452303335,1,yearly
nyc,4110.1,3 St & Hoyt St,2025,320,313,7,320,40.6777287,-73.99364123,5,70,21875.0,1,yearly
nyc,4110.10,3 St & Hoyt St,2025,32677,16049,16628,32677,40.6777287,-73.99364123,12,70,214.2179514643327,1,yearly
nyc,4113.01,Pacific St & Rochester Ave,2025,4952,2486,2466,4952,40.67639,-73.92748,12,220,4442.64943457189,1,yearly
nyc,4116.08,Prospect Pl & Underhill Ave,2025,44025,22011,22014,44025,40.6769694,-73.96579,12,169,383.87279954571267,1,yearly
nyc,4116.09,Washington Ave & Park Pl,2025,61780,31448,30332,61780,40.675832,-73.963308,12,105,169.9579151829071,1,yearly
nyc,4119.04,Clinton St & 4 Place,2025,44714,22333,22381,44714,40.6783563,-74.00014502,12,235,525.5624636579147,1,yearly
nyc,4120.02,Fulton St & Williams Ave,2025,5646,2765,2881,5646,40.67709,-73.9008,12,305,5402.054551895147,1,yearly
nyc,4122.03,Pacific St & Troy Ave,2025,16129,8077,8052,16129,40.67686,-73.93607,12,217,1345.4026908053816,1,yearly
nyc,4125.07,7 Ave & Park Pl,2025,103177,51583,51594,103177,40.6776147,-73.97324283,12,257,249.0865212208147,1,yearly
nyc,4125.13,Park Pl & Carlton Ave,2025,23186,12005,11181,23186,40.677358,-73.97211,6,247,1065.2980246700595,1,yearly
nyc,4128.08,Pioneer St & Richards St,2025,9399,4316,5083,9399,40.6777748,-74.0094613,12,68,723.4812214065327,1,yearly
nyc,4129.1,Herkimer St & Eastern Pkwy,2025,739,19,720,739,40.67738,-73.90829,11,215,29093.369418132614,1,yearly
nyc,4129.10,Herkimer St & Eastern Pkwy,2025,3435,2091,1344,3435,40.67738,-73.90829,12,215,6259.097525473072,1,yearly
nyc,4131.03,Brooklyn Ave & Dean St,2025,30926,15475,15451,30926,40.67669,-73.94437,12,222,717.8425919937916,1,yearly
nyc,4134.06,Berkeley Pl & 6 Ave,2025,52316,26108,26208,52316,40.6765304,-73.97846879,12,154,294.3650126156434,1,yearly
nyc,4137.1,Coffey St & Conover St,2025,286,190,96,286,40.677236,-74.015665,5,34,11888.111888111887,1,yearly
nyc,4137.10,Coffey St & Conover St,2025,20738,9853,10885,20738,40.677236,-74.015665,12,34,163.95023628122289,1,yearly
nyc,4137.14,Coffey St & Ferris St,2025,19942,9743,10199,19942,40.67818387977647,-74.0170168876648,12,30,150.43626516899008,1,yearly
nyc,4138.04,Thomas S. Boyland St & Fulton St,2025,7890,4432,3458,7890,40.67854,-73.91367,12,195,2471.4828897338402,1,yearly
nyc,4140.03,Pacific St & Nostrand Ave,2025,45812,23013,22799,45812,40.6776,-73.94963,12,274,598.0965685846503,1,yearly
nyc,4143.04,3 Ave & Carroll St,2025,42152,20910,21242,42152,40.677027,-73.9865,12,85,201.6511672044031,1,yearly
nyc,4146.02,Columbus Pl & Atlantic Ave,2025,7355,3857,3498,7355,40.67717,-73.92285,12,170,2311.3528212100614,1,yearly
nyc,4148.07,Pacific St & Classon Ave,2025,37748,18913,18835,37748,40.6791944,-73.9587903,12,204,540.4259828335277,1,yearly
nyc,4151.01,Smith St & 3 St,2025,45279,22649,22630,45279,40.6787242,-73.99599099,12,100,220.8529340312286,1,yearly
nyc,4154.02,Pacific St & Utica Ave,2025,8485,4307,4178,8485,40.6767,-73.93051,12,217,2557.4543311726575,1,yearly
nyc,4157.1,Bergen St & Vanderbilt Ave,2025,1248,964,284,1248,40.6794388,-73.9680438,7,236,18910.25641025641,1,yearly
nyc,4157.10,Bergen St & Vanderbilt Ave,2025,126521,62796,63725,126521,40.6794388,-73.9680438,12,236,186.5302993178998,1,yearly
nyc,4157.15,Prospect Pl & Vanderbilt Ave,2025,67696,33796,33900,67696,40.67767534,-73.96902144,12,220,324.98227369416213,1,yearly
nyc,4161.01,Van Sinderen Ave & Truxton St,2025,12797,6402,6395,12797,40.6786,-73.90369,12,211,1648.823943111667,1,yearly
nyc,4166.08,Prospect Pl & 6 Ave,2025,56669,28292,28377,56669,40.6793307,-73.97519523,12,255,449.9814713511797,1,yearly
nyc,4169.04,Pioneer St & Van Brunt St,2025,35018,16675,18343,35018,40.679043,-74.011169,12,51,145.63938545890684,1,yearly
nyc,4170.08,Somers St & Rockaway Ave,2025,8889,4509,4380,8889,40.67872,-73.91105,12,219,2463.719203509956,1,yearly
nyc,4172.04,Herkimer St & New York Ave,2025,18637,9582,9055,18637,40.67955,-73.94709,12,257,1378.9773032140367,1,yearly
nyc,4175.14,Douglass St & 4 Ave,2025,61140,30465,30675,61140,40.6792788,-73.98154004,12,135,220.8047105004907,1,yearly
nyc,4175.15,Union St & 4 Ave,2025,46977,23371,23606,46977,40.6772744,-73.98282002,12,109,232.0284394490921,1,yearly
nyc,4179.03,Fulton St & Saratoga Ave,2025,6684,3417,3267,6684,40.67853,-73.91642,12,182,2722.9204069419507,1,yearly
nyc,4181.1,Brevoort Pl & Bedford Ave,2025,2089,306,1783,2089,40.68012,-73.95362,7,281,13451.412158927717,1,yearly
nyc,4181.10,Brevoort Pl & Bedford Ave,2025,31892,16769,15123,31892,40.68012,-73.95362,12,281,881.0987081399725,1,yearly
nyc,4184.08,President St & Hoyt St,2025,29171,14557,14614,29171,40.680057,-73.991753,12,79,270.8169072023585,1,yearly
nyc,4187.04,Sumpter St & Fulton St,2025,5221,2665,2556,5221,40.67923,-73.92588,12,197,3773.223520398391,1,yearly
nyc,4190.06,Grand Ave & Bergen St,2025,50979,25580,25399,50979,40.678045,-73.962408,12,133,260.89173973596974,1,yearly
nyc,4193.14,1 Pl & Clinton St,2025,44046,22230,21816,44046,40.6809591,-73.99905709,12,227,515.370294691913,1,yearly
nyc,4196.01,Lewis Ave & Fulton St,2025,8177,4190,3987,8177,40.67972,-73.93467,12,196,2396.967102849456,1,yearly
nyc,4196.05,Chauncey St & Stuyvesant Ave,2025,33011,16558,16453,33011,40.68012,-73.93168,12,202,611.9172397079761,1,yearly
nyc,4199.12,Carlton Ave & Dean St,2025,111293,55591,55702,111293,40.6809741,-73.9710097,12,307,275.8484361100878,1,yearly
nyc,4199.13,Carlton Ave & St Marks Ave,2025,20005,10001,10004,20005,40.67911856082166,-73.97176265716553,7,285,1424.64383904024,1,yearly
nyc,4202.04,Richards St & Delavan St,2025,13937,6744,7193,13937,40.6794327,-74.00785041,12,155,1112.1475209873,1,yearly
nyc,4203.04,Somers St & Broadway,2025,3369,1865,1504,3369,40.67945,-73.90474,12,205,6084.891659246067,1,yearly
nyc,4205.06,Kingston Ave & Herkimer St,2025,25286,13025,12261,25286,40.67890679,-73.94142771,12,221,874.0014237127265,1,yearly
nyc,4208.01,Sterling Pl & 5 Ave,2025,43419,21687,21732,43419,40.678970070475735,-73.97855266928671,12,223,513.6000368502268,1,yearly
nyc,4212.01,MacDougal St & Rockaway Ave,2025,5711,2985,2726,5711,40.68018,-73.91136,12,202,3537.033794431798,1,yearly
nyc,4214.03,Macon St & Nostrand Ave,2025,60793,30375,30418,60793,40.6809833854,-73.9500479759,12,278,457.2894905663481,1,yearly
nyc,4214.04,Verona Pl & Fulton St,2025,20040,10016,10024,20040,40.6803560840434,-73.9476791024208,12,270,1347.3053892215569,1,yearly
nyc,4217.02,Douglass St & 3 Ave,2025,55335,27282,28053,55335,40.6802133,-73.98432695,12,105,189.75332068311195,1,yearly
nyc,4217.06,Degraw St & 3 Ave,2025,43238,21284,21954,43238,40.67977,-73.9847,12,103,238.21638373652806,1,yearly
nyc,4220.02,Ralph Ave & Fulton St,2025,15583,8224,7359,15583,40.67922,-73.92192,12,162,1039.594429827376,1,yearly
nyc,4222.02,Lefferts Pl & Franklin Ave,2025,45141,22865,22276,45141,40.680342423,-73.9557689392,12,223,494.007664872289,1,yearly
nyc,4225.14,Carroll St & Smith St,2025,80778,40358,40420,80778,40.680611,-73.99475825,12,93,115.13035727549581,1,yearly
nyc,4228.02,Fulton St & Utica Ave,2025,29728,14879,14849,29728,40.6794268,-73.9298911,12,191,642.491926803014,1,yearly
nyc,4228.06,Chauncey St & Malcolm X Blvd,2025,22287,11223,11064,22287,40.68044,-73.92842,12,179,803.1587921209674,1,yearly
nyc,4231.04,Underhill Ave & Pacific St,2025,63930,31950,31980,63930,40.6804836,-73.9646795,12,202,315.97059283591426,1,yearly
nyc,4237.01,Lewis Ave & Decatur St,2025,15396,7670,7726,15396,40.6814598,-73.934903,12,173,1123.6684853208626,1,yearly
nyc,4237.02,Albany Ave & Fulton St,2025,21632,11198,10434,21632,40.6800105,-73.938475,12,203,938.4245562130177,1,yearly
nyc,4243.01,Commerce St & Van Brunt St,2025,20074,9908,10166,20074,40.6812117,-74.00860912,12,104,518.0830925575372,1,yearly
nyc,4244.06,Broadway & Furman Ave,2025,6477,3386,3091,6477,40.68139,-73.90756,12,187,2887.1391076115483,1,yearly
nyc,4246.02,MacDonough St & Marcy Ave,2025,33375,16736,16639,33375,40.68078,-73.94613,12,256,767.0411985018726,1,yearly
nyc,4249.01,St Marks Pl & 4 Ave,2025,41414,20611,20803,41414,40.68197,-73.98034,12,272,656.7827304776163,1,yearly
nyc,4253.02,Thomas S. Boyland St & Marion St,2025,12293,6189,6104,12293,40.6814658848122,-73.91415685415268,12,142,1155.1289351663547,1,yearly
nyc,4255.05,Hancock St & Bedford Ave,2025,48772,24469,24303,48772,40.68216564,-73.95399026,12,247,506.43812023292054,1,yearly
nyc,4258.07,Degraw St & Hoyt St,2025,39353,19548,19805,39353,40.68199044270703,-73.99079024791718,12,94,238.86361903793866,1,yearly
nyc,4261.03,Patchen Ave & Bainbridge St,2025,10377,5165,5212,10377,40.68143,-73.92565,12,134,1291.3173364170764,1,yearly
nyc,4263.12,Fulton St & Irving Pl,2025,66906,34157,32749,66906,40.68186,-73.959432,12,174,260.066361761277,1,yearly
nyc,4266.03,Clinton St & Union St,2025,47671,23840,23831,47671,40.6831164,-73.99785267,12,166,348.2200918797592,1,yearly
nyc,4278.03,Marcus Garvey Blvd & Macon St,2025,37234,18596,18638,37234,40.682601,-73.938037,12,155,416.2861900413601,1,yearly
nyc,4281.08,Bergen St & Flatbush Ave,2025,90733,45285,45448,90733,40.680944723477296,-73.97567331790923,12,300,330.6404505527206,1,yearly
nyc,4285.09,Rockaway Ave & Bainbridge St,2025,17334,8742,8592,17334,40.68319988172761,-73.91166642308235,12,167,963.4244836737048,1,yearly
nyc,4290.06,Wyckoff St & 3 Ave,2025,35146,17507,17639,35146,40.6827549,-73.98258555,12,215,611.7339099755307,1,yearly
nyc,4293.05,Chauncey St & Howard Ave,2025,15057,7585,7472,15057,40.68158,-73.91959,12,116,770.4057913262934,1,yearly
nyc,4298.05,Degraw St & Smith St,2025,53542,26734,26808,53542,40.6829151,-73.99318208,12,108,201.71080646968733,1,yearly
nyc,4301.04,Macon St & Patchen Ave,2025,20662,10310,10352,20662,40.68374,-73.9261,12,104,503.339463749879,1,yearly
nyc,4301.07,MacDonough St & Malcolm X Blvd,2025,21069,10525,10544,21069,40.68273,-73.92926,12,135,640.7518154634771,1,yearly
nyc,4307.13,President St & Henry St,2025,39460,19758,19702,39460,40.6828003,-73.99990419,12,198,501.77394830207805,1,yearly
nyc,4310.06,Macon St & Lewis Ave,2025,29545,14789,14756,29545,40.68282,-73.93488,12,140,473.85344389913695,1,yearly
nyc,4317.05,Bushwick Ave & Furman Ave,2025,10607,5701,4906,10607,40.68281,-73.90623,12,151,1423.5881964740265,1,yearly
nyc,4319.07,Halsey St & Tompkins Ave,2025,67737,33829,33908,67737,40.6823687,-73.944118,12,176,259.8284541683275,1,yearly
nyc,4322.06,Bergen St & 4 Ave,2025,55626,27824,27802,55626,40.68256425759694,-73.9798977971077,12,310,557.2933520296264,1,yearly
nyc,4325.03,Thomas S. Boyland St & Macon St,2025,8397,4273,4124,8397,40.68491,-73.91493,12,161,1917.3514350363223,1,yearly
nyc,4327.09,Putnam Ave & Nostrand Ave,2025,39533,19759,19774,39533,40.68402,-73.94977,12,199,503.37692560645536,1,yearly
nyc,4330.09,Hoyt St & Warren St,2025,14800,7272,7528,14800,40.6843549,-73.98901629,12,152,1027.0270270270269,1,yearly
nyc,4334.02,Halsey St & Ralph Ave,2025,13682,6891,6791,13682,40.68494,-73.92299,12,124,906.300248501681,1,yearly
nyc,4336.01,Monroe St & Classon Ave,2025,26390,13174,13216,26390,40.6845683,-73.95881081,12,132,500.18946570670704,1,yearly
nyc,4339.01,Butler St & Court St,2025,44304,22110,22194,44304,40.6849894,-73.99440329,12,141,318.25568797399785,1,yearly
nyc,4342.04,Hancock St & Malcolm X Blvd,2025,22504,11250,11254,22504,40.68487,-73.9293,11,102,453.25275506576605,1,yearly
nyc,4345.11,Fulton St & Waverly Ave,2025,91814,46164,45650,91814,40.68323865460341,-73.96599590778351,12,219,238.52571503256587,1,yearly
nyc,4348.07,Carroll St & Columbia St,2025,47402,23567,23835,47402,40.6830456,-74.00348559,12,209,440.9096662588077,1,yearly
nyc,4354.05,S Portland Ave & Hanson Pl,2025,60035,29939,30096,60035,40.68539567,-73.97431458,12,319,531.3567085866578,1,yearly
nyc,4354.07,Atlantic Ave & Fort Greene Pl,2025,91013,45485,45528,91013,40.68382604,-73.97632328,12,362,397.74537703405014,1,yearly
nyc,4357.01,Moffat St & Bushwick,2025,12182,6119,6063,12182,40.68458,-73.90925,12,138,1132.81891315055,1,yearly
nyc,4362.04,Pacific St & Nevins St,2025,43634,21778,21856,43634,40.6853761,-73.98302136,12,326,747.1238025393043,1,yearly
nyc,4366.01,Halsey St & Broadway,2025,12778,6400,6378,12778,40.68565,-73.91564,12,159,1244.3261856315542,1,yearly
nyc,4366.1,Decatur St & Saratoga Ave,2025,808,66,742,808,40.68332,-73.91711,7,121,14975.247524752474,1,yearly
nyc,4366.10,Decatur St & Saratoga Ave,2025,10345,5490,4855,10345,40.68332,-73.91711,12,121,1169.6471725471242,1,yearly
nyc,4368.05,Monroe St & Bedford Ave,2025,76038,38011,38027,76038,40.6851443,-73.95380904,12,163,214.36650096004632,1,yearly
nyc,4371.01,Warren St & Smith St,2025,54591,27156,27435,54591,40.68542400997018,-73.99127773940563,12,190,348.0427176640838,1,yearly
nyc,4374.01,Picnic Point,2025,8350,4174,4176,8350,40.68512559515415,-74.02535319328308,12,0,0.0,1,yearly
nyc,4375.02,Jefferson Ave & Patchen Ave,2025,17563,8802,8761,17563,40.68609,-73.92628,12,121,688.9483573421397,1,yearly
nyc,4377.04,Cambridge Pl & Gates Ave,2025,56292,28150,28142,56292,40.68488,-73.96304,12,157,278.90286363959353,1,yearly
nyc,4380.08,Henry St & Degraw St,2025,52471,26197,26274,52471,40.6847514,-73.99917254,12,192,365.91641096986905,1,yearly
nyc,4383.06,Hancock St & Stuyvesant Ave,2025,26920,13447,13473,26920,40.68454,-73.9322,12,120,445.7652303120356,1,yearly
nyc,4386.05,Fulton St & Clermont Ave,2025,54231,27273,26958,54231,40.68415748,-73.96922273,12,224,413.0478877394848,1,yearly
nyc,4386.07,Carlton Ave & Greene Ave,2025,48345,24140,24205,48345,40.685957,-73.971468,12,216,446.7887061743717,1,yearly
nyc,4392.04,Putnam Ave & Throop Ave,2025,48591,24316,24275,48591,40.6851532,-73.94111,12,123,253.13329628943632,1,yearly
nyc,4395.07,Hanson Pl & Ashland Pl,2025,177073,88285,88788,177073,40.68506807308177,-73.97790759801863,12,387,218.55392973519398,1,yearly
nyc,4399.03,Eldert St & Bushwick Ave,2025,13414,6732,6682,13414,40.68652,-73.91321,12,168,1252.4228418070672,1,yearly
nyc,4401.04,Marcy Ave & Gates Ave,2025,29471,14813,14658,29471,40.686679,-73.947417,12,140,475.0432628685827,1,yearly
nyc,4404.1,Bond St & Bergen St,2025,1944,357,1587,1944,40.6849668,-73.98620772,7,218,11213.991769547325,1,yearly
nyc,4404.10,Bond St & Bergen St,2025,44360,22745,21615,44360,40.6849668,-73.98620772,12,218,491.43372407574395,1,yearly
nyc,4408.07,Macon St & Howard Ave,2025,17968,8996,8972,17968,40.68452,-73.92011,12,103,573.2413178984862,1,yearly
nyc,4410.02,Franklin Ave & Quincy St,2025,54150,27098,27052,54150,40.68636,-73.95678,12,125,230.84025854108958,1,yearly
nyc,4413.08,Warren St & Court St,2025,47318,23539,23779,47318,40.686371,-73.99383324,12,206,435.35229722304405,1,yearly
nyc,4416.1,Madison St & Malcolm X Blvd,2025,4690,142,4548,4690,40.68713,-73.93008,10,112,2388.0597014925374,1,yearly
nyc,4416.10,Madison St & Malcolm X Blvd,2025,22843,13824,9019,22843,40.68713,-73.93008,12,112,490.3033752134133,1,yearly
nyc,4419.03,Washington Ave & Greene Ave,2025,20268,10111,10157,20268,40.68650065,-73.96563307,5,171,843.6944937833036,1,yearly
nyc,4422.04,Columbia St & Degraw St,2025,37356,18559,18797,37356,40.6859296,-74.00242364,12,171,457.75778991326695,1,yearly
nyc,4422.05,Columbia St & Kane St,2025,25278,12622,12656,25278,40.68763155,-74.0016256,12,203,803.0698631220824,1,yearly
nyc,4425.02,Lewis Ave & Madison St,2025,35390,17823,17567,35390,40.686312,-73.935775,12,124,350.381463690308,1,yearly
nyc,4428.02,Cumberland St & Lafayette Ave,2025,64052,31999,32053,64052,40.68753406,-73.97265183,12,172,268.53181789795786,1,yearly
nyc,4432.1,Central Ave & Decatur St,2025,111,84,27,111,40.6882,-73.90798,5,129,116216.21621621621,1,yearly
nyc,4432.10,Central Ave & Decatur St,2025,12863,6401,6462,12863,40.6882,-73.90798,12,129,1002.8764673870792,1,yearly
nyc,4434.06,Monroe St & Tompkins Ave,2025,56688,28298,28390,56688,40.686203,-73.944694,12,118,208.1569291560824,1,yearly
nyc,4437.01,3 Ave & Schermerhorn St,2025,63802,31792,32010,63802,40.68683208,-73.9796772,12,375,587.7558697219523,1,yearly
nyc,4437.09,Nevins St & Schermerhorn St,2025,59305,29604,29701,59305,40.68737247650719,-73.98176059126854,12,349,588.4832644802293,1,yearly
nyc,4440.02,Yankee Ferry Terminal,2025,16934,8479,8455,16934,40.68706579875912,-74.01675585121666,12,0,0.0,1,yearly
nyc,4441.06,Broadway & Hancock St,2025,16936,8808,8128,16936,40.68662559594223,-73.91680732617424,12,137,808.9277279168635,1,yearly
nyc,4446.01,Bergen St & Smith St,2025,85783,42655,43128,85783,40.6867443,-73.99063168,12,242,282.1071774127741,1,yearly
nyc,4446.03,Pacific St & Smith St,2025,60480,29946,30534,60480,40.687880939612775,-73.98939281702042,12,269,444.7751322751323,1,yearly
nyc,4446.05,Dean St & Hoyt St,2025,37667,18603,19064,37667,40.6864442,-73.98759104,12,245,650.4367217989221,1,yearly
nyc,4450.06,Putnam Ave & Ralph Ave,2025,25882,12953,12929,25882,40.68705,-73.92338,12,145,560.2349122942585,1,yearly
nyc,4452.03,Lexington Ave & Classon Ave,2025,57272,28621,28651,57272,40.68676793,-73.95928168,12,136,237.46333286771898,1,yearly
nyc,4455.1,Congress St & Clinton St,2025,10836,643,10193,10836,40.68825516598005,-73.99545192718506,8,275,2537.8368401624216,1,yearly
nyc,4455.10,Congress St & Clinton St,2025,47698,28523,19175,47698,40.68825516598005,-73.99545192718506,11,275,576.5440898989475,1,yearly
nyc,4455.11,Kane St & Clinton St,2025,44880,22268,22612,44880,40.6861758,-73.99645295,12,180,401.0695187165776,1,yearly
nyc,4458.06,Stuyvesant Ave & Gates Ave,2025,17619,9225,8394,17619,40.68834,-73.93306,12,105,595.9475566150179,1,yearly
nyc,4461.01,Clermont Ave & Lafayette Ave,2025,60442,30413,30029,60442,40.68764484,-73.96968902,12,168,277.9524171933424,1,yearly
nyc,4461.04,DeKalb Ave & Vanderbilt Ave,2025,77417,38668,38749,77417,40.68940747,-73.96885458,12,143,184.71395171603137,1,yearly
nyc,4461.07,Waverly Ave & Lafayette Ave,2025,29811,14889,14922,29811,40.688231,-73.966804,8,137,459.5619066787428,1,yearly
nyc,4467.03,Monroe St & Marcus Garvey Blvd,2025,30792,15451,15341,30792,40.686722,-73.938988,12,127,412.44479085476746,1,yearly
nyc,4470.09,Lafayette Ave & Ft Greene Pl,2025,118873,59318,59555,118873,40.68700231292619,-73.97664964199066,12,332,279.28966207633357,1,yearly
nyc,4474.01,Halsey St & Evergreen Ave,2025,12536,6350,6186,12536,40.68858,-73.91227,12,153,1220.4850031908104,1,yearly
nyc,4476.03,Marcy Ave & Lafayette Ave,2025,41168,20698,20470,41168,40.6900815,-73.947915,12,177,429.94558880684025,1,yearly
nyc,4479.06,Bond St & Fulton St,2025,104096,51975,52121,104096,40.6896218879,-73.9830426872,12,348,334.30679372886567,1,yearly
nyc,4479.1,Schermerhorn St & Hoyt St,2025,6565,1166,5399,6565,40.6886263,-73.9851911,9,346,5270.37319116527,1,yearly
nyc,4479.10,Schermerhorn St & Hoyt St,2025,112179,58103,54076,112179,40.6886263,-73.9851911,12,346,308.43562520614375,1,yearly
nyc,4483.1,Broadway & Madison St,2025,366,209,157,366,40.68822,-73.91966,6,177,48360.65573770492,1,yearly
nyc,4483.10,Broadway & Madison St,2025,29465,14792,14673,29465,40.68822,-73.91966,12,177,600.7127099949092,1,yearly
nyc,4485.1,Clifton Pl & Bedford Ave,2025,1973,444,1529,1973,40.688655,-73.955156,6,184,9325.89964521034,1,yearly
nyc,4485.10,Clifton Pl & Bedford Ave,2025,52432,26742,25690,52432,40.688655,-73.955156,12,184,350.93072932560267,1,yearly
nyc,4488.08,Court St & State St,2025,71040,35461,35579,71040,40.6902375,-73.99203074,9,291,409.6283783783784,1,yearly
nyc,4488.1,Amity St & Court St,2025,568,0,568,568,40.68841885589487,-73.9931417101234,2,279,49119.718309859156,1,yearly
nyc,4488.10,Amity St & Court St,2025,3731,2138,1593,3731,40.68841885589487,-73.9931417101234,3,279,7477.887965692844,1,yearly
nyc,4491.09,Monroe St & Patchen Ave,2025,22607,11344,11263,22607,40.68814,-73.92693,12,141,623.7006237006237,1,yearly
nyc,4494.04,Lafayette Ave & St James Pl,2025,82808,41808,41000,82808,40.68851534,-73.9647628,12,127,153.3668244614047,1,yearly
nyc,4497.09,Congress St & Hicks St,2025,29331,14456,14875,29331,40.6893952,-73.9995126,10,218,743.2409396201971,1,yearly
nyc,4500.07,Lexington Ave & Stuyvesant Ave,2025,24341,12545,11796,24341,40.68973,-73.93353,12,124,509.4285362146173,1,yearly
nyc,4507.07,Wilson Ave & Moffat St,2025,21270,10768,10502,21270,40.68906,-73.90506,12,66,310.29619181946407,1,yearly
nyc,4510.04,Greene Ave & Throop Ave,2025,47386,23656,23730,47386,40.6894932,-73.942061,12,153,322.880175579285,1,yearly
nyc,4513.06,DeKalb Ave & Hudson Ave,2025,68960,34271,34689,68960,40.689888,-73.981013,12,326,472.737819025522,1,yearly
nyc,4513.09,Ashland Pl & Dekalb Ave,2025,48914,24273,24641,48914,40.690065,-73.978776,12,249,509.0567117798585,1,yearly
nyc,4517.03,Jefferson Ave & Evergreen Ave,2025,20943,10458,10485,20943,40.68989,-73.91458,12,153,730.554361839278,1,yearly
nyc,4519.02,Greene Ave & Nostrand Ave,2025,40853,20749,20104,40853,40.6883337,-73.950916,12,164,401.43930678285557,1,yearly
nyc,4519.04,Kosciuszko St & Nostrand Ave,2025,36402,18314,18088,36402,40.69072549,-73.95133465,12,178,488.9841217515521,1,yearly
nyc,4522.07,State St & Smith St,2025,63477,31591,31886,63477,40.68917,-73.9886,12,289,455.28301589552115,1,yearly
nyc,4526.01,Grove St & Broadway,2025,37815,19729,18086,37815,40.69047,-73.923511,12,176,465.42377363480097,1,yearly
nyc,4528.01,DeKalb Ave & Franklin Ave,2025,41354,20655,20699,41354,40.69064807082943,-73.95746178925037,12,187,452.1932582096049,1,yearly
nyc,4528.03,Lafayette Ave & Franklin Ave,2025,33078,16624,16454,33078,40.689271,-73.957324,12,146,441.3809782937299,1,yearly
nyc,4531.05,Henry St & Atlantic Ave,2025,64825,32344,32481,64825,40.69089272,-73.99612349,10,272,419.5912070960278,1,yearly
nyc,4534.06,Lexington Ave & Patchen Ave,2025,24630,12375,12255,24630,40.6904,-73.9277,12,179,726.7559886317499,1,yearly
nyc,4543.07,Lewis Ave & Greene Ave,2025,34186,17165,17021,34186,40.68995,-73.9365,12,129,377.34745217340435,1,yearly
nyc,4546.05,Washington Park,2025,62292,31106,31186,62292,40.6917823,-73.9737299,12,133,213.5105631541771,1,yearly
nyc,4546.06,DeKalb Ave & S Portland Ave,2025,60370,30134,30236,60370,40.68967018552252,-73.97527355121376,12,210,347.8548948153056,1,yearly
nyc,4550.05,Central Ave & Covert St,2025,16871,8604,8267,16871,40.68929,-73.90951,12,150,889.0996384328137,1,yearly
nyc,4553.04,Kosciuszko St & Tompkins Ave,2025,46931,23445,23486,46931,40.69128258,-73.9452416,12,146,311.09501182587206,1,yearly
nyc,4560.01,Madison St & Evergreen Ave,2025,21414,10770,10644,21414,40.69122,-73.91693,12,181,845.2414308396376,1,yearly
nyc,4562.02,DeKalb Ave & Bedford Ave,2025,39744,19812,19932,39744,40.690894,-73.955195,12,199,500.70450885668276,1,yearly
nyc,4565.07,Schermerhorn St & Court St,2025,82944,41405,41539,82944,40.6910363748993,-73.99201065301895,12,281,338.7827932098765,1,yearly
nyc,4568.01,Van Buren St & Broadway,2025,16999,8692,8307,16999,40.692,-73.92617,12,204,1200.0705923877877,1,yearly
nyc,4576.11,Lafayette Ave & Stuyvesant Ave,2025,20159,10256,9903,20159,40.6919925157634,-73.9325501024723,12,171,848.2563619227144,1,yearly
nyc,4582.08,Knickerbocker Ave & Moffat St,2025,10674,5384,5290,10674,40.690434,-73.903737,12,62,580.8506651676971,1,yearly
nyc,4587.02,Willoughby St & Ashland Pl,2025,32221,16034,16187,32221,40.69178,-73.97877,12,212,657.9559914341579,1,yearly
nyc,4590.01,Soissons Landing,2025,4722,2288,2434,4722,40.69231660719192,-74.01486575603485,6,0,0.0,1,yearly
nyc,4591.04,Central Ave & Weirfield St,2025,19391,9725,9666,19391,40.69055,-73.91181,12,154,794.1828683409828,1,yearly
nyc,4593.05,Marcy Ave & Hart St,2025,39224,19619,19605,39224,40.693022,-73.94868,12,176,448.7048745665919,1,yearly
nyc,4596.05,Duffield St & Willoughby St,2025,78982,39427,39555,78982,40.69221589,-73.9842844,12,395,500.1139500139272,1,yearly
nyc,4596.09,Lawrence St & Willoughby St,2025,86666,43220,43446,86666,40.69236178,-73.98631746,12,410,473.0805621581705,1,yearly
nyc,4600.09,Bushwick Ave & Linden St,2025,30096,15341,14755,30096,40.69146,-73.92146,12,180,598.0861244019138,1,yearly
nyc,4605.04,Clinton St & Joralemon St,2025,93296,46470,46826,93296,40.69239502,-73.99337909,12,249,266.89247127422396,1,yearly
nyc,4608.01,Broadway & Kosciuszko St,2025,23816,12715,11101,23816,40.69329,-73.92852,12,198,831.3738663083641,1,yearly
nyc,4611.03,Willoughby Ave & Hall St,2025,94537,47887,46650,94537,40.69196035,-73.96536851,12,180,190.40164168526607,1,yearly
nyc,4614.04,Atlantic Ave & Furman St,2025,89620,44660,44960,89620,40.69165183,-73.9999786,12,186,207.54295916090157,1,yearly
nyc,4615.01,Wyckoff Ave & Cooper Ave,2025,11375,5679,5696,11375,40.69338,-73.90061,12,74,650.5494505494505,1,yearly
nyc,4617.01,Lewis Ave & Kosciuszko St,2025,27079,13723,13356,27079,40.69237074,-73.93705428,12,139,513.3128992946563,1,yearly
nyc,4620.02,Adelphi St & Myrtle Ave,2025,88154,44217,43937,88154,40.69308257,-73.97178913,12,160,181.50055584545228,1,yearly
nyc,4623.02,Knickerbocker Ave & Halsey St,2025,15016,7545,7471,15016,40.693,-73.90824,12,147,978.9557805007992,1,yearly
nyc,4625.01,Pulaski St & Throop Ave,2025,43309,21667,21642,43309,40.693115,-73.943149,12,174,401.76406751483523,1,yearly
nyc,4628.05,Willoughby St & Fleet St,2025,89313,44586,44727,89313,40.69196566,-73.9813018,12,282,315.7435087837157,1,yearly
nyc,4628.07,Myrtle Ave & Fleet Pl,2025,51576,25830,25746,51576,40.693534,-73.981909,12,324,628.1991624011168,1,yearly
nyc,4631.02,Soissons Landing,2025,19224,9571,9653,19224,40.692566,-74.015936,7,0,0.0,1,yearly
nyc,4632.1,Central Ave & Woodbine St,2025,4119,230,3889,4119,40.69296,-73.91605,9,156,3787.327021121632,1,yearly
nyc,4632.10,Central Ave & Woodbine St,2025,27114,15376,11738,27114,40.69296,-73.91605,12,156,575.3485284354946,1,yearly
nyc,4634.02,Willoughby Ave & Walworth St,2025,29823,14875,14948,29823,40.69331716,-73.95381995,12,208,697.4482781745633,1,yearly
nyc,4637.06,Fulton St & Adams St,2025,110212,55116,55096,110212,40.69241829257847,-73.98949474096298,12,333,302.1449569919791,1,yearly
nyc,4640.01,Bushwick Ave & Harman St,2025,30455,15274,15181,30455,40.69356,-73.92524,12,186,610.7371531768183,1,yearly
nyc,4645.04,Henry St & Remsen St,2025,37139,18574,18565,37139,40.69400964865994,-73.99465128779411,11,196,527.7471122001131,1,yearly
nyc,4645.09,Hicks St & Montague St,2025,2852,1425,1427,2852,40.69512845,-73.99595065,1,173,6065.9186535764375,1,yearly
nyc,4648.03,Malcolm X Blvd & DeKalb Ave,2025,17911,8974,8937,17911,40.6938,-73.93114,11,231,1289.7102339344538,1,yearly
nyc,4651.02,Clinton Ave & Myrtle Ave,2025,101788,51189,50599,101788,40.693261,-73.968896,12,174,170.94352968915786,1,yearly
nyc,4654.01,Norman St & Wyckoff Ave,2025,28379,14161,14218,28379,40.69517,-73.90311,12,115,405.22921878854083,1,yearly
nyc,4656.03,Pulaski St & Marcus Garvey Blvd,2025,28888,14510,14378,28888,40.6933982,-73.939877,12,149,515.7851010800333,1,yearly
nyc,4659.02,Myrtle Ave & St Edwards St,2025,36299,18228,18071,36299,40.69327018,-73.97703874,12,195,537.2048816771811,1,yearly
nyc,4663.02,Knickerbocker Ave & Hancock St,2025,19452,9937,9515,19452,40.69385,-73.90974,12,147,755.706354102406,1,yearly
nyc,4663.06,Putnam Ave & Knickerbocker Ave,2025,18787,9931,8856,18787,40.69545,-73.91164,12,186,990.0463086176611,1,yearly
nyc,4665.02,Willoughby Ave & Tompkins Ave,2025,35721,17850,17871,35721,40.69425403,-73.94626915,12,165,461.91316032585877,1,yearly
nyc,4668.08,Johnson St & Gold St,2025,43602,21806,21796,43602,40.69474881,-73.98362464,12,390,894.4543828264758,1,yearly
nyc,4672.01,Menahan St & Central Ave,2025,20971,10582,10389,20971,40.69543,-73.9196,12,195,929.855514758476,1,yearly
nyc,4677.01,Cadman Plaza E & Tillary St,2025,43251,21582,21669,43251,40.69597683,-73.99014892,12,243,561.8367205382535,1,yearly
nyc,4677.06,Montague St & Clinton St,2025,87740,43833,43907,87740,40.6942715,-73.9923272,12,211,240.48324595395488,1,yearly
nyc,4680.05,Bushwick Ave & Dekalb Ave,2025,24551,12642,11909,24551,40.69502,-73.92825,12,218,887.947537778502,1,yearly
nyc,4683.02,Emerson Pl & Myrtle Ave,2025,90287,46437,43850,90287,40.69363137,-73.96223558,12,182,201.57940788817882,1,yearly
nyc,4687.03,Cypress Ave & St Felix Ave,2025,3941,2026,1915,3941,40.69559,-73.89927,12,89,2258.3100735853845,1,yearly
nyc,4689.03,Suydam St & Broadway,2025,35748,18124,17624,35748,40.69544,-73.93223,12,256,716.1239789638581,1,yearly
nyc,4689.08,Stuyvesant Ave & Hart St,2025,25641,13660,11981,25641,40.69465,-73.9343,12,236,920.4009204009204,1,yearly
nyc,4692.01,Clermont Ave & Park Ave,2025,38067,19058,19009,38067,40.69573398,-73.97129668,12,196,514.8816560275304,1,yearly
nyc,4695.04,Irving Ave & Halsey St,2025,21781,10885,10896,21781,40.69467,-73.90663,12,120,550.9388916945962,1,yearly
nyc,4697.01,Throop Ave & Myrtle Ave,2025,25535,12818,12717,25535,40.69622937,-73.94371094,12,186,728.4119835519875,1,yearly
nyc,4700.06,Park Ave & St Edwards St,2025,16216,8049,8167,16216,40.69608941,-73.97803415,12,228,1406.0187469166256,1,yearly
nyc,4707.03,Myrtle Ave & Marcy Ave,2025,29949,15041,14908,29949,40.69539817,-73.94954908,12,184,614.3777755517713,1,yearly
nyc,4707.04,Nostrand Ave & Myrtle Ave,2025,22747,11390,11357,22747,40.69527008,-73.95238108,12,187,822.0864289796457,1,yearly
nyc,4710.06,Jay St & Tech Pl,2025,70725,35437,35288,70725,40.695065,-73.987167,12,334,472.2516790385295,1,yearly
nyc,4713.01,Central Ave & Himrod St,2025,24859,12477,12382,24859,40.69676,-73.92302,12,232,933.263606742025,1,yearly
nyc,4715.01,Franklin Ave & Myrtle Ave,2025,23616,11804,11812,23616,40.694546087246025,-73.95801365375519,12,197,834.180216802168,1,yearly
nyc,4718.08,Pierrepont St & Monroe Pl,2025,39274,19588,19686,39274,40.69535693320225,-73.99344027042389,12,161,409.9404185975455,1,yearly
nyc,4718.11,Montague St & Hicks St,2025,70261,35135,35126,70261,40.69522407512035,-73.99598850939152,12,170,241.95499637067508,1,yearly
nyc,4719.04,St Felix Ave & 61 St,2025,11082,5530,5552,11082,40.69715,-73.8936,12,70,631.6549359321422,1,yearly
nyc,4721.01,Cedar St & Evergreen Ave,2025,20521,10330,10191,20521,40.69671,-73.92807,12,222,1081.8186248233517,1,yearly
nyc,4724.03,Washington Ave & Park Ave,2025,73255,37067,36188,73255,40.69610226,-73.96751037,12,184,251.1773940345369,1,yearly
nyc,4727.06,Summerfield St & Cypress Ave,2025,7406,3698,3708,7406,40.69662,-73.90056,12,115,1552.7950310559006,1,yearly
nyc,4729.01,Myrtle Ave & Lewis Ave,2025,55359,27722,27637,55359,40.69681963,-73.93756926,12,240,433.53384273559857,1,yearly
nyc,4732.04,Carlton Ave & Park Ave,2025,34000,16932,17068,34000,40.69580705,-73.97355569,12,162,476.4705882352941,1,yearly
nyc,4732.08,Carlton Ave & Flushing Ave,2025,38133,19033,19100,38133,40.697787,-73.973736,12,116,304.19846327328037,1,yearly
nyc,4735.03,Putnam Ave & Wyckoff Ave,2025,17994,9803,8191,17994,40.69811,-73.90904,12,178,989.2186284316995,1,yearly
nyc,4735.16,Hancock St & Wyckoff Ave,2025,16946,8481,8465,16946,40.6972,-73.90674,12,162,955.9778118730085,1,yearly
nyc,4743.04,Linden St & Knickerbocker Ave,2025,12334,6150,6184,12334,40.69714,-73.91566,12,208,1686.395329982163,1,yearly
nyc,4748.07,Clinton St & Tillary St,2025,59055,29576,29479,59055,40.69623297129315,-73.99142056703568,12,185,313.26729320125304,1,yearly
nyc,4751.01,Cedar St & Myrtle Ave,2025,26113,13324,12789,26113,40.697842,-73.926241,12,207,792.7086125684525,1,yearly
nyc,4756.04,Brooklyn Bridge Park - Pier 2,2025,43199,21518,21681,43199,40.698458,-73.997178,12,99,229.17197157341604,1,yearly
nyc,4757.06,Seneca Ave & Decatur St,2025,3093,1562,1531,3093,40.69723,-73.89811,12,96,3103.7827352085355,1,yearly
nyc,4759.02,Willoughby Ave & Myrtle Ave,2025,50830,25391,25439,50830,40.69757,-73.93098,12,246,483.96616171552233,1,yearly
nyc,4762.04,Clinton Ave & Flushing Ave,2025,26517,13260,13257,26517,40.69794,-73.96986848,12,126,475.16687408077837,1,yearly
nyc,4762.05,Flushing Ave & Vanderbilt Ave,2025,79272,39589,39683,79272,40.69795031569544,-73.97077560424805,12,123,155.16197396306387,1,yearly
nyc,4765.07,Cypress Ave & George St,2025,7172,3563,3609,7172,40.69812,-73.90271,12,135,1882.320133853876,1,yearly
nyc,4768.02,Park Ave & Marcus Garvey Blvd,2025,31636,15887,15749,31636,40.698617,-73.941342,12,268,847.1361739790113,1,yearly
nyc,4771.07,N Portland Ave & Flushing Ave,2025,23817,11703,12114,23817,40.697926,-73.97663,12,154,646.5969685518747,1,yearly
nyc,4775.01,Irving Ave & Palmetto St,2025,19323,9651,9672,19323,40.698,-73.9127,12,206,1066.0870465248668,1,yearly
nyc,4778.03,Park Ave & Marcy Ave,2025,8631,4365,4266,8631,40.697576,-73.948881,12,192,2224.5394508168233,1,yearly
nyc,4781.03,Concord St & Bridge St,2025,36042,17983,18059,36042,40.69766564,-73.98476437,12,383,1062.6491315687254,1,yearly
nyc,4781.05,Nassau St & Duffield St,2025,40538,19865,20673,40538,40.698477,-73.98384,12,363,895.456115249889,1,yearly
nyc,4784.02,Greene Ave & Myrtle Ave,2025,25564,12809,12755,25564,40.698568,-73.918877,12,248,970.1142231262713,1,yearly
nyc,4789.03,Clark St & Henry St,2025,104777,52426,52351,104777,40.69760127,-73.99344559,12,200,190.88158660774786,1,yearly
nyc,4792.03,Central Ave & Starr St,2025,38563,19268,19295,38563,40.700003,-73.92834,12,193,500.4797344604932,1,yearly
nyc,4798.02,Forest Ave & Summerfield St,2025,8754,4381,4373,8754,40.69922,-73.89795,12,101,1153.7582819282613,1,yearly
nyc,4798.1,Stephen St & Seneca Ave,2025,429,30,399,429,40.6988,-73.9007,8,136,31701.6317016317,1,yearly
nyc,4798.10,Stephen St & Seneca Ave,2025,4417,2390,2027,4417,40.6988,-73.9007,12,136,3079.0129046864386,1,yearly
nyc,4801.04,Melrose St & Broadway,2025,55043,27513,27530,55043,40.697481,-73.935877,10,253,459.6406445869593,1,yearly
nyc,4801.10,Arion Pl & Broadway,2025,3226,1605,1621,3226,40.697891,-73.936642,2,273,8462.492250464971,1,yearly
nyc,4804.02,Dock 72 Way & Market St,2025,46702,23209,23493,46702,40.69985,-73.97141,12,69,147.74527857479336,1,yearly
nyc,4807.02,Madison St & Cypress Ave,2025,17826,9013,8813,17826,40.70068,-73.90742,12,185,1037.8099405362952,1,yearly
nyc,4812.02,Nassau St & Navy St,2025,35274,17082,18192,35274,40.69839895,-73.98068914,12,255,722.9120598741282,1,yearly
nyc,4812.04,Sands St Gate,2025,47725,23827,23898,47725,40.699569,-73.979827,12,174,364.5887899423782,1,yearly
nyc,4816.02,Myrtle Ave & Linden St,2025,10175,5216,4959,10175,40.69943,-73.91337,12,213,2093.366093366093,1,yearly
nyc,4816.05,Myrtle Ave & Grove St,2025,12886,6463,6423,12886,40.69905,-73.91516,12,226,1753.8413782399502,1,yearly
nyc,4818.02,Nostrand Ave & Flushing Ave,2025,13785,6951,6834,13785,40.69928,-73.953259,12,172,1247.7330431628582,1,yearly
nyc,4818.03,Union Ave & Wallabout St,2025,16001,8012,7989,16001,40.70029511,-73.95032283,12,164,1024.935941503656,1,yearly
nyc,4821.03,Sands St & Jay St,2025,59395,29309,30086,59395,40.700119,-73.9862,12,305,513.5112383197238,1,yearly
nyc,4821.06,Cadman Plaza E & Red Cross Pl,2025,39273,19663,19610,39273,40.69991755,-73.98971773,12,306,779.1612558246123,1,yearly
nyc,4821.1,Adams St & Prospect St,2025,6451,335,6116,6451,40.70076308326151,-73.98869812488556,11,207,3208.8048364594633,1,yearly
nyc,4821.10,Adams St & Prospect St,2025,29460,17210,12250,29460,40.70076308326151,-73.98869812488556,12,207,702.6476578411405,1,yearly
nyc,4824.03,Stockholm St & Wilson Ave,2025,39297,19632,19665,39297,40.699304,-73.923044,12,214,544.5708323790619,1,yearly
nyc,4826.04,Wallabout St & Kent Ave,2025,20421,10299,10122,20421,40.6991049,-73.960633406,12,324,1586.6020273248128,1,yearly
nyc,4829.01,Columbia Heights & Cranberry St,2025,24437,12264,12173,24437,40.70037867,-73.99548059,8,183,748.8644268936449,1,yearly
nyc,4830.02,61 St & 60 Ln,2025,9483,4743,4740,9483,40.70055,-73.8943,12,92,970.1571232732258,1,yearly
nyc,4832.07,Central Ave & Melrose St,2025,25530,12754,12776,25530,40.70112,-73.93039,12,185,724.6376811594203,1,yearly
nyc,4837.03,Centre St & Seneca Ave,2025,12339,6166,6173,12339,40.69969,-73.9022,12,142,1150.822595023908,1,yearly
nyc,4840.06,Beaver St & Fayette St,2025,38289,19174,19115,38289,40.70099,-73.93921,12,267,697.3282143696623,1,yearly
nyc,4843.01,5 St & Market St,2025,26368,13265,13103,26368,40.6999974843885,-73.97440128028393,12,87,329.94538834951453,1,yearly
nyc,4846.01,South St & Whitehall St,2025,60587,29994,30593,60587,40.70122128,-74.01234218,12,72,118.8373743542344,1,yearly
nyc,4847.03,Wyckoff Ave & Gates Ave,2025,62105,31449,30656,62105,40.699871408829885,-73.91171872615814,12,199,320.4250865469769,1,yearly
nyc,4850.04,Tompkins Ave & Hopkins St,2025,21518,10736,10782,21518,40.69957608,-73.94708417,12,206,957.3380425690119,1,yearly
nyc,4853.06,Bridge St & York St,2025,28378,13646,14732,28378,40.70133448066992,-73.98471236228943,12,174,613.151032489957,1,yearly
nyc,4856.05,Irving Ave & Harman St,2025,28864,14417,14447,28864,40.70108,-73.9179,12,274,949.2793791574279,1,yearly
nyc,4861.05,Henry St & Middagh St,2025,37007,18434,18573,37007,40.7003,-73.991581,10,236,637.7171886399871,1,yearly
nyc,4862.04,Myrtle Ave & 65 St,2025,10154,5053,5101,10154,40.70117,-73.8904,12,90,886.3502068150482,1,yearly
nyc,4862.07,Cooper Ave & 65 Pl,2025,5677,2858,2819,5677,40.69953,-73.88873,12,74,1303.5053725559274,1,yearly
nyc,4864.09,Wilson Ave & Troutman St,2025,42900,21437,21463,42900,40.70166,-73.92754,12,195,454.5454545454545,1,yearly
nyc,4871.02,71 Ave & Myrtle Ave,2025,16755,8377,8378,16755,40.70067,-73.89907,12,129,769.9194270367054,1,yearly
nyc,4873.08,Evergreen Ave & Noll St,2025,37747,18830,18917,37747,40.70106,-73.93318,12,216,572.2309057673457,1,yearly
nyc,4880.11,Madison St & Seneca Ave,2025,13781,6982,6799,13781,40.70183,-73.90625,12,181,1313.402510703142,1,yearly
nyc,4883.03,Broadway & Whipple St,2025,44069,21991,22078,44069,40.7016657,-73.9437303,12,223,506.0246431732056,1,yearly
nyc,4889.06,Bus Slip & State St,2025,44036,21652,22384,44036,40.701907,-74.013942,12,80,181.6695431010991,1,yearly
nyc,4890.11,Menahan St & Wyckoff Ave,2025,17477,8747,8730,17477,40.70113,-73.91422,12,251,1436.1732562796817,1,yearly
nyc,4892.02,Lorimer St & Harrison Ave,2025,3895,1941,1954,3895,40.702726,-73.94984,12,162,4159.178433889602,1,yearly
nyc,4895.03,Front St & Jay St,2025,61160,30398,30762,61160,40.702461,-73.986842,12,172,281.22956180510135,1,yearly
nyc,4895.09,Jay St & York St,2025,101023,50326,50697,101023,40.70140317257725,-73.98672670125961,12,181,179.1671203587302,1,yearly
nyc,4895.15,Pearl St & York St,2025,25235,12084,13151,25235,40.70140463410644,-73.98768022656441,12,201,796.5127798692292,1,yearly
nyc,4898.02,Irving Ave & DeKalb Ave,2025,32295,16133,16162,32295,40.7027,-73.92095,12,259,801.9817309180988,1,yearly
nyc,4903.08,Old Fulton St,2025,61637,30694,30943,61637,40.70277159,-73.99383605,12,203,329.3476321040933,1,yearly
nyc,4903.09,Dock St & Front St,2025,35586,17680,17906,35586,40.702709,-73.99253,12,221,621.030742426797,1,yearly
nyc,4904.03,Cypress Hills St & Otto Rd,2025,3698,1872,1826,3698,40.70204,-73.89288,12,94,2541.914548404543,1,yearly
nyc,4906.07,George St & Wilson Ave,2025,27756,13840,13916,27756,40.702997,-73.92997,12,150,540.4236921746649,1,yearly
nyc,4912.1,Catalpa Ave & Woodward Ave,2025,5139,166,4973,5139,40.70229,-73.90145,9,138,2685.3473438412143,1,yearly
nyc,4912.10,Catalpa Ave & Woodward Ave,2025,21879,13327,8552,21879,40.70229,-73.90145,12,138,630.7418072123954,1,yearly
nyc,4914.03,Bushwick Ave & Forrest St,2025,32315,16135,16180,32315,40.70076,-73.93641,12,259,801.4853783072876,1,yearly
nyc,4920.13,South St & Broad St,2025,10329,4990,5339,10329,40.70188858913366,-74.01089876890182,12,94,910.0590570239133,1,yearly
nyc,4921.04,Cypress Ave & Palmetto St,2025,10893,5670,5223,10893,40.70157340873792,-73.90876293182373,12,190,1744.2394198108877,1,yearly
nyc,4927.04,Front St & Gold St,2025,50342,25038,25304,50342,40.70224,-73.982578,12,107,212.54618410075088,1,yearly
nyc,4931.05,Wyckoff Ave & Stanhope St,2025,58162,29125,29037,58162,40.703545,-73.917775,12,232,398.8858704996389,1,yearly
nyc,4933.03,Marcy Ave & Lynch St,2025,3663,1811,1852,3663,40.702753,-73.953168,12,148,4040.4040404040406,1,yearly
nyc,4933.04,Marcy Ave & Rutledge St,2025,4192,2080,2112,4192,40.703681,-73.95427,12,155,3697.519083969466,1,yearly
nyc,4936.01,Front St & Washington St,2025,83332,41002,42330,83332,40.70255088,-73.98940236,12,200,240.003840061441,1,yearly
nyc,4936.21,Main St & Plymouth St,2025,69473,34611,34862,69473,40.70378167354831,-73.99073392152786,12,216,310.9121529227182,1,yearly
nyc,4937.03,65 Pl & Central Ave,2025,343,167,176,343,40.70264,-73.88981,2,87,25364.43148688047,1,yearly
nyc,4939.07,Suydam St & Knickerbocker Ave,2025,50888,25326,25562,50888,40.702013,-73.923769,12,268,526.6467536550857,1,yearly
nyc,4945.06,Fresh Pond Rd & 69 Ave,2025,13009,6522,6487,13009,40.70311,-73.89547,12,102,784.0725651472059,1,yearly
nyc,4947.04,Central Ave & Flushing Ave,2025,20835,10428,10407,20835,40.702831,-73.9333,12,174,835.1331893448523,1,yearly
nyc,4953.04,South St & Gouverneur Ln,2025,60155,30041,30114,60155,40.70355377,-74.00670227,12,95,157.92535948798937,1,yearly
nyc,4953.08,Front St & Pine St,2025,32294,15960,16334,32294,40.70531,-74.00613,12,134,414.9377593360996,1,yearly
nyc,4954.07,Madison St & Woodward Ave,2025,15317,7660,7657,15317,40.70408,-73.90408,12,131,855.2588627015734,1,yearly
nyc,4956.02,Humboldt St & Varet St,2025,7142,3573,3569,7142,40.7031724,-73.940636,5,257,3598.431811817418,1,yearly
nyc,4956.09,Seigel St & Humboldt St,2025,11201,5565,5636,11201,40.704613,-73.940865,6,228,2035.532541737345,1,yearly
nyc,4962.01,Broadway & Battery Pl,2025,53703,26691,27012,53703,40.70463334,-74.01361706,12,156,290.48656499636894,1,yearly
nyc,4962.08,Broad St & Bridge St,2025,51486,25511,25975,51486,40.70365182,-74.01167797,12,129,250.5535485374665,1,yearly
nyc,4962.09,Pearl St & Whitehall St,2025,21844,10709,11135,21844,40.703144,-74.013178,12,128,585.9732649697858,1,yearly
nyc,4963.13,Menahan St & Seneca Ave,2025,17702,8925,8777,17702,40.70461,-73.91054,12,150,847.3618800135578,1,yearly
nyc,4965.01,Lorimer St & Broadway,2025,23707,11838,11869,23707,40.70411791,-73.94818595,12,165,695.9969629223436,1,yearly
nyc,4968.03,Bridge St & Front St,2025,80844,40071,40773,80844,40.70296925987278,-73.9846912502537,12,129,159.5665726584533,1,yearly
nyc,4971.01,Hart St & Wyckoff Ave,2025,23054,11510,11544,23054,40.704876,-73.919911,12,237,1028.021167693242,1,yearly
nyc,4977.03,65 St & Otto Rd,2025,6254,3115,3139,6254,40.70389,-73.89116,12,82,1311.160857051487,1,yearly
nyc,4979.07,Knickerbocker Ave & George St,2025,27653,13737,13916,27653,40.704425,-73.92836,12,167,603.9127761906484,1,yearly
nyc,4982.02,Taylor St & Bedford Ave,2025,11579,5766,5813,11579,40.705774,-73.963252,12,192,1658.1742810259952,1,yearly
nyc,4985.09,60 Pl & 67 Ave,2025,5938,3001,2937,5938,40.70497,-73.89965,12,100,1684.0687100033683,1,yearly
nyc,4987.06,White St & Moore St,2025,28147,14045,14102,28147,40.704508,-73.9351,12,151,536.4692507194372,1,yearly
nyc,4990.02,Railroad Ave & Kay Ave,2025,4210,2143,2067,4210,40.70514807698391,-73.97078096866608,12,19,451.3064133016627,1,yearly
nyc,4993.02,Pearl St & Hanover Square,2025,66568,33031,33537,66568,40.7047177,-74.00926027,12,143,214.81793053719505,1,yearly
nyc,4993.13,Old Slip & South St,2025,41729,20331,21398,41729,40.70336686695866,-74.007867872715,12,98,234.84866639507297,1,yearly
nyc,4993.15,Water St & Gouverneur Ln,2025,34181,16526,17655,34181,40.70469667894968,-74.00803416967392,12,134,392.0306603083584,1,yearly
nyc,4994.1,Onderdonk Ave & Gates Ave,2025,1814,121,1693,1814,40.70413,-73.90737,9,151,8324.14553472988,1,yearly
nyc,4994.10,Onderdonk Ave & Gates Ave,2025,19592,10623,8969,19592,40.70413,-73.90737,12,151,770.7227439771335,1,yearly
nyc,4996.08,McKibbin St & Manhattan Ave,2025,47003,23437,23566,47003,40.70510918,-73.94407279,12,195,414.8671361402464,1,yearly
nyc,5001.08,Little West St & 1 Pl,2025,92132,45964,46168,92132,40.70569254,-74.01677685,12,106,115.05231624191377,1,yearly
nyc,5002.09,Harman St & Seneca Ave,2025,21533,10736,10797,21533,40.70577,-73.91292,12,150,696.6052106069753,1,yearly
nyc,5004.02,Boerum St & Broadway,2025,38286,19090,19196,38286,40.70538077,-73.94976519,12,136,355.2212296923157,1,yearly
nyc,5010.02,Willoughby Ave & Wyckoff Ave,2025,50577,25278,25299,50577,40.705614,-73.92153,12,215,425.0944105027977,1,yearly
nyc,5018.06,Knickerbocker Ave & Thames St,2025,29900,14929,14971,29900,40.70539,-73.92976,12,155,518.3946488294315,1,yearly
nyc,5021.05,Kent Ave & Division Ave,2025,54845,27338,27507,54845,40.706563674670925,-73.9683187007904,12,61,111.2225362384903,1,yearly
nyc,5024.1,Water St & Fletcher St,2025,5286,769,4517,5286,40.706410755236135,-74.00559738278389,8,160,3026.863412788498,1,yearly
nyc,5024.10,Water St & Fletcher St,2025,91646,47047,44599,91646,40.706410755236135,-74.00559738278389,12,160,174.58481548567312,1,yearly
nyc,5025.02,Madison St & Forest Ave,2025,15774,8166,7608,15774,40.70555,-73.90245,12,90,570.5591479650056,1,yearly
nyc,5027.02,Bushwick Ave & McKibbin St,2025,22527,11274,11253,22527,40.705517,-73.93936,12,186,825.6758556398987,1,yearly
nyc,5033.01,Broadway & Morris St,2025,78452,38893,39559,78452,40.705945132708806,-74.01321887969969,12,166,211.59435068576963,1,yearly
nyc,5034.03,Menahan St & Onderdonk Ave,2025,21531,10806,10725,21531,40.70553,-73.9096,12,142,659.5141888439924,1,yearly
nyc,5036.06,Leonard St & Boerum St,2025,33155,16562,16593,33155,40.70583339,-73.94644578,12,188,567.0336299200724,1,yearly
nyc,5043.06,Suydam St & St Nicholas Ave,2025,12727,6341,6386,12727,40.70636,-73.91945,10,191,1500.7464445666692,1,yearly
nyc,5045.05,Division Ave & Hooper St,2025,35591,18037,17554,35591,40.70684203101325,-73.9544353965357,12,192,539.4622235958528,1,yearly
nyc,5051.01,Wyckoff Ave & Jefferson St,2025,46351,23157,23194,46351,40.707165,-73.923711,12,189,407.75819291924665,1,yearly
nyc,5051.02,Irving Ave & Jefferson St,2025,32719,16293,16426,32719,40.70538,-73.92535,12,198,605.1529692227758,1,yearly
nyc,5053.01,Lee Ave & Taylor St,2025,6979,3498,3481,6979,40.706732,-73.961241,12,231,3309.9297893681046,1,yearly
nyc,5057.07,67 Ave & Fresh Pond Rd,2025,11110,5707,5403,11110,40.70575,-73.89676,11,87,783.0783078307832,1,yearly
nyc,5057.09,64 St & Woodbine St,2025,9096,4578,4518,9096,40.70809,-73.89549,12,71,780.5628847845206,1,yearly
nyc,5059.02,McKibbin St & Bogart St,2025,49921,24804,25117,49921,40.706237,-73.933871,12,145,290.4589251016606,1,yearly
nyc,5065.1,Maiden Ln & Pearl St,2025,10457,465,9992,10457,40.70706456,-74.00731853,11,180,1721.3349909151764,1,yearly
nyc,5065.10,Maiden Ln & Pearl St,2025,44549,27014,17535,44549,40.70706456,-74.00731853,12,180,404.04947361332466,1,yearly
nyc,5065.12,William St & Pine St,2025,63412,31614,31798,63412,40.70717936,-74.00887308,11,190,299.62783069450575,1,yearly
nyc,5065.14,Cliff St & Fulton St,2025,90933,45125,45808,90933,40.70838,-74.00495,12,223,245.23550306269453,1,yearly
nyc,5066.03,Fairview Ave & Linden St,2025,13933,7012,6921,13933,40.70694,-73.90632,10,99,710.5433144333597,1,yearly
nyc,5068.02,Montrose Ave & Bushwick Ave,2025,93257,46683,46574,93257,40.70767788,-73.94016171,12,171,183.3642514771009,1,yearly
nyc,5073.07,Greenwich St & Rector St,2025,52032,25582,26450,52032,40.70806582380646,-74.0135595202446,12,173,332.48769987699876,1,yearly
nyc,5074.08,Woodward Ave & Harman St,2025,14446,7252,7194,14446,40.70793,-73.91092,11,83,574.5535096220407,1,yearly
nyc,5076.04,Scholes St & Lorimer St,2025,50541,25275,25266,50541,40.708323,-73.948732,12,178,352.189311647969,1,yearly
nyc,5082.08,Jefferson St & Cypress Ave,2025,32532,16229,16303,32532,40.70907,-73.92157,12,137,421.1238165498586,1,yearly
nyc,5084.03,Division Ave & Marcy Ave,2025,15264,7620,7644,15264,40.70708701,-73.95796783,12,204,1336.4779874213837,1,yearly
nyc,5090.06,Harrison Pl & Porter Ave,2025,17347,8647,8700,17347,40.70686,-73.92851,12,159,916.5850002882344,1,yearly
nyc,5093.01,Bedford Ave & S 9 St,2025,26883,13407,13476,26883,40.70853074,-73.96408963,12,162,602.6113157013726,1,yearly
nyc,5096.12,Peck Slip & South St,2025,62219,30920,31299,62219,40.7075188830923,-74.00108054280281,12,163,261.97785242450055,1,yearly
nyc,5097.02,60 Pl & Linden St,2025,8812,4523,4289,8812,40.70886,-73.90182,12,87,987.2900590104404,1,yearly
nyc,5099.02,Waterbury St & Stagg St,2025,32481,16182,16299,32481,40.71019,-73.93734,12,158,486.4382254240941,1,yearly
nyc,5099.03,White St & Johnson Ave,2025,11582,5720,5862,11582,40.707174,-73.93581,12,161,1390.088067691245,1,yearly
nyc,5105.01,Liberty St & Broadway,2025,106998,53269,53729,106998,40.70905623,-74.01043382,12,223,208.41511056281428,1,yearly
nyc,5105.09,Liberty St & Nassau St,2025,44538,22236,22302,44538,40.70858894,-74.00935482,12,209,469.2622030625533,1,yearly
nyc,5106.04,Greene Ave & Grandview Ave,2025,14087,7042,7045,14087,40.709697,-73.907856,11,98,695.6768651948605,1,yearly
nyc,5108.01,Scholes St & Manhattan Ave,2025,78524,39231,39293,78524,40.70870368,-73.9448625,12,181,230.50277622128266,1,yearly
nyc,5114.06,West Thames St,2025,76003,38135,37868,76003,40.70834698,-74.01713445,12,108,142.09965396102785,1,yearly
nyc,5114.08,South End Ave & Albany St,2025,92423,45969,46454,92423,40.709957,-74.016538,12,102,110.3621392943315,1,yearly
nyc,5115.01,Onderdonk Ave & Dekalb Ave,2025,18551,9246,9305,18551,40.70863,-73.91497,12,88,474.36795860061454,1,yearly
nyc,5115.05,Willoughby Ave & Onderdonk Ave,2025,18470,9286,9184,18470,40.7098,-73.91727,12,94,508.93340552246883,1,yearly
nyc,5117.05,Stagg St & Union Ave,2025,68955,34521,34434,68955,40.70877084,-73.95095259,12,204,295.845116380248,1,yearly
nyc,5123.07,Stewart Ave & Johnson Ave,2025,16288,8131,8157,16288,40.70869,-73.92587,12,131,804.2730844793714,1,yearly
nyc,5125.03,S 5 Pl & S 5 St,2025,81191,39976,41215,81191,40.710451,-73.960876,12,205,252.49103964725154,1,yearly
nyc,5125.07,Broadway & Roebling St,2025,61343,30660,30683,61343,40.70924826276157,-73.96063148975372,12,216,352.1184161191986,1,yearly
nyc,5128.04,Catherine St & Monroe St,2025,49806,24832,24974,49806,40.71117444,-73.99682619,12,226,453.76059109344254,1,yearly
nyc,5129.01,Palmetto St & Traffic Ave,2025,3570,1946,1624,3570,40.70929,-73.89441,12,58,1624.6498599439776,1,yearly
nyc,5134.09,Broadway & Kent Ave,2025,124155,61992,62163,124155,40.710888,-73.968329,12,96,77.32270146188232,1,yearly
nyc,5137.1,Spruce St & Nassau St,2025,14547,541,14006,14547,40.71146364,-74.00552427,10,247,1697.9445933869526,1,yearly
nyc,5137.10,Spruce St & Nassau St,2025,65283,39282,26001,65283,40.71146364,-74.00552427,12,247,378.3527105065637,1,yearly
nyc,5137.11,Fulton St & William St,2025,104991,52403,52588,104991,40.70960089363537,-74.00655090808868,12,230,219.06639616729052,1,yearly
nyc,5137.12,Gold St & Frankfort St,2025,30279,15022,15257,30279,40.71069995,-74.00354147,12,237,782.7206975131279,1,yearly
nyc,5138.03,60 Pl & Bleecker St,2025,6111,3156,2955,6111,40.71107,-73.903,12,99,1620.0294550810015,1,yearly
nyc,5140.06,Bushwick Ave & Stagg St,2025,17162,8608,8554,17162,40.709897,-73.94008,12,172,1002.214194149866,1,yearly
nyc,5145.02,Albany St & Greenwich St,2025,56688,28146,28542,56688,40.709267,-74.013247,12,163,287.5388089189952,1,yearly
nyc,5146.03,Stanhope St & Fairview Ave,2025,18508,9334,9174,18508,40.70998,-73.91116,12,75,405.2301707369786,1,yearly
nyc,5148.03,Leonard St & Maujer St,2025,63292,31826,31466,63292,40.7103685423523,-73.94705951213837,12,169,267.01636857738737,1,yearly
nyc,5156.05,S 4 St & Rodney St,2025,76427,38236,38191,76427,40.70934,-73.95608,12,225,294.39857641932826,1,yearly
nyc,5159.04,Pike St & Monroe St,2025,48929,24472,24457,48929,40.71173107,-73.99193043,12,154,314.7417686852378,1,yearly
nyc,5159.07,South St & Pike St,2025,47754,23867,23887,47754,40.70991806921533,-73.99161100387573,12,110,230.34719604640446,1,yearly
nyc,5160.01,Metropolitan Ave & 65 Ln,2025,4752,2415,2337,4752,40.71225,-73.89111,12,30,631.3131313131313,1,yearly
nyc,5164.05,Broadway & Berry St,2025,90881,45365,45516,90881,40.71036129922581,-73.96530389785767,12,161,177.1547408149118,1,yearly
nyc,5167.06,St James Pl & Pearl St,2025,32338,16130,16208,32338,40.71117416,-74.00016545,12,215,664.8524955161112,1,yearly
nyc,5168.04,Grove St & Fresh Pond Rd,2025,11408,5777,5631,11408,40.71032,-73.89955,12,94,823.9831697054698,1,yearly
nyc,5170.01,Stagg St & Morgan Ave,2025,22538,11133,11405,22538,40.710681,-73.93372,12,117,519.1232584967611,1,yearly
nyc,5175.08,Fulton St & Broadway,2025,100781,50140,50641,100781,40.711066,-74.009447,12,200,198.45010468243024,1,yearly
nyc,5176.04,Bleecker St & Forest Ave,2025,12039,6059,5980,12039,40.7107,-73.90525,12,103,855.5527867763103,1,yearly
nyc,5178.06,Graham Ave & Grand St,2025,79097,39500,39597,79097,40.711863,-73.944024,12,187,236.41857466149156,1,yearly
nyc,5181.04,Cherry St,2025,43515,21736,21779,43515,40.71219906,-73.97948148,12,122,280.3630931862576,1,yearly
nyc,5184.08,West St & Liberty St,2025,184305,92067,92238,184305,40.711444,-74.014847,12,112,60.7688342692819,1,yearly
nyc,5187.03,Hope St & Union Ave,2025,111776,55873,55903,111776,40.71167351,-73.95141312,12,271,242.44918408245064,1,yearly
nyc,5190.07,Madison St & Clinton St,2025,41211,20504,20707,41211,40.71269042,-73.98776323,12,148,359.12741743709205,1,yearly
nyc,5190.09,Clinton St & Cherry St,2025,72074,36148,35926,72074,40.711471394469264,-73.98672603070736,12,123,170.65793490024143,1,yearly
nyc,5195.06,S 4 St & Roebling St,2025,111530,55549,55981,111530,40.710709,-73.959724,12,219,196.35972384111898,1,yearly
nyc,5198.04,Market St & Cherry St,2025,45887,22844,23043,45887,40.71076228,-73.99400398,12,163,355.2204328023187,1,yearly
nyc,5199.01,65 Ln & Metropolitan Ave,2025,3995,2002,1993,3995,40.7123,-73.89397,12,33,826.0325406758449,1,yearly
nyc,5204.05,S 4 St & Wythe Ave,2025,175330,87406,87924,175330,40.71285887,-73.96590294,12,136,77.56801460103804,1,yearly
nyc,5207.01,Centre St & Chambers St,2025,125396,62580,62816,125396,40.71273266,-74.0046073,12,258,205.74818973491978,1,yearly
nyc,5210.01,Powers St & Olive St,2025,34157,17060,17097,34157,40.71323,-73.93894,12,182,532.8336797728138,1,yearly
nyc,5216.04,Barclay St & Church St,2025,29593,14604,14989,29593,40.71291224,-74.01020234,12,198,669.077146622512,1,yearly
nyc,5216.06,Vesey St & Church St,2025,105854,53126,52728,105854,40.71221958009051,-74.01047229766846,12,203,191.77357492395186,1,yearly
nyc,5216.07,Vesey St & Greenwich St,2025,109950,54770,55180,109950,40.71254669463547,-74.01113051087516,12,183,166.43929058663028,1,yearly
nyc,5217.03,Amory Ct & Metropolitan Ave,2025,12836,6414,6422,12836,40.71301,-73.90968,12,86,669.9906512932378,1,yearly
nyc,5219.05,Manhattan Ave & Devoe St,2025,52980,26417,26563,52980,40.713532,-73.9459867,12,190,358.6258965647414,1,yearly
nyc,5225.02,Flushing Ave & Woodward Ave,2025,19968,9960,10008,19968,40.71246,-73.91873,12,67,335.53685897435895,1,yearly
nyc,5225.04,Metropolitan Ave & Flushing Ave,2025,10910,5436,5474,10910,40.71334,-73.91572,12,59,540.7882676443629,1,yearly
nyc,5230.02,Rutgers St & Henry St,2025,62073,30959,31114,62073,40.71332151208186,-73.99009689688683,12,200,322.20127913907817,1,yearly
nyc,5235.05,S 3 St & Bedford Ave,2025,131203,65531,65672,131203,40.71260486,-73.96264403,12,187,142.527228798122,1,yearly
nyc,5235.1,Driggs Ave & S 2 St,2025,682,597,85,682,40.712628,-73.960575,6,188,27565.98240469208,1,yearly
nyc,5235.10,Driggs Ave & S 2 St,2025,92838,45986,46852,92838,40.712628,-73.960575,12,188,202.50328529266034,1,yearly
nyc,5238.05,St James Pl & Oliver St,2025,85854,42798,43056,85854,40.71307916,-73.99851193,12,269,313.32261746686237,1,yearly
nyc,5241.02,Metropolitan Ave & Vandervoort Ave,2025,6975,3446,3529,6975,40.71429,-73.93323,12,111,1591.3978494623657,1,yearly
nyc,5247.1,Reade St & Broadway,2025,16844,578,16266,16844,40.71450451,-74.00562789,10,216,1282.3557349798148,1,yearly
nyc,5247.10,Reade St & Broadway,2025,48112,31726,16386,48112,40.71450451,-74.00562789,12,216,448.9524442966412,1,yearly
nyc,5248.05,Eliot Ave & 60 Ln,2025,4083,2034,2049,4083,40.71391,-73.90299,12,104,2547.146705853539,1,yearly
nyc,5250.05,Bushwick Ave & Powers St,2025,58661,29413,29248,58661,40.71247661,-73.94100005,12,166,282.9818789314877,1,yearly
nyc,5257.01,53 St & Flushing Ave,2025,16119,8060,8059,16119,40.71435,-73.91405,12,67,415.65853961163845,1,yearly
nyc,5259.06,Devoe St & Lorimer St,2025,78547,39206,39341,78547,40.71335226222875,-73.9491033554077,12,261,332.2851286490891,1,yearly
nyc,5262.09,Madison St & Montgomery St,2025,52449,26230,26219,52449,40.713126,-73.984844,12,150,285.99210661785736,1,yearly
nyc,5267.08,Grand St & Havemeyer St,2025,74948,37386,37562,74948,40.71286844,-73.95698119,11,295,393.6062336553344,1,yearly
nyc,5267.09,Roebling St & N 4 St,2025,105302,52551,52751,105302,40.71469,-73.95739,12,260,246.90889061936144,1,yearly
nyc,5270.05,Pike St & E Broadway,2025,70990,35450,35540,70990,40.71406667,-73.99293911,12,229,322.5806451612903,1,yearly
nyc,5270.07,Forsyth St & Canal St,2025,96980,48275,48705,96980,40.7158155,-73.99422366,12,300,309.3421323984327,1,yearly
nyc,5270.09,Market St & Henry St,2025,102715,51300,51415,102715,40.71310702305908,-73.99446353316307,12,239,232.6826656281945,1,yearly
nyc,5273.01,Metropolitan Ave & Stewart Ave,2025,12364,6129,6235,12364,40.71401,-73.92793,12,60,485.2798447104497,1,yearly
nyc,5276.04,S 2 St & Kent Ave,2025,186540,92814,93726,186540,40.714731,-73.966612,12,105,56.288195561273724,1,yearly
nyc,5279.03,Centre St & Worth St,2025,95292,47606,47686,95292,40.71494807,-74.00234482,12,287,301.17953238467027,1,yearly
nyc,5280.03,Fresh Pond Rd & Eliot Ave,2025,8032,4009,4023,8032,40.71442,-73.90097,12,89,1108.0677290836654,1,yearly
nyc,5282.02,Devoe St & Morgan Ave,2025,26225,13099,13126,26225,40.713811,-73.93515,12,118,449.952335557674,1,yearly
nyc,5288.08,Park Pl & Church St,2025,63440,31512,31928,63440,40.71334184275907,-74.00935515761375,12,208,327.8688524590164,1,yearly
nyc,5288.09,Warren St & W Broadway,2025,86136,42865,43271,86136,40.71473993,-74.00910627,12,194,225.22522522522522,1,yearly
nyc,5288.12,Murray St & Greenwich St,2025,83275,41326,41949,83275,40.71485150526251,-74.01122331619263,12,167,200.54037826478535,1,yearly
nyc,5289.05,56 St & Arnold Ave,2025,5130,2562,2568,5130,40.71484,-73.909,12,84,1637.4269005847955,1,yearly
nyc,5291.05,Graham Ave & Conselyea St,2025,123889,61938,61951,123889,40.715143,-73.944507,12,175,141.25547869463796,1,yearly
nyc,5294.04,Henry St & Grand St,2025,154416,77395,77021,154416,40.714211,-73.981095,12,117,75.76935032639105,1,yearly
nyc,5297.02,Vesey Pl & River Terrace,2025,187342,93604,93738,187342,40.7153379,-74.01658354,12,48,25.621590460227818,1,yearly
nyc,5300.05,Metropolitan Ave & Meeker Ave,2025,98221,49105,49116,98221,40.71413311,-73.95234386,12,249,253.50994186579246,1,yearly
nyc,5300.06,Union Ave & Jackson St,2025,46169,23039,23130,46169,40.7160751,-73.952029,12,226,489.5059455478784,1,yearly
nyc,5303.06,Clinton St & Grand St,2025,166612,83278,83334,166612,40.71559509,-73.9870295,12,261,156.65138165318226,1,yearly
nyc,5303.06_,Clinton St & Grand St,2025,28785,14387,14398,28785,40.71573792143338,-73.98698994965027,7,264,917.1443460135487,1,yearly
nyc,5303.08,Canal St & Rutgers St,2025,192647,96266,96381,192647,40.71427487,-73.98990025,12,210,109.00766687257004,1,yearly
nyc,5308.04,Metropolitan Ave & Bedford Ave,2025,200926,100198,100728,200926,40.71534825,-73.96024116,12,169,84.11056806983666,1,yearly
nyc,5308.04_,Metropolitan Ave & Bedford Ave ,2025,2876,1432,1444,2876,40.71534825,-73.96024116,8,169,5876.2169680111265,1,yearly
nyc,5311.08,Division St & Bowery,2025,89527,44568,44959,89527,40.71419,-73.99673,12,241,269.19253409585934,1,yearly
nyc,5321.08,60 Ave & Fresh Pond Rd,2025,2987,1465,1522,2987,40.71693,-73.90198,12,79,2644.7941078004687,1,yearly
nyc,5323.06,Sharon St & Olive St,2025,34498,17273,17225,34498,40.71534162042448,-73.93865078687668,12,152,440.60525247840457,1,yearly
nyc,5326.06,Stanton St & Mangin St,2025,41312,20667,20645,41312,40.71782143,-73.97628939,12,133,321.9403563129357,1,yearly
nyc,5329.03,West St & Chambers St,2025,280685,140155,140530,280685,40.71754834,-74.01322069,12,87,30.99560004987798,1,yearly
nyc,5329.08,Murray St & West St,2025,76991,38418,38573,76991,40.71503,-74.01246,12,143,185.7359951163123,1,yearly
nyc,5332.1,Jackson St & Leonard St,2025,1629,233,1396,1629,40.71638031973561,-73.94821286201477,8,257,15776.55003069368,1,yearly
nyc,5332.10,Jackson St & Leonard St,2025,32214,16661,15553,32214,40.71638031973561,-73.94821286201477,12,257,797.7897808406283,1,yearly
nyc,5335.03,Bialystoker Pl & Delancey St,2025,56173,28239,27934,56173,40.71622644,-73.98261206,12,164,291.95520979830167,1,yearly
nyc,5335.07,Grand St & Samuel Dickstein Plaza,2025,98388,49266,49122,98388,40.71511871996496,-73.98417055606842,12,183,185.99829247469202,1,yearly
nyc,5340.01,N 7 St & Driggs Ave,2025,197490,99290,98200,197490,40.716967,-73.956388,12,242,122.53785001772242,1,yearly
nyc,5343.1,Allen St & Hester St,2025,27808,862,26946,27808,40.71606,-73.99191,10,324,1165.132336018412,1,yearly
nyc,5343.10,Allen St & Hester St,2025,99697,62566,37131,99697,40.71606,-73.99191,12,324,324.9847036520658,1,yearly
nyc,5343.11,Orchard St & Grand St,2025,153040,76422,76618,153040,40.717318403855785,-73.99067759513855,12,362,236.53946680606379,1,yearly
nyc,5348.02,Wythe Ave & Metropolitan Ave,2025,69931,34802,35129,69931,40.716887,-73.963198,7,140,200.1973373754129,1,yearly
nyc,5348.06,Kent Ave & N 3 St,2025,32520,15848,16672,32520,40.71798260450647,-73.96426174222415,4,101,310.5781057810578,1,yearly
nyc,5348.06_old,Kent Ave & N 3 St,2025,862,374,488,862,40.7188,-73.961,1,143,16589.327146171694,1,yearly
nyc,5351.03,Bayard St & Baxter St,2025,97245,48556,48689,97245,40.71602118,-73.99974372,12,322,331.1224227466708,1,yearly
nyc,5351.07,Walker St & Baxter St,2025,100223,49944,50279,100223,40.717411,-73.999573,12,348,347.2256867186175,1,yearly
nyc,5354.01,Morgan Ave & Maspeth Ave,2025,13519,6857,6662,13519,40.716657,-73.93637,12,118,872.8456246763814,1,yearly
nyc,5359.1,Hudson St & Reade St,2025,16347,728,15619,16347,40.71625008,-74.0091059,10,193,1180.6447666238453,1,yearly
nyc,5359.10,Hudson St & Reade St,2025,69463,41971,27492,69463,40.71625008,-74.0091059,12,193,277.8457596130314,1,yearly
nyc,5359.11,Leonard St & Church St,2025,75276,37469,37807,75276,40.717571,-74.005549,12,277,367.97916998777833,1,yearly
nyc,5359.12,Duane St & Hudson St,2025,59647,29722,29925,59647,40.71703,-74.00925,12,176,295.06932452596106,1,yearly
nyc,5359.13,Church St & Worth St,2025,60990,30388,30602,60990,40.71688538495366,-74.00650128722191,12,238,390.22790621413344,1,yearly
nyc,5360.02,60 St & 60 Rd,2025,5321,2628,2693,5321,40.71592232709503,-73.90601366758347,12,92,1728.9983085886113,1,yearly
nyc,5362.08,Withers St & Kingsland Ave,2025,16980,8469,8511,16980,40.71773,-73.94051,11,209,1230.8598351001178,1,yearly
nyc,5365.02,Columbia St & Rivington St,2025,62774,31351,31423,62774,40.71739973,-73.98016555,12,180,286.74291904291584,1,yearly
nyc,5368.03,River Ter & Warren St,2025,84870,42451,42419,84870,40.71759894980997,-74.01587963104248,12,43,50.66572404854484,1,yearly
nyc,5369.01,Grand Ave & 55 St,2025,5372,2673,2699,5372,40.71888,-73.91427,12,42,781.831720029784,1,yearly
nyc,5371.07,Frost St & Meeker Ave,2025,56611,28229,28382,56611,40.71766197083994,-73.94880026578903,12,233,411.58078818604156,1,yearly
nyc,5374.01,Norfolk St & Broome St,2025,229004,113896,115108,229004,40.7172274,-73.98802084,12,286,124.88864823321865,1,yearly
nyc,5379.09,Berry St & N 8 St,2025,120294,60327,59967,120294,40.7190095,-73.95852515,12,168,139.6578382961744,1,yearly
nyc,5379.1,N 6 St & Bedford Ave,2025,27456,1356,26100,27456,40.71745169,-73.95850939,11,185,673.8053613053613,1,yearly
nyc,5379.10,N 6 St & Bedford Ave,2025,157335,91018,66317,157335,40.71745169,-73.95850939,12,185,117.58350017478628,1,yearly
nyc,5382.06,Grand St & Elizabeth St,2025,193476,96616,96860,193476,40.718822,-73.99596,12,376,194.33934958341086,1,yearly
nyc,5382.07,Forsyth St & Grand St,2025,169378,84512,84866,169378,40.71779817737835,-73.99316132068634,12,376,221.98868802323796,1,yearly
nyc,5388.01,Kent Ave & Grand St,2025,145945,72631,73314,145945,40.716425,-73.96594,12,104,71.25972112782213,1,yearly
nyc,5391.06,Lispenard St & Broadway,2025,98314,48891,49423,98314,40.71939226,-74.00247214,12,301,306.1618894562321,1,yearly
nyc,5392.04,63 St & 59 Dr,2025,2175,1073,1102,2175,40.71832,-73.90128,12,71,3264.3678160919535,1,yearly
nyc,5400.05,Harrison St & Hudson St,2025,46108,22968,23140,46108,40.71870987,-74.0090009,12,182,394.72542725774264,1,yearly
nyc,5401.03,59 St & 59 Rd,2025,1613,793,820,1613,40.71790852734058,-73.908454477787,12,64,3967.761934283943,1,yearly
nyc,5403.04,Graham Ave & Withers St,2025,57875,28811,29064,57875,40.7169811,-73.94485918,12,211,364.57883369330455,1,yearly
nyc,5403.05,Graham Ave & Herbert St,2025,33007,16430,16577,33007,40.71929301,-73.94500379,12,207,627.1396976398945,1,yearly
nyc,5406.02,Rivington St & Ridge St,2025,111425,55887,55538,111425,40.71850211,-73.98329859,12,260,233.3408122055194,1,yearly
nyc,5406.04,Pitt St & Stanton St,2025,34494,16963,17531,34494,40.71926081,-73.98178024,12,192,556.6185423551922,1,yearly
nyc,5409.02,Page Pl & Grand Ave,2025,4671,2346,2325,4671,40.71798,-73.91818,12,24,513.8086062941554,1,yearly
nyc,5411.07,Union Ave & N 12 St,2025,85709,42682,43027,85709,40.71924,-73.95242,11,156,182.01122402548157,1,yearly
nyc,5411.08,Driggs Ave & N 9 St,2025,112466,55170,57296,112466,40.71816969454208,-73.95520135760307,12,224,199.17130510554304,1,yearly
nyc,5414.06,Allen St & Rivington St,2025,158710,79266,79444,158710,40.72019576,-73.98997825,12,409,257.7027282464873,1,yearly
nyc,5414.07,Delancey St & Eldridge St,2025,54246,27046,27200,54246,40.719383,-73.991479,12,399,735.5381041920141,1,yearly
nyc,5419.04,N 5 St & Wythe Ave,2025,111492,55380,56112,111492,40.718389,-73.961501,12,143,128.26032361066265,1,yearly
nyc,5422.04,Howard St & Lafayette St,2025,94747,47507,47240,94747,40.71910537,-73.99973337,12,366,386.2919142558604,1,yearly
nyc,5422.09,Lafayette St & Grand St,2025,120848,60201,60647,120848,40.72028,-73.99879,12,355,293.7574473719052,1,yearly
nyc,5430.08,Franklin St & W Broadway,2025,63264,31488,31776,63264,40.71911552,-74.00666661,12,256,404.6535154274153,1,yearly
nyc,5430.1,6 Ave & Walker St,2025,3186,483,2703,3186,40.7197920901383,-74.0052238852195,7,279,8757.062146892655,1,yearly
nyc,5430.10,6 Ave & Walker St,2025,71720,36923,34797,71720,40.7197920901383,-74.0052238852195,12,279,389.01282766313443,1,yearly
nyc,5431.01,60 Pl & Flushing Ave,2025,2132,1059,1073,2132,40.71988,-73.90556,12,74,3470.919324577861,1,yearly
nyc,5433.03,Richardson St & N Henry St,2025,41985,20981,21004,41985,40.71907891179564,-73.94223690032959,12,231,550.1964987495534,1,yearly
nyc,5433.04,Frost St & Debevoise Ave,2025,11806,5917,5889,11806,40.71882,-73.93948,12,198,1677.113332203964,1,yearly
nyc,5436.09,Ave D & E 3 St,2025,77368,38736,38632,77368,40.72082834,-73.97793172,12,145,187.41598593733843,1,yearly
nyc,5436.11,E Houston St & Columbia St,2025,62146,31041,31105,62146,40.71978635452822,-73.97871628403664,12,166,267.1129276220513,1,yearly
nyc,5440.05,57 St & Grand Ave,2025,3314,1657,1657,3314,40.71921,-73.9124,12,55,1659.6258298129148,1,yearly
nyc,5442.05,Bayard St & Leonard St,2025,65257,32286,32971,65257,40.71915571696044,-73.94885390996933,12,196,300.35092020779376,1,yearly
nyc,5442.09,Manhattan Ave & Leonard St,2025,37191,18519,18672,37191,40.72084,-73.94844,12,179,481.29923906321426,1,yearly
nyc,5445.02,Suffolk St & Stanton St,2025,155947,78109,77838,155947,40.72066442,-73.98517977,12,306,196.2205108145716,1,yearly
nyc,5445.07,Stanton St & Norfolk St,2025,120469,60161,60308,120469,40.720747,-73.986274,12,316,262.3081456640297,1,yearly
nyc,5450.01,N 10 St & Berry St,2025,84557,41858,42699,84557,40.720253,-73.957082,12,120,141.91610392989344,1,yearly
nyc,5450.04,N 12 St & Bedford Ave,2025,104777,52139,52638,104777,40.72079821,-73.95484712,12,122,116.4377678307262,1,yearly
nyc,5453.01,Rivington St & Chrystie St,2025,102958,51131,51827,102958,40.72110063,-73.9919254,12,406,394.3355543036967,1,yearly
nyc,5453.05,Forsyth St & Broome St,2025,71544,35355,36189,71544,40.71893904,-73.99266288,12,380,531.1416750531142,1,yearly
nyc,5453.06,Kenmare St & Elizabeth St,2025,111190,55470,55720,111190,40.72054,-73.9949,12,389,349.85160536019424,1,yearly
nyc,5458.02,N 5 St & Northside Piers,2025,103947,51631,52316,103947,40.719876,-73.963865,12,74,71.19012573715452,1,yearly
nyc,5470.1,Greenwich St & Hubert St,2025,6463,614,5849,6463,40.721319,-74.010065,9,144,2228.067460931456,1,yearly
nyc,5470.10,Greenwich St & Hubert St,2025,68449,35960,32489,68449,40.721319,-74.010065,12,144,210.3756081169922,1,yearly
nyc,5470.12,North Moore St & Greenwich St,2025,137132,67869,69263,137132,40.72019521437465,-74.0103006362915,12,149,108.65443514278213,1,yearly
nyc,5470.13,Hudson St & N Moore St,2025,57901,28675,29226,57901,40.719887998,-74.0086269379,12,198,341.9630058202794,1,yearly
nyc,5471.04,Grand Ave & 58 Ave,2025,3174,1565,1609,3174,40.72098,-73.90701,12,81,2551.9848771266543,1,yearly
nyc,5473.03,Engert Ave & McGuinness Blvd,2025,33038,16485,16553,33038,40.72158,-73.94546,12,217,656.8194200617471,1,yearly
nyc,5473.06,Monitor St & Meeker Ave,2025,24955,12469,12486,24955,40.721226,-73.941845,12,268,1073.9330795431779,1,yearly
nyc,5476.03,E 2 St & Ave C,2025,122788,61572,61216,122788,40.7208736,-73.98085795,12,176,143.3364823924162,1,yearly
nyc,5481.04,Driggs Ave & Lorimer St,2025,78309,38981,39328,78309,40.72179134,-73.9504154,12,134,171.11698527627732,1,yearly
nyc,5484.09,Allen St & Stanton St,2025,142559,71342,71217,142559,40.722055,-73.989111,12,382,267.95923091491943,1,yearly
nyc,5489.03,Kent Ave & N 7 St,2025,128708,63865,64843,128708,40.72036775298455,-73.96165072917938,12,110,85.46477297448487,1,yearly
nyc,5489.04,N 11 St & Kent Ave,2025,37652,18757,18895,37652,40.72248188638219,-73.95921930670738,12,86,228.40752151280142,1,yearly
nyc,5489.06,N 9 St & Wythe Ave,2025,56174,27599,28575,56174,40.72054,-73.959,12,122,217.18232634314808,1,yearly
nyc,5492.05,Cleveland Pl & Spring St,2025,234406,116943,117463,234406,40.722103786686034,-73.99724900722504,12,322,137.36849739341145,1,yearly
nyc,5500.02,Grand St & Greene St,2025,99173,49408,49765,99173,40.72170005235607,-74.00238141417502,12,291,293.4266382987305,1,yearly
nyc,5500.07,6 Ave & Canal St,2025,22569,11065,11504,22569,40.72243797,-74.00566443,6,249,1103.2832646550578,1,yearly
nyc,5501.06,Fresh Pond Rd & Flushing Ave,2025,2761,1352,1409,2761,40.72155,-73.90295,12,84,3042.3759507424847,1,yearly
nyc,5503.01,Morgan Ave & Lombardy St,2025,26791,13907,12884,26791,40.72226,-73.93889,12,210,783.845321189952,1,yearly
nyc,5506.1,Ave D & E 8 St,2025,11201,307,10894,11201,40.72368361,-73.97574813,10,121,1080.2606910097313,1,yearly
nyc,5506.10,Ave D & E 8 St,2025,40230,25321,14909,40230,40.72368361,-73.97574813,12,121,300.7705692269451,1,yearly
nyc,5506.14,E 6 St & Ave D,2025,82057,41038,41019,82057,40.72228087,-73.97668709,12,148,180.36243099309016,1,yearly
nyc,5509.02,Washington St & Laight St,2025,62974,31628,31346,62974,40.72231,-74.0106,12,146,231.8417124527583,1,yearly
nyc,5510.02,57 Rd & 59 St,2025,3009,1479,1530,3009,40.72249,-73.90854,12,86,2858.092389498172,1,yearly
nyc,5510.05,57 Rd & 58 St,2025,1027,489,538,1027,40.72235,-73.91215,12,59,5744.888023369036,1,yearly
nyc,5515.02,E 2 St & Ave B,2025,151357,75845,75512,151357,40.72217444,-73.98368779,12,220,145.35171812337717,1,yearly
nyc,5515.08,E 4 St & Ave B,2025,87757,43820,43937,87757,40.72334683218016,-73.98265913128853,12,195,222.2044965074011,1,yearly
nyc,5520.09,N 15 St & Wythe Ave,2025,57716,28366,29350,57716,40.724055,-73.955736,12,115,199.25150738096886,1,yearly
nyc,5523.02,Stanton St & Chrystie St,2025,114928,57163,57765,114928,40.72229346,-73.99147535,12,379,329.77168314074896,1,yearly
nyc,5532.01,Mercer St & Spring St,2025,97760,48404,49356,97760,40.72362738,-73.99949601,12,270,276.18657937806876,1,yearly
nyc,5539.06,Laight St & Hudson St,2025,30771,15376,15395,30771,40.72185379,-74.00771779,12,216,701.9596373208541,1,yearly
nyc,5539.08,Varick St & Watts St,2025,13705,6732,6973,13705,40.723635749203936,-74.006020305859,5,246,1794.9653411163808,1,yearly
nyc,5540.06,56 Dr & 61 St,2025,2834,1390,1444,2834,40.72368,-73.90458,12,142,5010.585744530699,1,yearly
nyc,5542.04,Driggs Ave & N Henry St,2025,84406,42832,41574,84406,40.72325,-73.94308,12,284,336.46897140013743,1,yearly
nyc,5545.01,E 7 St & Ave C,2025,121622,60926,60696,121622,40.72412944090093,-73.97901266813278,12,158,129.91070694446728,1,yearly
nyc,5545.04,E 5 St & Ave C,2025,80597,40311,40286,80597,40.72299208,-73.97995466,12,182,225.81485663238087,1,yearly
nyc,5548.01,58 St & 56 Dr,2025,2614,1286,1328,2614,40.72419,-73.91244,12,49,1874.5218056618212,1,yearly
nyc,5550.05,Bedford Ave & Nassau Ave,2025,97788,48545,49243,97788,40.72311651,-73.95212324,12,136,139.07636928866526,1,yearly
nyc,5550.09,Leonard St & Nassau Ave,2025,66965,33267,33698,66965,40.7239567849954,-73.94984364509583,11,134,200.10453221832302,1,yearly
nyc,5553.03,E 3 St & 1 Ave,2025,94001,47103,46898,94001,40.72467721,-73.98783413,12,271,288.29480537441094,1,yearly
nyc,5553.1,E 2 St & Ave A,2025,1255,957,298,1255,40.72307749068673,-73.98583620786667,5,260,20717.131474103586,1,yearly
nyc,5553.10,E 2 St & Ave A,2025,133028,65951,67077,133028,40.72307749068673,-73.98583620786667,12,260,195.44757494662778,1,yearly
nyc,5558.04,Wythe Ave & N 13 St,2025,62866,30980,31886,62866,40.722767,-73.957021,12,96,152.70575509814526,1,yearly
nyc,5561.04,Mott St & Prince St,2025,152060,75902,76158,152060,40.72317958,-73.99480012,12,321,211.100881231093,1,yearly
nyc,5561.06,Lafayette St & Jersey St,2025,186834,93390,93444,186834,40.72456089,-73.99565293,12,299,160.03511138229658,1,yearly
nyc,5569.06,W Broadway & Spring St,2025,103648,50974,52674,103648,40.72494672359416,-74.00165855884552,12,263,253.7434393331275,1,yearly
nyc,5569.07,W Broadway & Watts St,2025,87350,43258,44092,87350,40.72323,-74.00314,12,289,330.8528906697195,1,yearly
nyc,5570.04,Grand Ave & Remsen Pl,2025,7374,3668,3706,7374,40.72353,-73.89967,12,105,1423.9218877135884,1,yearly
nyc,5572.07,Van Dam St & Meeker Ave,2025,18281,9459,8822,18281,40.72532,-73.9368,12,160,875.2256441113725,1,yearly
nyc,5575.08,Ave D & E 12 St,2025,23080,11763,11317,23080,40.72580614,-73.97422494,12,95,411.6117850953206,1,yearly
nyc,5575.13,Ave D & E 10 St,2025,30631,15477,15154,30631,40.72506551015475,-73.97515833377838,12,104,339.52531748881853,1,yearly
nyc,5578.02,Watts St & Greenwich St,2025,86401,43107,43294,86401,40.72405549,-74.00965965,12,165,190.97001192115832,1,yearly
nyc,5579.02,56 Dr & 59 St,2025,3629,1791,1838,3629,40.72403,-73.90853,12,113,3113.8054560484984,1,yearly
nyc,5579.04,55 Dr & Maurice Ave,2025,7041,3506,3535,7041,40.7261,-73.90917,12,133,1888.9362306490555,1,yearly
nyc,5581.01,Nassau Ave & Russell St,2025,75387,37591,37796,75387,40.72557,-73.94434,12,138,183.05543396076246,1,yearly
nyc,5584.04,E 6 St & Ave B,2025,100140,50145,49995,100140,40.72453734,-73.98185424,12,199,198.72178949470742,1,yearly
nyc,5584.05,E 7 St & Ave B,2025,111388,56270,55118,111388,40.7251285241158,-73.98131668567657,12,176,158.00624842891514,1,yearly
nyc,5593.01,E 1 St & 1 Ave,2025,185412,92264,93148,185412,40.72335597960796,-73.98864984512329,12,331,178.52134705412809,1,yearly
nyc,5593.02,E 2 St & 2 Ave,2025,79067,39337,39730,79067,40.72502876,-73.99069656,12,279,352.86529146167175,1,yearly
nyc,5593.04,E 4 St & 2 Ave,2025,115246,57543,57703,115246,40.7262807,-73.98978041,12,260,225.6043593703903,1,yearly
nyc,5602.06,Greene St & Prince St,2025,89131,44155,44976,89131,40.72511734422387,-73.99930492043495,12,253,283.8518585004095,1,yearly
nyc,5610.09,6 Ave & Broome St,2025,127629,63243,64386,127629,40.72431,-74.00473,12,268,209.98362441137985,1,yearly
nyc,5611.04,61 St & Borden Ave,2025,2476,1206,1270,2476,40.72558,-73.90417,12,143,5775.444264943457,1,yearly
nyc,5611.05,63 St & Borden Ave,2025,2193,1056,1137,2193,40.72655,-73.90321,12,132,6019.151846785226,1,yearly
nyc,5613.04,Kingsland Ave & Nassau Ave,2025,69015,34511,34504,69015,40.72577,-73.94173,12,179,259.36390639716,1,yearly
nyc,5616.01,E 9 St & Ave C,2025,80735,40374,40361,80735,40.72521311,-73.97768752,11,125,154.82752214033565,1,yearly
nyc,5616.08,E 12 St & Ave C,2025,70235,35186,35049,70235,40.727243,-73.976831,12,107,152.3456965900192,1,yearly
nyc,5623.03,Nassau Ave & Newell St,2025,82926,41151,41775,82926,40.724812564400175,-73.94752621650696,12,134,161.58985119262957,1,yearly
nyc,5626.06,E 5 St & Ave A,2025,116702,58212,58490,116702,40.72479007746337,-73.98430064320564,12,210,179.94550221932786,1,yearly
nyc,5626.07,E 7 St & Ave A,2025,156057,77925,78132,156057,40.72621788,-73.98379855,12,183,117.26484553720756,1,yearly
nyc,5626.13,St Marks Pl & 1 Ave,2025,143879,71846,72033,143879,40.72779126,-73.98564945,12,186,129.27529382328208,1,yearly
nyc,5626.15,1 Ave & E 6 St,2025,147816,74438,73378,147816,40.72633085971696,-73.98616880178452,12,219,148.1571683714889,1,yearly
nyc,5633.04,Banker St & Meserole Ave,2025,59113,29342,29771,59113,40.72606,-73.95621,12,127,214.84275878402383,1,yearly
nyc,5636.11,Great Jones St,2025,162942,81406,81536,162942,40.72743423,-73.99379025,12,229,140.54080593094474,1,yearly
nyc,5636.13,E 1 St & Bowery,2025,110902,55226,55676,110902,40.72486122254819,-73.99213135242462,12,287,258.78703720401796,1,yearly
nyc,5644.05,W Broadway & W Houston St,2025,71398,35339,36059,71398,40.726378,-74.000472,12,240,336.1438695761786,1,yearly
nyc,5653.12,Spring St & Hudson St,2025,125632,62575,63057,125632,40.72583996792375,-74.0076532959938,12,220,175.11462047885888,1,yearly
nyc,5656.03,N Henry St & Norman Ave,2025,32910,16536,16374,32910,40.7277,-73.94395,12,82,249.164387724096,1,yearly
nyc,5659.05,E 10 St & Ave A,2025,147918,73679,74239,147918,40.72740794,-73.98142006,12,142,95.99913465568761,1,yearly
nyc,5659.11,E 11 St & Ave B,2025,110976,55839,55137,110976,40.72746420692392,-73.97950418293476,12,126,113.53806228373703,1,yearly
nyc,5666.04,Meserole Ave & Manhattan Ave,2025,90742,45332,45410,90742,40.72708584,-73.95299117,12,175,192.85446650944436,1,yearly
nyc,5666.11,Norman Ave & Leonard St,2025,80616,40180,40436,80616,40.725819,-73.950815,12,154,191.0290761139228,1,yearly
nyc,5669.1,St Marks Pl & 2 Ave,2025,22739,944,21795,22739,40.7284186,-73.98713956,11,197,866.3529618716742,1,yearly
nyc,5669.10,St Marks Pl & 2 Ave,2025,116675,68475,48200,116675,40.7284186,-73.98713956,12,197,168.84508249410757,1,yearly
nyc,5669.12,E 6 St & 2 Ave,2025,99417,49145,50272,99417,40.72737869323223,-73.98840844631195,12,213,214.24907209028638,1,yearly
nyc,5676.04,Calyer St & West St,2025,96076,47920,48156,96076,40.72693,-73.95863,12,73,75.98151463424789,1,yearly
nyc,5679.05,Mercer St & Bleecker St,2025,138843,69070,69773,138843,40.72706363348306,-73.99662137031554,12,218,157.01187672406962,1,yearly
nyc,5679.08,Bleecker St & Crosby St,2025,188305,93985,94320,188305,40.72615604980408,-73.99510189890862,12,252,133.82544276572582,1,yearly
nyc,5687.04,MacDougal St & Prince St,2025,149872,74492,75380,149872,40.72710258,-74.00297088,12,226,150.79534536137504,1,yearly
nyc,5687.11,King St & Varick St,2025,99179,49419,49760,99179,40.72789701409023,-74.00536268949507,12,222,223.83770757922545,1,yearly
nyc,5688.02,64 St & 53 Dr,2025,3087,1522,1565,3087,40.72897,-73.90115,12,70,2267.573696145125,1,yearly
nyc,5696.03,Pier 40 - Hudson River Park,2025,145938,72692,73246,145938,40.7277140777778,-74.01129573583603,12,106,72.6335841247653,1,yearly
nyc,5703.13,Ave A & E 11 St,2025,134843,66752,68091,134843,40.72854745023944,-73.98175925016403,12,148,109.75727327336236,1,yearly
nyc,5709.04,Lorimer St & Calyer St,2025,46997,23445,23552,46997,40.72795,-73.95414,11,170,361.72521650318106,1,yearly
nyc,5712.03,Cooper Square & Astor Pl,2025,166178,82834,83344,166178,40.72951496224949,-73.99075269699097,12,177,106.51229404614328,1,yearly
nyc,5712.12,E 5 St & Cooper Sq,2025,113485,56413,57072,113485,40.72769,-73.990993,12,231,203.55113010530027,1,yearly
nyc,5721.01,Sullivan St & Washington Sq,2025,127923,64000,63923,127923,40.73047747,-73.99906065,12,210,164.16125325391056,1,yearly
nyc,5721.07,Thompson St & Bleecker St,2025,132290,65978,66312,132290,40.72840059450829,-73.99968780577183,12,219,165.54539269786076,1,yearly
nyc,5721.14,LaGuardia Pl & W 3 St,2025,128238,63755,64483,128238,40.72917025,-73.99810231,12,203,158.29941203075532,1,yearly
nyc,5730.08,Greenwich St & W Houston St,2025,141915,69175,72740,141915,40.728846,-74.008591,12,166,116.971426558151,1,yearly
nyc,5731.03,Maurice Ave & 53 Dr,2025,1336,648,688,1336,40.73028,-73.90421,12,79,5913.173652694611,1,yearly
nyc,5736.09,E 14 St & Ave B,2025,93025,46644,46381,93025,40.72938685,-73.97772429,11,116,124.69766191883902,1,yearly
nyc,5743.02,Calyer St & Jewel St,2025,37625,18641,18984,37625,40.72984,-73.94839,12,132,350.83056478405314,1,yearly
nyc,5746.02,E 10 St & 2 Ave,2025,131722,65831,65891,131722,40.72970805644994,-73.9865979552269,11,212,160.94502057363235,1,yearly
nyc,5746.14,E 11 St & 1 Ave,2025,146354,73110,73244,146354,40.72953837,-73.98426726,12,174,118.88981510583926,1,yearly
nyc,5752.07,Milton St & Franklin St,2025,89173,44326,44847,89173,40.72906,-73.95779,12,104,116.62723021542395,1,yearly
nyc,5752.09,Greenpoint Ave & West St,2025,95880,47562,48318,95880,40.729803,-73.959099,12,77,80.30871923237379,1,yearly
nyc,5755.01,Washington Pl & Broadway,2025,89738,44731,45007,89738,40.72903917,-73.99404649,12,185,206.1556976977423,1,yearly
nyc,5755.14,University Pl & E 8 St,2025,130315,65112,65203,130315,40.73143724085228,-73.99490341544151,12,178,136.59210374860913,1,yearly
nyc,5755.15,Washington Pl & Greene St,2025,90799,45129,45670,90799,40.72980619180496,-73.99546380915461,12,178,196.03740129296577,1,yearly
nyc,5763.03,Carmine St & 6 Ave,2025,211140,105404,105736,211140,40.73038599,-74.00214988,12,228,107.98522307473714,1,yearly
nyc,5764.02,65 Pl & 53 Ave,2025,7287,3622,3665,7287,40.73145,-73.90022,12,50,686.1534239055853,1,yearly
nyc,5769.06,Ave C & E 16 St,2025,61035,30967,30068,61035,40.72984830346529,-73.97455215454102,12,75,122.8803145736053,1,yearly
nyc,5772.05,Morton St & Greenwich St,2025,107452,53481,53971,107452,40.73115,-74.00887,12,148,137.7359192941965,1,yearly
nyc,5779.08,1 Ave & E 16 St,2025,140780,70506,70274,140780,40.73221853,-73.98165557,12,146,103.70791305583178,1,yearly
nyc,5779.09,E 13 St & Ave A,2025,89205,45242,43963,89205,40.72966729392978,-73.98067966103554,12,137,153.57883526708144,1,yearly
nyc,5779.1,E 14 St & 1 Ave,2025,17351,1064,16287,17351,40.73139303364151,-73.98286700248718,9,166,956.7171920926747,1,yearly
nyc,5779.10,E 14 St & 1 Ave,2025,100630,57769,42861,100630,40.73139303364151,-73.98286700248718,12,166,164.96074729206003,1,yearly
nyc,5779.11,Ave A & E 14 St,2025,236469,118537,117932,236469,40.73031071000895,-73.98047178983688,12,138,58.3586009159763,1,yearly
nyc,5785.05,Greenpoint Ave & Manhattan Ave,2025,102326,51033,51293,102326,40.73026,-73.95394,12,170,166.13568399038368,1,yearly
nyc,5785.1,Kent St & McGuinness Blvd,2025,6143,179,5964,6143,40.73124,-73.95161,10,132,2148.7872375061047,1,yearly
nyc,5785.10,Kent St & McGuinness Blvd,2025,20784,13228,7556,20784,40.73124,-73.95161,12,132,635.1039260969977,1,yearly
nyc,5788.12,E 12 St & 3 Ave,2025,93665,46795,46870,93665,40.73223272,-73.98889957,12,198,211.39166177334118,1,yearly
nyc,5788.13,Lafayette St & E 8 St,2025,294280,146980,147300,294280,40.73020660529954,-73.99102628231049,12,185,62.865298355307864,1,yearly
nyc,5788.15,4 Ave & E 12 St,2025,148262,73902,74360,148262,40.732647,-73.99011,12,221,149.0604470464448,1,yearly
nyc,5788.16,E 11 St & 3 Ave,2025,113904,56843,57061,113904,40.73127,-73.98849,12,202,177.34232336002248,1,yearly
nyc,5794.05,India St Pier,2025,78899,39316,39583,78899,40.731734785883454,-73.9612390102593,12,47,59.56982978238001,1,yearly
nyc,5797.01,MacDougal St & Washington Sq,2025,84114,41906,42208,84114,40.73226398,-73.99852205,12,192,228.26164491047862,1,yearly
nyc,5805.05,Barrow St & Hudson St,2025,98736,49358,49378,98736,40.73172428,-74.00674436,12,207,209.64997569275644,1,yearly
nyc,5805.07,7 Ave S & Bleecker St,2025,158443,79042,79401,158443,40.73213896287381,-74.00363802909851,12,221,139.4823374967654,1,yearly
nyc,5806.01,53 Ave & 62 St,2025,4704,2335,2369,4704,40.73169,-73.90159,12,43,914.1156462585034,1,yearly
nyc,5820.08,E 13 St & 2 Ave,2025,161157,80494,80663,161157,40.73153937464073,-73.9853024482727,12,198,122.86155736331652,1,yearly
nyc,5826.02,India St & Manhattan Ave,2025,100579,49971,50608,100579,40.73232194,-73.9550858,12,141,140.1883096869128,1,yearly
nyc,5829.12,E 11 St & Broadway,2025,2454,1212,1242,2454,40.73261787,-73.99158043,3,187,7620.211898940505,1,yearly
nyc,5838.09,Washington Pl & 6 Ave,2025,113723,56691,57032,113723,40.73224119,-74.00026394,12,217,190.81452300765898,1,yearly
nyc,5845.02,Woodhaven Blvd & Hoffman Dr,2025,11641,5739,5902,11641,40.73303,-73.871,12,197,1692.2944764195515,1,yearly
nyc,5847.01,Christopher St & Greenwich St,2025,188444,94189,94255,188444,40.73291553,-74.00711384,12,167,88.62049202946233,1,yearly
nyc,5847.06,W 10 St & Washington St,2025,29525,14764,14761,29525,40.73342399437081,-74.00851495563984,6,132,447.07874682472476,1,yearly
nyc,5847.08,Washington St & Barrow St,2025,77120,37778,39342,77120,40.73191132323174,-74.008769094944,12,143,185.4253112033195,1,yearly
nyc,5847.09,Washington St & W 10 St,2025,44331,22476,21855,44331,40.7333,-74.00858,6,138,311.2945794139541,1,yearly
nyc,5851.01,Greenpoint Ave & Monitor St,2025,7499,3772,3727,7499,40.73224,-73.94383,12,31,413.3884517935725,1,yearly
nyc,5854.09,1 Ave & E 18 St,2025,154181,77300,76881,154181,40.73381219196632,-73.98054420948029,12,182,118.0430792380384,1,yearly
nyc,5854.1,Stuyvesant Walk & 1 Ave Loop,2025,441,66,375,441,40.732339777151054,-73.97898383438587,6,145,32879.81859410431,1,yearly
nyc,5854.10,Stuyvesant Walk & 1 Ave Loop,2025,9224,4748,4476,9224,40.732339777151054,-73.97898383438587,12,145,1571.9861231569816,1,yearly
nyc,5860.02,Green St & McGuinness Blvd,2025,19883,9908,9975,19883,40.73396,-73.95204,12,105,528.0893225368405,1,yearly
nyc,5863.07,E 15 St & 3 Ave,2025,146546,73341,73205,146546,40.734232,-73.986923,12,238,162.40634340070696,1,yearly
nyc,5869.04,Huron St & Franklin St,2025,102154,50908,51246,102154,40.73266,-73.95826,12,89,87.12336276601994,1,yearly
nyc,5872.08,E 10 St & 5 Ave,2025,61040,30409,30631,61040,40.73331967,-73.99510132,10,175,286.69724770642205,1,yearly
nyc,5872.1,E 9 St & 5 Ave,2025,14768,800,13968,14768,40.73275887045087,-73.99581670761108,9,179,1212.080173347779,1,yearly
nyc,5872.10,E 9 St & 5 Ave,2025,74643,43793,30850,74643,40.73275887045087,-73.99581670761108,12,179,239.8081534772182,1,yearly
nyc,5878.02,60 Ave & Junction Blvd,2025,7044,3496,3548,7044,40.73466,-73.86501,12,246,3492.333901192504,1,yearly
nyc,5880.02,W 4 St & 7 Ave S,2025,196712,98229,98483,196712,40.73401143,-74.00293877,12,211,107.26341046809549,1,yearly
nyc,5881.01,Tyler Ave & Maurice Ave,2025,4011,1985,2026,4011,40.73394,-73.90128,12,59,1470.9548740962352,1,yearly
nyc,5883.06,Van Dam St & Greenpoint Ave,2025,2094,1040,1054,2094,40.73443564069459,-73.93790781497955,3,94,4489.01623686724,1,yearly
nyc,5883.08,Review Ave & Greenpoint Ave,2025,1103,542,561,1103,40.73424679613554,-73.93776814411713,3,94,8522.212148685405,1,yearly
nyc,5886.13,E 20 St & FDR Dr,2025,138899,69886,69013,138899,40.733208626522426,-73.9756813647,12,112,80.63412983534799,1,yearly
nyc,5887.03,Queens Blvd & 56 Ave,2025,11868,5848,6020,11868,40.73481,-73.87431,12,146,1230.1988540613415,1,yearly
nyc,5896.01,E 17 St & 2 Ave,2025,98356,49108,49248,98356,40.73431166276575,-73.98372530937195,12,212,215.54353572735778,1,yearly
nyc,5902.07,Eagle St & Manhattan Ave,2025,72971,36168,36803,72971,40.735217,-73.954926,12,90,123.33666799139384,1,yearly
nyc,5905.12,Broadway & E 14 St,2025,267181,133946,133235,267181,40.73454567,-73.99074142,12,212,79.34695955176454,1,yearly
nyc,5905.14,University Pl & E 14 St,2025,260715,130054,130661,260715,40.734814,-73.992085,12,199,76.32855800395068,1,yearly
nyc,5914.03,W 11 St & 6 Ave,2025,115472,57656,57816,115472,40.73532427,-73.99800419,12,188,162.81003186919773,1,yearly
nyc,5914.08,Greenwich Ave & Charles St,2025,120472,60082,60390,120472,40.735238,-74.000271,12,202,167.67381632246497,1,yearly
nyc,5917.02,Bradley Ave & Greenpoint Ave,2025,9414,4716,4698,9414,40.73565914819229,-73.93478840589523,12,131,1391.5445081793075,1,yearly
nyc,5920.03,94 St & 57 Ave,2025,5308,2577,2731,5308,40.73628,-73.86752,12,225,4238.884702336097,1,yearly
nyc,5922.04,Greenwich St & Perry St,2025,108566,54272,54294,108566,40.73498,-74.00697,12,146,134.48040823093788,1,yearly
nyc,5922.07,Perry St & Bleecker St,2025,117680,58682,58998,117680,40.73535398,-74.00483091,12,193,164.00407885791978,1,yearly
nyc,5922.08,Bank St & Hudson St,2025,65891,32924,32967,65891,40.73652889,-74.00618026,12,159,241.30761408993638,1,yearly
nyc,5923.02,51 Ave & 61 St,2025,4587,2288,2299,4587,40.73568,-73.90387,12,75,1635.0555918901243,1,yearly
nyc,5929.01,E 23 St & 1 Ave,2025,122735,61196,61539,122735,40.736502,-73.97809472,12,217,176.8036827310873,1,yearly
nyc,5929.07,E 23 St & FDR Dr,2025,41379,21155,20224,41379,40.736,-73.97605,10,161,389.08625148021946,1,yearly
nyc,5930.02,Queens Blvd & Broadway,2025,9825,4830,4995,9825,40.73672,-73.87728,11,128,1302.798982188295,1,yearly
nyc,5938.01,E 19 St & 3 Ave,2025,87924,43904,44020,87924,40.73624527,-73.98473765,12,255,290.0232018561485,1,yearly
nyc,5938.11,E 16 St & Irving Pl,2025,115015,57498,57517,115015,40.735367055605394,-73.98797392845154,12,251,218.23240446898234,1,yearly
nyc,5944.01,Franklin St & Dupont St,2025,140726,70376,70350,140726,40.73564,-73.95866,12,56,39.79364154456177,1,yearly
nyc,5945.01,60 Ave & Otis Ave,2025,2706,1323,1383,2706,40.73715,-73.85614,12,181,6688.839615668884,1,yearly
nyc,5947.04,W 13 St & 5 Ave,2025,128395,64193,64202,128395,40.735445,-73.99431,12,188,146.42314731882084,1,yearly
nyc,5947.06,E 15 St & 5 Ave,2025,74941,37456,37485,74941,40.736592,-73.992949,12,195,260.20469435956284,1,yearly
nyc,5953.03,97 St & 57 Ave,2025,4298,2125,2173,4298,40.73727,-73.86415,12,183,4257.794322940903,1,yearly
nyc,5955.12,Perry St & Greenwich Ave,2025,92868,46313,46555,92868,40.735918,-74.000939,12,195,209.97544902442178,1,yearly
nyc,5956.04,64 St & 51 Ave,2025,4932,2442,2490,4932,40.73577,-73.90184,12,79,1601.7842660178426,1,yearly
nyc,5956.05,50 Ave & 65 St,2025,7595,3772,3823,7595,40.73707,-73.90077,12,143,1882.817643186307,1,yearly
nyc,5962.04,56 Ave & 92 St,2025,6789,3305,3484,6789,40.73649,-73.86995,12,191,2813.3745765208428,1,yearly
nyc,5964.01,Bank St & Washington St,2025,79515,39667,39848,79515,40.7361967,-74.00859207,12,107,134.56580519398855,1,yearly
nyc,5971.08,E 20 St & 2 Ave,2025,104672,52535,52137,104672,40.73587678,-73.98205027,12,223,213.04646896973404,1,yearly
nyc,5971.09,E 22 St & 2 Ave,2025,126647,63381,63266,126647,40.73716919369882,-73.98122549057007,12,226,178.4487591494469,1,yearly
nyc,5977.01,McGuinness Blvd & Eagle St,2025,50945,25603,25342,50945,40.73555,-73.95284,12,79,155.06919226616938,1,yearly
nyc,5980.1,E 17 St & Broadway,2025,41314,1668,39646,41314,40.737006,-73.990134,10,216,522.8251924287166,1,yearly
nyc,5980.10,E 17 St & Broadway,2025,209825,123593,86232,209825,40.737006,-73.990134,12,216,102.94292863100203,1,yearly
nyc,5980.11,Broadway & E 19 St,2025,159725,79563,80162,159725,40.73829,-73.99006,12,223,139.614963218031,1,yearly
nyc,5983.04,43 St & 50 Ave,2025,18087,9082,9005,18087,40.73787237950538,-73.92264068126678,12,112,619.2292806988445,1,yearly
nyc,5987.03,99 St & 58 Ave,2025,3373,1609,1764,3373,40.73761,-73.85959,12,135,4002.3717758671805,1,yearly
nyc,5989.02,W 15 St & 6 Ave,2025,183032,91434,91598,183032,40.738046142482766,-73.99642959237099,12,173,94.518991214651,1,yearly
nyc,5992.02,36 St & Hunters Point Ave,2025,4675,2344,2331,4675,40.73781699881193,-73.93024072051048,12,134,2866.3101604278077,1,yearly
nyc,5995.07,56 Ave & Junction Blvd,2025,2379,1138,1241,2379,40.73716,-73.86625,12,165,6935.687263556116,1,yearly
nyc,5997.1,W 12 St & Hudson St,2025,16977,931,16046,16977,40.73752993301071,-74.00558933615685,9,157,924.7805854980267,1,yearly
nyc,5997.10,W 12 St & Hudson St,2025,99070,57031,42039,99070,40.73752993301071,-74.00558933615685,12,157,158.4738063995155,1,yearly
nyc,5998.09,61 St & Laurel Hill Blvd,2025,5033,2507,2526,5033,40.7388,-73.90338,12,147,2920.7232267037552,1,yearly
nyc,6001.01,Borden Ave & Review Ave,2025,7248,3612,3636,7248,40.73866345465306,-73.94093804061413,12,66,910.5960264900662,1,yearly
nyc,6004.06,E 27 St & 1 Ave,2025,126704,63376,63328,126704,40.739445,-73.976806,12,233,183.89316832933451,1,yearly
nyc,6004.07,E 25 St & 1 Ave,2025,66525,33411,33114,66525,40.7381765,-73.97738662,12,240,360.7666290868095,1,yearly
nyc,6005.04,55 Ave & 90 St,2025,4636,2296,2340,4636,40.73676,-73.87318,12,141,3041.4150129421914,1,yearly
nyc,6013.12,Gramercy Park N & Gramercy Park E,2025,131572,65707,65865,131572,40.73795,-73.98509,12,239,181.64959109841,1,yearly
nyc,6014.01,St James Ave & 51 Ave,2025,3856,1899,1957,3856,40.73813,-73.88104,12,139,3604.771784232365,1,yearly
nyc,6016.06,48 St & 50 Ave,2025,12271,6270,6001,12271,40.73737,-73.91803,12,73,594.8985412761797,1,yearly
nyc,6019.04,Ash St & Manhattan Ave,2025,67475,33717,33758,67475,40.738095,-73.954867,12,74,109.67024824008891,1,yearly
nyc,6020.02,Waldron St & 108 St,2025,2324,1142,1182,2324,40.73916,-73.8526,12,183,7874.354561101549,1,yearly
nyc,6022.04,E 16 St & 5 Ave,2025,130225,64918,65307,130225,40.73726186,-73.99238967,12,195,149.74083317335382,1,yearly
nyc,6025.08,39 St & 50 Ave,2025,15232,7645,7587,15232,40.73824937345944,-73.92737478017807,12,94,617.1218487394958,1,yearly
nyc,6028.01,57 Ave & 98 Pl,2025,4593,2172,2421,4593,40.73802,-73.86103,12,149,3244.0670585673856,1,yearly
nyc,6030.04,W 13 St & 7 Ave,2025,140109,69962,70147,140109,40.73781509,-73.99994661,12,160,114.19680391695037,1,yearly
nyc,6030.06,W 15 St & 7 Ave,2025,113372,56678,56694,113372,40.73935542,-73.99931783,12,140,123.48728081007657,1,yearly
nyc,6033.01,31 Pl & Hunters Point Ave,2025,6953,3460,3493,6953,40.74021356884924,-73.93537044525146,12,139,1999.137063138214,1,yearly
nyc,6037.02,53 Ave & 94 St,2025,3809,1881,1928,3809,40.73921,-73.86887,12,98,2572.8537673930164,1,yearly
nyc,6039.06,Washington St & Gansevoort St,2025,197918,98842,99076,197918,40.739323,-74.008119,12,106,53.557533928192484,1,yearly
nyc,6046.02,E 25 St & 2 Ave,2025,122651,61339,61312,122651,40.73912601,-73.97973776,12,244,198.93845137830104,1,yearly
nyc,6047.03,51 Ave & Van Loon St,2025,4014,1948,2066,4014,40.73832,-73.87913,12,136,3388.141504733433,1,yearly
nyc,6053.01,Corona Ave & 111 St,2025,4175,2046,2129,4175,40.7408,-73.84978,12,213,5101.7964071856295,1,yearly
nyc,6055.08,E 20 St & Park Ave,2025,115488,57629,57859,115488,40.73827428,-73.98751968,12,234,202.61845386533665,1,yearly
nyc,6056.02,Queens Blvd & Albion Ave,2025,4916,2443,2473,4916,40.73856,-73.88553,12,75,1525.6305939788447,1,yearly
nyc,6058.08,44 St & 48 Ave,2025,17147,9112,8035,17147,40.73941387498411,-73.92131969332695,12,102,594.8562430745903,1,yearly
nyc,6062.03,103 St & Martense Ave,2025,3930,1942,1988,3930,40.74046,-73.8565,11,125,3180.6615776081426,1,yearly
nyc,6064.08,W 18 St & 6 Ave,2025,159421,79529,79892,159421,40.73971301,-73.99456405,12,183,114.79039775186457,1,yearly
nyc,6067.01,48 Ave & 37 St,2025,7448,3681,3767,7448,40.74034668087185,-73.92886072397232,12,144,1933.404940923738,1,yearly
nyc,6070.05,55 Ave & 97 Pl,2025,1657,817,840,1657,40.73892,-73.86367,12,125,7543.753771876886,1,yearly
nyc,6072.06,Greenwich Ave & 8 Ave,2025,223780,111357,112423,223780,40.7390169121,-74.0026376103,12,146,65.24264903029761,1,yearly
nyc,6072.11,8 Ave & W 16 St,2025,194524,97523,97001,194524,40.740983,-74.001702,12,155,79.68168452221833,1,yearly
nyc,6072.16,Gansevoort St & Hudson St,2025,75136,37223,37913,75136,40.73937600789778,-74.00520807425661,9,155,206.2925894378194,1,yearly
nyc,6076.02,30 St & 48 Ave,2025,8553,4267,4286,8553,40.7413272,-73.937999,12,147,1718.6951946685374,1,yearly
nyc,6079.03,1 Ave & E 30 St,2025,105796,52766,53030,105796,40.74144387,-73.97536082,12,222,209.83780105107942,1,yearly
nyc,6080.07,90 St & 51 Ave,2025,5815,2887,2928,5815,40.73937,-73.87411,12,114,1960.4471195184867,1,yearly
nyc,6086.02,Borden Ave & 25 St,2025,3055,1463,1592,3055,40.7396139,-73.945151,12,46,1505.7283142389524,1,yearly
nyc,6089.07,Lexington Ave & E 24 St,2025,134491,67492,66999,134491,40.74025878,-73.98409214,12,269,200.0133837951982,1,yearly
nyc,6089.08,Lexington Ave & E 26 St,2025,70776,35597,35179,70776,40.741459,-73.983293,12,268,378.65943257601447,1,yearly
nyc,6089.11,E 26 St & 3 Ave,2025,124620,62504,62116,124620,40.74069317733043,-73.98160636425018,12,268,215.05376344086022,1,yearly
nyc,6090.03,South Railroad Ave & Broadway,2025,11457,5694,5763,11457,40.741,-73.88027,12,143,1248.1452387186873,1,yearly
nyc,6092.01,47 Ave & 48 St,2025,8194,4223,3971,8194,40.74086,-73.91708,12,102,1244.8132780082988,1,yearly
nyc,6096.01,Van Cleef St & 108 St,2025,2632,1281,1351,2632,40.74096,-73.85357,12,160,6079.0273556231,1,yearly
nyc,6098.02,W 20 St & 5 Ave,2025,134898,67224,67674,134898,40.73972989238724,-73.99103969335556,12,204,151.22537027976693,1,yearly
nyc,6098.1,Broadway & E 21 St,2025,14386,1660,12726,14386,40.739888408589955,-73.98958593606949,7,225,1564.0205755595719,1,yearly
nyc,6098.10,Broadway & E 21 St,2025,204359,107558,96801,204359,40.73988840858996,-73.98958593606949,12,225,110.10036259719415,1,yearly
nyc,6099.02,76 St & 45 Ave,2025,7368,3667,3701,7368,40.7411,-73.88837,12,100,1357.2204125950054,1,yearly
nyc,6101.11,48 Ave & 41 St,2025,18763,9586,9177,18763,40.73985995699164,-73.92400324344635,12,132,703.5122315194799,1,yearly
nyc,6104.01,55 Ave & Center Blvd,2025,55848,27892,27956,55848,40.740288,-73.960697,12,37,66.2512534020914,1,yearly
nyc,6105.02,100 St & Lewis Ave,2025,1910,942,968,1910,40.73988,-73.86012,11,94,4921.465968586387,1,yearly
nyc,6107.08,W 17 St & 7 Ave,2025,94005,46815,47190,94005,40.74056423633952,-73.99852573871613,12,169,179.77767140045742,1,yearly
nyc,6108.03,69 St & 43 Ave,2025,7953,3970,3983,7953,40.74179,-73.89564,12,189,2376.4617125612976,1,yearly
nyc,6110.01,34 St & 48 Ave,2025,4981,2624,2357,4981,40.740821207823245,-73.93147185444832,12,183,3673.961051997591,1,yearly
nyc,6113.07,51 Ave & Junction Blvd,2025,3195,1587,1608,3195,40.74087,-73.86772,12,98,3067.2926447574337,1,yearly
nyc,6115.06,Hudson St & W 13 St,2025,139462,69586,69876,139462,40.74005708567285,-74.0052741765976,12,149,106.83913897692561,1,yearly
nyc,6115.09,W 15 St & 10 Ave,2025,84799,42179,42620,84799,40.74275382865903,-74.00747358798981,12,122,143.86962110402246,1,yearly
nyc,6116.03,61 St & Queens Blvd,2025,17786,8882,8904,17786,40.74091,-73.90273,12,163,916.451141347127,1,yearly
nyc,6119.01,49 Ave & 27 St,2025,5206,2565,2641,5206,40.74113,-73.942518,12,59,1133.307721859393,1,yearly
nyc,6122.09,2 Ave & E 29 St,2025,172268,86482,85786,172268,40.74172351097472,-73.97809267044067,12,252,146.28369749460145,1,yearly
nyc,6123.02,Corona Ave & 90 St,2025,2523,1244,1279,2523,40.74154,-73.87484,9,107,4240.982956797464,1,yearly
nyc,6128.04,49 Ave & 21 St,2025,25129,12554,12575,25129,40.74252,-73.948852,12,133,529.2689721039436,1,yearly
nyc,6131.1,E 24 St & Park Ave S,2025,132051,66042,66009,132051,40.74096374,-73.98602213,12,241,182.50524418595845,1,yearly
nyc,6131.12,Madison Ave & E 26 St,2025,120085,59926,60159,120085,40.742684734875695,-73.98671329021454,12,238,198.19294666278054,1,yearly
nyc,6131.13,E 27 St & Park Ave S,2025,119005,59627,59378,119005,40.74275179648995,-73.9847157150507,12,221,185.7064829208857,1,yearly
nyc,6132.01,82 St & Broadway,2025,14566,7281,7285,14566,40.74281,-73.88296,10,139,954.2770836193876,1,yearly
nyc,6134.03,Greenpoint Ave & 47 St,2025,19838,10550,9288,19838,40.7424,-73.91808,12,123,620.0221796552071,1,yearly
nyc,6134.13,44 St & Greenpoint Ave,2025,15637,8104,7533,15637,40.741119944681465,-73.92103672027588,12,133,850.546780072904,1,yearly
nyc,6137.04,5 St & 51 Ave,2025,29054,14477,14577,29054,40.7423737,-73.9566,12,102,351.0704205961313,1,yearly
nyc,6138.02,Martense Ave & 108 St,2025,2849,1366,1483,2849,40.74214,-73.85418,12,91,3194.1031941031943,1,yearly
nyc,6138.07,108 St & 52 Ave,2025,4680,2234,2446,4680,40.74310053056842,-73.85466891367044,12,87,1858.974358974359,1,yearly
nyc,6140.05,W 21 St & 6 Ave,2025,333948,166770,167178,333948,40.74173969,-73.99415556,12,198,59.290668008192895,1,yearly
nyc,6141.02,72 St & Woodside Ave,2025,5212,2685,2527,5212,40.74288,-73.89283,12,194,3722.1795855717573,1,yearly
nyc,6143.01,36 St & 47 Ave,2025,5535,2796,2739,5535,40.74221834996096,-73.92935156822205,12,145,2619.6928635953027,1,yearly
nyc,6143.05,39 St & 47 Ave,2025,13045,6511,6534,13045,40.74215636827728,-73.92662644386292,12,134,1027.2134917592948,1,yearly
nyc,6146.01,99 St & 50 Ave,2025,1779,862,917,1779,40.74278,-73.86226,12,91,5115.233277121978,1,yearly
nyc,6148.02,W 17 St & 8 Ave,2025,82584,41381,41203,82584,40.74177603,-74.00149746,12,146,176.7896929187252,1,yearly
nyc,6149.02,65 Pl & Woodside Ave,2025,6105,3050,3055,6105,40.74334,-73.89903,12,220,3603.6036036036035,1,yearly
nyc,6151.03,47 Ave & 31 St,2025,12109,6052,6057,12109,40.743,-73.93561,12,121,999.2567511768107,1,yearly
nyc,6155.03,Corona Ave & 92 St,2025,5617,2791,2826,5617,40.7424,-73.87251,12,109,1940.5376535517182,1,yearly
nyc,6157.04,10 Ave & W 14 St,2025,152799,76274,76525,152799,40.74198159994023,-74.00831580162048,12,113,73.9533635691333,1,yearly
nyc,6158.02,Queens Blvd & 56 St,2025,7261,3654,3607,7261,40.74193,-73.90913,12,59,812.5602534086214,1,yearly
nyc,6158.06,57 St & 43 Ave,2025,6440,3239,3201,6440,40.74324,-73.908,12,74,1149.0683229813665,1,yearly
nyc,6164.09,Lexington Ave & E 29 St,2025,87404,44225,43179,87404,40.74311555376486,-73.98215353488922,12,245,280.3075374124754,1,yearly
nyc,6165.06,Whitney Ave & Ketcham Pl,2025,5214,2590,2624,5214,40.74249,-73.87809,11,126,2416.5707710011507,1,yearly
nyc,6167.03,51 St & Queens Blvd,2025,5879,3112,2767,5879,40.7429,-73.91395,12,71,1207.6883823779556,1,yearly
nyc,6170.02,Vernon Blvd & 50 Ave,2025,93375,46639,46736,93375,40.74232744,-73.95411749,12,116,124.23025435073629,1,yearly
nyc,6170.09,Jackson Ave & 49 Ave,2025,93487,46631,46856,93487,40.7429302,-73.952037,12,132,141.19610213184723,1,yearly
nyc,6171.02,111 St & 53 Ave,2025,5531,2710,2821,5531,40.74336,-73.85129,12,88,1591.0323630446574,1,yearly
nyc,6173.08,Broadway & W 25 St,2025,236683,118074,118609,236683,40.74286877312112,-73.98918628692627,12,264,111.54159783338896,1,yearly
nyc,6174.03,79 St & Woodside Ave,2025,8237,4103,4134,8237,40.74364,-73.88622,12,175,2124.559912589535,1,yearly
nyc,6176.11,40 St & Queens Blvd,2025,41435,21048,20387,41435,40.743540273428685,-73.92435193061829,12,151,364.426209726077,1,yearly
nyc,6179.07,Center Blvd & 51 Ave,2025,55251,27594,27657,55251,40.74336608027021,-73.95960688591003,12,55,99.5457095799171,1,yearly
nyc,6180.05,51 Ave & Alstyne Ave,2025,3263,1609,1654,3263,40.74311,-73.85715,12,85,2604.964756359179,1,yearly
nyc,6182.02,W 20 St & 7 Ave,2025,164179,82019,82160,164179,40.74238787,-73.99726235,12,191,116.33643766864215,1,yearly
nyc,6183.03,Woodside Ave & 69 St,2025,2974,1514,1460,2974,40.7428,-73.89584,12,212,7128.446536650975,1,yearly
nyc,6185.04,33 St & 47 Ave,2025,8604,4309,4295,8604,40.74283,-73.9321,12,145,1685.262668526267,1,yearly
nyc,6185.07,33 St & Queens Blvd,2025,15873,8051,7822,15873,40.7443653191867,-73.93172398209572,12,138,869.4008694008694,1,yearly
nyc,6188.04,Corona Ave & 98 St,2025,1702,840,862,1702,40.74448,-73.86516,12,116,6815.51116333725,1,yearly
nyc,6190.03,W 18 St & 9 Ave,2025,54377,27142,27235,54377,40.7435337324616,-74.00367558002472,12,179,329.183294407562,1,yearly
nyc,6190.08,9 Ave & W 18 St,2025,99076,49444,49632,99076,40.74317449,-74.00366443,10,174,175.62275424926318,1,yearly
nyc,6191.04,62 St & 43 Ave,2025,6485,3238,3247,6485,40.74261,-73.903,12,174,2683.1148804934464,1,yearly
nyc,6191.06,61 St & Woodside Ave,2025,29823,14893,14930,29823,40.74501,-73.9036,12,128,429.1989404151158,1,yearly
nyc,6194.06,29 St & Skillman Ave,2025,8061,4021,4040,8061,40.744831,-73.938411,12,142,1761.5680436670389,1,yearly
nyc,6197.08,E 33 St & 1 Ave,2025,234065,116858,117207,234065,40.74322681432173,-73.97449783980846,12,261,111.50748723645141,1,yearly
nyc,6197.11,2 Ave & E 31 St,2025,150756,75796,74960,150756,40.74299,-73.97711,12,263,174.45408474621243,1,yearly
nyc,6198.03,Forley St & Lamont Ave,2025,9161,4588,4573,9161,40.74463,-73.87386,12,131,1429.9748935705709,1,yearly
nyc,6200.03,53 St & Roosevelt Ave,2025,7851,4122,3729,7851,40.74462,-73.91143,11,77,980.7667813017449,1,yearly
nyc,6203.02,Jackson Ave & 46 Rd,2025,39902,19874,20028,39902,40.74524768,-73.94733276,12,140,350.8596060347852,1,yearly
nyc,6206.08,E 30 St & Park Ave S,2025,106163,53724,52439,106163,40.74444921,-73.98303529,12,216,203.46071606868682,1,yearly
nyc,6207.06,Judge St & Britton Ave,2025,7351,3649,3702,7351,40.74454,-73.88112,12,182,2475.853625357094,1,yearly
nyc,6209.05,43 Ave & 47 St,2025,17437,9392,8045,17437,40.7448062877224,-73.91728967428207,12,108,619.3725984974479,1,yearly
nyc,6209.08,46 St & Queens Blvd,2025,30159,15426,14733,30159,40.74349759836971,-73.91860529780388,12,131,434.36453463311113,1,yearly
nyc,6212.04,48 Ave & 5 St,2025,33856,16202,17654,33856,40.74436328706688,-73.9558732509613,12,116,342.62759924385637,1,yearly
nyc,6212.08,Vernon Blvd & 47 Rd,2025,34171,16940,17231,34171,40.7449067,-73.9534573,12,138,403.8512188698019,1,yearly
nyc,6215.04,W 25 St & 6 Ave,2025,116672,58462,58210,116672,40.74395411,-73.99144871,12,257,220.2756445419638,1,yearly
nyc,6215.07,W 27 St & 6 Ave,2025,153546,76674,76872,153546,40.74526,-73.99062,12,283,184.3095880062001,1,yearly
nyc,6216.01,74 St & Woodside Ave,2025,7057,3508,3549,7057,40.74325,-73.89079,12,176,2493.9776108828114,1,yearly
nyc,6218.04,39 St & Queens Blvd,2025,10553,5333,5220,10553,40.74431,-73.92601,10,135,1279.25708329385,1,yearly
nyc,6222.04,Corona Ave & 102 St,2025,3371,1673,1698,3371,40.74419,-73.8619,12,92,2729.1604865025215,1,yearly
nyc,6224.03,W 22 St & 8 Ave,2025,139340,69432,69908,139340,40.74475148,-73.99915362,12,173,124.1567389120138,1,yearly
nyc,6224.05,W 20 St & 8 Ave,2025,133655,66598,67057,133655,40.74345335,-74.00004031,12,171,127.94134151359845,1,yearly
nyc,6224.06,8 Ave & W 24 St,2025,87242,43999,43243,87242,40.74591072834279,-73.99807110428809,10,189,216.63877490199673,1,yearly
nyc,6225.03,41 Ave & 67 St,2025,4420,2245,2175,4420,40.74446,-73.89764,12,239,5407.239819004525,1,yearly
nyc,6227.02,31 St & Thomson Ave,2025,12722,6450,6272,12722,40.74469738,-73.93540375,12,132,1037.5727086936017,1,yearly
nyc,6230.02,1 Ave & E 38 St,2025,185553,92677,92876,185553,40.746202,-73.971822,12,275,148.20563396980918,1,yearly
nyc,6230.04,FDR Drive & E 35 St,2025,137421,69637,67784,137421,40.744219,-73.97121214,12,192,139.71663719518853,1,yearly
nyc,6231.01,46 Ave & Junction Blvd,2025,4153,2070,2083,4153,40.74399,-73.86781,12,121,2913.556465205875,1,yearly
nyc,6233.04,Pier 61 at Chelsea Piers,2025,301176,150471,150705,301176,40.746872,-74.00821,12,88,29.21879565436821,1,yearly
nyc,6233.05,W 16 St & The High Line,2025,123698,61790,61908,123698,40.74334935,-74.00681753,12,124,100.24414299341946,1,yearly
nyc,6234.03,Woodside Ave & Roosevelt Ave,2025,13746,6862,6884,13746,40.74549,-73.90605,12,108,785.683107813182,1,yearly
nyc,6234.04,Woodside Ave & 60 St,2025,7774,3933,3841,7774,40.74521,-73.90462,7,121,1556.4702855672754,1,yearly
nyc,6234.08,59 St & 41 Ave,2025,1578,777,801,1578,40.744577,-73.905986,6,117,7414.448669201521,1,yearly
nyc,6237.01,47 Ave & Skillman Ave,2025,4081,2018,2063,4081,40.7437524099784,-73.94176483154297,12,105,2572.898799313894,1,yearly
nyc,6239.08,E 31 St & 3 Ave,2025,159864,80837,79027,159864,40.74394314,-73.97966069,12,271,169.5190912275434,1,yearly
nyc,6240.05,Elmhurst Ave & Forley St,2025,6424,3201,3223,6424,40.74615,-73.87763,12,158,2459.526774595268,1,yearly
nyc,6242.1,51 St & 43 Ave,2025,2519,171,2348,2519,40.74451,-73.91412,10,80,3175.8634378721713,1,yearly
nyc,6242.10,51 St & 43 Ave,2025,12151,8284,3867,12151,40.74451,-73.91412,12,80,658.3820261706855,1,yearly
nyc,6245.08,46 Rd & 11 St,2025,21148,10531,10617,21148,40.745805,-73.950752,12,139,657.2725553243805,1,yearly
nyc,6248.08,5 Ave & E 30 St,2025,149731,74861,74870,149731,40.7459849,-73.98629487,12,272,181.65910866821164,1,yearly
nyc,6249.02,41 Ave & 80 St,2025,8236,4121,4115,8236,40.74586,-73.88539,12,211,2561.9232637202526,1,yearly
nyc,6251.06,43 Ave & 42 St,2025,15169,7677,7492,15169,40.745346825809825,-73.9219419658184,7,122,804.271870261718,1,yearly
nyc,6254.06,Center Blvd & 48 Ave,2025,34194,17036,17158,34194,40.745038,-73.957539,12,68,198.86529800549803,1,yearly
nyc,6255.02,49 Ave & 108 St,2025,2514,1228,1286,2514,40.74535,-73.8558,12,94,3739.061256961018,1,yearly
nyc,6257.03,W 24 St & 7 Ave,2025,209919,104775,105144,209919,40.74487634,-73.99529885,12,219,104.32595429665729,1,yearly
nyc,6257.06,W 27 St & 7 Ave,2025,172424,86038,86386,172424,40.74665,-73.99392,12,244,141.51162251194728,1,yearly
nyc,6258.02,72 St & Broadway,2025,18209,9056,9153,18209,40.74751,-73.89372,12,264,1449.8325004118842,1,yearly
nyc,6258.03,72 St & 41 Ave,2025,5013,2706,2307,5013,40.7448,-73.89377,12,229,4568.122880510672,1,yearly
nyc,6260.04,36 St & Queens Blvd,2025,13237,6634,6603,13237,40.74408,-73.92901,12,141,1065.1960413991087,1,yearly
nyc,6264.06,National St & 45 Ave,2025,2929,1443,1486,2929,40.74582,-73.86433,12,144,4916.353704335951,1,yearly
nyc,6266.06,9 Ave & W 22 St,2025,138767,69075,69692,138767,40.7454973,-74.00197139,10,162,116.74245317690806,1,yearly
nyc,6267.08,65 St & Roosevelt Ave,2025,7146,3734,3412,7146,40.74589,-73.89915,12,221,3092.6392387349565,1,yearly
nyc,6273.03,Case St & 94 St,2025,3881,1954,1927,3881,40.74619,-73.87193,12,165,4251.4815769131665,1,yearly
nyc,6276.02,Woodside Ave & 55 St,2025,5514,2749,2765,5514,40.74679,-73.90893,11,69,1251.360174102285,1,yearly
nyc,6276.05,Skillman Ave & 54 St,2025,10542,5339,5203,10542,40.745502,-73.909887,12,67,635.553025991273,1,yearly
nyc,6278.05,Davis St & Jackson Ave,2025,53379,26544,26835,53379,40.745627,-73.945661,12,130,243.5414676183518,1,yearly
nyc,6280.12,E 32 St & Park Ave,2025,163840,82427,81413,163840,40.7457121,-73.98194829,12,237,144.6533203125,1,yearly
nyc,6281.01,Gleane St & Britton Ave,2025,3042,1512,1530,3042,40.74646,-73.87996,12,189,6213.0177514792895,1,yearly
nyc,6283.05,48 St & Skillman Ave,2025,17970,9161,8809,17970,40.74622874694195,-73.91616314649582,12,82,456.316082359488,1,yearly
nyc,6286.02,46 Ave & 5 St,2025,89406,44498,44908,89406,40.74731,-73.95451,12,71,79.41301478647965,1,yearly
nyc,6287.02,111 St & 49 Ave,2025,6945,3455,3490,6945,40.74612,-73.85272,12,87,1252.6997840172787,1,yearly
nyc,6289.06,Broadway & W 29 St,2025,204721,102470,102251,204721,40.7462009,-73.98855723,12,266,129.93293311384764,1,yearly
nyc,6290.06,41 Ave & 77 St,2025,16578,8262,8316,16578,40.74557,-73.8882,12,214,1290.8674146459164,1,yearly
nyc,6290.13,79 St & Roosevelt Ave,2025,7327,3674,3653,7327,40.74718,-73.88675,12,234,3193.6672580865293,1,yearly
nyc,6292.03,43 Ave & 40 St,2025,11490,5797,5693,11490,40.74562,-73.92402,9,116,1009.5735422106179,1,yearly
nyc,6295.07,47 Ave & 104 St,2025,2724,1351,1373,2724,40.7458,-73.85945,12,117,4295.1541850220265,1,yearly
nyc,6297.07,8 Ave & W 27 St,2025,99772,49937,49835,99772,40.747968,-73.996637,12,229,229.52331315399113,1,yearly
nyc,6297.08,W 25 St & 8 Ave,2025,72371,36153,36218,72371,40.74649996333341,-73.99732626293645,12,221,305.3709358721035,1,yearly
nyc,6298.04,69 St & 38 Ave,2025,5639,2990,2649,5639,40.74694504524519,-73.89650255441666,12,251,4451.14381982621,1,yearly
nyc,6300.04,Skillman Ave & 43 Ave,2025,17858,8899,8959,17858,40.74653761978055,-73.93215849995613,12,107,599.1712397804905,1,yearly
nyc,6303.02,1 Ave & E 42 St,2025,59547,30227,29320,59547,40.7487575,-73.970127,12,218,366.09736846524595,1,yearly
nyc,6304.04,98 St & 41 Ave,2025,4488,2258,2230,4488,40.74773,-73.86649,11,196,4367.201426024955,1,yearly
nyc,6306.01,W 20 St & 10 Ave,2025,101057,50424,50633,101057,40.745686,-74.005141,12,166,164.26373234907032,1,yearly
nyc,6306.06,W 22 St & 10 Ave,2025,182439,91109,91330,182439,40.74691959,-74.00451887,12,153,83.86364757535395,1,yearly
nyc,6306.07,W 20 St & 11 Ave,2025,69757,34741,35016,69757,40.746745,-74.007756,10,113,161.99091130639218,1,yearly
nyc,6307.07,61 St & 39 Ave,2025,29483,14717,14766,29483,40.7471,-73.9028,12,115,390.0552860970729,1,yearly
nyc,6310.06,27 St & Hunter St,2025,59094,29479,29615,59094,40.7485,-73.941275,12,173,292.753917487393,1,yearly
nyc,6313.1,Lexington Ave & E 36 St,2025,962,950,12,962,40.7475739589548,-73.9788007736206,5,303,31496.881496881495,1,yearly
nyc,6313.10,Lexington Ave & E 36 St,2025,112413,55751,56662,112413,40.7475739589548,-73.9788007736206,12,303,269.54177897574124,1,yearly
nyc,6314.02,Elmhurst Ave & Roosevelt Ave,2025,12548,6296,6252,12548,40.74864,-73.87619,12,178,1418.5527574115397,1,yearly
nyc,6314.09,Benham St & Roosevelt Ave,2025,2040,1116,924,2040,40.74841,-73.8751,12,176,8627.450980392157,1,yearly
nyc,6316.05,39 Dr & 52 St,2025,14806,7439,7367,14806,40.74732,-73.91197,12,52,351.2089693367554,1,yearly
nyc,6319.01,45 Rd & 11 St,2025,20837,10299,10538,20837,40.74708586,-73.94977234,12,116,556.7020204444018,1,yearly
nyc,6319.03,44 Dr & 21 St,2025,51849,25826,26023,51849,40.748036,-73.946705,12,133,256.51410827595515,1,yearly
nyc,6319.04,11 St & 44 Rd,2025,22284,11094,11190,22284,40.749207,-73.949373,12,95,426.314844731646,1,yearly
nyc,6319.07,45 Ave & 21 St,2025,30376,15124,15252,30376,40.74737075646803,-73.94777297973631,12,125,411.5090861206216,1,yearly
nyc,6322.01,E 33 St & 5 Ave,2025,126575,63791,62784,126575,40.74765947,-73.98490707,12,290,229.11317400750542,1,yearly
nyc,6323.04,84 St & Roosevelt Ave,2025,11165,5595,5570,11165,40.74797,-73.88204,12,203,1818.181818181818,1,yearly
nyc,6323.11,Ithaca St & Baxter Ave,2025,15342,7681,7661,15342,40.74638,-73.88322,12,197,1284.056837439708,1,yearly
nyc,6325.01,43 St & Skillman Ave,2025,12569,6279,6290,12569,40.74692675687384,-73.9208248257637,8,88,700.1352534012252,1,yearly
nyc,6329.06,47 Ave & 109 St,2025,2217,1071,1146,2217,40.74713,-73.85502,12,103,4645.917907081642,1,yearly
nyc,6331.01,W 31 St & 7 Ave,2025,276536,138319,138217,276536,40.749156,-73.9916,12,329,118.97185176613532,1,yearly
nyc,6332.06,74 St & 37 Ave,2025,32789,16378,16411,32789,40.74908,-73.89172,12,249,759.4010186342981,1,yearly
nyc,6332.1,Broadway & 74 St,2025,3845,379,3466,3845,40.74653,-73.89121,9,240,6241.87256176853,1,yearly
nyc,6332.10,Broadway & 74 St,2025,41886,22398,19488,41886,40.74653,-73.89121,12,240,572.9838132072769,1,yearly
nyc,6334.03,Skillman Ave & Honeywell St,2025,7397,3668,3729,7397,40.7471482490328,-73.92902433872223,12,97,1311.3424361227524,1,yearly
nyc,6337.09,103 St & 41 Ave,2025,4740,2334,2406,4740,40.74875,-73.86285,12,163,3438.818565400844,1,yearly
nyc,6339.06,W 25 St & 9 Ave,2025,139211,69628,69583,139211,40.74783260583772,-74.0005722643582,12,200,143.66680793902782,1,yearly
nyc,6340.09,37 Ave & 63 St,2025,6230,3099,3131,6230,40.74893,-73.89981,12,182,2921.3483146067415,1,yearly
nyc,6346.07,Warren St & Roosevelt Ave,2025,11819,5892,5927,11819,40.74919,-73.87054,12,190,1607.581013622134,1,yearly
nyc,6349.03,39 Ave & 56 St,2025,7583,3791,3792,7583,40.74838,-73.90699,12,90,1186.8653567189767,1,yearly
nyc,6352.01,44 Dr & Jackson Ave,2025,77224,38549,38675,77224,40.74718234,-73.9432635,12,129,167.04651403708692,1,yearly
nyc,6356.01,87 St & Roosevelt Ave,2025,5122,2574,2548,5122,40.74825,-73.87936,12,196,3826.630222569309,1,yearly
nyc,6358.05,48 St & Barnett Ave,2025,7791,4001,3790,7791,40.75001640425933,-73.91540944576263,12,70,898.4725965858041,1,yearly
nyc,6361.03,9 St & 44 Rd,2025,16149,8040,8109,16149,40.74966,-73.9521,12,64,396.30936900117655,1,yearly
nyc,6364.07,6 Ave & W 33 St,2025,238372,119710,118662,238372,40.74901271,-73.98848395,12,315,132.14639303273876,1,yearly
nyc,6364.1,6 Ave & W 34 St,2025,15418,1537,13881,15418,40.74964,-73.98805,8,324,2101.4398754702297,1,yearly
nyc,6364.10,6 Ave & W 34 St,2025,154058,83910,70148,154058,40.74964,-73.98805,12,324,210.31040257565334,1,yearly
nyc,6365.1,79 St & 37 Ave,2025,2218,149,2069,2218,40.74937,-73.88714,9,222,10009.017132551848,1,yearly
nyc,6365.10,79 St & 37 Ave,2025,15114,8512,6602,15114,40.74937,-73.88714,12,222,1468.8368400158793,1,yearly
nyc,6371.03,42 Ave & 108 St,2025,2173,1077,1096,2173,40.74944,-73.85792,12,141,6488.7252646111365,1,yearly
nyc,6373.07,W 30 St & 8 Ave,2025,102387,51103,51284,102387,40.74965142279587,-73.99517643637306,12,288,281.28571009991504,1,yearly
nyc,6374.05,71 St & 37 Ave,2025,6049,3063,2986,6049,40.7488,-73.89451,12,255,4215.5728219540415,1,yearly
nyc,6379.03,1 Ave & E 44 St,2025,58407,30284,28123,58407,40.75001986,-73.96905301,12,213,364.6823154758847,1,yearly
nyc,6380.1,39 Ave & 99 St,2025,58,45,13,58,40.74962,-73.86677,5,185,318965.5172413793,1,yearly
nyc,6380.10,39 Ave & 99 St,2025,5481,2716,2765,5481,40.74962,-73.86677,12,185,3375.296478744755,1,yearly
nyc,6382.05,W 26 St & 10 Ave,2025,106086,53017,53069,106086,40.749717753,-74.002950346,12,177,166.84576664215825,1,yearly
nyc,6383.06,60 St & 37 Ave,2025,6108,3054,3054,6108,40.74952,-73.90265,12,129,2111.984282907662,1,yearly
nyc,6389.09,E 39 St & Lexington Ave,2025,152342,77367,74975,152342,40.7494985460252,-73.97729203113158,12,312,204.80235260138375,1,yearly
nyc,6390.05,93 St & Roosevelt Ave,2025,2467,1326,1141,2467,40.74888,-73.87368,12,192,7782.732063234698,1,yearly
nyc,6392.02,39 Ave & 54 St,2025,4704,2351,2353,4704,40.74891,-73.90899,12,74,1573.1292517006802,1,yearly
nyc,6395.01,21 St & 43 Ave,2025,13839,6910,6929,13839,40.75052534,-73.94594845,12,127,917.6963653443167,1,yearly
nyc,6398.06,W 37 St & 5 Ave,2025,99846,50164,49682,99846,40.75038009,-73.98338988,12,308,308.4750515794323,1,yearly
nyc,6398.08,E 35 St & Madison Ave,2025,88160,45189,42971,88160,40.74848023448579,-73.98255586624146,12,285,323.2758620689655,1,yearly
nyc,6399.06,86 St & 37 Ave,2025,11382,5681,5701,11382,40.75,-73.88062,12,197,1730.8030223159376,1,yearly
nyc,6401.01,43 St & 37 Ave,2025,4917,2559,2358,4917,40.750181,-73.919998,12,48,976.2050030506406,1,yearly
nyc,6401.03,39 Ave & 45 St,2025,14557,7290,7267,14557,40.74947822183477,-73.91826465725897,12,52,357.2164594353232,1,yearly
nyc,6405.03,43 Ave & 111 St,2025,2479,1199,1280,2479,40.74955,-73.85464,12,145,5849.1327148043565,1,yearly
nyc,6408.08,75 St & 35 Ave,2025,14464,7226,7238,14464,40.75091,-73.89111,12,200,1382.7433628318586,1,yearly
nyc,6414.07,Roosevelt Ave & 104 St,2025,8408,4159,4249,8408,40.74984,-73.86156,12,158,1879.162702188392,1,yearly
nyc,6416.06,W 29 St & 9 Ave,2025,106127,53031,53096,106127,40.7500727,-73.99839279,12,234,220.49054434780973,1,yearly
nyc,6417.04,65 St & 35 Ave,2025,2243,1132,1111,2243,40.75053,-73.8977,12,198,8827.463218903255,1,yearly
nyc,6417.11,65 St & Broadway,2025,6422,3210,3212,6422,40.7493722738996,-73.89738768339157,12,204,3176.5805045157276,1,yearly
nyc,6422.08,E 43 St & 2 Ave,2025,75983,38330,37653,75983,40.75022392,-73.97121414,12,262,344.81397154626694,1,yearly
nyc,6422.09,E 44 St & 2 Ave,2025,71081,36113,34968,71081,40.75118387463277,-73.97138714790344,12,267,375.6278048986367,1,yearly
nyc,6423.03,99 St & 38 Ave,2025,2841,1462,1379,2841,40.75055,-73.86725,12,179,6300.598380851813,1,yearly
nyc,6425.04,11 Ave & W 27 St,2025,158501,79144,79357,158501,40.751396,-74.005226,12,111,70.03110390470722,1,yearly
nyc,6426.05,57 St & 37 Ave,2025,2975,1494,1481,2975,40.75048,-73.90513,12,81,2722.689075630252,1,yearly
nyc,6429.01,Queens Plaza North & Crescent St,2025,99403,49722,49681,99403,40.75110165,-73.94073717,12,166,166.9969719223766,1,yearly
nyc,6432.08,Park Ave & E 41 St,2025,95379,48509,46870,95379,40.751581,-73.97791,12,271,284.1296302121012,1,yearly
nyc,6432.09,Park Ave & E 42 St,2025,215940,107659,108281,215940,40.751873,-73.977706,12,267,123.64545707140873,1,yearly
nyc,6432.11,E 40 St & Park Ave,2025,119343,60119,59224,119343,40.750756,-73.978326,12,288,241.32123375480757,1,yearly
nyc,6432.15,Park Ave & E 40 St,2025,31483,15804,15679,31483,40.75112,-73.97851,6,285,905.2504526252263,1,yearly
nyc,6433.01,92 St & 37 Ave,2025,4089,2051,2038,4089,40.75085,-73.87509,12,194,4744.4362924920515,1,yearly
nyc,6435.02,48 St & 37 Ave,2025,22625,11144,11481,22625,40.751555,-73.915026,12,93,411.04972375690613,1,yearly
nyc,6435.03,50 St & Barnett Ave,2025,14892,7686,7206,14892,40.750097682094825,-73.91349703073502,12,85,570.7762557077625,1,yearly
nyc,6438.04,11 St & 43 Ave,2025,63,31,32,63,40.7519071,-73.9479119,1,101,160317.46031746033,1,yearly
nyc,6438.05,11 St & 43 Ave,2025,14938,7503,7435,14938,40.75177,-73.94821,12,98,656.0449859418932,1,yearly
nyc,6441.01,Broadway & W 36 St,2025,51241,26355,24886,51241,40.75097711,-73.98765428,9,343,669.3858433676158,1,yearly
nyc,6441.02,Broadway & W 37 St,2025,40897,21327,19570,40897,40.75172632,-73.98753523,12,362,885.1505000366775,1,yearly
nyc,6441.06,W 37 St & Broadway,2025,43637,22105,21532,43637,40.75227093837409,-73.98770570755005,12,381,873.1122671127713,1,yearly
nyc,6442.08,81 St & 35 Ave,2025,13748,6866,6882,13748,40.75179,-73.88568,12,158,1149.2580739016585,1,yearly
nyc,6448.07,111 St & Roosevelt Ave,2025,11189,5617,5572,11189,40.75147,-73.8557,12,162,1447.8505675216732,1,yearly
nyc,6450.05,8 Ave & W 31 St,2025,229227,114470,114757,229227,40.7505853470215,-73.9946848154068,12,306,133.4921278906935,1,yearly
nyc,6450.12,8 Ave & W 33 St,2025,143526,72184,71342,143526,40.751554767439735,-73.99389649122189,12,357,248.7354207600017,1,yearly
nyc,6451.07,34 Ave & 74 St,2025,19379,9655,9724,19379,40.75297,-73.89236,12,133,686.3099231126478,1,yearly
nyc,6453.02,34 St & 38 Ave,2025,15899,8021,7878,15899,40.752443,-73.929737,11,102,641.5497830052205,1,yearly
nyc,6457.06,104 St & 38 Ave,2025,3950,1946,2004,3950,40.75138,-73.86242,12,154,3898.73417721519,1,yearly
nyc,6459.04,10 Ave & W 28 St,2025,166474,83203,83271,166474,40.75066386,-74.00176802,12,185,111.12846450496774,1,yearly
nyc,6459.07,W 30 St & 10 Ave,2025,237003,118412,118591,237003,40.752694,-74.002353,12,201,84.80905304996139,1,yearly
nyc,6460.06,62 St & 34 Ave,2025,5764,2877,2887,5764,40.75201,-73.89986,12,158,2741.151977793199,1,yearly
nyc,6462.05,40 Ave & Crescent St,2025,19327,9748,9579,19327,40.7535992020056,-73.93795609474182,12,135,698.5046825684276,1,yearly
nyc,6462.09,29 St & 40 Ave,2025,5258,2629,2629,5258,40.75217,-73.93588,7,140,2662.6093571700267,1,yearly
nyc,6462.19,28 St & 41 Ave,2025,45283,22642,22641,45283,40.751047,-73.93797,12,143,315.79179824658263,1,yearly
nyc,6464.08,E 45 St & 3 Ave,2025,59146,29895,29251,59146,40.75255434,-73.97282625,12,286,483.54918337672876,1,yearly
nyc,6464.09,E 44 St & Lexington Ave,2025,136753,68509,68244,136753,40.752643,-73.974996,12,261,190.855045227527,1,yearly
nyc,6465.04,95 St & 35 Ave,2025,5698,2858,2840,5698,40.75301,-73.87266,12,204,3580.2035802035803,1,yearly
nyc,6468.01,54 St & 37 Ave,2025,3693,1901,1792,3693,40.75098,-73.90799,12,82,2220.4170051448687,1,yearly
nyc,6471.02,21 St & Queens Plaza North,2025,35555,17686,17869,35555,40.75325964,-73.94335788,12,118,331.88018562790046,1,yearly
nyc,6474.11,E 40 St & 5 Ave,2025,156353,78270,78083,156353,40.752062307,-73.9816324043,12,301,192.5130953675337,1,yearly
nyc,6475.07,86 St & 35 Ave,2025,11225,5611,5614,11225,40.7523,-73.88093,12,162,1443.207126948775,1,yearly
nyc,6483.06,W 36 St & 7 Ave,2025,87625,43948,43677,87625,40.752149,-73.989539,12,388,442.79600570613405,1,yearly
nyc,6486.07,38 St & Northern Blvd,2025,8522,4297,4225,8522,40.752372,-73.925384,12,80,938.7467730579676,1,yearly
nyc,6490.02,108 St & 39 Ave,2025,3895,1933,1962,3895,40.75165,-73.85915,12,161,4133.504492939666,1,yearly
nyc,6492.04,W 33 St & 10 Ave,2025,125955,62933,63022,125955,40.75377336836039,-73.99937599897385,12,262,208.01079750704616,1,yearly
nyc,6492.08,9 Ave & W 33 St,2025,270698,134766,135932,270698,40.752568,-73.996765,12,314,115.99642405928378,1,yearly
nyc,6493.03,34 Ave & 71 St,2025,17684,8804,8880,17684,40.75257,-73.89538,12,191,1080.0723818140693,1,yearly
nyc,6495.17,31 St & Northern Blvd,2025,31585,15883,15702,31585,40.75186951421875,-73.93349289894103,12,121,383.09324046224475,1,yearly
nyc,6498.09,E 47 St & 1 Ave,2025,69160,34995,34165,69160,40.75206862,-73.96784384,12,232,335.45401966454597,1,yearly
nyc,6498.1,E 47 St & 2 Ave,2025,5991,835,5156,5991,40.75323098,-73.97032517,8,267,4456.685027541312,1,yearly
nyc,6498.10,E 47 St & 2 Ave,2025,110836,58409,52427,110836,40.75323098,-73.97032517,12,267,240.8964596340539,1,yearly
nyc,6499.06,100 St & 37 Ave,2025,3256,1634,1622,3256,40.75243,-73.86717,12,168,5159.7051597051595,1,yearly
nyc,6502.01,55 St & Northern Blvd,2025,12658,6326,6332,12658,40.75326,-73.90585,12,103,813.7146468636435,1,yearly
nyc,6505.01,24 St & 41 Ave,2025,10028,5021,5007,10028,40.7527085,-73.9397405,6,162,1615.4766653370564,1,yearly
nyc,6505.01,24 St & 41 Ave (original),2025,2,1,1,2,40.7527085,-73.9397405,1,162,8100000.0,1,yearly
nyc,6509.07,92 St & 35 Ave,2025,6118,3120,2998,6118,40.7529,-73.87536,12,178,2909.447531873161,1,yearly
nyc,6511.03,50 St & Northern Blvd,2025,15139,7542,7597,15139,40.753441,-73.912402,12,109,719.9947156351146,1,yearly
nyc,6514.08,Vernon Blvd & 41 Rd,2025,17321,8616,8705,17321,40.7552433,-73.9485678,12,41,236.7068875930951,1,yearly
nyc,6515.01,Mets Plaza at Citi Field,2025,11539,5443,6096,11539,40.75521,-73.84672,12,36,311.98544067943493,1,yearly
nyc,6517.08,W 42 St & 6 Ave,2025,125310,62655,62655,125310,40.75492,-73.98455,12,339,270.529087862102,1,yearly
nyc,6517.08_,W 42 St & 6 Ave,2025,3089,1554,1535,3089,40.75496980175467,-73.98468096052407,7,365,11816.121722240207,1,yearly
nyc,6518.13,34 Ave & 83 St,2025,21012,10707,10305,21012,40.75393500483023,-73.88390148299196,12,145,690.0818579859128,1,yearly
nyc,6520.06,43 St & 35 Ave,2025,12584,6300,6284,12584,40.754139,-73.919543,12,110,874.1258741258741,1,yearly
nyc,6520.07,42 Pl & Northern Blvd,2025,12065,6056,6009,12065,40.753091,-73.920603,12,82,679.6518856195607,1,yearly
nyc,6524.01,114 St & 39 Ave,2025,2191,1055,1136,2191,40.7532,-73.853,12,120,5476.951163852123,1,yearly
nyc,6524.09,37 Ave & 113 St,2025,2059,969,1090,2059,40.75475,-73.8549,12,180,8742.10781932977,1,yearly
nyc,6526.01,W 35 St & 8 Ave,2025,75358,37952,37406,75358,40.752762088742045,-73.99280458705107,12,381,505.5866663128002,1,yearly
nyc,6526.05,8 Ave & W 38 St,2025,207897,104429,103468,207897,40.75461,-73.99177,12,419,201.54210979475414,1,yearly
nyc,6527.07,75 St & Northern Blvd,2025,5053,2538,2515,5053,40.75473,-73.8918,12,111,2196.7148228774986,1,yearly
nyc,6529.02,37 Ave & 35 St,2025,17954,9167,8787,17954,40.7531106,-73.9279917,12,97,540.2695778099588,1,yearly
nyc,6532.06,E 51 St & 1 Ave,2025,95222,47443,47779,95222,40.75455731,-73.96592976,12,207,217.38673835878262,1,yearly
nyc,6533.02,37 Ave & 106 St,2025,4039,2022,2017,4039,40.75397,-73.862,12,161,3986.135181975736,1,yearly
nyc,6535.04,W 34 St & Hudson Blvd E,2025,152401,75998,76403,152401,40.75516719072139,-74.00059908628464,12,230,150.9176448973432,1,yearly
nyc,6536.02,62 St & Northern Blvd,2025,4526,2255,2271,4526,40.754176,-73.900318,12,117,2585.0640742377377,1,yearly
nyc,6538.11,38 Ave & 29 St,2025,23423,11697,11726,23423,40.75473,-73.93367,12,111,473.8931819152115,1,yearly
nyc,6541.03,E 48 St & 3 Ave,2025,90931,45627,45304,90931,40.7546011026,-73.971878855,11,275,302.4271150652693,1,yearly
nyc,6542.05,99 St & 35 Ave,2025,3347,1673,1674,3347,40.75404,-73.86887,12,150,4481.6253361219,1,yearly
nyc,6545.07,Broadway & 51 St,2025,12321,6151,6170,12321,40.754164,-73.908906,12,113,917.133349565782,1,yearly
nyc,6551.02,W 44 St & 5 Ave,2025,100953,50323,50630,100953,40.75500254,-73.98014437,12,269,266.46063019424884,1,yearly
nyc,6551.11,E 43 St & Madison Ave,2025,163471,81856,81615,163471,40.75354681867074,-73.97896572947502,12,260,159.0496173633244,1,yearly
nyc,6551.16,E 46 St & Madison Ave,2025,51921,26071,25850,51921,40.755393,-73.977601,8,260,500.76077117158763,1,yearly
nyc,6552.07,34 Ave & 89 St,2025,24085,12083,12002,24085,40.75437,-73.87833,12,170,705.8335063317417,1,yearly
nyc,6554.05,34 Ave & 48 St,2025,14782,7345,7437,14782,40.75388,-73.914952,12,107,723.8533351373292,1,yearly
nyc,6560.01,Broadway & W 41 St,2025,104068,52157,51911,104068,40.75513557,-73.98658032,11,417,400.6995426067571,1,yearly
nyc,6560.14,W 40 St & 7 Ave,2025,86518,43499,43019,86518,40.754818,-73.988154,12,437,505.09720520585313,1,yearly
nyc,6560.15,Broadway & W 38 St,2025,131602,65610,65992,131602,40.7529728216068,-73.98734897375107,12,408,310.02568350025075,1,yearly
nyc,6561.01,81 St & 34 Ave,2025,24380,12479,11901,24380,40.75374,-73.88604,12,147,602.9532403609517,1,yearly
nyc,6563.12,35 Ave & 37 St,2025,28365,14133,14232,28365,40.7557327,-73.9236611,12,115,405.42922615899874,1,yearly
nyc,6566.01,Southpoint Park,2025,17515,9004,8511,17515,40.75370225419114,-73.95865201950072,12,45,256.92263773908076,1,yearly
nyc,6567.03,111 St & 37 Ave,2025,2290,1127,1163,2290,40.75397,-73.85748,12,176,7685.589519650655,1,yearly
nyc,6569.07,W 36 St & 9 Ave,2025,66544,33414,33130,66544,40.75462324029105,-73.99516761302948,12,370,556.023082471748,1,yearly
nyc,6569.08,W 35 St & Dyer Ave,2025,38188,19122,19066,38188,40.754691750226016,-73.99740189313889,9,346,906.0437833874515,1,yearly
nyc,6569.09,W 35 St & 9 Ave,2025,63659,31815,31844,63659,40.75414519263519,-73.9960889518261,12,335,526.2413798520241,1,yearly
nyc,6569.09_,W 35 St & 9 Ave,2025,1328,665,663,1328,40.75425585988168,-73.99645123326621,12,339,25527.108433734942,1,yearly
nyc,6570.06,72 St & Northern Blvd,2025,8449,4237,4212,8449,40.75473,-73.89458,12,133,1574.1507870753935,1,yearly
nyc,6572.08,36 Ave & 31 St,2025,42748,21506,21242,42748,40.75651891816792,-73.92957049541707,12,114,266.6791428838776,1,yearly
nyc,6575.03,E 51 St & 2 Ave,2025,74254,37681,36573,74254,40.755293,-73.967641,11,246,331.2952837557573,1,yearly
nyc,6576.07,102 St & 34 Ave,2025,4505,2231,2274,4505,40.75584,-73.86621,12,150,3329.6337402885683,1,yearly
nyc,6578.01,W 34 St & 11 Ave,2025,121307,60493,60814,121307,40.75594159,-74.0021163,12,159,131.07240307649187,1,yearly
nyc,6579.03,58 St & 32 Ave,2025,6001,3001,3000,6001,40.75574,-73.903427,12,119,1983.0028328611897,1,yearly
nyc,6581.14,24 St & 38 Ave,2025,12658,6327,6331,12658,40.756351,-73.936515,10,96,758.413651445726,1,yearly
nyc,6584.12,E 47 St & Park Ave,2025,136131,68266,67865,136131,40.75510267,-73.97498696,12,267,196.13460563721708,1,yearly
nyc,6585.11,34 Ave & Junction Blvd,2025,9234,4853,4381,9234,40.75502,-73.87285,12,178,1927.6586528048517,1,yearly
nyc,6587.04,Broadway & 49 St,2025,6496,3234,3262,6496,40.755389,-73.911517,12,118,1816.502463054187,1,yearly
nyc,6593.14,W 43 St & 6 Ave,2025,66789,33545,33244,66789,40.75527307,-73.98316936,12,331,495.5905912650287,1,yearly
nyc,6593.15,6 Ave & W 45 St,2025,125972,62891,63081,125972,40.756951,-73.982631,12,335,265.93211189788207,1,yearly
nyc,6594.02,85 St & Northern Blvd,2025,10193,5159,5034,10193,40.75601,-73.88266,12,149,1461.7875012263319,1,yearly
nyc,6596.1,34 Ave & 45 St,2025,2819,149,2670,2819,40.754795,-73.917014,10,128,4540.617240156083,1,yearly
nyc,6596.10,34 Ave & 45 St,2025,13384,7974,5410,13384,40.754795,-73.917014,12,128,956.3658099222952,1,yearly
nyc,6599.01,Roosevelt Island Tramway,2025,47047,23443,23604,47047,40.757284,-73.9536,12,54,114.7788381830935,1,yearly
nyc,6602.03,W 41 St & 8 Ave,2025,213148,106722,106426,213148,40.75640548,-73.9900262,12,453,212.52838403362924,1,yearly
nyc,6602.05,W 42 St & 8 Ave,2025,120455,60352,60103,120455,40.7575699,-73.99098507,12,475,394.33813457307707,1,yearly
nyc,6603.06,32 Ave & 77 St,2025,5735,2853,2882,5735,40.75727,-73.89024,12,122,2127.288578901482,1,yearly
nyc,6603.07,78 St & Northern Blvd,2025,18229,9543,8686,18229,40.75499,-73.88905,12,121,663.7774973942619,1,yearly
nyc,6605.08,34 St & 35 Ave,2025,17515,8740,8775,17515,40.7569332,-73.9262231,11,110,628.0331144733086,1,yearly
nyc,6608.09,E 54 St & 1 Ave,2025,103821,52110,51711,103821,40.756265,-73.964179,12,225,216.71916086340912,1,yearly
nyc,6609.03,34 Ave & 108 St,2025,4571,2258,2313,4571,40.75614,-73.86084,12,163,3565.959308685189,1,yearly
nyc,6611.02,W 37 St & 10 Ave,2025,176785,88988,87797,176785,40.75660359,-73.9979009,12,315,178.1825381112651,1,yearly
nyc,6611.07,Hudson Blvd W & W 36 St,2025,72614,35624,36990,72614,40.75676475086503,-73.99971440439913,12,267,367.69768915085245,1,yearly
nyc,6612.09,71 St & 32 Ave,2025,7973,3969,4004,7973,40.75675,-73.89595,12,139,1743.383920732472,1,yearly
nyc,6614.01,28 St & 36 Ave,2025,24002,12031,11971,24002,40.757186,-73.932719,12,111,462.46146154487127,1,yearly
nyc,6617.02,E 53 St & 3 Ave,2025,106584,53617,52967,106584,40.75763227739443,-73.96930575370789,12,291,273.0240936725963,1,yearly
nyc,6617.09,E 53 St & Lexington Ave,2025,89151,45173,43978,89151,40.75828065,-73.97069431,12,282,316.31725948110505,1,yearly
nyc,6618.02,100 St & Northern Blvd,2025,4736,2367,2369,4736,40.75748,-73.86843,12,148,3125.0,1,yearly
nyc,6621.06,31 Ave & 57 St,2025,8684,4331,4353,8684,40.757357,-73.904726,12,95,1093.9659143251959,1,yearly
nyc,6626.01,E 48 St & 5 Ave,2025,104882,52827,52055,104882,40.75724567911726,-73.97805914282799,12,264,251.71144715013062,1,yearly
nyc,6626.11,W 48 St &  Rockefeller Plaza,2025,73988,37037,36951,73988,40.75776935448309,-73.97929430007935,12,302,408.17429853489756,1,yearly
nyc,6627.12,93 St & Northern Blvd,2025,8000,4239,3761,8000,40.7564,-73.87504,12,183,2287.5,1,yearly
nyc,6629.06,48 St & Broadway,2025,31214,15635,15579,31214,40.755763,-73.912715,12,128,410.07240340872687,1,yearly
nyc,6633.01,Shea Rd & Boat Basin Pl,2025,5297,2240,3057,5297,40.75777,-73.84887,12,54,1019.4449688502926,1,yearly
nyc,6636.04,32 Ave & 84 St,2025,3554,1842,1712,3554,40.75793,-73.88401,12,144,4051.772650534609,1,yearly
nyc,6638.01,34 Ave & 38 St,2025,109,52,57,109,40.756913000000004,-73.921631,1,123,112844.03669724769,1,yearly
nyc,6638.08,34 Ave & 38 St,2025,27309,13739,13570,27309,40.75717,-73.92175,12,120,439.41557728221466,1,yearly
nyc,6642.08,34 Ave & 113 St,2025,3228,1602,1626,3228,40.75696,-73.85612,12,169,5235.43990086741,1,yearly
nyc,6644.07,W 42 St & Dyer Ave,2025,92146,46215,45931,92146,40.75898481399634,-73.99379968643188,12,402,436.2641894384998,1,yearly
nyc,6644.08,9 Ave & W 39 St,2025,137897,68825,69072,137897,40.756403523272496,-73.99410143494606,12,410,297.3233645402003,1,yearly
nyc,6645.06,32 Ave & 75 St,2025,4090,2046,2044,4090,40.75704,-73.8924,11,118,2885.085574572127,1,yearly
nyc,6650.07,E 55 St & 2 Ave,2025,114510,57274,57236,114510,40.75797322,-73.96603308,12,288,251.50641865339273,1,yearly
nyc,6651.01,104 St & Northern Blvd,2025,3563,1812,1751,3563,40.75755,-73.86454,12,155,4350.2666292450185,1,yearly
nyc,6654.05,31 Ave & 61 St,2025,6996,3492,3504,6996,40.757525,-73.901614,12,105,1500.8576329331047,1,yearly
nyc,6656.05,21 St & 38 Ave,2025,7201,3635,3566,7201,40.7576314,-73.9391224,12,91,1263.713373142619,1,yearly
nyc,6659.01,E 51 St & Lexington Ave,2025,73313,37181,36132,73313,40.75714758,-73.97207836,12,260,354.64378759565153,1,yearly
nyc,6659.03,E 53 St & Madison Ave,2025,72170,36553,35617,72170,40.7597108,-73.97402311,12,286,396.2865456560898,1,yearly
nyc,6659.09,Madison Ave & E 51 St,2025,51796,26053,25743,51796,40.75863,-73.97513,12,285,550.2355394238937,1,yearly
nyc,6659.1,E 50 St & Park Ave,2025,10374,455,9919,10374,40.757334,-73.974235,10,247,2380.9523809523807,1,yearly
nyc,6659.10,E 50 St & Park Ave,2025,40563,24955,15608,40563,40.757334,-73.974235,12,247,608.9293198234844,1,yearly
nyc,6660.05,99 St & 32 Ave,2025,2560,1291,1269,2560,40.75896,-73.86976,12,135,5273.4375,1,yearly
nyc,6660.07,96 St & Northern Blvd,2025,6895,3473,3422,6895,40.75712,-73.8722,12,168,2436.548223350254,1,yearly
nyc,6662.01,49 St & 31 Ave,2025,17449,8727,8722,17449,40.758057,-73.909831,12,79,452.74800848186146,1,yearly
nyc,6662.09,51 St & Hobart St,2025,11598,5784,5814,11598,40.75767234025041,-73.90769943594933,12,77,663.9075702707363,1,yearly
nyc,6664.05,40 Ave & 9 St,2025,15146,7554,7592,15146,40.75742,-73.945133,12,55,363.13218011356133,1,yearly
nyc,6667.04,W 47 St & 6 Ave,2025,28242,14220,14022,28242,40.758397,-73.98255,6,351,1242.82982791587,1,yearly
nyc,6667.12,W 47 St & 6 Ave,2025,37206,18634,18572,37206,40.758154,-73.981957,6,333,895.0169327527818,1,yearly
nyc,6668.06,90 St & 32 Ave,2025,9046,4566,4480,9046,40.75836,-73.87824,12,185,2045.102807870882,1,yearly
nyc,6670.03,43 St & Broadway,2025,21686,10813,10873,21686,40.7577284,-73.9166368,12,139,640.9665221802085,1,yearly
nyc,6676.02,W 45 St & 8 Ave,2025,159515,80534,78981,159515,40.75929124,-73.98859651,12,443,277.7168291383256,1,yearly
nyc,6677.03,32 Ave & 81 St,2025,8303,4142,4161,8303,40.75763,-73.88682,12,128,1541.6114657352764,1,yearly
nyc,6679.11,35 St & 34 Ave,2025,18712,9345,9367,18712,40.7580583,-73.9242751,12,132,705.429670799487,1,yearly
nyc,6682.03,E 58 St & 1 Ave (NE Corner),2025,57481,28802,28679,57481,40.75892386377695,-73.96226227283478,12,309,537.5689358222718,1,yearly
nyc,6682.08,E 60 St & York Ave,2025,40931,20528,20403,40931,40.759107,-73.959223,12,240,586.3526422515941,1,yearly
nyc,6683.01,112 St & Northern Blvd,2025,3781,1882,1899,3781,40.75788,-73.85763,12,171,4522.613065326634,1,yearly
nyc,6686.07,72 St & 31 Ave,2025,8552,4267,4285,8552,40.7584,-73.89531,12,126,1473.3395696913003,1,yearly
nyc,6688.01,Crescent St & 35 Ave,2025,19089,9583,9506,19089,40.7596276,-73.9321455,12,95,497.66881450049766,1,yearly
nyc,6691.11,E 56 St & 3 Ave,2025,101986,51223,50763,101986,40.75934501,-73.96759673,12,296,290.2359147333948,1,yearly
nyc,6692.03,104 St & 32 Ave,2025,4520,2287,2233,4520,40.75951,-73.86491,12,144,3185.8407079646017,1,yearly
nyc,6700.01,W 52 St & 5 Ave,2025,83622,41985,41637,83622,40.75992262,-73.97648516,12,277,331.25254119729254,1,yearly
nyc,6700.14,W 51 St & Rockefeller Plaza,2025,51931,25947,25984,51931,40.75973805251143,-73.97811613976955,12,281,541.1026169340086,1,yearly
nyc,6701.05,Jackson Mill Rd & 93 St,2025,5292,2701,2591,5292,40.75874,-73.87535,12,188,3552.532123960695,1,yearly
nyc,6703.06,46 St & 30 Rd,2025,11954,5991,5963,11954,40.76072,-73.910989,12,104,870.0016730801406,1,yearly
nyc,6708.04,Broadway & W 48 St,2025,153547,76373,77174,153547,40.76017739537783,-73.98486793041229,12,382,248.78376002136156,1,yearly
nyc,6709.01,31 Ave & 84 St,2025,5340,2697,2643,5340,40.75947,-73.88431,12,136,2546.816479400749,1,yearly
nyc,6709.05,31 Ave & 86 St,2025,5197,2573,2624,5197,40.75958,-73.88219,12,146,2809.31306522994,1,yearly
nyc,6711.13,Steinway St & Broadway,2025,70056,35067,34989,70056,40.75905795418586,-73.91897544264793,12,136,194.13040995774807,1,yearly
nyc,6717.06,9 Ave & W 45 St,2025,149994,75176,74818,149994,40.76019252,-73.9912551,12,388,258.67701374721656,1,yearly
nyc,6718.02,77 St & 31 Ave,2025,10986,5479,5507,10986,40.75886,-73.89081,12,99,901.1469142545056,1,yearly
nyc,6720.07,34 Ave & 31 St,2025,23313,11640,11673,23313,40.759604471387945,-73.92714411020279,12,121,519.0237206708704,1,yearly
nyc,6723.1,E 58 St & 1 Ave (NW Corner),2025,14893,959,13934,14893,40.759125,-73.962658,9,303,2034.5128583898475,1,yearly
nyc,6723.10,E 58 St & 1 Ave (NW Corner),2025,89701,51271,38430,89701,40.759125,-73.962658,12,303,337.78887637818974,1,yearly
nyc,6724.01,107 St & 32 Ave,2025,3611,1799,1812,3611,40.75996,-73.86224,12,164,4541.678205483246,1,yearly
nyc,6726.01,11 Ave & W 41 St,2025,258445,129499,128946,258445,40.76030096,-73.99884222,12,247,95.57159163458377,1,yearly
nyc,6727.02,30 Ave & 70 St,2025,6085,3027,3058,6085,40.76013,-73.89741,12,100,1643.3853738701725,1,yearly
nyc,6729.02,21 St & 36 Ave,2025,11294,5635,5659,11294,40.7601853,-73.9362726,12,83,734.9034885780061,1,yearly
nyc,6732.01,E 56 St & Madison Ave,2025,73266,36840,36426,73266,40.761573,-73.972628,12,302,412.19665329074877,1,yearly
nyc,6733.01,99 St & Astoria Blvd,2025,5019,2516,2503,5019,40.76196,-73.87042,12,102,2032.2773460848775,1,yearly
nyc,6735.03,50 St & 30 Ave,2025,16417,8210,8207,16417,40.760083,-73.907107,12,59,359.3835658159225,1,yearly
nyc,6737.03,36 Ave & 10 St,2025,15001,7490,7511,15001,40.7614376,-73.9411265,12,64,426.6382241183921,1,yearly
nyc,6740.01,W 52 St & 6 Ave,2025,67558,33681,33877,67558,40.76132983124814,-73.97982001304626,12,315,466.26602326889486,1,yearly
nyc,6740.1,W 51 St & 6 Ave,2025,21883,833,21050,21883,40.7606597,-73.98042047,10,309,1412.0550198784445,1,yearly
nyc,6740.10,W 51 St & 6 Ave,2025,73427,46614,26813,73427,40.7606597,-73.98042047,12,309,420.82612662916915,1,yearly
nyc,6741.03,91 St & 31 Ave,2025,4723,2375,2348,4723,40.76022,-73.87774,12,172,3641.7531230150325,1,yearly
nyc,6743.06,Newton Rd & 44 St,2025,16251,8152,8099,16251,40.7595701,-73.9142678,12,126,775.3369023444711,1,yearly
nyc,6747.06,W 49 St & 8 Ave,2025,91104,47092,44012,91104,40.76227205,-73.98788205,12,344,377.59044608359676,1,yearly
nyc,6747.07,8 Ave & W 49 St,2025,196942,99079,97863,196942,40.76171227910671,-73.98655101656914,12,373,189.39586274131472,1,yearly
nyc,6748.04,82 St & 30 Ave,2025,5209,2604,2605,5209,40.76109,-73.88632,12,92,1766.1739297369936,1,yearly
nyc,6750.16,35 St & Broadway,2025,31694,15812,15882,31694,40.760339,-73.9222427,12,143,451.1894995898278,1,yearly
nyc,6753.08,1 Ave & E 62 St,2025,171283,85574,85709,171283,40.7612274,-73.96094022,12,332,193.83126171307134,1,yearly
nyc,6756.01,W 43 St & 10 Ave,2025,205043,103351,101692,205043,40.76009437,-73.99461843,12,316,154.1140151090259,1,yearly
nyc,6756.05,W 44 St & 11 Ave,2025,140482,71094,69388,140482,40.762009,-73.996975,12,262,186.50076166341594,1,yearly
nyc,6757.03,73 St & 25 Ave,2025,4831,2411,2420,4831,40.76205,-73.895,12,75,1552.473607948665,1,yearly
nyc,6759.15,Crescent St & 34 Ave,2025,25409,12728,12681,25409,40.76108,-73.930562,12,119,468.3379904758157,1,yearly
nyc,6762.02,E 58 St & 3 Ave,2025,140813,70506,70307,140813,40.76095756,-73.96724467,12,347,246.42611122552603,1,yearly
nyc,6763.08,31 Ave & 103 St,2025,2804,1417,1387,2804,40.76134,-73.86666,12,106,3780.3138373751785,1,yearly
nyc,6765.01,12 Ave & W 40 St,2025,201266,100432,100834,201266,40.76087502,-74.00277668,12,115,57.13831446940864,1,yearly
nyc,6766.03,Bulova Ave & Brooklyn Queens Expressway W,2025,29081,14552,14529,29081,40.762507,-73.902534,12,57,196.00426395240876,1,yearly
nyc,6771.13,W 54 St & 6 Ave,2025,59125,29595,29530,59125,40.761865,-73.977242,12,298,504.01691331923894,1,yearly
nyc,6772.11,30 Ave & 96 St,2025,4998,2495,2503,4998,40.76086,-73.87308,12,135,2701.080432172869,1,yearly
nyc,6774.13,30 Ave & 47 St,2025,15925,7970,7955,15925,40.761294,-73.909562,12,82,514.9136577708006,1,yearly
nyc,6779.05,Broadway & W 53 St,2025,130931,65554,65377,130931,40.76344058,-73.98268129,12,351,268.0801338109386,1,yearly
nyc,6779.07,W 51 St & 7 Ave,2025,74088,37564,36524,74088,40.76167,-73.98256,10,344,464.3127092106684,1,yearly
nyc,6780.06,87 St & 30 Ave,2025,4054,2024,2030,4054,40.76156,-73.88167,12,116,2861.3714849531325,1,yearly
nyc,6782.01,31 Ave & Steinway St,2025,43928,22033,21895,43928,40.7611488,-73.9170071,12,164,373.3381897650701,1,yearly
nyc,6786.02,W 47 St & 9 Ave,2025,108223,54590,53633,108223,40.76153045158114,-73.99007007479668,12,355,328.0263899540763,1,yearly
nyc,6787.02,30 Ave & 80 St,2025,3960,1969,1991,3960,40.76109,-73.88838,12,93,2348.4848484848485,1,yearly
nyc,6789.08,Broadway & 31 St,2025,33678,16914,16764,33678,40.76194,-73.92513,5,122,362.2542906348358,1,yearly
nyc,6789.2,31 St & Broadway,2025,10711,832,9879,10711,40.76211,-73.92522999999998,7,123,1148.3521613294743,1,yearly
nyc,6789.20,31 St & Broadway,2025,27871,18444,9427,27871,40.76211,-73.92522999999998,7,123,441.31893365864164,1,yearly
nyc,6793.01,Ditmars Blvd & 31 Dr,2025,1901,945,956,1901,40.76138,-73.86035,11,122,6417.674907943188,1,yearly
nyc,6795.01,W 46 St & 11 Ave,2025,85823,43002,42821,85823,40.76341379,-73.99667444,12,221,257.5067289654288,1,yearly
nyc,6798.01,34 Ave & 21 St,2025,15025,7545,7480,15025,40.7628138,-73.9342862,12,81,539.1014975041597,1,yearly
nyc,6801.16,E 61 St & Madison Ave,2025,74538,37338,37200,74538,40.764752828526326,-73.97037800510203,12,245,328.69140572593847,1,yearly
nyc,6804.01,49 St & 25 Ave,2025,7245,3863,3382,7245,40.764496,-73.904632,12,85,1173.2229123533473,1,yearly
nyc,6806.06,35 Ave & 10 St,2025,24422,12190,12232,24422,40.76315481910373,-73.93985509872437,12,57,233.39611825403324,1,yearly
nyc,6809.07,W 56 St & 6 Ave,2025,106153,53193,52960,106153,40.76340613,-73.97722479,12,287,270.3644739197196,1,yearly
nyc,6809.09,W 55 St & 6 Ave,2025,93433,46626,46807,93433,40.763189,-73.978434,12,289,309.31255552106853,1,yearly
nyc,6810.01,92 St & Astoria Blvd,2025,3317,1645,1672,3317,40.76313,-73.8772,12,107,3225.806451612903,1,yearly
nyc,6812.06,30 Ave & 41 St,2025,30461,15235,15226,30461,40.763422,-73.914142,12,186,610.6168543383343,1,yearly
nyc,6814.01,Motorgate,2025,41111,20461,20650,41111,40.7639089,-73.9477213,12,62,150.8112184086984,1,yearly
nyc,6816.07,8 Ave & W 52 St,2025,149959,75501,74458,149959,40.76370739,-73.9851615,12,314,209.390566754913,1,yearly
nyc,6817.15,25 Ave & 85 St,2025,4918,2455,2463,4918,40.76328,-73.88404,12,107,2175.6811712078083,1,yearly
nyc,6819.15,31 Ave & 34 St,2025,43901,21940,21961,43901,40.763154,-73.920827,12,177,403.1798820072436,1,yearly
nyc,6822.09,1 Ave & E 68 St,2025,222216,110753,111463,222216,40.76500525,-73.95818491,12,262,117.90330129243618,1,yearly
nyc,6824.07,W 47 St & 10 Ave,2025,136049,68634,67415,136049,40.76269882,-73.99301222,12,291,213.89352365691772,1,yearly
nyc,6825.03,77 St & 24 Ave,2025,6209,3106,3103,6209,40.76428,-73.89156,12,117,1884.3614108552104,1,yearly
nyc,6827.11,Crescent St & Broadway,2025,53606,26765,26841,53606,40.7633589,-73.9286471,12,120,223.8555385591165,1,yearly
nyc,6830.02,E 63 St & 3 Ave,2025,98342,50254,48088,98342,40.763954,-73.9646,12,332,337.5973643000956,1,yearly
nyc,6830.04,3 Ave & E 62 St,2025,90195,45223,44972,90195,40.76313,-73.96527,12,357,395.8090803259604,1,yearly
nyc,6836.07,34 Ave & 13 St,2025,9348,4664,4684,9348,40.7638753,-73.9364848,12,80,855.7980316645272,1,yearly
nyc,6839.04,E 58 St & Madison Ave,2025,89233,44906,44327,89233,40.76302594280519,-73.97209525108337,12,273,305.94062734638527,1,yearly
nyc,6839.15,Central Park S & Grand Army Plaza,2025,141148,71173,69975,141148,40.764555,-73.973473,11,232,164.36648057358232,1,yearly
nyc,6840.02,98 St & 25 Ave,2025,1738,852,886,1738,40.76454,-73.87171,12,85,4890.678941311852,1,yearly
nyc,6842.02,46 St & 28 Ave,2025,13159,6599,6560,13159,40.763328,-73.908782,12,99,752.3368037084884,1,yearly
nyc,6847.02,Broadway & W 56 St,2025,92005,48086,43919,92005,40.7652654,-73.98192338,12,302,328.243030270094,1,yearly
nyc,6847.05,7 Ave & W 55 St,2025,91875,46200,45675,91875,40.764126,-73.980973,12,308,335.23809523809524,1,yearly
nyc,6848.04,88 St & Astoria Blvd,2025,3729,1845,1884,3729,40.76424,-73.8812,12,91,2440.332528828104,1,yearly
nyc,6850.01,38 St & 30 Ave,2025,46952,23578,23374,46952,40.764174520197685,-73.91583994030952,12,191,406.79843244164255,1,yearly
nyc,6854.05,W 50 St & 9 Ave,2025,104262,52747,51515,104262,40.76360467795863,-73.98917958140373,12,275,263.7586081218469,1,yearly
nyc,6855.02,81 St & 24 Ave,2025,3162,1582,1580,3162,40.76466,-73.88803,12,129,4079.696394686907,1,yearly
nyc,6857.09,31 Ave & 30 St,2025,41780,20836,20944,41780,40.7647,-73.9240312,12,160,382.9583532790809,1,yearly
nyc,6860.12,E 65 St & 2 Ave,2025,71915,36333,35582,71915,40.76471851944339,-73.96222069859505,12,271,376.8337620802336,1,yearly
nyc,6865.03,21 St & 31 Dr,2025,27180,13568,13612,27180,40.7659,-73.930819,12,94,345.84253127299485,1,yearly
nyc,6869.06,Butler St & 27 Ave,2025,3221,1609,1612,3221,40.76521,-73.86483,12,86,2669.978267618752,1,yearly
nyc,6869.1,Gillmore St & 27 Ave,2025,674,20,654,674,40.76399,-73.8669,11,82,12166.172106824926,1,yearly
nyc,6869.10,Gillmore St & 27 Ave,2025,2075,1348,727,2075,40.76399,-73.8669,12,82,3951.8072289156626,1,yearly
nyc,6873.01,34 Ave & Vernon Blvd,2025,26891,13412,13479,26891,40.76535380385866,-73.93986314535141,12,45,167.34223346100927,1,yearly
nyc,6873.01,34th Ave & Vernon Blvd,2025,429,216,213,429,40.76535380385866,-73.93986314535141,1,45,10489.510489510489,1,yearly
nyc,6876.04,Central Park S & 6 Ave,2025,217865,109051,108814,217865,40.76590936,-73.97634151,12,201,92.2589677093613,1,yearly
nyc,6877.05,Jackson Mill Rd & 24 Ave,2025,3137,1654,1483,3137,40.76619,-73.87561,12,93,2964.615875039847,1,yearly
nyc,6877.06,25 Ave & 96 St,2025,1742,880,862,1742,40.76447,-73.87369,12,105,6027.5545350172215,1,yearly
nyc,6879.04,28 Ave & 44 St,2025,19636,9856,9780,19636,40.76408932350688,-73.91065120697021,12,148,753.7176614381748,1,yearly
nyc,6884.03,W 56 St & 8 Ave,2025,129301,65194,64107,129301,40.765959181657976,-73.98313522338867,12,281,217.3223718300709,1,yearly
nyc,6885.01,24 Ave & 87 St,2025,2886,1437,1449,2886,40.7654,-73.88256,12,103,3568.9535689535687,1,yearly
nyc,6887.03,35 St & 30 Ave,2025,34989,17598,17391,34989,40.76547569244953,-73.91811579465866,12,220,628.7690416988196,1,yearly
nyc,6889.12,E 72 St & York Ave,2025,146265,73087,73178,146265,40.76663814,-73.95348296,12,176,120.32953885071616,1,yearly
nyc,6890.01,W 53 St & 10 Ave,2025,128684,64722,63962,128684,40.76669671,-73.99061728,12,212,164.74464579901152,1,yearly
nyc,6890.06,W 50 St & 10 Ave,2025,78705,40481,38224,78705,40.76473420006519,-73.99194359779358,10,224,284.6070770599072,1,yearly
nyc,6893.1,31 Ave & Crescent St,2025,4162,299,3863,4162,40.7658346,-73.9265474,9,139,3339.740509370495,1,yearly
nyc,6893.10,31 Ave & Crescent St,2025,28196,15849,12347,28196,40.7658346,-73.9265474,12,139,492.9777273372109,1,yearly
nyc,6896.16,E 68 St & 3 Ave,2025,80155,40167,39988,80155,40.76712840349542,-73.96224617958069,12,209,260.7448069365604,1,yearly
nyc,6901.01,Broadway & 12 St,2025,20826,10411,10415,20826,40.7668,-73.9347774,12,80,384.13521559588975,1,yearly
nyc,6904.06,5 Ave & E 63 St,2025,72632,36490,36142,72632,40.766368,-73.971518,12,191,262.96949003194186,1,yearly
nyc,6905.02,100 St & Humphreys St,2025,1884,939,945,1884,40.76574,-73.87012,12,79,4193.205944798301,1,yearly
nyc,6907.03,46 St & 25 Ave,2025,10213,5257,4956,10213,40.765753,-73.90676,12,140,1370.8019191226867,1,yearly
nyc,6912.01,7 Ave & Central Park South,2025,228239,114944,113295,228239,40.7667405590595,-73.9790689945221,12,223,97.70459912635438,1,yearly
nyc,6913.03,24 Ave & 92 St,2025,1888,940,948,1888,40.76589,-73.87789,12,100,5296.610169491525,1,yearly
nyc,6915.02,Steinway St & 28 Ave,2025,43242,21705,21537,43242,40.7656251,-73.9136695,12,233,538.82799130475,1,yearly
nyc,6920.05,W 54 St & 9 Ave,2025,134560,68935,65625,134560,40.76604,-73.98737,12,268,199.16765755053507,1,yearly
nyc,6921.04,23 Ave & 83 St,2025,4229,2107,2122,4229,40.76646,-73.88674,12,118,2790.257744147553,1,yearly
nyc,6923.2,31 St & Newtown Ave,2025,4119,630,3489,4119,40.7675487799971,-73.9209334552288,9,253,6142.26754066521,1,yearly
nyc,6923.20,31 St & Newtown Ave,2025,70253,36656,33597,70253,40.7675487799971,-73.9209334552288,12,253,360.1269696667758,1,yearly
nyc,6925.09,2 Ave & E 72 St,2025,143927,72044,71883,143927,40.7687620293096,-73.95840793848038,12,183,127.1477901991982,1,yearly
nyc,6926.01,W 52 St & 11 Ave,2025,98776,49792,48984,98776,40.76727216,-73.99392888,12,159,160.97027618044868,1,yearly
nyc,6927.03,Ditmars Blvd & 76 St,2025,6320,3161,3159,6320,40.768442,-73.893531,12,87,1376.5822784810127,1,yearly
nyc,6929.01,23 St & 31 Ave,2025,25679,12861,12818,25679,40.76663971723091,-73.9286595582962,12,112,436.1540558432961,1,yearly
nyc,6932.14,E 67 St & Park Ave,2025,53000,26783,26217,53000,40.76780080148132,-73.96592080593109,12,175,330.188679245283,1,yearly
nyc,6932.15,E 68 St & Madison Ave,2025,59718,30214,29504,59718,40.7691572,-73.96703464,12,123,205.96804983422086,1,yearly
nyc,6935.01,Ditmars Blvd & 48 St,2025,8516,4259,4257,8516,40.769219,-73.901001,12,88,1033.3489901362143,1,yearly
nyc,6937.07,Vernon Blvd & 10 St,2025,20467,10160,10307,20467,40.7671863,-73.9373554,10,44,214.98021204866367,1,yearly
nyc,6941.03,97 St & 23 Ave,2025,3229,1603,1626,3229,40.7683,-73.87331,11,129,3995.044905543512,1,yearly
nyc,6943.07,25 Ave & 41 St,2025,31021,15544,15477,31021,40.767666,-73.910963,12,215,693.0788820476452,1,yearly
nyc,6948.1,Broadway & W 58 St,2025,8547,2583,5964,8547,40.76695317,-73.98169333,7,272,3182.4031824031827,1,yearly
nyc,6948.10,Broadway & W 58 St,2025,249211,127134,122077,249211,40.76695317,-73.98169333,12,272,109.14445991549329,1,yearly
nyc,6949.03,91 St & 23 Ave,2025,2425,1215,1210,2425,40.76768,-73.87899,12,113,4659.793814432989,1,yearly
nyc,6951.03,28 Ave & 35 St,2025,24334,12409,11925,24334,40.7671,-73.9169858,12,323,1327.360894222076,1,yearly
nyc,6953.08,E 74 St & 1 Ave,2025,130322,65118,65204,130322,40.7689738,-73.95482273,12,197,151.16403983978145,1,yearly
nyc,6955.01,W 56 St & 10 Ave,2025,101752,52523,49229,101752,40.768254,-73.988639,12,180,176.90069974054563,1,yearly
nyc,6955.05,W 54 St & 11 Ave,2025,157915,79973,77942,157915,40.768333,-73.992573,12,158,100.0538264256087,1,yearly
nyc,6958.06,Crescent St & 30 Ave,2025,48418,24182,24236,48418,40.768692,-73.9249574,12,141,291.21401131810484,1,yearly
nyc,6960.12,3 Ave & E 71 St,2025,60990,30669,30321,60990,40.76879,-73.9614,12,159,260.6984751598623,1,yearly
nyc,6964.05,Ditmars Blvd & 73 St,2025,4180,2094,2086,4180,40.76817,-73.896293,12,68,1626.7942583732056,1,yearly
nyc,6966.04,31 Ave & 14 St,2025,26728,13356,13372,26728,40.7682,-73.9322662,12,77,288.08739898234063,1,yearly
nyc,6969.08,E 66 St & Madison Ave,2025,45257,23192,22065,45257,40.76800889305947,-73.96845281124115,12,130,287.24838146585057,1,yearly
nyc,6970.02,Ditmars Blvd & 102 St,2025,5282,2630,2652,5282,40.76894,-73.86832,12,51,965.5433547898523,1,yearly
nyc,6978.04,Ditmars Blvd & 94 St,2025,8169,4080,4089,8169,40.7702,-73.87587,12,111,1358.7954461990453,1,yearly
nyc,6981.16,37 St & 24 Ave,2025,14297,7147,7150,14297,40.7701477,-73.9120938,12,224,1566.7622578163252,1,yearly
nyc,6986.07,Columbus Ave & W 59 St,2025,130370,66034,64336,130370,40.76931,-73.98464,12,221,169.51752703842908,1,yearly
nyc,6989.07,31 St & Astoria Blvd,2025,33636,16867,16769,33636,40.7699176,-73.9184057,12,257,764.0623141871804,1,yearly
nyc,6991.12,E 75 St & 3 Ave,2025,66477,33193,33284,66477,40.77112927,-73.95772297,12,160,240.6847481083683,1,yearly
nyc,6994.06,Ditmars Blvd & 79 St,2025,5689,2833,2856,5689,40.768728,-73.890745,12,105,1845.667076814906,1,yearly
nyc,6996.01,30 Ave & 21 St,2025,14815,7401,7414,14815,40.7703743,-73.9286078,12,103,695.2413094836314,1,yearly
nyc,6998.08,E 72 St & Park Ave,2025,82752,41144,41608,82752,40.77118287540658,-73.96409422159195,12,130,157.09590100541377,1,yearly
nyc,7003.06,Vernon Blvd & 31 Ave,2025,36238,18067,18171,36238,40.7692475,-73.9354504,12,44,121.41950438765937,1,yearly
nyc,7009.02,Steinway St & 23 Ave,2025,13963,6965,6998,13963,40.7713937,-73.9077436,12,134,959.6791520446895,1,yearly
nyc,7009.06,43 St & 23 Ave,2025,11950,5998,5952,11950,40.769673,-73.906018,12,135,1129.7071129707115,1,yearly
nyc,7014.12,Broadway & W 61 St,2025,146089,74645,71444,146089,40.77003010255044,-73.9819684624672,12,198,135.53381842575416,1,yearly
nyc,7018.01,31 St & Hoyt Ave N,2025,28323,14149,14174,28323,40.7711528,-73.9170074,12,230,812.0608692582,1,yearly
nyc,7020.02,E 77 St & 1 Ave,2025,147988,73979,74009,147988,40.77095553869235,-73.95356208096926,12,192,129.74024920939536,1,yearly
nyc,7023.04,W 59 St & 10 Ave,2025,129146,65272,63874,129146,40.770513,-73.988038,12,153,118.47056819413687,1,yearly
nyc,7026.08,Newtown Ave & 23 St,2025,32345,16223,16122,32345,40.7713615,-73.9246145,12,124,383.3668264028443,1,yearly
nyc,7028.04,3 Ave & E 72 St,2025,68339,34237,34102,68339,40.7699426,-73.96060712,12,159,232.66363277191647,1,yearly
nyc,7032.02,76 St & 21 Ave,2025,6765,3359,3406,6765,40.77028,-73.893675,12,67,990.3917220990393,1,yearly
nyc,7032.06,Hazen St & 20 Ave,2025,4800,2400,2400,4800,40.772092,-73.895166,12,51,1062.5,1,yearly
nyc,7034.09,30 Ave & 12 St,2025,11723,5893,5830,11723,40.77171710520828,-73.93159255385399,12,71,605.647018681225,1,yearly
nyc,7039.03,Ditmars Blvd & 43 St,2025,21261,10682,10579,21261,40.771203,-73.903865,12,116,545.599924744838,1,yearly
nyc,7047.07,35 St & 23 Ave,2025,13770,6898,6872,13770,40.77301508291382,-73.91119033098221,12,116,842.4110384894698,1,yearly
nyc,7049.04,E 82 St & East End Ave,2025,59659,29891,29768,59659,40.7724607,-73.9468208,12,119,199.4669706163362,1,yearly
nyc,7052.01,W 63 St & Broadway,2025,118544,59302,59242,118544,40.77163851,-73.98261428,12,169,142.56309893372924,1,yearly
nyc,7057.07,E 78 St & 2 Ave,2025,60288,30161,30127,60288,40.7727966,-73.95577801,12,163,270.3688959660297,1,yearly
nyc,7059.01,11 Ave & W 59 St,2025,105039,52433,52606,105039,40.77149671054441,-73.99046033620834,12,142,135.18788259598816,1,yearly
nyc,7059.08,West End Ave & W 60 St,2025,182794,91367,91427,182794,40.77237,-73.99005,12,121,66.19473286869372,1,yearly
nyc,7060.02,21 Ave & 80 St,2025,4450,2227,2223,4450,40.770888,-73.889914,12,59,1325.8426966292136,1,yearly
nyc,7062.07,18 St & 27 Ave,2025,24916,12465,12451,24916,40.772768286288304,-73.92743647098541,12,73,292.9844276769947,1,yearly
nyc,7066.01,20 Ave & 48 St,2025,6641,3298,3343,6641,40.772899,-73.896849,12,56,843.2464990212318,1,yearly
nyc,7068.07,8 St & Astoria Blvd,2025,16945,8474,8471,16945,40.7725996921817,-73.93266275525093,12,52,306.8751844201829,1,yearly
nyc,7074.01,Steinway St & Ditmars Blvd,2025,11682,5847,5835,11682,40.772717,-73.906127,12,90,770.4160246533128,1,yearly
nyc,7079.06,Central Park W & W 68 St,2025,148381,74812,73569,148381,40.7734066,-73.97782542,12,93,62.676488229625086,1,yearly
nyc,7082.08,23 Ave & 31 St,2025,28993,14477,14516,28993,40.77423301703027,-73.91274864321404,11,75,258.6831304107888,1,yearly
nyc,7082.14,23 Rd & 31 St,2025,9356,4681,4675,9356,40.77336750284339,-73.91382560133934,12,190,2030.7823856348866,1,yearly
nyc,7084.12,E 81 St & York Ave,2025,86462,43393,43069,86462,40.7728384,-73.94989233,12,167,193.14843515070203,1,yearly
nyc,7092.06,E 77 St & 3 Ave,2025,101814,50891,50923,101814,40.77314236,-73.95856158,12,180,176.79297542577643,1,yearly
nyc,7098.05,27 Ave & 9 St,2025,20491,10256,10235,20491,40.7739825,-73.9309134,12,57,278.1709042994485,1,yearly
nyc,7100.07,5 Ave & E 72 St,2025,156847,78353,78494,156847,40.77282817,-73.96685276,12,80,51.005119638883755,1,yearly
nyc,7111.1,36 St & Ditmars Blvd,2025,4578,222,4356,4578,40.774306,-73.908335,10,76,1660.1135867190912,1,yearly
nyc,7111.10,36 St & Ditmars Blvd,2025,19786,11947,7839,19786,40.774306,-73.908335,12,76,384.10997675123826,1,yearly
nyc,7113.08,East End Ave & E 86 St,2025,41647,20746,20901,41647,40.77518615,-73.94446054,12,82,196.89293346459527,1,yearly
nyc,7116.04,W 67 St & Broadway,2025,151563,75994,75569,151563,40.77492513,-73.98266566,12,143,94.3502042055119,1,yearly
nyc,7119.04,24 Ave & 29 St,2025,19941,9917,10024,19941,40.7729,-73.916142,12,208,1043.0770773782658,1,yearly
nyc,7121.02,E 80 St & 2 Ave,2025,88646,44294,44352,88646,40.77391390238118,-73.9543953537941,12,161,181.62128014800442,1,yearly
nyc,7123.04,W 64 St & Thelonious Monk Circle,2025,127066,63940,63126,127066,40.77515953434235,-73.98918695747852,12,75,59.02444398973762,1,yearly
nyc,7126.01,21 St & Hoyt Ave S,2025,31470,15778,15692,31470,40.774645,-73.923706,12,124,394.0260565618049,1,yearly
nyc,7128.08,E 76 St & Park Ave,2025,85197,42539,42658,85197,40.773763,-73.96222088,12,137,160.80378417080414,1,yearly
nyc,7132.08,27 Ave & 3 St,2025,11599,5794,5805,11599,40.77485,-73.9342,12,29,250.02155358220534,1,yearly
nyc,7137.04,Steinway St & 21 Ave,2025,17052,8511,8541,17052,40.774798,-73.903787,12,59,346.00046915317847,1,yearly
nyc,7141.07,Central Park W & W 72 St,2025,142702,71577,71125,142702,40.77579376683666,-73.9762057363987,12,65,45.54946672085885,1,yearly
nyc,7144.02,31 St & Ditmars Blvd,2025,67722,33833,33889,67722,40.776168,-73.910485,12,69,101.88712678302471,1,yearly
nyc,7146.04,E 85 St & York Ave,2025,44721,22346,22375,44721,40.77536905,-73.94803392,10,136,304.10768989959973,1,yearly
nyc,7149.05,Amsterdam Ave & W 66 St,2025,81564,40762,40802,81564,40.7746671,-73.98470567,12,124,152.02785542641362,1,yearly
nyc,7152.1,24 Ave & 26 St,2025,2243,182,2061,2243,40.774591,-73.918544,7,139,6197.057512260366,1,yearly
nyc,7152.10,24 Ave & 26 St,2025,19425,10614,8811,19425,40.774591,-73.918544,12,139,715.5727155727155,1,yearly
nyc,7154.1,3 Ave & E 82 St,2025,31225,900,30325,31225,40.775744,-73.9563752,12,174,557.2457966373098,1,yearly
nyc,7154.10,3 Ave & E 82 St,2025,80271,54731,25540,80271,40.775744,-73.9563752,12,174,216.76570617034795,1,yearly
nyc,7159.08,Astoria Park S & Shore Blvd,2025,29925,14993,14932,29925,40.7767,-73.927631,12,84,280.7017543859649,1,yearly
nyc,7161.08,5 Ave & E 78 St,2025,103621,51899,51722,103621,40.77632142182271,-73.96427392959595,12,92,88.78509182501615,1,yearly
nyc,7163.07,20 Ave & 42 St,2025,7608,3791,3817,7608,40.775415,-73.900063,12,48,630.9148264984227,1,yearly
nyc,7165.01,26 Ave & 2 St,2025,13500,6755,6745,13500,40.77684387,-73.93463418,12,16,118.51851851851852,1,yearly
nyc,7170.04,35 St & 21 Ave,2025,10021,5028,4993,10021,40.776745,-73.906558,12,71,708.5121245384693,1,yearly
nyc,7175.05,Columbus Ave & W 72 St,2025,192000,96129,95871,192000,40.7770575,-73.97898475,12,130,67.70833333333333,1,yearly
nyc,7178.02,23 Ave & 27 St,2025,16196,8088,8108,16196,40.776165,-73.9153175,12,66,407.5080266732527,1,yearly
nyc,7180.02,E 84 St & 1 Ave,2025,67933,33883,34050,67933,40.77565541,-73.95068615,11,146,214.91763943885886,1,yearly
nyc,7183.03,Riverside Blvd & W 67 St,2025,123809,62267,61542,123809,40.777507027547976,-73.98888587951659,12,66,53.307917841190864,1,yearly
nyc,7186.15,19 St & 24 Ave,2025,24759,12367,12392,24759,40.7774552,-73.9225403,12,83,335.2316329415566,1,yearly
nyc,7188.1,E 81 St & Park Ave,2025,5044,525,4519,5044,40.77677702,-73.9590097,7,159,3152.2601110229975,1,yearly
nyc,7188.10,E 81 St & Park Ave,2025,44923,24359,20564,44923,40.77677702,-73.9590097,12,159,353.9389622242504,1,yearly
nyc,7188.13,Madison Ave & E 82 St,2025,95348,47610,47738,95348,40.7781314,-73.96069399,12,112,117.46444602928221,1,yearly
nyc,7196.04,20 Ave & 38 St,2025,12892,6410,6482,12892,40.777112,-73.902382,12,40,310.2699348433137,1,yearly
nyc,7202.07,31 St & 21 Ave,2025,15364,7676,7688,15364,40.77813,-73.90842,12,59,384.01457953657905,1,yearly
nyc,7204.08,E 89 St & York Ave,2025,70919,35435,35484,70919,40.7779453,-73.946041,12,131,184.71777661839562,1,yearly
nyc,7207.08,W 70 St & Amsterdam Ave,2025,155615,78246,77369,155615,40.77748046,-73.98288594,12,153,98.31957073546894,1,yearly
nyc,7210.07,21 St & 23 Ave,2025,9825,4907,4918,9825,40.778557,-73.919046,12,35,356.23409669211196,1,yearly
nyc,7212.05,E 85 St & 3 Ave,2025,121603,60721,60882,121603,40.77801203,-73.95407149,11,161,132.39804939022886,1,yearly
nyc,7220.01,Steinway St & 19 Ave,2025,6018,3006,3012,6018,40.778089,-73.899558,12,30,498.5044865403789,1,yearly
nyc,7230.1,W 74 St & Columbus Ave,2025,13620,729,12891,13620,40.7785669,-73.97754961,10,117,859.0308370044053,1,yearly
nyc,7230.10,W 74 St & Columbus Ave,2025,63114,37697,25417,63114,40.7785669,-73.97754961,12,117,185.37883829261335,1,yearly
nyc,7233.05,Crescent St & Ditmars Blvd,2025,14733,7369,7364,14733,40.7787185,-73.9145645,12,46,312.2242584673861,1,yearly
nyc,7235.13,E 88 St & 1 Ave,2025,87397,43631,43766,87397,40.778301,-73.9488134,12,164,187.64946165200178,1,yearly
nyc,7243.04,E 84 St & Park Ave,2025,58956,29401,29555,58956,40.77862688,-73.95772073,10,143,242.55376891240925,1,yearly
nyc,7253.04,Central Park W & W 76 St,2025,93324,46925,46399,93324,40.77896784,-73.97374737,12,66,70.72135785007072,1,yearly
nyc,7256.01,20 Ave & 31 St,2025,6883,3434,3449,6883,40.78001336610564,-73.90667617321014,12,30,435.85645793985185,1,yearly
nyc,7260.09,Amsterdam Ave & W 73 St,2025,178071,89480,88591,178071,40.77966809007312,-73.98093044757842,12,140,78.62032560046273,1,yearly
nyc,7265.1,E 89 St & 3 Ave,2025,6498,723,5775,6498,40.7806284,-73.9521667,7,159,2446.9067405355495,1,yearly
nyc,7265.10,E 89 St & 3 Ave,2025,81094,43007,38087,81094,40.7806284,-73.9521667,12,159,196.06875971095272,1,yearly
nyc,7271.01,Shore Blvd & Astoria Park,2025,9226,4648,4578,9226,40.77977,-73.923162,11,66,715.3696076306092,1,yearly
nyc,7281.09,W 76 St & Columbus Ave,2025,65507,33202,32305,65507,40.7801839724239,-73.97728532552719,10,138,210.66450913642814,1,yearly
nyc,7284.01,21 Ave & Crescent St,2025,26594,13301,13293,26594,40.780478,-73.912212,12,38,142.88937354290442,1,yearly
nyc,7286.01,E 91 St & 2 Ave,2025,91499,45719,45780,91499,40.78115276427915,-73.94963040947914,12,202,220.76744008131237,1,yearly
nyc,7286.02,E 93 St & 2 Ave,2025,51780,25642,26138,51780,40.782454175279874,-73.9489196240902,12,241,465.43066821166474,1,yearly
nyc,7286.05,1 Ave & E 94 St,2025,42213,21054,21159,42213,40.7817212,-73.94594,12,220,521.1664653068959,1,yearly
nyc,7288.04,Riverside Dr & W 72 St,2025,97810,48857,48953,97810,40.78057799010334,-73.98562431335449,12,95,97.12708312033534,1,yearly
nyc,7291.06,Ditmars Blvd & 19 St,2025,18806,9396,9410,18806,40.78145,-73.9183302,12,23,122.30139317239178,1,yearly
nyc,7293.1,E 88 St & Park Ave,2025,18593,634,17959,18593,40.781410700190015,-73.95595908164978,9,109,586.242134136503,1,yearly
nyc,7293.10,E 88 St & Park Ave,2025,59189,38168,21021,59189,40.781410700190015,-73.95595908164978,12,109,184.15583976752438,1,yearly
nyc,7304.08,W 82 St & Central Park W,2025,90884,45858,45026,90884,40.78275,-73.97137,12,80,88.02429470533868,1,yearly
nyc,7311.02,Amsterdam Ave & W 79 St,2025,138429,69503,68926,138429,40.7829391,-73.9786517,12,140,101.13487780739585,1,yearly
nyc,7311.07,W 78 St & Broadway,2025,72532,36986,35546,72532,40.78339981,-73.98093133,12,144,198.53306126950864,1,yearly
nyc,7314.03,21 St & 21 Ave,2025,19980,9941,10039,19980,40.782465,-73.914527,12,22,110.11011011011011,1,yearly
nyc,7323.09,5 Ave & E 87 St,2025,135907,67806,68101,135907,40.78232260730881,-73.95987510681152,12,58,42.676241841847734,1,yearly
nyc,7327.01,Wards Meadow Comfort Station,2025,32227,16254,15973,32227,40.78294,-73.93077,12,1,3.1029881776150434,1,yearly
nyc,7338.02,2 Ave & E 96 St,2025,56364,28141,28223,56364,40.7839636,-73.9471673,11,269,477.2549854517067,1,yearly
nyc,7340.06,Riverside Dr & W 78 St,2025,44728,23333,21395,44728,40.78414472,-73.98362492,12,111,248.16669647648007,1,yearly
nyc,7342.01,21 Ave & Shore Blvd,2025,13378,6672,6706,13378,40.783956,-73.916894,12,13,97.17446554043953,1,yearly
nyc,7344.01,E 94 St & Madison Ave,2025,52496,26138,26358,52496,40.78585105291389,-73.95482444378061,12,133,253.3526363913441,1,yearly
nyc,7344.05,E 91 St & Park Ave,2025,82865,41321,41544,82865,40.7835016,-73.955327,12,125,150.84776443613106,1,yearly
nyc,7354.01,Central Park W & W 85 St,2025,108541,54409,54132,108541,40.78476,-73.969862,12,72,66.33438055665601,1,yearly
nyc,7360.1,Amsterdam Ave & W 82 St,2025,17532,1153,16379,17532,40.78524672,-73.97667321,9,128,730.093543235227,1,yearly
nyc,7360.10,Amsterdam Ave & W 82 St,2025,101132,58573,42559,101132,40.78524672,-73.97667321,12,128,126.56725863228256,1,yearly
nyc,7363.03,21 St & 20 Ave,2025,5289,2678,2611,5289,40.78393602019729,-73.91273114065842,12,15,283.60748723766307,1,yearly
nyc,7365.08,E 97 St & 3 Ave,2025,30538,15222,15316,30538,40.7859201,-73.94860294,12,278,910.3412142249001,1,yearly
nyc,7365.13,E 95 St & 3 Ave,2025,52286,26052,26234,52286,40.7849032,-73.950503,12,209,399.724591668898,1,yearly
nyc,7382.04,W 84 St & Columbus Ave,2025,59997,30260,29737,59997,40.78499979,-73.97283406,8,111,185.0092504625231,1,yearly
nyc,7386.1,2 Ave & E 99 St,2025,2595,222,2373,2595,40.7862586,-73.94552579,9,310,11946.050096339115,1,yearly
nyc,7386.10,2 Ave & E 99 St,2025,29225,15667,13558,29225,40.7862586,-73.94552579,12,310,1060.7356715141145,1,yearly
nyc,7388.1,Riverside Dr & W 82 St,2025,965,581,384,965,40.78720869,-73.98128127,6,104,10777.202072538861,1,yearly
nyc,7388.10,Riverside Dr & W 82 St,2025,71283,36684,34599,71283,40.78720869,-73.98128127,12,104,145.89733877642635,1,yearly
nyc,7391.02,20 Ave & Shore Blvd,2025,4130,2061,2069,4130,40.785994,-73.915098,12,9,217.91767554479418,1,yearly
nyc,7393.09,E 97 St & Madison Ave,2025,74099,36886,37213,74099,40.787801,-73.953559,12,163,219.97597808337497,1,yearly
nyc,7407.13,E 102 St & 1 Ave,2025,46734,23332,23402,46734,40.7869946,-73.94164802,12,286,611.9741515812898,1,yearly
nyc,7409.04,W 84 St & Amsterdam Ave,2025,80736,40859,39877,80736,40.78621,-73.9756,12,132,163.49583828775266,1,yearly
nyc,7414.17,3 Ave & E 100 St,2025,25404,12715,12689,25404,40.7877214,-73.94728331,12,299,1176.9800031491104,1,yearly
nyc,7432.09,W 89 St & Columbus Ave,2025,94245,47629,46616,94245,40.7882213,-73.97041561,12,118,125.20558119794153,1,yearly
nyc,7436.16,E 103 St & 2 Ave,2025,38596,19277,19319,38596,40.78864,-73.9436,12,310,803.1920406259717,1,yearly
nyc,7443.01,Madison Ave & E 99 St,2025,51305,25730,25575,51305,40.78948541553215,-73.95242929458618,12,198,385.9272975343534,1,yearly
nyc,7443.17,E 98 St & Park Ave,2025,28880,14344,14536,28880,40.78813,-73.95206,12,219,758.3102493074792,1,yearly
nyc,7453.01,Central Park W & W 91 St,2025,96841,48555,48286,96841,40.78866499127883,-73.96680057048798,10,75,77.4465360745965,1,yearly
nyc,7453.08,W 94 St & Central Park W,2025,6561,3328,3233,6561,40.790431,-73.965894,3,75,1143.1184270690442,1,yearly
nyc,7456.03,E 106 St & 1 Ave,2025,30790,15371,15419,30790,40.7892529,-73.93956237,12,244,792.4650860669049,1,yearly
nyc,7458.03,W 87 St & Amsterdam Ave,2025,80509,40428,40081,80509,40.78839,-73.9747,12,135,167.6831161733471,1,yearly
nyc,7458.09,W 90 St & Amsterdam Ave,2025,58580,29383,29197,58580,40.79018,-73.97289,12,152,259.4742232843974,1,yearly
nyc,7463.09,E 103 St & Lexington Ave,2025,39568,19723,19845,39568,40.7903051,-73.94755757,12,266,672.2604124545087,1,yearly
nyc,7484.05,W 87 St & West End Ave,2025,79088,39968,39120,79088,40.789622,-73.97757,12,111,140.3499898846854,1,yearly
nyc,7488.24,E 102 St & Park Ave,2025,33578,16747,16831,33578,40.7904828,-73.95033068,12,256,762.4039549705165,1,yearly
nyc,7502.01,W 92 St & Broadway,2025,71635,35864,35771,71635,40.7921,-73.9739,12,197,275.00523487122217,1,yearly
nyc,7504.18,E 106 St & Lexington Ave,2025,29421,14620,14801,29421,40.791976,-73.945993,12,296,1006.084089595867,1,yearly
nyc,7504.19,3 Ave & E 109 St,2025,24511,12217,12294,24511,40.79338,-73.94329,12,293,1195.3816653747297,1,yearly
nyc,7511.19,5 Ave & E 103 St,2025,82778,41298,41480,82778,40.7922553,-73.95249933,12,140,169.1270627461403,1,yearly
nyc,7514.06,Icahn Stadium Plaza,2025,23324,11647,11677,23324,40.79322,-73.92396,12,76,325.8446235637112,1,yearly
nyc,7520.07,Columbus Ave & W 95 St,2025,122458,61612,60846,122458,40.7919557,-73.968087,12,175,142.9061392477421,1,yearly
nyc,7522.02,1 Ave & E 110 St,2025,51841,25863,25978,51841,40.7923272,-73.9383,12,231,445.59325630292625,1,yearly
nyc,7524.09,West End Ave & W 94 St,2025,62385,31460,30925,62385,40.7941654,-73.974124,12,202,323.7957842430072,1,yearly
nyc,7524.16,Riverside Dr & W 91 St,2025,48831,24948,23883,48831,40.79313480986663,-73.97700369358063,12,153,313.3255513915341,1,yearly
nyc,7528.31,E 106 St & Madison Ave,2025,40310,20088,20222,40310,40.7934337,-73.94945003,12,234,580.5011163483007,1,yearly
nyc,7538.14,W 100 St & Manhattan Ave,2025,57194,28573,28621,57194,40.795,-73.9645,10,103,180.08882050564745,1,yearly
nyc,7538.18,Central Park W & W 97 St,2025,101557,50883,50674,101557,40.79249519495111,-73.96417066463071,12,83,81.72750278168911,1,yearly
nyc,7540.02,E 114 St & 1 Ave,2025,27543,13721,13822,27543,40.7945663,-73.9362541,12,264,958.5012525868642,1,yearly
nyc,7540.05,Pleasant Ave & E 116 St,2025,52454,26171,26283,52454,40.79499,-73.93333,12,208,396.5379189384985,1,yearly
nyc,7541.01,W 95 St & Broadway,2025,68176,34451,33725,68176,40.7937704,-73.971888,10,222,325.6277869044825,1,yearly
nyc,7543.15,3 Ave & E 112 St,2025,21143,10526,10617,21143,40.795508,-73.941606,12,298,1409.44993614908,1,yearly
nyc,7563.06,E 116 St & 2 Ave,2025,21099,10519,10580,21099,40.796879,-73.937261,12,301,1426.6078961088203,1,yearly
nyc,7567.06,Lexington Ave & E 111 St,2025,41347,20635,20712,41347,40.7954121,-73.9441232,12,301,727.9851017002443,1,yearly
nyc,7571.01,Sunken Meadow Comfort Station,2025,12905,6458,6447,12905,40.79558,-73.91906,12,120,929.8721425803952,1,yearly
nyc,7577.27,Central Park W & W 103 St,2025,64727,32585,32142,64727,40.79558954105342,-73.96188408136368,12,70,108.14652308928268,1,yearly
nyc,7579.01,Pleasant Ave & E 120 St,2025,16077,8021,8056,16077,40.7974772,-73.9311847,12,257,1598.556944703614,1,yearly
nyc,7580.01,W 100 St & Broadway,2025,81319,41121,40198,81319,40.7973721,-73.97041192,11,191,234.87745791266494,1,yearly
nyc,7587.16,W 111 St & 5 Ave,2025,58756,29336,29420,58756,40.79752078124755,-73.9489397406578,12,202,343.7946762883791,1,yearly
nyc,7595.17,Columbus Ave & W 103 St,2025,29188,15494,13694,29188,40.7969347,-73.9643412291,12,98,335.7544196245032,1,yearly
nyc,7596.11,1 Ave & E 118 St,2025,39578,19828,19750,39578,40.797459,-73.934499,12,278,702.4104300368892,1,yearly
nyc,7599.02,E 115 St & Madison Ave,2025,22963,11471,11492,22963,40.7989445,-73.944846,12,277,1206.2883769542307,1,yearly
nyc,7599.09,E 115 St & Lexington Ave,2025,33619,16787,16832,33619,40.797911,-73.9423,12,325,966.7152503048871,1,yearly
nyc,7602.05,Lenox Ave & W 111 St,2025,80259,39993,40266,80259,40.7987859,-73.9523,12,158,196.86265714748504,1,yearly
nyc,7606.01,W 106 St & Central Park W,2025,66098,33381,32717,66098,40.7981856,-73.9605909006,12,92,139.18726739084389,1,yearly
nyc,7610.13,W 104 St & Amsterdam Ave,2025,60380,30573,29807,60380,40.79904139288298,-73.96649479866028,12,122,202.0536601523683,1,yearly
nyc,7611.02,E 118 St & 3 Ave,2025,28810,14317,14493,28810,40.799139,-73.9389152,12,331,1148.9066296424853,1,yearly
nyc,7613.04,E 134 St & Walnut Ave,2025,799,394,405,799,40.800425,-73.911034,12,57,7133.917396745933,1,yearly
nyc,7617.07,Central Park North & Adam Clayton Powell Blvd,2025,100699,50297,50402,100699,40.799484,-73.955613,12,143,142.00736849422537,1,yearly
nyc,7618.01,Bronx Shore Comfort Station,2025,6939,3424,3515,6939,40.80046,-73.92404,12,140,2017.581784118749,1,yearly
nyc,7619.05,W 107 St & Columbus Ave,2025,52929,26473,26456,52929,40.7997568,-73.9621128676,12,110,207.82557766063974,1,yearly
nyc,7622.12,2 Ave & E 122 St,2025,17815,8964,8851,17815,40.8006721,-73.9349,12,403,2262.1386472074096,1,yearly
nyc,7623.13,Riverside Dr & W 104 St,2025,65727,33222,32505,65727,40.8013434,-73.9711457439,12,79,120.19413635187975,1,yearly
nyc,7625.18,E 118 St & Park Ave,2025,14900,7427,7473,14900,40.8005385,-73.9419949,12,253,1697.986577181208,1,yearly
nyc,7626.02,Willow Ave & E 133 St,2025,4606,2310,2296,4606,40.800933,-73.913863,12,93,2019.105514546244,1,yearly
nyc,7627.1,Lenox Ave & W 115 St,2025,813,313,500,813,40.8011939,-73.9500739,6,200,24600.246002460026,1,yearly
nyc,7627.10,Lenox Ave & W 115 St,2025,32895,16434,16461,32895,40.8011939,-73.9500739,12,200,607.9951360389117,1,yearly
nyc,7631.23,Frederick Douglass Blvd & W 112 St,2025,85023,42443,42580,85023,40.801694,-73.957145,12,180,211.70742034508308,1,yearly
nyc,7634.01,W 106 St & Amsterdam Ave,2025,56153,28410,27743,56153,40.8008363,-73.9664492472,12,124,220.82524531191567,1,yearly
nyc,7636.05,E 123 St & Lexington Ave,2025,27159,13567,13592,27159,40.8029263,-73.9379,12,331,1218.7488493685335,1,yearly
nyc,7639.06,Walnut Ave & E 136 St,2025,2610,1300,1310,2610,40.801657,-73.909513,12,90,3448.2758620689656,1,yearly
nyc,7640.04,E 118 St & Madison Ave,2025,30132,15065,15067,30132,40.8014866,-73.9442507,12,218,723.4833399707952,1,yearly
nyc,7642.04,E 133 St & Cypress Pl,2025,2096,1054,1042,2096,40.80262,-73.9174,12,172,8206.106870229007,1,yearly
nyc,7643.18,Adam Clayton Powell Blvd & W 115 St,2025,29708,14841,14867,29708,40.802535,-73.9532423,12,223,750.6395583681164,1,yearly
nyc,7646.04,W 110 St & Amsterdam Ave,2025,75970,38122,37848,75970,40.802692,-73.96295,12,145,190.86481505857577,1,yearly
nyc,7648.16,2 Ave & E 125 St,2025,31025,15539,15486,31025,40.802554,-73.933509,12,349,1124.8992747784046,1,yearly
nyc,7650.05,West End Ave & W 107 St,2025,59073,29764,29309,59073,40.8021174,-73.9681805305,12,109,184.51746144600747,1,yearly
nyc,7652.04,Lexington Ave & E 120 St,2025,21038,10524,10514,21038,40.8013066,-73.9398167,12,333,1582.8500808061603,1,yearly
nyc,7654.04,E 138 St & Willow Ave,2025,4784,2394,2390,4784,40.804168,-73.911545,12,145,3030.936454849498,1,yearly
nyc,7655.22,Lenox Ave & W 117 St,2025,63453,31569,31884,63453,40.8025566,-73.9490782,12,205,323.07377113769246,1,yearly
nyc,7657.03,St Ann's Ave & Bruckner Blvd,2025,6806,3373,3433,6806,40.803399,-73.919763,12,149,2189.2447840141053,1,yearly
nyc,7658.13,Frederick Douglass Blvd & W 115 St,2025,61181,30511,30670,61181,40.8038654,-73.9559308,12,197,321.99539072587896,1,yearly
nyc,7662.13,Lexington Ave & E 127 St,2025,19620,9802,9818,19620,40.805726,-73.936322,12,317,1615.6982670744137,1,yearly
nyc,7667.04,Madison Ave & E 120 St,2025,29554,14661,14893,29554,40.80295,-73.942954,12,279,944.0346484401434,1,yearly
nyc,7669.1,E 138 St & Cypress Ave,2025,97,77,20,97,40.805559,-73.914718,6,215,221649.48453608248,1,yearly
nyc,7669.10,E 138 St & Cypress Ave,2025,9886,4899,4987,9886,40.805559,-73.914718,12,215,2174.792636050981,1,yearly
nyc,7670.09,Adam Clayton Powell Blvd & W 118 St,2025,37981,18953,19028,37981,40.804372,-73.951475,12,243,639.7935810010268,1,yearly
nyc,7680.03,Cathedral Pkwy & Broadway,2025,91167,45671,45496,91167,40.804213,-73.96699104,12,120,131.62657540557439,1,yearly
nyc,7682.01,Park Ave & E 124 St,2025,106170,53026,53144,106170,40.8045555,-73.9396861,12,295,277.85626824903454,1,yearly
nyc,7685.14,Mt Morris Park W & W 120 St,2025,37406,18684,18722,37406,40.804038,-73.945925,12,244,652.3017697695557,1,yearly
nyc,7687.05,E 135 St & St Ann's Ave,2025,5571,2763,2808,5571,40.805089,-73.918889,12,187,3356.6684616765397,1,yearly
nyc,7688.12,Frederick Douglass Blvd & W 117 St,2025,78159,38916,39243,78159,40.805159,-73.954692,12,197,252.05030770608633,1,yearly
nyc,7691.05,Willis Ave & Bruckner Blvd,2025,12412,6169,6243,12412,40.805701,-73.925177,12,190,1530.7766677408958,1,yearly
nyc,7692.11,W 116 St & Amsterdam Ave,2025,54882,27467,27415,54882,40.8067581,-73.9607082,12,92,167.6323749134507,1,yearly
nyc,7696.07,E 128 St & 3 Ave,2025,8357,4309,4048,8357,40.805631,-73.934077,12,305,3649.63503649635,1,yearly
nyc,7701.21,5 Ave & W 126 St,2025,36040,18009,18031,36040,40.80722,-73.9418,12,257,713.0965593784683,1,yearly
nyc,7703.14,E 141 St & Jackson Ave,2025,6081,3034,3047,6081,40.806896,-73.911837,12,160,2631.146193060352,1,yearly
nyc,7704.04,Adam Clayton Powell Blvd & W 123 St,2025,49876,24878,24998,49876,40.8078316,-73.949373,12,297,595.4767824204026,1,yearly
nyc,7707.08,Brook Ave & E 138 St,2025,11317,5499,5818,11317,40.807408,-73.91924,12,231,2041.1769903684722,1,yearly
nyc,7712.04,Alexander Ave & E 134 St,2025,12590,6270,6320,12590,40.807466,-73.927107,12,211,1675.933280381255,1,yearly
nyc,7712.06,Lincoln Ave & E 134 St,2025,14045,7010,7035,14045,40.808484,-73.928803,12,213,1516.553933784265,1,yearly
nyc,7713.01,W 113 St & Broadway,2025,68260,34573,33687,68260,40.805973,-73.964928,12,107,156.75358921769705,1,yearly
nyc,7713.11,W 116 St & Broadway,2025,61925,31453,30472,61925,40.8082,-73.9641,12,107,172.7896649172386,1,yearly
nyc,7716.19,Lexington Ave & E 128 St,2025,11384,5676,5708,11384,40.806414,-73.936085,12,307,2696.767392832045,1,yearly
nyc,7719.13,Southern Blvd & E 142 St,2025,5569,2823,2746,5569,40.807347437082,-73.90809774398804,12,126,2262.524690249596,1,yearly
nyc,7720.03,Lenox Ave & W 126 St,2025,81831,40793,41038,81831,40.808442,-73.9452087,11,249,304.285661912967,1,yearly
nyc,7722.06,E 141 St & St Ann's Ave,2025,8063,4012,4051,8063,40.808633,-73.916124,12,123,1525.4867915168052,1,yearly
nyc,7723.01,St Nicholas Ave & Manhattan Ave,2025,78089,38916,39173,78089,40.809725,-73.953149,12,289,370.0905377197813,1,yearly
nyc,7726.02,Willis Ave & E 137 St,2025,19343,9613,9730,19343,40.808384,-73.923604,12,263,1359.6649950886626,1,yearly
nyc,7727.07,Amsterdam Ave & W 119 St,2025,44616,22425,22191,44616,40.8086249,-73.9596214,12,89,199.48000717231488,1,yearly
nyc,7735.05,5 Ave & W 131 St,2025,26942,13465,13477,26942,40.81014,-73.93973,12,251,931.63091084552,1,yearly
nyc,7735.23,E 128 St & Madison Ave,2025,20014,9996,10018,20014,40.80756,-73.939182,12,249,1244.1291096232637,1,yearly
nyc,7737.06,St Mary's St & Jackson Ave,2025,10446,5262,5184,10446,40.808891,-73.91081,12,137,1311.5067968600422,1,yearly
nyc,7738.04,Adam Clayton Powell Blvd & W 126 St,2025,71420,35531,35889,71420,40.80949534777948,-73.94776493310928,12,328,459.2551106132736,1,yearly
nyc,7740.08,Brook Ave & E 141 St,2025,6515,3241,3274,6515,40.809619,-73.917875,12,147,2256.3315425940136,1,yearly
nyc,7741.01,Morningside Ave & W 123 St,2025,31996,15837,16159,31996,40.81,-73.9551508,12,240,750.0937617202151,1,yearly
nyc,7741.04,Morningside Dr & Amsterdam Ave,2025,22901,11452,11449,22901,40.81028506306003,-73.95736455917358,12,196,855.8578228024976,1,yearly
nyc,7744.06,Lincoln Ave & E 138 St,2025,24576,12291,12285,24576,40.810893,-73.927311,12,262,1066.0807291666665,1,yearly
nyc,7745.07,W 120 St & Claremont Ave,2025,43295,22198,21097,43295,40.8109494,-73.9634,12,82,189.39831389305925,1,yearly
nyc,7748.02,E 132 St & Madison Ave,2025,20369,10183,10186,20369,40.810224,-73.937195,12,200,981.8842358485934,1,yearly
nyc,7751.05,Wales Ave & E 147 St,2025,7739,3880,3859,7739,40.811314,-73.907729,12,102,1317.999741568678,1,yearly
nyc,7753.13,Lenox Ave & W 130 St,2025,32218,16094,16124,32218,40.8107922,-73.9430681,12,267,828.7292817679557,1,yearly
nyc,7755.03,St Ann's Ave & E 144 St,2025,7705,3867,3838,7705,40.811112,-73.914932,12,124,1609.3445814406232,1,yearly
nyc,7756.1,St Nicholas Ave & W 126 St,2025,14148,629,13519,14148,40.8114323,-73.9518776,9,297,2099.236641221374,1,yearly
nyc,7756.10,St Nicholas Ave & W 126 St,2025,52123,32392,19731,52123,40.8114323,-73.9518776,11,297,569.8060357231932,1,yearly
nyc,7759.08,Willis Ave & E 141 St,2025,13629,6812,6817,13629,40.81093,-73.921606,12,172,1262.0148213368552,1,yearly
nyc,7767.06,Southern Blvd & Ave St John,2025,4142,2084,2058,4142,40.812769,-73.901583,11,162,3911.1540318686625,1,yearly
nyc,7769.06,5 Ave & E 135 St,2025,15532,7768,7764,15532,40.812191,-73.937838,12,221,1422.8689157867627,1,yearly
nyc,7774.02,Adam Clayton Powell Blvd & W 130 St,2025,21817,10916,10901,21817,40.812346,-73.946168,11,285,1306.3207590411148,1,yearly
nyc,7777.02,E 144 St & Brook Ave,2025,7371,3687,3684,7371,40.811675,-73.917037,12,166,2252.068918735585,1,yearly
nyc,7781.1,E 142 St & 3 Ave,2025,2199,149,2050,2199,40.812735,-73.923697,11,151,6866.757617098681,1,yearly
nyc,7781.10,E 142 St & 3 Ave,2025,10510,6205,4305,10510,40.812735,-73.923697,12,151,1436.7269267364416,1,yearly
nyc,7783.18,Broadway & W 122 St,2025,32570,16336,16234,32570,40.8120562,-73.9612547,12,128,392.99969296898985,1,yearly
nyc,7788.13,Southern Blvd & E 149 St,2025,15229,7625,7604,15229,40.811892,-73.904192,12,113,742.0053844638518,1,yearly
nyc,7790.04,Lenox Ave & W 133 St,2025,23602,11776,11826,23602,40.81296,-73.941878,12,227,961.7828997542582,1,yearly
nyc,7793.02,E 149 St & Eagle Ave,2025,8278,4160,4118,8278,40.814046,-73.91186,12,132,1594.5880647499398,1,yearly
nyc,7795.09,Frederick Douglass Blvd & W 129 St,2025,24736,12348,12388,24736,40.8125511,-73.9492286,12,283,1144.0815006468306,1,yearly
nyc,7798.02,Willis Ave & E 143 St,2025,8323,4167,4156,8323,40.812299,-73.92037,12,183,2198.7264207617445,1,yearly
nyc,7800.03,Amsterdam Ave & W 125 St,2025,24581,12297,12284,24581,40.813358,-73.956461,12,210,854.318375981449,1,yearly
nyc,7803.02,E 138 St & Park Ave,2025,15087,7530,7557,15087,40.81263616769319,-73.92924964427948,12,230,1524.49128388679,1,yearly
nyc,7803.08,E 138 St & Grand Concourse,2025,6482,3215,3267,6482,40.813224,-73.930605,12,241,3717.9882752236963,1,yearly
nyc,7807.04,Beck St & Leggett Ave,2025,8299,4162,4137,8299,40.815077,-73.899939,12,201,2421.978551632727,1,yearly
nyc,7809.13,E 138 St & 5 Ave,2025,16064,8031,8033,16064,40.81449,-73.936153,12,240,1494.0239043824702,1,yearly
nyc,7812.01,E 149 St & Jackson Ave,2025,11833,5949,5884,11833,40.813142864226016,-73.90923427401701,12,115,971.8583622073861,1,yearly
nyc,7814.01,Adam Clayton Powell Blvd & W 132 St,2025,30641,15325,15316,30641,40.813539,-73.94521,12,242,789.7914558924317,1,yearly
nyc,7816.14,Brook Ave & E 148 St,2025,7338,3673,3665,7338,40.814383,-73.915368,12,196,2671.0275279367675,1,yearly
nyc,7818.17,W 129 St & Convent Ave,2025,22106,11024,11082,22106,40.814394437915816,-73.95324736833572,12,237,1072.1071202388491,1,yearly
nyc,7820.05,Hunts Point Ave & Bryant Ave,2025,4641,2319,2322,4641,40.813991,-73.8855,12,160,3447.532859297565,1,yearly
nyc,7821.01,Morris Ave & E 142 St,2025,11819,5900,5919,11819,40.814469,-73.924963,12,212,1793.7219730941704,1,yearly
nyc,7823.03,Broadway & Moylan Pl,2025,39163,19578,19585,39163,40.8143256,-73.9590255,12,183,467.2777877077854,1,yearly
nyc,7830.03,Prospect Ave & E 151 St,2025,7743,3883,3860,7743,40.814232,-73.903927,12,167,2156.7867751517497,1,yearly
nyc,7832.04,W 135 St & Lenox Terrace Pl,2025,19447,9753,9694,19447,40.813619,-73.939336,12,257,1321.5405975214687,1,yearly
nyc,7835.1,St Ann's Ave & Westchester Ave,2025,500,98,402,500,40.815887,-73.911918,9,172,34400.0,1,yearly
nyc,7835.10,St Ann's Ave & Westchester Ave,2025,7490,3920,3570,7490,40.815887,-73.911918,12,172,2296.3951935914556,1,yearly
nyc,7837.3,St Nicholas Ave & W 134 St,2025,7848,274,7574,7848,40.816234,-73.948222,12,180,2293.5779816513764,1,yearly
nyc,7837.30,St Nicholas Ave & W 134 St,2025,22145,14745,7400,22145,40.816234,-73.948222,12,180,812.8245653646421,1,yearly
nyc,7840.05,Courtlandt Ave & E 149 St,2025,19483,9707,9776,19483,40.816402,-73.919549,12,223,1144.587589180311,1,yearly
nyc,7840.11,E 147 St & Bergen Ave,2025,11530,5752,5778,11530,40.814673,-73.91839,12,209,1812.6626192541198,1,yearly
nyc,7842.16,Amsterdam Ave & W 131 St,2025,15874,7953,7921,15874,40.816355,-73.954295,12,170,1070.933602116669,1,yearly
nyc,7844.05,Barry St & Tiffany St,2025,3504,1743,1761,3504,40.816126,-73.891559,12,249,7106.164383561644,1,yearly
nyc,7845.06,Grand Concourse & E 144 St,2025,21862,10952,10910,21862,40.816576,-73.927987,12,230,1052.053791967798,1,yearly
nyc,7849.1,Longwood Ave & Southern Blvd,2025,518,57,461,518,40.816343,-73.896447,8,224,43243.24324324325,1,yearly
nyc,7849.10,Longwood Ave & Southern Blvd,2025,7757,4089,3668,7757,40.816343,-73.896447,12,224,2887.7143225473765,1,yearly
nyc,7851.04,5 Av & W 139 St,2025,272,137,135,272,40.815484,-73.935856,1,227,83455.88235294117,1,yearly
nyc,7851.04,5 Ave & W 139 St,2025,13716,6863,6853,13716,40.815484,-73.935856,12,227,1655.0014581510643,1,yearly
nyc,7853.01,Westchester Ave & Jackson Ave,2025,16458,8327,8131,16458,40.816124,-73.908116,12,121,735.2047636407826,1,yearly
nyc,7855.03,Adam Clayton Powell Blvd & W 138 St,2025,38615,19289,19326,38615,40.81695971032464,-73.9422959089279,12,260,673.3134792179205,1,yearly
nyc,7858.02,Bergen Ave & E 152 St,2025,15154,7562,7592,15154,40.817166,-73.914737,12,200,1319.7835554968985,1,yearly
nyc,7860.08,Convent Ave & W 135 St,2025,23714,11948,11766,23714,40.818215,-73.950988,12,147,619.8869865901999,1,yearly
nyc,7863.03,E 149 St & Morris Ave,2025,20788,10405,10383,20788,40.81734,-73.922962,12,222,1067.9238021935732,1,yearly
nyc,7865.09,Broadway & W 131 St,2025,25672,12859,12813,25672,40.817555,-73.957163,12,206,802.4306637581801,1,yearly
nyc,7867.04,Southern Blvd & Tiffany St,2025,6200,3096,3104,6200,40.818185,-73.894143,12,286,4612.903225806452,1,yearly
nyc,7868.05,Gerard Ave & E 146 St,2025,18955,9480,9475,18955,40.817755,-73.92965,12,228,1202.8488525455025,1,yearly
nyc,7870.02,Prospect Ave & Longwood Ave,2025,3992,2247,1745,3992,40.81899,-73.90202,12,142,3557.114228456914,1,yearly
nyc,7872.03,Lenox Ave & W 140 St,2025,26816,13414,13402,26816,40.817245,-73.938787,12,272,1014.3198090692125,1,yearly
nyc,7876.07,Frederick Douglass Blvd & W 139 St,2025,19893,10051,9842,19893,40.81900581806558,-73.94476890563965,12,226,1136.078017393053,1,yearly
nyc,7879.01,Melrose Ave & E 150 St,2025,38592,19258,19334,38592,40.816827,-73.917338,12,222,575.2487562189054,1,yearly
nyc,7881.09,Old Broadway & W 133 St,2025,7746,3882,3864,7746,40.818212,-73.955277,12,184,2375.419571391686,1,yearly
nyc,7883.06,Lafayette Ave & Hunts Point Ave,2025,6698,3363,3335,6698,40.816567,-73.888161,12,252,3762.3171095849507,1,yearly
nyc,7883.09,Seneca Ave & Irvine St,2025,1404,715,689,1404,40.81872569990116,-73.88862490653992,6,273,19444.444444444445,1,yearly
nyc,7883.1,Seneca Ave & Irvine St,2025,312,24,288,312,40.81885,-73.88821,6,274,87820.51282051281,1,yearly
nyc,7883.10,Seneca Ave & Irvine St,2025,1375,816,559,1375,40.81885,-73.88821,7,274,19927.272727272728,1,yearly
nyc,7884.04,E 149 St & Park Ave,2025,22385,11205,11180,22385,40.818154,-73.925294,12,216,964.9318740227831,1,yearly
nyc,7886.02,12 Ave & W 125 St,2025,33482,16723,16759,33482,40.818299,-73.960405,12,142,424.1084761961651,1,yearly
nyc,7888.1,Dawson St & Intervale Ave,2025,661,4,657,661,40.819999,-73.897263,12,229,34644.47806354009,1,yearly
nyc,7888.10,Dawson St & Intervale Ave,2025,1914,1291,623,1914,40.819999,-73.897263,12,229,11964.472309299896,1,yearly
nyc,7891.06,Westchester Ave & E 156 St,2025,6478,3347,3131,6478,40.817802,-73.905203,12,110,1698.0549552330967,1,yearly
nyc,7893.05,Adam Clayton Powell Blvd & W 141 St,2025,21209,10599,10610,21209,40.819241,-73.941057,12,292,1376.774011033052,1,yearly
nyc,7896.11,E 156 St & Brook Ave,2025,15742,7890,7852,15742,40.819823,-73.912411,12,148,940.1600813111421,1,yearly
nyc,7898.03,St Nicholas Ave & W 137 St,2025,19497,9738,9759,19497,40.818477,-73.947568,12,172,882.1870031286865,1,yearly
nyc,7901.04,Morris Ave & E 153 St,2025,11507,5754,5753,11507,40.820036,-73.921411,12,168,1459.980881202746,1,yearly
nyc,7903.02,Broadway & W 133 St,2025,24643,12230,12413,24643,40.8190344,-73.956156,12,190,771.0100231303007,1,yearly
nyc,7905.05,Garrison Ave & Manida St,2025,4122,2243,1879,4122,40.818743,-73.890247,12,267,6477.438136826782,1,yearly
nyc,7909.07,Westchester Ave & Longwood Ave,2025,13967,7073,6894,13967,40.819701,-73.901311,12,150,1073.9600486861889,1,yearly
nyc,7910.01,Lenox Ave & W 144 St,2025,16736,8384,8352,16736,40.819783,-73.936521,12,230,1374.2829827915868,1,yearly
nyc,7910.1,Lenox Ave & W 146 St,2025,1000,95,905,1000,40.821111,-73.935971,6,202,20200.0,1,yearly
nyc,7910.10,Lenox Ave & W 146 St,2025,9347,5069,4278,9347,40.821111,-73.935971,12,202,2161.121215363218,1,yearly
nyc,7913.15,Cauldwell Ave & E 158 St,2025,12204,6135,6069,12204,40.81989,-73.908351,12,143,1171.7469682071453,1,yearly
nyc,7915.11,Edgecombe Ave & W 141 St,2025,25899,12956,12943,25899,40.820681,-73.945144,12,248,957.565929186455,1,yearly
nyc,7918.12,Melrose Ave & E 154 St,2025,7407,3697,3710,7407,40.819609,-73.916071,12,188,2538.139597677872,1,yearly
nyc,7920.05,Amsterdam Ave & W 136 St,2025,21350,10693,10657,21350,40.819746,-73.951819,11,135,632.3185011709602,1,yearly
nyc,7922.01,Faile St & Garrison Ave,2025,1307,689,618,1307,40.820578,-73.888271,12,257,19663.351185921958,1,yearly
nyc,7925.04,W 133 St & 12 Ave,2025,8224,4114,4110,8224,40.820003,-73.959089,12,141,1714.4941634241247,1,yearly
nyc,7927.08,E 163 St & Tiffany St,2025,7657,3819,3838,7657,40.821075,-73.895069,12,280,3656.7846415045055,1,yearly
nyc,7931.05,E 160 St & Tinton Ave,2025,5360,2718,2642,5360,40.820302,-73.903944,12,131,2444.0298507462685,1,yearly
nyc,7932.1,W 144 St & Adam Clayton Powell Blvd,2025,1797,160,1637,1797,40.820877,-73.939249,7,263,14635.503617139679,1,yearly
nyc,7932.10,W 144 St & Adam Clayton Powell Blvd,2025,16120,8793,7327,16120,40.820877,-73.939249,12,263,1631.5136476426799,1,yearly
nyc,7935.07,Brook Ave & E 157 St,2025,9889,4946,4943,9889,40.820713,-73.911759,12,160,1617.959348771362,1,yearly
nyc,7937.15,St Nicholas Terrace & Convent Ave,2025,22265,11195,11070,22265,40.821294,-73.947868,12,182,817.4264540759038,1,yearly
nyc,7940.02,E 155 St & Courtlandt Ave,2025,5907,2934,2973,5907,40.82057,-73.917579,12,182,3081.0902319282204,1,yearly
nyc,7940.04,E 156 St & Courtlandt Ave,2025,6731,3360,3371,6731,40.82123860172,-73.9173299074173,12,184,2733.6205615807457,1,yearly
nyc,7942.07,Broadway & W 138 St,2025,22647,11774,10873,22647,40.82182,-73.95353,12,169,746.2357045083235,1,yearly
nyc,7942.21,Riverside Dr & W 138 St,2025,21829,11008,10821,21829,40.823168,-73.955857,12,130,595.5380457189976,1,yearly
nyc,7945.03,Walton Ave & E 151 St,2025,15314,7634,7680,15314,40.82090903827738,-73.92753845245076,12,178,1162.3351181925036,1,yearly
nyc,7945.07,Walton Ave & E 153 St,2025,5100,2533,2567,5100,40.822351,-73.926907,12,172,3372.5490196078426,1,yearly
nyc,7948.1,Intervale Ave & Westchester Ave,2025,895,36,859,895,40.821967,-73.896752,9,200,22346.368715083798,1,yearly
nyc,7948.10,Intervale Ave & Westchester Ave,2025,5325,3058,2267,5325,40.821967,-73.896752,12,200,3755.868544600939,1,yearly
nyc,7952.02,Cauldwell Ave & E 161 St,2025,12215,6117,6098,12215,40.82188,-73.907521,12,156,1277.1182971756039,1,yearly
nyc,7954.12,Frederick Douglass Blvd & W 145 St,2025,29097,14559,14538,29097,40.823061,-73.941928,12,249,855.7583256005775,1,yearly
nyc,7957.11,E 158 St & Melrose Ave,2025,9801,4901,4900,9801,40.822215,-73.914688,12,198,2020.2020202020203,1,yearly
nyc,7959.18,Hamilton Pl & W 140 St,2025,18293,9130,9163,18293,40.822756,-73.951346,12,217,1186.2461050675122,1,yearly
nyc,7962.01,Concourse Village West & E 156 St,2025,9636,4817,4819,9636,40.823162,-73.923267,12,167,1733.0842673308425,1,yearly
nyc,7966.02,E 165 St & Fox St,2025,7419,3785,3634,7419,40.82394,-73.894025,12,193,2601.428763984364,1,yearly
nyc,7967.04,River Ave & E 151 St,2025,22854,11416,11438,22854,40.822217,-73.928939,12,157,686.9694583005163,1,yearly
nyc,7970.05,E 163 St & Union Ave,2025,10093,5258,4835,10093,40.822545,-73.901824,12,143,1416.823541068067,1,yearly
nyc,7971.07,W 147 St & Adam Clayton Powell Blvd,2025,19154,9607,9547,19154,40.82281,-73.937413,12,216,1127.701785527827,1,yearly
nyc,7974.01,3 Ave & E 163 St,2025,9923,4994,4929,9923,40.823872,-73.908699,12,173,1743.4243676307567,1,yearly
nyc,7976.08,Edgecombe Ave & W 145 St,2025,33018,16686,16332,33018,40.823498,-73.94386,12,265,802.5925252892362,1,yearly
nyc,7979.17,E 161 St & Park Ave,2025,12954,6483,6471,12954,40.824811,-73.916407,12,196,1513.0461633472287,1,yearly
nyc,7981.16,Broadway & W 142 St,2025,16015,8114,7901,16015,40.824686,-73.951947,12,204,1273.805807055885,1,yearly
nyc,7981.27,W 140 St & Riverside Dr,2025,6861,3480,3381,6861,40.824013,-73.954743,12,170,2477.772919399504,1,yearly
nyc,7983.02,Longfellow Ave & Aldus St,2025,4812,2486,2326,4812,40.82319448542357,-73.88762910982096,11,262,5444.721529509559,1,yearly
nyc,7983.04,Longfellow Ave & E 165 St,2025,2678,1388,1290,2678,40.825322,-73.887729,12,207,7729.648991784914,1,yearly
nyc,7984.04,Grand Concourse & E 156 St,2025,11922,6015,5907,11922,40.823429,-73.924689,12,151,1266.5660124140245,1,yearly
nyc,7987.14,Rogers Pl & E 165 St,2025,4474,2239,2235,4474,40.82388366441761,-73.8974027708582,11,170,3799.7317836388015,1,yearly
nyc,7991.01,Tinton Ave & E 165 St,2025,10353,5259,5094,10353,40.824796,-73.90242,12,135,1303.969863807592,1,yearly
nyc,7992.04,Bradhurst Ave & W 148 St,2025,15914,7979,7935,15914,40.825125,-73.941616,12,258,1621.2140253864522,1,yearly
nyc,7995.04,Washington Ave & E 163 St,2025,19362,9681,9681,19362,40.824,-73.91089,12,188,970.9740729263506,1,yearly
nyc,7997.08,W 145 St & Amsterdam Ave,2025,22468,11557,10911,22468,40.825244,-73.947257,12,271,1206.1598718176963,1,yearly
nyc,8000.02,Concourse Village East & E 158 St,2025,19879,9968,9911,19879,40.823732,-73.919379,12,190,955.7824840283718,1,yearly
nyc,8004.03,Westchester Ave & Southern Blvd,2025,20964,10524,10440,20964,40.824956,-73.891677,12,191,911.0856706735357,1,yearly
nyc,8005.03,E 157 St & River Ave,2025,11892,5912,5980,11892,40.825737,-73.927311,12,159,1337.0332996972754,1,yearly
nyc,8005.08,River Ave & E 153 St,2025,7351,3656,3695,7351,40.82441,-73.92818,12,150,2040.5387022173854,1,yearly
nyc,8008.03,Prospect Ave & E 167 St,2025,9201,4634,4567,9201,40.826303,-73.898751,12,113,1228.127377458972,1,yearly
nyc,8009.05,Adam Clayton Powell Blvd & W 151 St,2025,14158,7112,7046,14158,40.825289,-73.936232,12,180,1271.3660121486084,1,yearly
nyc,8012.04,3 Ave & Franklin Ave,2025,11428,5729,5699,11428,40.82696,-73.907451,12,185,1618.8309415470774,1,yearly
nyc,8013.07,St Nicholas Ave & W 150 St,2025,16313,8419,7894,16313,40.827212,-73.942722,12,245,1501.8696744927358,1,yearly
nyc,8016.07,Park Ave & E 162 St,2025,9111,4536,4575,9111,40.825716,-73.915585,11,197,2162.221490505982,1,yearly
nyc,8018.04,Riverside Dr & W 145 St,2025,18830,9811,9019,18830,40.827305,-73.951989,12,188,998.4067976633032,1,yearly
nyc,8018.09,W 146 St & Broadway,2025,24602,12875,11727,24602,40.826969,-73.949738,12,241,979.5951548654581,1,yearly
nyc,8020.01,Home St & Westchester Ave,2025,11877,5895,5982,11877,40.827629,-73.886659,12,136,1145.0703039488085,1,yearly
nyc,8021.11,Grand Concourse & E 161 St,2025,27527,13813,13714,27527,40.82713380423556,-73.9227358996868,12,169,613.9426744650707,1,yearly
nyc,8024.05,E 169 St & Fox St,2025,3404,1719,1685,3404,40.827184,-73.893721,12,163,4788.484136310223,1,yearly
nyc,8025.01,E 153 St & E 157 St,2025,10426,5220,5206,10426,40.826677,-73.929327,12,152,1457.8937272204105,1,yearly
nyc,8029.28,Macombs Pl & W 152 St,2025,20053,10036,10017,20053,40.826406,-73.937948,12,180,897.6213035456041,1,yearly
nyc,8033.09,W 148 St & Amsterdam Ave,2025,16970,8687,8283,16970,40.827075,-73.945909,12,240,1414.2604596346494,1,yearly
nyc,8036.05,Morris Ave & E 163 St,2025,22315,11196,11119,22315,40.827230499624726,-73.91765579597632,12,207,927.6271566211068,1,yearly
nyc,8040.03,E 167 St & Bryant Ave,2025,4602,2300,2302,4602,40.82671749925644,-73.88871880503359,12,155,3368.1008257279445,1,yearly
nyc,8041.07,E 161 St & River Ave,2025,34672,17192,17480,34672,40.827883,-73.927111,12,164,473.0041532071989,1,yearly
nyc,8044.09,Intervale Ave & Kelly St,2025,3901,1954,1947,3901,40.827301,-73.896372,12,138,3537.554473211997,1,yearly
nyc,8048.01,E 167 St & Franklin Ave,2025,6386,3155,3231,6386,40.82895,-73.90521,12,169,2646.414030692139,1,yearly
nyc,8048.04,Boston Rd & E 167 St,2025,11190,5583,5607,11190,40.828199,-73.903719,12,156,1394.101876675603,1,yearly
nyc,8049.05,Edgecombe Ave & W 150 St,2025,4648,2444,2204,4648,40.826881,-73.941427,12,249,5357.142857142857,1,yearly
nyc,8049.1,Convent Ave & W 151 St,2025,1050,59,991,1050,40.82831,-73.942924,9,215,20476.190476190477,1,yearly
nyc,8049.10,Convent Ave & W 151 St,2025,7460,4614,2846,7460,40.82831,-73.942924,12,215,2882.0375335120643,1,yearly
nyc,8052.01,Webster Ave & E 166 St,2025,5096,2546,2550,5096,40.828975,-73.911259,12,165,3237.833594976452,1,yearly
nyc,8052.02,E 165 St & Clay Ave,2025,8310,4145,4165,8310,40.82809,-73.91288,12,176,2117.930204572804,1,yearly
nyc,8054.04,Riverside Dr & W 148 St,2025,10256,5254,5002,10256,40.829114,-73.950426,12,196,1911.0764430577221,1,yearly
nyc,8057.02,Grand Concourse & E 164 St,2025,14205,7111,7094,14205,40.829608,-73.921461,12,178,1253.0799014431539,1,yearly
nyc,8060.01,Freeman St & Southern Blvd,2025,9840,4933,4907,9840,40.830051,-73.892103,12,122,1239.8373983739837,1,yearly
nyc,8061.01,Jerome Ave & Anderson Ave,2025,5115,2555,2560,5115,40.830179,-73.928747,12,149,2913.0009775171065,1,yearly
nyc,8064.03,Union Ave & E 169 St,2025,6733,3381,3352,6733,40.82995,-73.898802,12,130,1930.7886529036093,1,yearly
nyc,8065.13,W 155 St & Frederick Douglass Blvd,2025,10544,5312,5232,10544,40.82923,-73.936996,12,171,1621.7754172989378,1,yearly
nyc,8068.01,Washington Ave & E 167 St,2025,12888,6459,6429,12888,40.829896,-73.907618,12,185,1435.4438237119803,1,yearly
nyc,8069.01,Amsterdam Ave & W 152 St,2025,16517,8470,8047,16517,40.829523,-73.944279,12,197,1192.7105406550827,1,yearly
nyc,8072.06,Sherman Ave & E 166 St,2025,11998,6045,5953,11998,40.83130549267296,-73.91744792461395,12,147,1225.2042007001166,1,yearly
nyc,8076.08,West Farms Rd & Boone Ave,2025,2502,1246,1256,2502,40.8301283948092,-73.88630211353302,12,145,5795.363709032774,1,yearly
nyc,8077.07,Gerard Ave & E 164 St,2025,5722,2885,2837,5722,40.830262,-73.923391,12,177,3093.324012583013,1,yearly
nyc,8080.01,Freeman St & Reverend James A Polite Ave,2025,3611,1804,1807,3611,40.830529,-73.894717,12,138,3821.656050955414,1,yearly
nyc,8081.01,Jerome Ave & Ogden Ave,2025,5810,2906,2904,5810,40.829797,-73.931015,12,158,2719.449225473322,1,yearly
nyc,8084.03,Fulton Ave & E 168 St,2025,5072,2589,2483,5072,40.830471,-73.904556,12,158,3115.141955835962,1,yearly
nyc,8085.05,St Nicholas Ave & W 155 St,2025,10783,5703,5080,10783,40.830663,-73.941323,12,174,1613.6511174997681,1,yearly
nyc,8085.09,St Nicholas Ave & W 157 St,2025,6853,3609,3244,6853,40.832314,-73.94102,12,194,2830.876988180359,1,yearly
nyc,8085.13,Harlem River Dr & W 155 St,2025,7408,3841,3567,7408,40.830476,-73.939929,12,173,2335.313174946004,1,yearly
nyc,8088.01,E 167 St & Clay Ave,2025,11376,5667,5709,11376,40.83094,-73.91125,12,166,1459.212376933896,1,yearly
nyc,8089.05,Broadway & W 153 St,2025,14514,7339,7175,14514,40.831327,-73.946665,12,197,1357.3101832713244,1,yearly
nyc,8092.06,Grand Concourse & E 166 St,2025,13603,6912,6691,13603,40.83196,-73.91956,12,152,1117.4005734029258,1,yearly
nyc,8095.06,Hoe Ave & Jennings St,2025,4197,2122,2075,4197,40.832171,-73.889686,12,123,2930.6647605432454,1,yearly
nyc,8096.02,Jerome Ave & E 164 St,2025,5967,2966,3001,5967,40.831444,-73.926226,12,156,2614.3790849673205,1,yearly
nyc,8096.03,Anderson Ave & W 164 St,2025,7208,3635,3573,7208,40.832057,-73.927421,12,143,1983.906770255272,1,yearly
nyc,8099.04,Prospect Ave & Jennings St,2025,3447,1763,1684,3447,40.831762,-73.896853,12,115,3336.23440673049,1,yearly
nyc,8100.01,Frederick Douglass Blvd & Harlem River Dr,2025,6213,3115,3098,6213,40.830702,-73.936371,12,156,2510.8643167551904,1,yearly
nyc,8103.05,3 Ave & E 169 St,2025,14530,7305,7225,14530,40.832678,-73.905158,12,176,1211.2869924294562,1,yearly
nyc,8104.1,Amsterdam Ave & W 156 St,2025,88,70,18,88,40.832081,-73.942386,5,174,197727.27272727274,1,yearly
nyc,8104.10,Amsterdam Ave & W 156 St,2025,8937,4939,3998,8937,40.832081,-73.942386,12,174,1946.9620678079893,1,yearly
nyc,8107.1,Morris Ave & McClellan St,2025,2273,81,2192,2273,40.831584,-73.9149,10,178,7831.060272767268,1,yearly
nyc,8107.10,Morris Ave & McClellan St,2025,8810,5461,3349,8810,40.831584,-73.9149,12,178,2020.4313280363224,1,yearly
nyc,8108.02,Riverside Dr & W 153 St,2025,9879,4994,4885,9879,40.832164,-73.949702,12,138,1396.9025204980262,1,yearly
nyc,8110.04,Boone Ave & E 172 St,2025,8427,4226,4201,8427,40.832649,-73.885272,12,109,1293.4614928206954,1,yearly
nyc,8111.04,Gerard Ave & E 165 St,2025,3295,1672,1623,3295,40.83173,-73.922394,10,134,4066.7678300455236,1,yearly
nyc,8111.07,River Ave & McClellan St,2025,12278,6150,6128,12278,40.83406,-73.92243,12,146,1189.118748981919,1,yearly
nyc,8114.02,Louis Nine Blvd & Intervale Ave,2025,7974,3979,3995,7974,40.831998,-73.892686,12,125,1567.5946827188363,1,yearly
nyc,8115.01,Ogden Ave & W 164 St,2025,6848,3434,3414,6848,40.832812,-73.929372,12,119,1737.733644859813,1,yearly
nyc,8118.02,Franklin Ave & E 169 St,2025,10935,5540,5395,10935,40.831705812866566,-73.90208637775193,12,161,1472.336534064929,1,yearly
nyc,8119.05,W 159 St & Edgecombe Ave,2025,5529,2827,2702,5529,40.833303,-73.939326,12,170,3074.6970519081206,1,yearly
nyc,8122.04,E 169 St & Webster Ave,2025,9541,4755,4786,9541,40.834015,-73.908863,12,159,1666.4919819725396,1,yearly
nyc,8123.06,Broadway & W 157 St,2025,23427,11980,11447,23427,40.83402740143528,-73.94510813442648,12,205,875.0586929611133,1,yearly
nyc,8126.07,Grand Concourse & E 167 St,2025,22926,11784,11142,22926,40.834263,-73.917641,12,184,802.5822210590595,1,yearly
nyc,8129.02,Southern Blvd & E 172 St,2025,6955,3515,3440,6955,40.834124,-73.88955,12,133,1912.293314162473,1,yearly
nyc,8130.02,E 165 St & Jerome Ave,2025,5766,2903,2863,5766,40.83263,-73.925101,12,138,2393.3402705515086,1,yearly
nyc,8133.08,Boston Rd & Prospect Ave,2025,14892,7441,7451,14892,40.833246,-73.896599,12,110,738.6516250335751,1,yearly
nyc,8137.06,3 Ave & E 170 St,2025,10286,5171,5115,10286,40.834857,-73.903743,12,165,1604.12210771923,1,yearly
nyc,8138.07,W 160 St & St Nicholas Ave,2025,12516,6654,5862,12516,40.834468,-73.939865,12,171,1366.2511984659636,1,yearly
nyc,8141.05,College Ave & E 169 St,2025,7759,3874,3885,7759,40.835122799036405,-73.91196817159653,12,168,2165.2274777677535,1,yearly
nyc,8142.03,Riverside Dr E & W 155 St,2025,9675,4878,4797,9675,40.834097985815255,-73.94834974194816,12,148,1529.7157622739019,1,yearly
nyc,8144.09,E 174 St & Longfellow Ave,2025,9210,4631,4579,9210,40.836274,-73.884308,12,167,1813.2464712269273,1,yearly
nyc,8145.03,Gerard Ave & McClellan St,2025,8138,4037,4101,8138,40.833909,-73.92112,12,153,1880.068812976161,1,yearly
nyc,8149.09,Ogden Ave & W 165 St,2025,12109,6081,6028,12109,40.834457,-73.928381,12,107,883.6402675695763,1,yearly
nyc,8152.03,Fulton Ave & St Paul's Pl,2025,11537,5771,5766,11537,40.83545,-73.90153,12,147,1274.161393776545,1,yearly
nyc,8153.1,W 163 St & Edgecombe Ave,2025,214,35,179,214,40.835798,-73.937496,5,141,65887.85046728973,1,yearly
nyc,8153.10,W 163 St & Edgecombe Ave,2025,4595,2423,2172,4595,40.835798,-73.937496,12,141,3068.5527747551687,1,yearly
nyc,8156.01,E 170 St & Clay Ave,2025,8982,4534,4448,8982,40.837213,-73.908345,12,150,1670.0066800267202,1,yearly
nyc,8156.03,E 170 St & Webster Ave,2025,17057,8535,8522,17057,40.83617913677475,-73.90730146322765,12,163,955.619393797268,1,yearly
nyc,8157.06,Broadway & W 160 St,2025,14781,7437,7344,14781,40.835775,-73.9434,12,200,1353.0884243285298,1,yearly
nyc,8160.03,Sheridan Ave & E 168 St,2025,8827,4518,4309,8827,40.835334,-73.9154,12,187,2118.500056644387,1,yearly
nyc,8163.05,Southern Blvd & E 174 St,2025,14264,7190,7074,14264,40.836733,-73.887931,12,148,1037.5771172181717,1,yearly
nyc,8167.02,Wilkins Ave & Crotona Park E,2025,9441,4725,4716,9441,40.835302,-73.895133,12,86,910.9204533418069,1,yearly
nyc,8167.04,Charlotte St & Boston Rd,2025,1955,991,964,1955,40.8358771,-73.8931428,12,94,4808.1841432225065,1,yearly
nyc,8171.06,E 171 St & 3 Ave,2025,10654,5318,5336,10654,40.837119,-73.902185,12,142,1332.8327388774171,1,yearly
nyc,8172.07,Amsterdam Ave & W 162 St,2025,13147,6962,6185,13147,40.83618,-73.939789,12,180,1369.1336426561193,1,yearly
nyc,8175.06,College Ave & E 170 St,2025,4342,2203,2139,4342,40.837576,-73.910489,12,143,3293.4131736526947,1,yearly
nyc,8176.01,W 160 St & Riverside Dr,2025,6798,3502,3296,6798,40.83719,-73.9466,12,176,2588.9967637540453,1,yearly
nyc,8179.03,Walton Ave & E 168 St,2025,12258,6140,6118,12258,40.83649,-73.918316,12,193,1574.4819709577419,1,yearly
nyc,8182.02,Crotona Park East & E 173 St,2025,3496,1766,1730,3496,40.837037,-73.890413,12,94,2688.7871853546912,1,yearly
nyc,8183.02,University Ave & W 168 St,2025,5253,2638,2615,5253,40.838706,-73.927034,12,151,2874.5478774033886,1,yearly
nyc,8183.08,Nelson Ave & 167 St,2025,9434,4728,4706,9434,40.83670566862804,-73.92608866095543,12,130,1377.9944880220478,1,yearly
nyc,8186.01,Fulton Ave & E 172 St,2025,8955,4485,4470,8955,40.839229,-73.899047,12,97,1083.1937465103294,1,yearly
nyc,8187.04,Edgecombe Ave & W 167 St,2025,7099,3692,3407,7099,40.838191,-73.936085,12,145,2042.5412029863362,1,yearly
nyc,8190.03,E 171 St & Webster Ave,2025,8237,4116,4121,8237,40.838379,-73.905838,12,149,1808.9110112905184,1,yearly
nyc,8191.01,Broadway & W 165 St,2025,13828,7215,6613,13828,40.839137,-73.941409,12,217,1569.2797223025746,1,yearly
nyc,8194.06,Grand Concourse & E 171 St,2025,7714,3914,3800,7714,40.839549,-73.913004,12,181,2346.383199377755,1,yearly
nyc,8194.07,E 170 St & Sheridan Ave,2025,9754,5016,4738,9754,40.838315,-73.912604,12,167,1712.1181053926596,1,yearly
nyc,8196.02,Southern Blvd & E 175 St,2025,4188,2116,2072,4188,40.839335,-73.886445,12,204,4871.060171919771,1,yearly
nyc,8198.05,Shakespeare Ave & W 169 St,2025,15094,7583,7511,15094,40.839312,-73.922423,12,180,1192.5268318537167,1,yearly
nyc,8205.05,3 Ave & E 172 St,2025,8062,4037,4025,8062,40.839586,-73.900277,12,129,1600.0992309600595,1,yearly
nyc,8206.17,Amsterdam Ave & W 167 St,2025,12018,6162,5856,12018,40.839443,-73.937044,12,161,1339.6571808953238,1,yearly
nyc,8209.01,Morris Ave & E 171 St,2025,4449,2214,2235,4449,40.83899,-73.9109,12,165,3708.6985839514496,1,yearly
nyc,8210.01,W 163 St & Riverside Dr,2025,5186,2607,2579,5186,40.839278,-73.945446,12,169,3258.773621288083,1,yearly
nyc,8212.01,Boston Rd & West Farms Rd,2025,11169,5580,5589,11169,40.83998,-73.8806,12,171,1531.0233682514101,1,yearly
nyc,8213.01,Plaza Dr & W 170 St,2025,28533,14262,14271,28533,40.840484,-73.917946,12,183,641.3626327410367,1,yearly
nyc,8216.02,Waterloo Pl & Crotona Park East,2025,3250,1630,1620,3250,40.839194,-73.888587,12,174,5353.846153846154,1,yearly
nyc,8218.04,Ogden Ave & Merriam Ave,2025,7659,3849,3810,7659,40.839142,-73.925961,12,148,1932.367149758454,1,yearly
nyc,8225.05,Clay Ave & Claremont Pkwy,2025,4967,2487,2480,4967,40.83999,-73.90549,12,147,2959.5329172538754,1,yearly
nyc,8226.05,W 165 St & Fort Washington Ave,2025,9763,5117,4646,9763,40.84004,-73.942939,12,193,1976.8513776503123,1,yearly
nyc,8226.06,Broadway & W 168 St,2025,13810,7155,6655,13810,40.84089603193041,-73.93972098827362,10,213,1542.3606082548877,1,yearly
nyc,8226.07,W 168 St & Fort Washington Ave,2025,23993,12396,11597,23993,40.84210236102173,-73.9422395825386,12,194,808.5691660067521,1,yearly
nyc,8226.07,W 168 St & Ft Washington Ave,2025,934,484,450,934,40.84210236102173,-73.9422395825386,1,194,20770.877944325483,1,yearly
nyc,8229.04,Sheridan Ave & E 172 St,2025,5650,2867,2783,5650,40.840494,-73.911479,12,165,2920.353982300885,1,yearly
nyc,8233.01,Inwood Ave & W 170 St,2025,3100,1554,1546,3100,40.840536,-73.919228,12,188,6064.5161290322585,1,yearly
nyc,8236.01,Crotona Park North & Prospect Ave,2025,3465,1744,1721,3465,40.841092,-73.892317,12,103,2972.5829725829726,1,yearly
nyc,8241.07,3 Ave & E 174 St,2025,4641,2352,2289,4641,40.84224,-73.8985,12,190,4093.945270415859,1,yearly
nyc,8242.04,Amsterdam Ave & W 172 St,2025,10315,5499,4816,10315,40.842173,-73.935111,12,154,1492.9714008725157,1,yearly
nyc,8245.03,Mount Eden Pkwy & Eastburn Ave,2025,4637,2307,2330,4637,40.842675,-73.908544,12,199,4291.567824024153,1,yearly
nyc,8248.05,Boston Rd & E 178 St,2025,13565,6785,6780,13565,40.84096,-73.87923,12,169,1245.8532989310727,1,yearly
nyc,8249.1,Walton Ave & E 171 St,2025,175,156,19,175,40.840683,-73.915073,6,219,125142.85714285713,1,yearly
nyc,8249.10,Walton Ave & E 171 St,2025,14261,7066,7195,14261,40.840683,-73.915073,12,219,1535.6566860668956,1,yearly
nyc,8252.03,Crotona Pkwy & Elsmere Pl,2025,5929,2996,2933,5929,40.84188,-73.8855,12,213,3592.511384719177,1,yearly
nyc,8254.01,W 170 St & University Ave,2025,9610,4945,4665,9610,40.84207,-73.926075,12,203,2112.3829344432884,1,yearly
nyc,8257.03,Crotona Ave & Crotona Park N,2025,6069,3029,3040,6069,40.84234,-73.89409,12,171,2817.5976272862085,1,yearly
nyc,8262.07,W 171 St & St Nicholas Ave,2025,17509,9286,8223,17509,40.842941,-73.938631,12,205,1170.8264321206236,1,yearly
nyc,8265.09,Grand Concourse & E Mount Eden Ave,2025,13088,6534,6554,13088,40.84301,-73.91172,12,268,2047.677261613692,1,yearly
nyc,8268.08,E 179 St & Daly Ave,2025,4682,2375,2307,4682,40.84335,-73.88247,12,180,3844.510892780863,1,yearly
nyc,8269.01,Goble Pl & Macombs Rd,2025,7445,3722,3723,7445,40.844075,-73.917256,11,270,3626.595030221625,1,yearly
nyc,8272.05,Fairmount Pl & Prospect Ave,2025,2965,1500,1465,2965,40.843099,-73.889927,12,181,6104.553119730185,1,yearly
nyc,8272.08,E 176 St & Clinton Ave,2025,3858,1948,1910,3858,40.84311,-73.89149,12,165,4276.827371695179,1,yearly
nyc,8277.03,Washington Ave & E 174 St,2025,2107,1036,1071,2107,40.843079,-73.900216,12,243,11532.985287138112,1,yearly
nyc,8278.05,Amsterdam Ave & W 175 St,2025,9006,4680,4326,9006,40.844044,-73.933651,12,202,2242.9491450144346,1,yearly
nyc,8281.06,Clay Ave & E 173 St,2025,5533,2798,2735,5533,40.843264,-73.904867,12,203,3668.895716609434,1,yearly
nyc,8284.01,Bronx Park S & Bryant Ave,2025,4603,2291,2312,4603,40.84437,-73.87796,12,75,1629.37214859874,1,yearly
nyc,8285.09,E 174 St & Walton Ave,2025,4346,2200,2146,4346,40.844811,-73.912042,12,291,6695.812241141279,1,yearly
nyc,8285.11,Featherbed Ln & Jerome Ave,2025,3832,1885,1947,3832,40.845505,-73.914311,12,297,7750.521920668059,1,yearly
nyc,8288.11,E 179 St & Southern Blvd,2025,7361,3702,3659,7361,40.84467,-73.88507,12,168,2282.298600733596,1,yearly
nyc,8290.01,Nelson Ave & W 172 St,2025,9173,4738,4435,9173,40.843965,-73.920999,12,223,2431.0476398124933,1,yearly
nyc,8293.12,Arthur Ave & E Tremont Ave,2025,17656,8802,8854,17656,40.84616,-73.89322,12,232,1314.0009062075217,1,yearly
nyc,8299.03,Wadsworth Ave & W 175 St,2025,15334,7860,7474,15334,40.846052,-73.937648,12,267,1741.2286422329466,1,yearly
nyc,8303.06,Grand Concourse & E 175 St,2025,5439,2741,2698,5439,40.84627592921954,-73.90931278467178,12,308,5662.805662805663,1,yearly
nyc,8306.03,Vyse Ave & E 181 St,2025,3634,1825,1809,3634,40.84463,-73.87988,12,91,2504.127682993946,1,yearly
nyc,8307.05,Macombs Rd & Featherbed Ln,2025,3673,1845,1828,3673,40.84552,-73.91722,12,251,6833.650966512388,1,yearly
nyc,8315.03,3 Ave & E Tremont Ave,2025,12198,6097,6101,12198,40.84649,-73.89616,12,269,2205.27955402525,1,yearly
nyc,8316.02,Audubon Ave & W 179 St,2025,8976,4673,4303,8976,40.847305,-73.933291,12,311,3464.7950089126557,1,yearly
nyc,8319.01,Anthony Ave & E 175 St,2025,4474,2262,2212,4474,40.846465,-73.903869,12,272,6079.570853822083,1,yearly
nyc,8320.01,Fort Washington Ave & W 173 St,2025,11979,6171,5808,11979,40.84522,-73.940493,12,205,1711.3281576091495,1,yearly
nyc,8323.05,Townsend Ave & E 175 St,2025,4521,2263,2258,4521,40.84741,-73.911359,12,296,6547.22406547224,1,yearly
nyc,8325.08,Southern Blvd & E 180 St,2025,6315,3154,3161,6315,40.84605,-73.88426,12,143,2264.449722882027,1,yearly
nyc,8325.12,Crotona Pkwy & Bronx Park S,2025,5245,2635,2610,5245,40.84784,-73.883,12,96,1830.3145853193519,1,yearly
nyc,8327.15,Featherbed Ln & Nelson Ave,2025,5385,2743,2642,5385,40.846011,-73.919637,12,230,4271.123491179202,1,yearly
nyc,8330.05,Crotona Ave & E 179 St,2025,7349,3665,3684,7349,40.84666,-73.88991,12,162,2204.3815485100013,1,yearly
nyc,8335.02,Park Ave & E Tremont Ave,2025,8176,4086,4090,8176,40.84731,-73.89981,12,300,3669.275929549902,1,yearly
nyc,8336.02,Wadsworth Ave & W 179 St,2025,25548,13404,12144,25548,40.848467,-73.936064,12,331,1295.6004383904808,1,yearly
nyc,8340.01,Grand Concourse & E 176 St,2025,7854,3958,3896,7854,40.84761,-73.90745,12,262,3335.879806468042,1,yearly
nyc,8344.04,Macombs Rd & W 175 St,2025,5249,2734,2515,5249,40.848177,-73.916082,12,241,4591.350733473042,1,yearly
nyc,8344.09,University Ave & Macombs Rd,2025,6471,3410,3061,6471,40.8496401,-73.9161206,12,151,2333.4878689537936,1,yearly
nyc,8346.06,E 180 St & Prospect Ave,2025,6102,3054,3048,6102,40.84696,-73.88663,12,155,2540.150770239266,1,yearly
nyc,8348.02,Popham Ave & W 174 St,2025,10273,5145,5128,10273,40.847746,-73.922079,12,157,1528.2780103183102,1,yearly
nyc,8351.06,E 178 St & Monterey Ave,2025,4267,2185,2082,4267,40.84749,-73.89464,12,245,5741.738926646356,1,yearly
nyc,8353.02,Amsterdam Ave & W 180 St,2025,5407,2921,2486,5407,40.847396,-73.931205,12,282,5215.461438875532,1,yearly
nyc,8353.09,Amsterdam Ave & W 183 St,2025,6773,3472,3301,6773,40.84925,-73.93022,12,253,3735.420050199321,1,yearly
nyc,8356.02,E Tremont Ave & E 176 St,2025,5185,2598,2587,5185,40.847798,-73.901883,12,279,5380.906460945033,1,yearly
nyc,8356.04,Anthony Ave & E Tremont Ave,2025,7760,3888,3872,7760,40.848793,-73.903178,12,264,3402.061855670103,1,yearly
nyc,8358.03,W 180 St & Fort Washington Ave,2025,19235,9907,9328,19235,40.849972,-73.938423,12,220,1143.7483753574213,1,yearly
nyc,8358.03,W 180 St & Ft Washington Ave,2025,640,344,296,640,40.849972,-73.938423,1,220,34375.0,1,yearly
nyc,8358.1,Cabrini Blvd & W 177 St,2025,35,24,11,35,40.848282,-73.941343,4,167,477142.85714285716,1,yearly
nyc,8358.10,Cabrini Blvd & W 177 St,2025,4343,2425,1918,4343,40.848282,-73.941343,12,167,3845.268247755008,1,yearly
nyc,8362.02,Walton Ave & E 176 St,2025,7153,3594,3559,7153,40.84833,-73.90971,12,242,3383.1958618761355,1,yearly
nyc,8362.09,Jerome Ave & W 177 St,2025,3669,1835,1834,3669,40.850121,-73.910765,12,202,5505.587353502317,1,yearly
nyc,8366.06,W 176 St & Montgomery Ave,2025,4965,2505,2460,4965,40.849629,-73.919205,12,123,2477.3413897280966,1,yearly
nyc,8366.07,University Ave & Brandt Pl,2025,4768,2500,2268,4768,40.848354,-73.918389,12,176,3691.275167785235,1,yearly
nyc,8369.08,Hughes Ave & Oak Tree Pl,2025,3990,1999,1991,3990,40.85079,-73.88945,12,117,2932.3308270676694,1,yearly
nyc,8374.02,Park Ave & E 179 St,2025,5104,2549,2555,5104,40.85014,-73.89818,12,216,4231.974921630094,1,yearly
nyc,8379.06,Echo Pl & Grand Concourse,2025,17296,8736,8560,17296,40.849955,-73.905943,12,248,1433.8575393154488,1,yearly
nyc,8381.04,W 181 St & Riverside Dr,2025,12484,6240,6244,12484,40.85168,-73.94186,12,88,704.9022749118873,1,yearly
nyc,8384.03,W Tremont Ave & Grand Ave,2025,5146,2655,2491,5146,40.850036,-73.912785,12,167,3245.2390205985234,1,yearly
nyc,8384.04,University Ave & Morton Pl,2025,3805,1961,1844,3805,40.85118155499655,-73.91465058978447,12,150,3942.181340341656,1,yearly
nyc,8387.03,Crotona Ave & E 183 St,2025,6146,3079,3067,6146,40.85157,-73.88475,12,111,1806.0527172144482,1,yearly
nyc,8392.02,E 180 St & Monterey Ave,2025,6460,3235,3225,6460,40.85025,-73.89301,12,170,2631.578947368421,1,yearly
nyc,8394.15,Amsterdam Ave & W 186 St,2025,4871,2536,2335,4871,40.851113,-73.928808,12,151,3099.979470334634,1,yearly
nyc,8397.02,E Burnside Ave & Ryer Ave,2025,9850,4944,4906,9850,40.850535,-73.901318,12,241,2446.700507614213,1,yearly
nyc,8399.06,Fort Washington Ave & W 183 St,2025,12060,6539,5521,12060,40.852252,-73.937854,12,186,1542.2885572139303,1,yearly
nyc,8403.02,E Tremont Ave & Jerome Ave,2025,3208,1596,1612,3208,40.851747,-73.908964,10,203,6327.930174563591,1,yearly
nyc,8407.03,W Tremont Ave & Montgomery Ave,2025,5117,2560,2557,5117,40.851788,-73.916418,12,113,2208.325190541333,1,yearly
nyc,8410.1,E 182 St & Belmont Ave,2025,1252,46,1206,1252,40.85089,-73.88793,12,144,11501.597444089457,1,yearly
nyc,8410.10,E 182 St & Belmont Ave,2025,3870,2489,1381,3870,40.85089,-73.88793,12,144,3720.9302325581393,1,yearly
nyc,8415.01,E 181 St & Bathgate Ave,2025,5564,2779,2785,5564,40.85198,-73.89438,12,162,2911.57440690151,1,yearly
nyc,8416.07,Broadway & W 185 St,2025,13367,6717,6650,13367,40.852538,-73.93441,12,196,1466.297598563627,1,yearly
nyc,8416.1,W 186 St & St Nicholas Ave,2025,1660,44,1616,1660,40.852253,-73.931308,11,209,12590.361445783132,1,yearly
nyc,8416.10,W 186 St & St Nicholas Ave,2025,6988,4598,2390,6988,40.852253,-73.931308,12,209,2990.8414424728103,1,yearly
nyc,8427.05,Southern Blvd & E 187 St,2025,6447,3211,3236,6447,40.8535,-73.88177,12,132,2047.463936714751,1,yearly
nyc,8428.04,W Tremont Ave & Matthewson Rd,2025,6444,3213,3231,6444,40.853827,-73.920765,12,70,1086.2818125387957,1,yearly
nyc,8428.05,Sedgwick Ave & W Tremont Ave,2025,7920,3959,3961,7920,40.85304455868985,-73.91830623149872,12,96,1212.121212121212,1,yearly
nyc,8430.03,Arthur Ave & E 183 St,2025,6313,3186,3127,6313,40.85307,-73.88953,12,155,2455.2510692222395,1,yearly
nyc,8432.11,Amsterdam Ave & W 189 St,2025,5762,2940,2822,5762,40.85318758861975,-73.92715752124786,12,89,1544.6025685525858,1,yearly
nyc,8435.04,Valentine Ave & E 181 St,2025,6156,3092,3064,6156,40.854123869116,-73.89932222664356,12,191,3102.6640675763483,1,yearly
nyc,8441.01,Morris Ave & E Burnside Ave,2025,8979,4509,4470,8979,40.85322,-73.90546,12,196,2182.8711437799307,1,yearly
nyc,8441.05,Davidson Ave & W Burnside Ave,2025,7331,3670,3661,7331,40.853646,-73.908731,12,167,2277.997544673305,1,yearly
nyc,8447.07,Crescent Ave & Belmont Ave,2025,6664,3325,3339,6664,40.85391,-73.8866,12,171,2566.026410564226,1,yearly
nyc,8451.07,E 182 St & Park Ave,2025,2452,1220,1232,2452,40.85455,-73.89507,12,171,6973.898858075041,1,yearly
nyc,8453.14,W 190 St & St Nicholas Ave,2025,7525,3937,3588,7525,40.854788,-73.929513,11,136,1807.3089700996677,1,yearly
nyc,8456.05,Grand Concourse & E 181 St,2025,7259,3634,3625,7259,40.85466,-73.9015,12,220,3030.7204849152777,1,yearly
nyc,8458.03,Pinehurst Ave & W 187 St,2025,12514,6265,6249,12514,40.855331,-73.937878,12,93,743.1676522295029,1,yearly
nyc,8462.09,University Ave & W Burnside Ave,2025,8496,4288,4208,8496,40.85501,-73.910751,12,122,1435.969868173258,1,yearly
nyc,8465.01,Sedgwick Ave & W Burnside Ave,2025,4164,2102,2062,4164,40.854947,-73.916661,12,87,2089.337175792507,1,yearly
nyc,8467.03,E 184 St & 3 Ave,2025,9271,4632,4639,9271,40.85472,-73.89022,12,167,1801.3159313989859,1,yearly
nyc,8469.05,Audubon Ave & W 192 St,2025,5661,2880,2781,5661,40.85589030603889,-73.92708241939545,12,104,1837.1312488959547,1,yearly
nyc,8472.06,Valentine Ave & E 183 St,2025,4100,2095,2005,4100,40.856987,-73.898237,12,196,4780.487804878049,1,yearly
nyc,8472.08,Webster Ave & Ford St,2025,4725,2370,2355,4725,40.85556,-73.89615,12,196,4148.148148148148,1,yearly
nyc,8474.02,W 190 St & Broadway,2025,7807,3887,3920,7807,40.85648733523576,-73.93296986818314,12,134,1716.4083514794415,1,yearly
nyc,8478.11,Jerome Ave & E 181 St,2025,3263,1629,1634,3263,40.855653,-73.905528,12,222,6803.555010726325,1,yearly
nyc,8483.02,Andrews Ave S & W 179 St,2025,4498,2256,2242,4498,40.855156,-73.91278,12,119,2645.6202756780795,1,yearly
nyc,8485.01,E 188 St & Hughes Ave,2025,6653,3309,3344,6653,40.8561,-73.88625,12,216,3246.655644070344,1,yearly
nyc,8489.06,E 187 St & 3 Ave,2025,3933,1965,1968,3933,40.85724,-73.8909,12,223,5669.972031528096,1,yearly
nyc,8491.07,Audubon Ave & Fort George Ave,2025,3322,1770,1552,3322,40.85715781391904,-73.92717361450195,12,121,3642.3841059602646,1,yearly
nyc,8494.01,E 182 St & Morris Ave,2025,8189,4093,4096,8189,40.85670801831255,-73.90265285968779,12,202,2466.723653681768,1,yearly
nyc,8494.07,E 182 St & Grand Concourse,2025,6293,3195,3098,6293,40.85591,-73.90051,12,205,3257.587795963769,1,yearly
nyc,8496.01,Fort Washington Ave & W 190 St,2025,6499,3285,3214,6499,40.856906,-73.935662,12,89,1369.4414525311586,1,yearly
nyc,8500.01,Grand Ave & W 181 St,2025,6380,3173,3207,6380,40.856302,-73.907302,12,183,2868.3385579937303,1,yearly
nyc,8502.04,Crotona Ave & E Fordham Rd,2025,7919,3923,3996,7919,40.8579,-73.88147,12,117,1477.459275161005,1,yearly
nyc,8505.08,E 189 St & Bathgate Ave,2025,4729,2346,2383,4729,40.85859,-73.88821,12,188,3975.4705011630363,1,yearly
nyc,8507.02,Dyckman St & 10 Ave,2025,2960,1455,1505,2960,40.85890447538412,-73.9230939745903,12,111,3750.0,1,yearly
nyc,8510.02,Tiebout Ave & E 184 St,2025,7321,3659,3662,7321,40.858498,-73.89637,12,239,3264.5813413468104,1,yearly
nyc,8511.08,Broadway & W 192 St,2025,9439,4693,4746,9439,40.857994,-73.932173,12,122,1292.5097997669245,1,yearly
nyc,8514.05,Walton Ave & E 183 St,2025,5597,2835,2762,5597,40.858472,-73.90266,12,240,4288.0114346971595,1,yearly
nyc,8520.01,Andrew Ave N & Hall of Fame Tce,2025,4813,2418,2395,4813,40.85834,-73.91008,12,191,3968.4188655724083,1,yearly
nyc,8526.03,3 Ave & E 189 St,2025,10747,5338,5409,10747,40.85985,-73.89135,12,220,2047.082906857728,1,yearly
nyc,8528.05,Nagle Ave & Ellwood St,2025,7100,3505,3595,7100,40.86012,-73.928489,12,127,1788.7323943661972,1,yearly
nyc,8531.05,Grand Concourse & E 184 St,2025,8437,4287,4150,8437,40.85941,-73.8985,12,267,3164.6319781913007,1,yearly
nyc,8532.03,Margaret Corbin Plz & Ft Washington Ave,2025,9352,4829,4523,9352,40.859166,-73.933872,12,74,791.2745936698033,1,yearly
nyc,8535.01,Buchanan Pl & Grand Ave,2025,5503,2751,2752,5503,40.85834,-73.90626,12,154,2798.473559876431,1,yearly
nyc,8535.09,Aqueduct Ave & North St,2025,3399,1713,1686,3399,40.8604787,-73.9057169936,12,240,7060.90026478376,1,yearly
nyc,8539.02,Sedgwick Ave & Hall of Fame Terrace,2025,972,518,454,972,40.859532,-73.913303,12,157,16152.263374485596,1,yearly
nyc,8541.04,E 191 St & Bathgate Ave,2025,5466,2717,2749,5466,40.8601,-73.8866,12,147,2689.352360043908,1,yearly
nyc,8543.01,10 Ave & W 202 St,2025,2306,1119,1187,2306,40.861281970750994,-73.921417593956,11,160,6938.421509106678,1,yearly
nyc,8546.06,Tiebout Ave & E Fordham Rd,2025,15396,7688,7708,15396,40.861915,-73.894831,12,269,1747.2070667705898,1,yearly
nyc,8547.04,Broadway & Ellwood St,2025,7770,3859,3911,7770,40.862058,-73.929719,12,122,1570.1415701415704,1,yearly
nyc,8550.01,Jerome Ave & W 184 St,2025,3816,1910,1906,3816,40.860814,-73.902541,12,281,7363.731656184487,1,yearly
nyc,8555.05,Loring Pl North & W 183 St,2025,5080,2595,2485,5080,40.8604244,-73.9093359997,12,243,4783.464566929134,1,yearly
nyc,8558.01,Southern Blvd & Xavier Way,2025,2861,1512,1349,2861,40.86149,-73.88103,12,59,2062.216008388675,1,yearly
nyc,8559.04,9 Ave & W 204 St,2025,824,367,457,824,40.86169883507865,-73.91855701804161,12,222,26941.747572815533,1,yearly
nyc,8563.06,Nagle Ave & Thayer St,2025,10350,5152,5198,10350,40.861382,-73.925591,12,146,1410.6280193236717,1,yearly
nyc,8566.05,E 188 St & Creston Ave,2025,17936,9028,8908,17936,40.861669,-73.898589,12,268,1494.2016057091882,1,yearly
nyc,8571.02,Grand Ave & W Fordham Rd,2025,4832,2524,2308,4832,40.86288,-73.90316,12,263,5442.880794701987,1,yearly
nyc,8575.02,Cedar Ave & W Fordham Rd,2025,3965,1981,1984,3965,40.86156,-73.91219,12,199,5018.91551071879,1,yearly
nyc,8579.03,W 204 St & Nagle Ave,2025,3600,1751,1849,3600,40.863211,-73.920827,12,207,5750.0,1,yearly
nyc,8579.05,Academy St & Nagle Ave,2025,4461,2199,2262,4461,40.862562,-73.922661,12,220,4931.629679444071,1,yearly
nyc,8579.09,10 Ave & W 204 St,2025,2531,1236,1295,2531,40.862638,-73.92006,12,188,7427.894112998814,1,yearly
nyc,8582.09,E Fordham Rd & Webster Ave,2025,18919,9422,9497,18919,40.861748,-73.89105,12,209,1104.7095512447804,1,yearly
nyc,8582.1,Bainbridge Ave & E 193 St,2025,48,36,12,48,40.86415477605928,-73.892452880543,5,233,485416.6666666667,1,yearly
nyc,8582.10,Bainbridge Ave & E 193 St,2025,4141,2068,2073,4141,40.86415477605928,-73.892452880543,12,233,5626.66022699831,1,yearly
nyc,8583.02,Sherman Ave & Thayer St,2025,6446,3183,3263,6446,40.863124,-73.926994,12,129,2001.2410797393732,1,yearly
nyc,8586.09,Jerome Ave & W Fordham Rd,2025,16285,8157,8128,16285,40.86294,-73.90108,12,257,1578.1393920786002,1,yearly
nyc,8590.01,W Fordham Rd & Loring Pl N,2025,6781,3497,3284,6781,40.86295,-73.90741,12,259,3819.4956496092022,1,yearly
nyc,8597.01,Decatur Ave & E 197 St,2025,2135,1063,1072,2135,40.86557,-73.88807,12,135,6323.185011709602,1,yearly
nyc,8601.04,Grand Concourse & E 192 St,2025,5096,2549,2547,5096,40.86448,-73.89522,10,276,5416.012558869702,1,yearly
nyc,8605.06,Aqueduct Ave & W 190 St,2025,3890,1981,1909,3890,40.8649213,-73.9024238,12,232,5964.010282776349,1,yearly
nyc,8613.09,10 Ave & W 207 St,2025,9534,4659,4875,9534,40.864632,-73.918598,12,183,1919.446192573946,1,yearly
nyc,8615.01,Bainbridge Ave & E 196 St,2025,5427,2713,2714,5427,40.86648,-73.89042,12,147,2708.678828081813,1,yearly
nyc,8616.06,Riverside Dr & Broadway,2025,17445,8675,8770,17445,40.865364,-73.92791,12,135,773.8607050730868,1,yearly
nyc,8619.02,Jerome Ave & W 193 St,2025,8709,4390,4319,8709,40.86659,-73.89794,12,199,2284.9925364565393,1,yearly
nyc,8624.01,Webb Ave & W 190 St,2025,3630,1896,1734,3630,40.8660052,-73.904254892,12,193,5316.804407713498,1,yearly
nyc,8631.03,Decatur Ave & Oliver Pl,2025,1148,554,594,1148,40.867,-73.8857764,11,122,10627.177700348433,1,yearly
nyc,8632.07,W 204 St & Vermilyea Ave,2025,7767,3823,3944,7767,40.866141,-73.922648,12,196,2523.496845628943,1,yearly
nyc,8635.08,Grand Concourse & E 196 St,2025,4123,2118,2005,4123,40.86767,-73.89286,7,160,3880.6694154741695,1,yearly
nyc,8635.09,E 196 St & Valentine Ave,2025,397,196,201,397,40.86744,-73.89198,2,167,42065.491183879094,1,yearly
nyc,8636.04,Dyckman St & Henshaw St,2025,4841,2382,2459,4841,40.867357,-73.92936,12,71,1466.6391241479034,1,yearly
nyc,8639.01,W 192 St & University Ave,2025,4949,2525,2424,4949,40.866899,-73.901942,12,185,3738.1289149323093,1,yearly
nyc,8643.01,Bailey Ave & Sedgwick Ave,2025,2294,1155,1139,2294,40.86571,-73.90857,12,120,5231.037489102005,1,yearly
nyc,8646.02,Botanical Sq & Webster Ave,2025,6970,3453,3517,6970,40.86814,-73.88145,12,134,1922.5251076040172,1,yearly
nyc,8647.1,W 211 St & 10 Ave,2025,449,9,440,449,40.86709406268147,-73.9172950387001,10,153,34075.72383073497,1,yearly
nyc,8647.10,W 211 St & 10 Ave,2025,2101,1240,861,2101,40.86709406268147,-73.9172950387001,12,153,7282.246549262256,1,yearly
nyc,8649.03,Bainbridge Ave & E 198 St,2025,4247,2118,2129,4247,40.8684871,-73.8884559781,12,155,3649.63503649635,1,yearly
nyc,8650.11,Seaman Ave & Beak St,2025,7939,3908,4031,7939,40.867505,-73.926363,12,112,1410.7570222949994,1,yearly
nyc,8653.09,Jerome Ave & W 195 St,2025,11099,5636,5463,11099,40.86874,-73.89657,12,166,1495.6302369582845,1,yearly
nyc,8655.02,Dyckman St & Staff St,2025,8372,4155,4217,8372,40.868846,-73.931537,12,29,346.3927376970855,1,yearly
nyc,8664.06,Decatur Ave & Bedford Park Blvd,2025,2219,1092,1127,2219,40.86813,-73.88412,11,165,7435.78188373141,1,yearly
nyc,8665.02,Seaman Ave & Isham St,2025,6367,3143,3224,6367,40.86989866194045,-73.92076313495636,12,93,1460.6565101303595,1,yearly
nyc,8665.09,Isham St & Broadway,2025,12256,6041,6215,12256,40.86788,-73.919685,12,138,1125.9791122715405,1,yearly
nyc,8667.01,Grand Concourse & E 197 St,2025,2757,1382,1375,2757,40.86944999999999,-73.89148,7,143,5186.797243380486,1,yearly
nyc,8667.02,Valentine Ave & E 198 St,2025,452,224,228,452,40.86941,-73.88994,3,143,31637.16814159292,1,yearly
nyc,8672.05,Eames Pl & Claflin Ave,2025,4328,2171,2157,4328,40.8692,-73.90121,12,144,3327.1719038817005,1,yearly
nyc,8676.01,Bailey Ave & W 193 St,2025,1629,801,828,1629,40.87069,-73.90678,12,81,4972.375690607734,1,yearly
nyc,8679.03,10 Ave & W 215 St,2025,5117,2529,2588,5117,40.86932465640094,-73.91519755125046,12,73,1426.6171584913036,1,yearly
nyc,8682.06,Bainbridge Ave & Bedford Park Blvd,2025,3486,1734,1752,3486,40.87002,-73.88565,12,179,5134.825014343087,1,yearly
nyc,8692.04,Sedgwick Ave & W 195 St,2025,6284,3120,3164,6284,40.87049,-73.90287,12,130,2068.7460216422664,1,yearly
nyc,8696.05,9 Ave & W 219 St,2025,1138,541,597,1138,40.871094,-73.911503,12,88,7732.8646748681895,1,yearly
nyc,8699.01,Marion Ave & Mosholu Pkwy,2025,6482,3252,3230,6482,40.8704956,-73.8818756582,12,176,2715.2113545202096,1,yearly
nyc,8703.05,Grand Concourse & E 199 St,2025,4642,2321,2321,4642,40.87142,-73.88839,12,143,3080.5687203791467,1,yearly
nyc,8707.01,Goulden Ave & W 197 St,2025,5761,2861,2900,5761,40.87156,-73.89714,12,114,1978.82312098594,1,yearly
nyc,8707.04,Strong St & University Ave,2025,4973,2505,2468,4973,40.87119,-73.89918,12,126,2533.681882163684,1,yearly
nyc,8711.02,W 225 St & Exterior St,2025,9069,4509,4560,9069,40.873265,-73.906646,12,202,2227.3679567758295,1,yearly
nyc,8715.01,Broadway & W 220 St,2025,3515,1742,1773,3515,40.872412,-73.912807,12,76,2162.162162162162,1,yearly
nyc,8715.06,W 218 St & Broadway,2025,6025,2958,3067,6025,40.87139,-73.914318,12,56,929.4605809128632,1,yearly
nyc,8717.07,E 201 St & Briggs Ave,2025,4398,2196,2202,4398,40.87207,-73.88459,12,168,3819.918144611187,1,yearly
nyc,8720.02,Jerome Ave & E 198 St,2025,4078,2039,2039,4078,40.87144520687118,-73.89289632439613,12,110,2697.400686611084,1,yearly
nyc,8732.04,W 218 St & Indian Rd,2025,5901,2920,2981,5901,40.873054589370895,-73.91837194561958,12,33,559.2272496187087,1,yearly
nyc,8734.02,Jerome Ave & Bedford Park Blvd E,2025,10760,5408,5352,10760,40.87307,-73.88971,12,115,1068.7732342007434,1,yearly
nyc,8734.04,Grand Concourse & E 203 St,2025,3930,2073,1857,3930,40.87382,-73.88661,12,130,3307.888040712468,1,yearly
nyc,8738.01,Goulden Ave & Bedford Park Blvd,2025,4581,2304,2277,4581,40.87387,-73.89533,12,56,1222.44051517136,1,yearly
nyc,8741.01,Bailey Ave & W 229 St,2025,2238,1091,1147,2238,40.87449,-73.90467,12,235,10500.446827524576,1,yearly
nyc,8745.01,Marble Hill Ave & W 225 St,2025,6879,3431,3448,6879,40.87471,-73.91099,12,136,1977.0315452827447,1,yearly
nyc,8748.02,E Mosholu Pkwy & E 204 St,2025,3543,1785,1758,3543,40.8740704,-73.8833650931,12,152,4290.149590742309,1,yearly
nyc,8752.01,Bedford Park Blvd & Paul Ave,2025,5494,2793,2701,5494,40.87444,-73.89186,12,79,1437.932289770659,1,yearly
nyc,8756.03,Claflin Ave & Reservoir Ave,2025,3672,1829,1843,3672,40.87398,-73.89943,12,100,2723.3115468409587,1,yearly
nyc,8756.07,Sedgwick Ave & W 231 St,2025,5722,2838,2884,5722,40.87512,-73.90126,12,186,3250.611674239776,1,yearly
nyc,8766.03,Grand Concourse & E 205 St,2025,4881,2437,2444,4881,40.875531,-73.8863864831,12,115,2356.0745748821964,1,yearly
nyc,8772.06,Kingsbridge Terrace & W 230 St,2025,2307,1154,1153,2307,40.87555,-73.90212,12,198,8582.57477243173,1,yearly
nyc,8776.02,Marble Hill Ave & W 227 St,2025,1926,902,1024,1926,40.87655,-73.90941,12,206,10695.742471443406,1,yearly
nyc,8778.01,E Mosholu Pkwy & Van Cortlandt Ave E,2025,4242,2140,2102,4242,40.87656,-73.88366,12,145,3418.198962753418,1,yearly
nyc,8782.01,Paul Ave & W 205 St,2025,6785,3381,3404,6785,40.87704,-73.88943,12,61,899.0420044215181,1,yearly
nyc,8786.01,Giles Pl & Fort Independence St,2025,4754,2366,2388,4754,40.87869,-73.89862,12,94,1977.2822885990745,1,yearly
nyc,8790.08,Verveelen Pl & Broadway,2025,6867,3387,3480,6867,40.87826,-73.90508,12,219,3189.1655744866757,1,yearly
nyc,8795.01,Jerome Ave & E Mosholu Pkwy S,2025,17554,8779,8775,17554,40.87935,-73.88534,12,114,649.424632562379,1,yearly
nyc,8795.03,Grand Concourse & E Mosholu Pkwy S,2025,3887,1946,1941,3887,40.877964,-73.8847550291,12,126,3241.574479032673,1,yearly
nyc,8799.01,Goulden Ave & W 205 St,2025,7338,3671,3667,7338,40.87812,-73.89192,12,34,463.34150994821476,1,yearly
nyc,8802.05,W 233 St & Albany Crescent,2025,1251,596,655,1251,40.87979,-73.90164,12,195,15587.529976019185,1,yearly
nyc,8806.01,W 230 St & Marble Hill Ave,2025,6837,3368,3469,6837,40.87807,-73.90796,12,235,3437.180049729414,1,yearly
nyc,8811.01,Paul Ave & Mosholu Pkwy,2025,4479,2251,2228,4479,40.8802945,-73.8860653648,12,118,2634.516633177049,1,yearly
nyc,8815.01,Sedgwick Ave & Giles Pl,2025,4572,2276,2296,4572,40.88111,-73.8965,12,90,1968.503937007874,1,yearly
nyc,8819.05,Naples Terrace & Godwin Terrace,2025,2591,1216,1375,2591,40.87995,-73.90536,12,208,8027.78849864917,1,yearly
nyc,8828.02,Sedgwick Ave & Hillman Ave,2025,5100,2550,2550,5100,40.88224,-73.89136,12,66,1294.1176470588236,1,yearly
nyc,8831.03,Bailey Ave & W 234 St,2025,1731,800,931,1731,40.88066,-73.90076,12,147,8492.201039861353,1,yearly
nyc,8835.05,Irwin Ave & W 232 St,2025,4496,2212,2284,4496,40.88227,-73.90809,12,99,2201.957295373665,1,yearly
nyc,8841.03,W Mosholu Pkwy S & Sedgwick Ave,2025,2953,1503,1450,2953,40.88226,-73.88702,12,107,3623.433796139519,1,yearly
nyc,8849.03,Broadway & W 234 St,2025,3942,1887,2055,3942,40.88185,-73.90291,12,153,3881.278538812785,1,yearly
nyc,8859.03,Van Cortlandt Park S & Dickinson Ave,2025,3317,1704,1613,3317,40.88435,-73.88781,12,60,1808.8634308109738,1,yearly
nyc,8862.02,Bailey Ave & W 238 St,2025,1535,744,791,1535,40.88417,-73.89793,6,156,10162.8664495114,1,yearly
nyc,8866.01,Tibbett Ave & W 234 St,2025,1763,843,920,1763,40.88324,-73.90587,12,123,6976.7441860465115,1,yearly
nyc,8876.04,Van Cortlandt Park S & Gouverneur Ave,2025,3107,1583,1524,3107,40.88492,-73.89084,12,110,3540.3926617315738,1,yearly
nyc,8879.02,Broadway & Van Cortlandt Park S,2025,8061,3928,4133,8061,40.8863,-73.8997,12,150,1860.8113137327873,1,yearly
nyc,8879.03,Broadway & W 238 St,2025,8382,4081,4301,8382,40.88524,-73.90077,12,150,1789.549033643522,1,yearly
nyc,8897.05,W 238 St & Tibbett Ave,2025,3567,1731,1836,3567,40.88602,-73.90232,12,133,3728.6234931314834,1,yearly
nyc,LA Metro Demo 1,LA Metro Demo 1,2025,10,4,6,10,34.0205207273575,-118.36648878452499,2,0,0.0,1,yearly
nyc,LA Metro Demo 2,LA Metro Demo 2,2025,34,20,14,34,34.026214022171,-118.25157758625,2,0,0.0,1,yearly
nyc,LA Metro Demo 3,LA Metro Demo 3,2025,37,17,20,37,34.02618,-118.2515,1,0,0.0,1,yearly
nyc,Lab - NYC - Monolith,Lab - NYC - M,2025,2,1,1,2,40.7541804,-73.9964658,1,336,16800000.0,1,yearly
nyc,SYS016,Morgan Bike Mechanics,2025,4674,2237,2437,4674,40.70962789682351,-73.93145710229872,12,92,1968.3354728284123,1,yearly
nyc,SYS018,Bronx WH station,2025,18,0,18,18,0.0,0.0,6,0,0.0,1,yearly
nyc,SYS033,Pier 40 X2,2025,1137,479,658,1137,40.728486861173785,-74.01169271324761,12,94,8267.370272647317,1,yearly
nyc,SYS038,Morgan Loading Docks,2025,2152,1288,864,2152,40.709306335794274,-73.93117547035216,12,90,4182.156133828997,1,yearly
nyc,Shop Morgan,Shop Morgan,2025,2468,1166,1302,2468,40.70987333941734,-73.9315938949585,12,108,4376.0129659643435,1,yearly
